# CEC 2013 LSGO F06 rotation matrix (100x100)
-1.0795125965460591e-02 3.9980928722702987e-02 2.6470656628066740e-02 -8.1928421278453286e-03 -1.7219267034241259e-01 -1.7958677556217939e-01 -4.1822550089310961e-02 9.1770425532500005e-02 -6.6268450063947673e-02 -3.5943400100154822e-02 1.9958658124185551e-02 1.8458390083106899e-01 -7.7022191382095331e-02 -8.9957193132196453e-02 2.0142181499865661e-02 -1.1701272541464949e-01 5.4694876499735083e-02 7.8827918027733493e-02 1.0365085234471180e-01 7.2939275675310528e-02 -8.8620031623679985e-02 1.5576751549123549e-01 9.1564956949414300e-02 4.8423212981374530e-02 -1.7828966302655611e-02 -9.6814909022799305e-03 -1.2211210601932590e-01 -2.4007118202254499e-01 1.1772600287031260e-01 -2.2672475562737079e-01 -6.0641865916595337e-02 -8.9761624769098020e-02 -1.6521612146238870e-02 3.4639511026791317e-02 -1.1019984988807929e-01 5.8965738048351188e-02 6.6930622322640979e-02 8.7409639159633845e-02 7.1555470251705847e-02 -1.0607571420319881e-01 -7.5359901274858948e-02 -6.2661538843713879e-02 1.4112952797317421e-01 -1.9671586143838040e-02 9.4245545598536599e-03 -1.6267344468762730e-02 -1.8260877284871191e-01 9.6324676863338201e-03 1.9541907662319769e-02 -3.5287708654045111e-02 1.5971479594630051e-03 -6.6365630775844058e-03 9.8238706348843810e-02 -1.2997430647411040e-02 2.5330648109677367e-01 -6.2467195982982707e-03 3.2442651314095322e-02 -3.7359946875719168e-03 1.8733555841681390e-01 -1.1378636018769810e-01 -5.0900389853606107e-03 1.1191370438870410e-01 9.4755431007069305e-02 3.5174585462923520e-02 2.8720860009976912e-01 6.0088640112550017e-02 -2.1217787051990660e-02 -3.3271089831648067e-02 -1.3005581510966801e-02 -9.9177536720029408e-03 -4.2792995878803468e-02 -1.9081847834545609e-02 6.1233653368773427e-02 -8.4808898613464787e-02 -1.2347436685583750e-01 -6.4441734753987415e-02 -7.5514858303944027e-02 -7.9920300916749204e-02 -2.6009734362967961e-02 -1.1882011462226851e-01 1.0197695588790620e-01 -2.0070496888084790e-02 2.3769331141164721e-01 -3.2662694304672772e-02 8.5263200564182670e-02 4.1588929018751143e-02 -2.2873332342458841e-01 3.6159804629820297e-02 8.1689657507114627e-02 -2.1246199681330531e-02 9.4652099347804858e-02 1.2408892076677550e-01 4.3047160294735723e-02 -6.5418117402297207e-02 3.8531820637676947e-02 2.7240927716708250e-02 7.5241219617509861e-02 1.9368997445576391e-01 1.3392922219812420e-01 -5.4277121977304027e-02
-1.3050792132020031e-01 -2.8036212412376221e-02 1.1622260486805019e-01 8.5132445087076528e-02 8.5588431262345638e-02 -1.0481131266309120e-01 1.3376733083125419e-01 -1.3731618010606900e-01 4.4014610111332557e-02 1.2117210814666581e-01 -2.0851075362915399e-02 4.2341480371093490e-02 1.7208849396427231e-01 1.5493155119261789e-01 1.1631493704497850e-01 -6.1026845947330467e-02 -1.7112984316157301e-01 2.0618658156100081e-01 6.3604462754538052e-03 5.1910036961697548e-02 1.0452408289075110e-01 -1.3220217388953900e-01 6.2957193337602746e-02 -7.4680222116965386e-02 1.2896984553169250e-02 -5.6259251484396630e-02 6.7065916704578898e-02 -8.7067479938194442e-02 8.1889468624475853e-02 -1.2117980046807210e-02 -8.9076988451517791e-02 -6.9576820771451955e-02 -2.1062003167169639e-02 -6.4595709167623416e-02 -1.3884289777813219e-01 1.8450918795684779e-01 1.8988739806319760e-01 8.3111619643598481e-03 4.4434224560152787e-02 2.0269775695857011e-02 6.7530166711644621e-02 -1.0091494643045690e-01 2.2782339983116340e-02 3.8285185478733351e-02 3.2052978407652068e-02 8.7706931480659819e-02 -9.8719549199748097e-02 7.0076204834073147e-02 -7.3175898341558090e-02 1.5242129044300071e-02 5.2612026517446604e-03 3.8862843852142032e-02 1.0516224121342201e-01 3.7512082752420017e-02 2.8328776962936179e-02 1.1736402507450740e-01 -3.2750848340495138e-02 -7.4140867130110880e-02 7.3640118277131114e-02 -4.5539839788188992e-02 3.2528360465103177e-02 -1.0191615996773731e-02 -8.3922611874335848e-02 -1.3506097681851079e-01 -1.3383861008413761e-01 1.7463193804003030e-01 2.8757333847264271e-01 -2.4929494080543310e-01 3.8373997509230671e-02 -1.0893479711646049e-01 -1.8427499928104901e-01 -5.1783657746429478e-02 -6.6592097077920381e-02 3.4648561310442208e-02 2.3559827581861831e-03 -8.8073015541714941e-02 -8.4576827831861934e-02 1.6726120676380329e-01 1.1916038030919381e-01 -8.6679983083122775e-02 -3.3433319332134302e-02 -5.2115415999286749e-02 -9.7847361585971487e-02 4.5474658373751947e-02 -5.1565349644671341e-02 1.0494282086682720e-01 3.2045934453315703e-02 1.5876392118240421e-01 -5.3116346601255152e-02 -1.4769692911939500e-01 -5.9442203677653099e-02 -1.0491487704240170e-01 -4.9629389335036217e-02 -6.6626116755523046e-02 9.3490142982890337e-02 -8.2506790987124282e-02 2.2529895847061311e-02 -1.1294157138129160e-01 1.1239978017929721e-01 3.8985215310922312e-02
6.5643710618917134e-02 1.2138362866172790e-01 1.2939260478341111e-01 2.0215711100538158e-02 -6.0630631417804134e-03 -2.4846422217314160e-01 -5.4062973812826223e-02 1.1829962011333420e-01 5.3968487779518147e-02 4.7933775892815902e-02 1.5494899424243960e-01 -1.4158677722243751e-02 -2.8565916253211962e-03 1.3778884848112821e-01 -3.0711100904925230e-02 1.4653952370788650e-01 -1.2961976841231679e-01 4.2142107644246418e-02 1.6398929436039980e-01 2.5090936513929941e-02 2.1755348093348151e-01 5.4647693280734932e-02 -1.2253267616113540e-01 -1.6444362764057651e-02 -8.9104072861671851e-02 1.7377975671899991e-02 4.6869176191046198e-02 -1.1731569984592340e-01 5.6048539727544533e-02 -5.7133007457768822e-03 -5.7443632985161343e-02 -1.1292017988055160e-01 -8.5022912040399426e-02 5.6715067673597790e-02 1.0923889188679300e-01 -1.8834621627193879e-02 -1.6805755970824679e-01 -2.0824324632429309e-02 -1.5283499240839429e-01 -1.0662778120066339e-01 3.9822372634707559e-02 3.8290061390931357e-02 4.5243896791233973e-02 -5.8101639195390437e-02 1.1361789350111390e-01 -1.3826864420263809e-02 -8.5807577430037002e-02 -9.5570861606731533e-02 2.6744936651010891e-02 -9.1362186892609026e-02 -8.4400522394535701e-02 -1.0293824503311120e-02 -5.4153105490480510e-02 -6.9771511150802351e-02 1.1710442503565410e-01 -1.2946710813196810e-01 -1.3751493826420841e-01 5.9464906457311374e-03 -1.0728208281022040e-02 1.1636629578126061e-01 -4.3690656779569542e-02 1.3613190370619899e-01 -2.2066793165670359e-01 1.4955252112188570e-02 6.9463542859870997e-02 -1.4097826580387440e-01 -2.2628158733870411e-03 -1.6514264156892680e-02 7.5599524586309155e-02 -1.0445790040909790e-01 -1.5175383600172809e-01 1.1346286886860830e-01 7.5390957738984146e-02 -1.0586988817054100e-02 7.5025649725423540e-02 -5.3295290540716182e-02 1.3879778360772541e-01 -4.1107994171327806e-03 -1.8979712664918571e-02 2.8181729413133882e-01 -8.1373286954308829e-02 1.1962302809134190e-02 5.5928809639465657e-02 -6.5930209803378159e-03 -4.4148814185923542e-03 9.7555143011859052e-02 4.2368810946584283e-02 -1.6276119469271880e-01 7.3745903491955172e-04 5.1035741621624102e-02 -2.0267534378721960e-02 -4.6639154093981151e-02 -9.9511739670744684e-02 2.5345703642417269e-02 2.3248829152899039e-02 -2.0909887924569959e-01 1.3183413072766750e-01 -3.8530396508345999e-02 -4.2656747068905883e-02 2.4319476341314089e-01
-7.3330606246509333e-02 2.3706155622686961e-01 -3.5604839217589668e-02 7.4651863493392645e-02 -1.1670347396829020e-01 8.7537422182877335e-03 5.5345147278130918e-02 2.5643555523669997e-01 2.1680016697895411e-02 -1.4757661780513551e-01 8.6192947480698806e-02 -8.2812869524198612e-02 3.0420060498930819e-02 9.6684337425984507e-02 -1.1024591931959581e-01 4.3461364668653808e-02 -6.5657998600194500e-02 1.2473067821044430e-01 9.0692553052748745e-02 -1.0267597146171570e-01 -1.1506171578323911e-03 9.5080568035780313e-02 -6.5040172800205187e-02 -6.3348146003441652e-03 8.2330627049012325e-02 -7.7401430440150756e-02 1.1964051205031449e-01 1.4410461731032889e-01 -1.2086658214712690e-02 4.6720013815540987e-02 6.5933619119764322e-02 8.0759109220699135e-02 -1.4434288327779199e-01 4.8749439055125528e-02 -9.1011233302924183e-02 -1.1791523985950920e-01 6.7776892249131235e-02 -4.8829302805111982e-02 -2.2827894959462830e-02 1.7162814697370792e-02 -1.1631297064773780e-01 -2.3861825299183670e-01 -8.3445293771677018e-02 6.3957500066448125e-02 -9.6875602053879323e-02 1.1433426065774330e-01 -4.9511346248571259e-02 7.9720801622808687e-02 2.8701229630597519e-01 1.4012729607187800e-02 4.9109832953764157e-02 -4.7119274863957429e-02 1.2557170904051221e-01 -1.5439282490845341e-01 -2.4989124178159799e-01 1.2377823896853370e-01 -1.5227001406281999e-03 -1.9257745087415501e-01 4.0658340070656433e-02 1.1306853298841051e-01 1.1347367668302180e-02 -2.7981676588499081e-03 2.0852742595895521e-02 -3.3754619024012548e-02 7.5528707641325438e-02 -7.5406964783464855e-02 -5.3202972761404899e-02 -1.5439167583142999e-01 1.2214173834408770e-01 -2.6427423903905178e-02 -6.8447663408075206e-03 -2.9927463242651199e-02 1.2656107375865530e-01 -3.3725992366364657e-02 -7.3420485672017630e-02 6.4946375558618055e-02 1.1224722026910321e-01 -1.0183688409330981e-01 -7.3997303909056886e-02 -1.3874365167667340e-02 1.2186869068562750e-02 -3.6074886869036003e-02 -1.3880785012636401e-01 -1.0271047259467000e-01 -1.5756199732157830e-01 -5.5681599634128387e-03 -3.2895845966574848e-02 8.9746018780540018e-02 -1.5101550107517391e-02 -1.8193187367389181e-02 1.2692620584283160e-01 4.2576858497862018e-02 1.2840044298565639e-02 -1.1563480317918830e-01 7.3485589477207958e-02 -6.3361555380105503e-02 5.7165304239386552e-02 1.9314478936062099e-02 6.7114138387271205e-02 -1.6299822264845890e-01
-1.0552703040048360e-01 1.6463699261627221e-01 -1.0674279950281950e-02 2.3050602189994279e-01 2.1878465970434201e-02 -6.1824531568301908e-02 -1.9028331250051961e-01 -8.5878959555662715e-02 4.7052871047584058e-02 3.6153478438127037e-02 1.3388553052118080e-01 -3.9284701808606180e-02 -6.3095359815957791e-02 -1.6750342532444179e-01 1.1781552165440801e-02 1.1351630032497879e-01 1.1167874516411120e-03 -3.8263301875574442e-03 -7.8654421658263182e-02 -2.1821757014928299e-02 -2.4798497544627429e-02 3.9185907077360999e-02 1.9110406939562188e-02 -2.9205203392569830e-02 -1.8304994986093521e-02 -1.8788501987541539e-01 -3.8512812433849603e-02 7.3116643240800791e-02 -4.9987361756051327e-02 -1.5756801278490870e-02 5.8822570132994467e-02 -1.2605978676806159e-01 -1.9080209297055120e-01 5.8433200985681388e-02 6.7452143651556634e-02 1.7094090350797361e-01 5.9941639441590609e-02 1.9766727778144341e-01 9.8917429292986470e-02 1.0944974528555879e-03 1.4725251274186849e-03 -1.2989212674569089e-01 -6.5364064646286038e-02 -3.1157866868025848e-02 5.8566271600744560e-03 -8.5128124201764622e-04 3.7614279372352143e-02 -1.1921871075938070e-01 -2.3033445394286811e-01 3.8532540002501482e-02 1.2843583231187989e-02 1.4010463291109530e-02 4.8659118120043060e-02 -1.7816151007604161e-01 -1.0976402313724069e-01 -2.6339365021633898e-01 1.7530050434682379e-01 -3.5801402438368192e-02 -4.6137816195778478e-04 -1.6795373912026099e-02 -3.2966917000241673e-02 -9.1305347084671501e-02 -2.0226273674291431e-01 -3.1562579373207611e-02 9.5889976154480555e-02 -4.9232138132115473e-02 -2.6284769032757369e-02 -2.5358538831523281e-02 -1.9586669630612849e-01 5.3030208719145697e-02 1.2336417855551950e-01 -5.4913103730543873e-02 -1.3656896343103339e-01 9.1400737668937485e-02 -3.5243517629572133e-02 1.7808271215659721e-04 -6.6977175569897129e-02 1.4862540555644371e-01 -6.1133055634874721e-02 -5.0681665356414031e-02 2.1154095739046980e-01 -1.7842490903942070e-02 -7.6940897218741616e-02 -7.6929991924831923e-02 3.0314346510586440e-02 9.3750347639879134e-02 4.6061888642592592e-02 -8.8512582314145410e-02 -3.2264913410289142e-02 8.5864286752658434e-02 -4.1076823359482553e-02 6.5785978469127870e-02 -2.4910088301639541e-01 -4.8410955288160119e-02 1.6523013207637931e-02 -4.1210413060042507e-02 -5.3835916841982979e-03 7.4714421181378840e-03 5.2744534837480497e-02 -7.9756859404236338e-02
3.5649456343887373e-02 -9.0352756091526560e-03 6.0111468050460526e-03 -3.6225802042773918e-02 -8.5401314206534795e-02 1.5412351562650881e-01 -1.4330838498881049e-01 -1.3237842801129820e-01 -6.7485860559604930e-04 -9.4683697866670150e-02 1.2040539269635089e-01 5.9440518466324137e-02 1.8099895578613640e-01 -3.1470166888514341e-03 -5.6332737571556596e-03 -7.8447278690091396e-02 1.3755705239246060e-01 1.9708386029850761e-01 -1.0684963981380340e-01 -1.8561875170239089e-02 8.1550771241317016e-02 -3.9243752907671653e-02 -2.2551495706462681e-02 -2.8283597763584328e-02 1.3012942093915941e-03 9.9903700428032802e-02 -4.5191531714262483e-02 -1.6900931967669831e-02 7.8662822558563439e-02 2.0135648363124231e-01 -5.7845737776037791e-02 4.0911085440565743e-02 -2.2558166289414749e-01 1.3719287441055439e-01 9.5630727773690513e-02 -3.3972991930913410e-02 4.8713501285447422e-02 -2.0133453480570230e-03 -7.3645008264979260e-03 -7.7152125900247753e-02 1.6328473687645409e-01 -1.7441055951038059e-01 -2.0054054530365290e-01 -6.5224446706394462e-02 4.0424694567325017e-02 -4.7428955459613828e-02 -1.4300920177680179e-01 1.0134953480802041e-01 1.8576259266654821e-02 3.0201295590743669e-02 3.7544050461074063e-02 -1.6922942512818259e-01 1.0157813519042710e-01 1.2377241220074070e-01 7.7165232917317736e-02 1.7219029422000921e-02 -8.4494376908716053e-03 1.7853624906888790e-01 1.4058161236797331e-01 1.4480029572091671e-01 -3.0428509187341701e-02 -2.0242344804317889e-02 4.8789228179404752e-02 -3.9491769826755320e-02 -5.0479217233750637e-02 -5.9111138915038490e-02 -1.5334558818653959e-01 -2.4583569432392850e-02 -5.4619436851469153e-02 3.5385440572121778e-02 -6.6747995254700959e-02 1.0204593495582030e-01 6.6365816403874303e-02 -4.4049142685565713e-03 8.2918481115869525e-02 -7.0497346799977392e-02 1.8121429070892109e-01 -8.6508833014683744e-03 7.4307507872156484e-03 -1.5419537849043741e-01 7.3497188754411830e-02 1.2319679197883041e-01 7.9152394085502703e-02 6.6195554419718070e-02 -7.8264587674996999e-02 7.6549493318809808e-02 -1.2726739431702411e-01 1.9330195103341819e-02 1.0485603561023350e-01 -7.0221108543975161e-02 -1.2774097415746530e-01 -5.5402006473799698e-02 -1.7629114574563029e-01 2.1328685938611841e-01 1.0042070294174990e-01 5.6022724720734628e-02 -1.7600783502810241e-01 5.6878670803345820e-02 -1.0865711914539500e-01 1.6305625793928930e-02
8.8770095211685413e-02 -1.3596487255289490e-03 -2.5170328751781469e-02 -1.5472089696608879e-01 2.0122977560863470e-02 1.0269243934961750e-01 1.4764752588310151e-01 5.1900291777986399e-02 -5.1704273734523541e-02 1.1664759194609919e-01 5.2396569138985598e-02 -1.8875824302708160e-02 -5.5486308532098988e-02 4.2322919540053808e-02 -6.0519062404223792e-02 -5.2492320614697628e-02 1.4189303908592671e-01 -8.9487173657947547e-02 2.8259754545084829e-02 -9.7075633079219594e-03 -1.9066470318018769e-01 -3.6432861023629977e-02 -2.0475489535083860e-01 7.7013130250147069e-02 -1.6282551959072711e-01 8.0743059143124782e-02 7.5609176365296765e-02 2.1788803936374621e-01 1.7366303479130821e-02 -9.6834361237699576e-02 -1.0203562143144020e-01 -2.2168559265140680e-01 -8.6790964897701786e-02 8.8306383670101879e-02 -1.4448758641566221e-03 7.3097875655903352e-02 7.4180622514203320e-02 1.0209787196125820e-01 -1.9559609491901370e-01 -1.2928441104303831e-01 1.6204099635367569e-01 -7.5529550701742179e-02 2.0753683802498871e-01 1.2378545901178750e-01 1.5671719164569841e-02 1.8317459580140191e-01 -1.3560143008790329e-01 -8.2766749441957527e-02 -9.8017152228808812e-03 1.6036167824722180e-02 2.5673711590022789e-02 -3.0349393434577342e-02 -1.6017314397940321e-02 7.4836130717067448e-02 9.8975844453395426e-02 -4.7732184160468117e-03 4.1840227891166031e-02 -1.3834487959273330e-02 2.0641195279429159e-01 1.5597217359424730e-02 -4.3000636859200622e-02 -1.6651744346670300e-01 4.0890975610173269e-02 -7.0434735216110766e-02 1.6761768378352859e-02 -1.9951485173216790e-02 8.1653293020129379e-03 3.3382289040554611e-03 1.2984737861511120e-01 2.1838098234755560e-01 -1.3704029671847400e-02 6.1036101690626510e-02 -7.2658235473210001e-02 -4.4779876199831987e-02 9.4068825884716378e-02 -6.7666276419125759e-02 1.8302931352213909e-02 2.8968861511817511e-02 -3.0952229171428400e-02 2.2766744730228859e-02 9.0084806882406138e-02 -9.4484915970437233e-02 -1.3453945440700571e-01 7.0609589443664980e-02 4.1646376804534681e-02 -1.5061876463017529e-01 1.3159319373675371e-01 1.3717627622469461e-01 -1.2252647649068800e-01 4.1134347293659279e-02 4.3848019071545272e-02 1.8833909823473491e-01 -9.9044666355184718e-02 -2.9184194129891799e-02 7.4245542911305515e-02 1.3123502079732339e-02 8.7945513735889061e-02 -8.5975674282970455e-02 -1.0709189830026680e-01 3.8958545685042943e-02
2.3494830597534419e-01 5.0416873970762922e-02 1.3869997286313801e-01 4.5364729265987329e-02 -6.8012855735156544e-02 2.4747997445100391e-02 1.0351038578813501e-02 -1.7072728172594372e-02 5.2225966735620580e-03 7.6431837004044365e-02 -1.6490902323188411e-01 -1.5312022466461611e-01 4.8965281287602698e-02 6.5765645930700436e-03 -1.3626126429799079e-01 8.4608649851925150e-02 1.2313179566315249e-01 -1.5040665862265071e-01 -4.7267251182598870e-02 -1.1954803301783699e-01 6.5731206000024966e-02 -3.2801316851035822e-02 8.7355420504311276e-02 5.0623938830005530e-02 -1.0316743700469230e-01 -6.2623979848550101e-02 6.0075966170331008e-02 2.0556758728152082e-02 5.6606446443521030e-02 2.3161284509008648e-02 -6.5547335168636978e-02 -1.1009938682782451e-02 6.2967781874366732e-02 2.7549803338662332e-01 -1.1773698874497319e-01 -7.8524708704566584e-02 -6.3615799509389462e-02 -2.1517470082011120e-02 4.2048622821260477e-02 9.1222989063042437e-02 -9.8905804561050470e-02 6.0762379825692818e-02 6.0706939676033684e-03 -4.2364661651634099e-02 4.9300738525988222e-02 1.0024357378257810e-01 -6.4885743261217349e-02 5.0527414915297768e-02 -1.4651360009189299e-01 1.1326431667026840e-01 1.5360592724445291e-01 -6.8152905320442271e-03 1.1028782242034819e-01 -7.1024039127252719e-02 8.1589298833472462e-02 -4.9925768424126313e-02 -1.3182135461551919e-01 -1.7064371061471290e-01 2.2400363320051589e-02 1.3231656058930491e-01 -1.3187566100974599e-01 -4.1740043791791893e-02 1.5753950507511959e-02 -1.2456815075468219e-01 3.2079193042365770e-03 6.5621973227693645e-04 1.2351862440375470e-02 6.1440901074995842e-02 -2.0487284767676171e-02 -3.0850170588868318e-02 5.8314388185610827e-02 1.4543256754735140e-01 1.3404372669481199e-01 3.4561385994070049e-02 -1.1765302758344159e-01 4.7527993102159632e-02 -7.7778008086580308e-02 1.7337085062448319e-02 -7.5544025113653837e-02 -1.6886987671897749e-01 -1.9504917456432461e-01 1.9703205505035329e-01 -1.1586467285667081e-01 -4.1113836965539698e-02 2.6239045672229699e-01 1.6312027265005971e-01 -8.7525323397836294e-02 5.3073466827221340e-02 -8.6335254889088331e-03 -1.3463835478338651e-01 -9.6491323301551635e-02 -5.3415595006889707e-02 -6.8566577224142930e-02 -3.6704396364645092e-02 -4.9829131077956779e-02 1.2899211841278271e-01 1.8722264325194030e-01 -3.2645014447744633e-02 6.9608707054984814e-02 3.3789262217101622e-02
-6.0525285209573322e-02 -9.2882391869659034e-02 1.1029301136365190e-01 -1.0096934643357081e-01 7.3873251184215935e-02 8.7098014851093933e-02 1.8458712016214529e-04 5.7674724097023608e-02 -1.0503698268333821e-01 -2.4987523414303711e-01 -1.5661932198028319e-01 1.4202263246299501e-01 2.1792180177443159e-02 -2.8888478057096362e-01 -6.6718965948080702e-02 1.4589599520893129e-01 -1.1951118276267191e-01 -7.2197769800343536e-02 8.6694052014381434e-02 6.8478262570275490e-03 7.4510062882807496e-02 2.2871377856796111e-03 -5.7454714342384347e-02 -5.1272761592604889e-02 -6.2140263105234843e-02 -7.7776196687027455e-02 4.5942919430151601e-02 -1.8923823218000729e-01 3.3911825181842083e-02 8.9218592026896970e-02 -3.7970635576041342e-02 4.3997153060315181e-02 5.7393659242026508e-03 5.2852483895092173e-02 1.2183982749040050e-01 4.8656035086949247e-02 4.1477360367127066e-03 9.0602713358204898e-02 -7.0434677907348378e-02 -2.2069589801178491e-01 -3.6108161233914138e-02 1.0203725384882600e-01 -1.7563796663731521e-01 1.8164116715906831e-01 -1.1187883466475400e-03 5.4471191540009907e-02 1.2686333260684281e-02 -1.0665466135892260e-01 5.4183122245630252e-02 3.4386083768126553e-02 5.7297676728726321e-02 1.0900082249778850e-01 2.7820289113360101e-02 -1.2866845026738491e-01 -6.5686630649076594e-02 1.4763098734256949e-01 -1.4854463568181939e-01 3.8852811265937620e-02 3.1269301803333732e-02 -1.5299540238179220e-02 5.5275227815024513e-03 -1.0757156485521061e-01 1.3962331132221270e-02 -6.3718847866436515e-02 -1.1294474655076700e-01 4.5571574919399928e-02 -1.7247803094486641e-01 2.1220370153788061e-02 3.8903696817603521e-02 1.5829949228750431e-02 1.1091976722736070e-01 -9.1214604502116957e-03 -1.2872562330991361e-01 6.4177217583299712e-03 9.4319565667402294e-02 -1.1454807646984549e-01 -1.5960746835446241e-01 -2.4465049329759930e-02 -5.4964517803108820e-02 -3.0405336680457820e-02 9.4326072060962069e-03 -1.8063756748735749e-01 -9.4068803305340633e-04 8.3566347833214094e-02 -4.3198144591179252e-02 3.0940969897369119e-01 -5.4615394629637437e-02 8.3356264129651692e-02 -1.5206694901235079e-01 -7.4445510475181137e-02 5.2795596167890112e-02 1.4361429103729440e-02 -1.1359049769584391e-02 -4.1638134729757560e-02 6.0792330803802398e-02 -6.1335743243344600e-02 8.5736606328912279e-02 1.1211520768194010e-01 -8.1724099525186333e-02 6.5370129124912427e-02
8.4478146892584496e-02 3.4865799877684622e-02 1.6521093506616530e-01 2.3845199163223470e-02 1.4113616649513760e-01 -2.0085003752180419e-01 6.8975559916750534e-03 7.1743395181137176e-02 -3.4912744986456599e-02 -6.9070855587098884e-02 -8.2012795787928763e-02 -1.7491099198116641e-02 1.2399328106094780e-03 9.1424619762530898e-02 6.5253714782648450e-02 -4.2385275349057693e-02 7.4652236668921096e-02 2.1552542817231391e-02 9.2686101888720077e-02 -1.5726443885052049e-01 -4.6129326036442257e-02 2.2207807685674909e-02 -8.3132068335406012e-02 1.3708284443617130e-01 -1.3683269121023789e-01 -1.5915456673695771e-02 8.1165695382291750e-02 3.8262632655433330e-02 1.3198623649744101e-01 2.1114220445950040e-02 1.3892646612667950e-01 3.1399601156108742e-01 -6.4178329941506117e-03 -4.1913554918794900e-02 2.1001730626235580e-02 6.7208709511841769e-02 -6.3118256127957809e-02 -1.3792778305026001e-04 -1.2459632742188841e-01 5.7919329302297547e-02 5.9614745922980987e-02 -6.8719256606087058e-03 1.5225901220687720e-02 -3.9257093741054787e-02 -8.6556595399126697e-03 -7.7049948376061179e-03 1.2688038677423401e-02 8.0719871503950893e-02 5.0975801068073430e-02 -1.5604665953139091e-01 1.4241214814820821e-01 -1.1083180638237680e-01 4.0321930100350928e-02 -8.3689260600352186e-02 -9.5916931995273583e-03 -3.4906418004088703e-02 -1.4834260452032511e-02 -1.1305927112895001e-01 -8.2562290942243904e-02 2.3447885508453961e-02 1.1073600337310720e-01 -9.8971546969402038e-02 1.2394059703173750e-01 1.3736902836323839e-01 -6.8125378327739919e-02 1.7666033488024049e-01 -4.6046869935857954e-03 -1.7188069175924178e-02 -1.2613387688037389e-01 -1.2812331365709340e-01 1.5970551836627661e-01 -4.4320897117776772e-02 -1.4762255352201159e-01 -2.5589766377994122e-01 8.3166433121798750e-02 -1.7791901527502119e-01 3.8844816939804579e-02 1.5153026434352559e-01 -1.5050220010527230e-02 -3.3795868785551741e-02 1.8533673886081320e-01 -4.1627828407197261e-02 6.6048036113784438e-03 1.6969702417708230e-01 2.0818463363783299e-01 -1.6331387977246681e-01 -5.2272881349015470e-02 -7.2166364802767530e-02 1.0687954538446510e-01 -1.0909656020774620e-02 -4.4497394496640030e-02 -3.4343800730856348e-02 -1.1194808038078970e-01 1.1649089110766089e-01 4.9762338788687993e-02 -9.6314634272703231e-02 4.2570819733883297e-02 2.8174331295468501e-02 7.8168933847443181e-02 -2.6571480860699409e-02
-5.8736266492693541e-02 9.7057389453458140e-03 -3.7813410727282191e-02 1.0489557472319259e-01 9.4635281403814220e-02 1.0601981480290640e-01 1.4472791779542499e-01 -7.7788912498395216e-02 1.0302797997833620e-01 4.7180705767950817e-02 1.3063931451910401e-02 3.5668146086268188e-03 3.8904917221858708e-03 1.6118435267376899e-02 7.7525356138136256e-02 3.5376887331036042e-02 -1.6262227165027821e-01 3.5744769570504729e-02 -2.1419099796082169e-02 8.7023382171034877e-02 9.5070692916333299e-02 3.3385599854209240e-02 9.8232889852939067e-03 1.1887984174758330e-01 -2.5453848359542831e-02 -1.3748336797178181e-03 9.8908308292083649e-02 -1.9604296380951781e-02 1.0747792314411440e-01 2.0941053476387039e-02 -1.1421395069195260e-01 7.9744772822707116e-05 7.8653805156911009e-03 -3.5450133910871297e-02 4.3190094327789023e-02 -1.5049071898086600e-01 1.9467766120433719e-01 -5.4917217012111497e-02 -1.6791322174370769e-02 2.2006835975468830e-01 -2.0704504208082869e-01 -5.3692034187018262e-02 1.6491291601411959e-01 7.4487568685992114e-02 5.8798917652041788e-02 7.7710383549515413e-02 -4.0370252381476436e-03 -5.0380656629616508e-02 -2.9003912698466871e-02 -4.6547518865104623e-02 -1.0056357804429281e-01 2.4402419158425059e-02 6.4684659624961810e-02 1.9160259608376590e-01 1.4291459191309791e-01 4.9426065078488762e-02 1.5698274548244650e-03 -1.2982723422039129e-02 -8.6321348932210232e-02 -1.0275067973478141e-02 -2.4998463035302149e-01 -3.4585879305566560e-03 -3.1480102816659442e-03 1.4784613643586450e-01 1.0318471293819791e-01 -5.7179295859592361e-02 -1.9553390060781409e-01 -8.5559340381781673e-02 -1.6879971332791421e-01 2.4305281805050341e-01 2.4902914661491060e-01 2.6731375544224219e-03 -1.8135538037755951e-02 5.0673574330214813e-02 6.9450488466893334e-02 -1.5683454493110360e-01 1.6342492325219149e-01 -1.5758571687416730e-02 -7.4202892745893631e-02 7.6548437433362815e-02 -6.3745348547235639e-02 -1.7000010199676871e-01 -5.9378943304697292e-02 1.3178874636282620e-02 8.2507085412438119e-02 9.4044985044157328e-02 -1.7837871683289461e-01 1.6218233779907418e-02 -1.8896743683654332e-02 6.6741861010704007e-02 1.1907522672557709e-02 -1.4880544935497350e-01 2.3840002508008089e-02 1.4490294081788790e-01 1.0203308696194130e-03 -8.5778110457252810e-02 4.7089500224654843e-02 -3.6568442728830947e-02 2.6051388071029899e-02 -1.4263145579127359e-01
-8.8786138751510476e-03 -4.1352437112517758e-02 -7.7928015093360573e-02 -1.7803954445579079e-01 5.5253960803217086e-03 -5.7230974055777858e-02 -2.8123588231143661e-02 2.9968957256612031e-02 -5.2900262579292173e-02 3.1096465722222671e-02 1.4467688847824439e-01 2.3804911325209829e-01 5.8917309546380317e-02 -1.4860824690015781e-01 4.7589955787266797e-02 6.9341849118977922e-02 -1.2928980170884441e-01 7.9877597721431590e-02 -8.4371056109091916e-02 -7.6973391038003075e-02 -1.4313910336270559e-02 -1.5930107720921599e-01 2.6646259486075091e-01 3.7024874312489221e-02 -3.4092491231804320e-03 7.4462341356404338e-02 1.5904884607354530e-01 3.3688684971989603e-02 -7.2859044564439035e-02 2.6606655071508500e-02 2.1065297921672409e-02 8.8927655356514548e-02 -5.1021960264650702e-02 1.5320109106369771e-02 -7.4633457416580756e-02 1.2185785306701589e-01 -6.8405745199443382e-02 3.2996529940797853e-02 5.9059453610363417e-02 3.9498539326018781e-02 -4.7324858283687682e-02 3.4373453015951773e-02 2.2956141254150550e-01 -6.8534193008444697e-02 6.4633524027713260e-02 -4.7694693951403723e-02 4.6358044564424522e-02 -1.6558147016571670e-01 1.9417881873848880e-02 -1.0454226156167310e-02 7.2292711328360737e-02 5.1222059648164770e-03 1.5946210882043110e-01 4.2383357985611457e-02 -1.0500063969229380e-01 4.0443922791684600e-03 -2.3083056925529130e-01 -2.1774573638265021e-01 2.1606861554076161e-02 8.9892448508499846e-03 3.8040693727949063e-02 -2.9520875548098100e-02 2.6930219045621151e-02 3.8889698632462603e-02 -1.4023377373748910e-02 -1.4509289327252231e-01 1.0625967730705101e-01 -5.1643334219318340e-02 1.5433768942158661e-02 1.5034042781909440e-01 -6.3483177782584652e-02 -6.1701108884472583e-02 -8.6647720398945277e-02 -8.4930822334762568e-02 -7.0736206217609510e-02 -2.1765043700038511e-02 -9.6733444590000939e-02 -3.5077568879562142e-02 -8.2389316933425674e-02 4.6385063140352588e-02 -6.3871092942007546e-02 1.7906944198936980e-01 -1.1251011618191260e-01 -5.3316131636309452e-02 -9.4105163790198426e-02 -5.9848613717383488e-02 -2.7704229269211200e-04 2.8213659718809652e-03 1.0049613732390930e-01 1.5933697227906379e-01 1.3133506077196319e-01 -4.8318859700967061e-02 -1.4129656798401241e-01 2.5470775897908471e-01 2.2180716991721451e-02 1.0164705918545219e-01 5.5421797879818248e-02 1.8924702472923000e-01 -1.1799739952956910e-01 8.3907212765303871e-02
-1.3861280480022860e-02 -7.5115767314656509e-02 1.7899590899327439e-01 7.2947410466897483e-02 -6.4664933697051535e-02 1.9197481454556120e-01 1.0403016458446659e-01 4.4968495608157542e-02 -1.0477741026149071e-01 1.1568513064171460e-03 1.0750526275646360e-01 -7.2685947877026105e-02 -6.7527013091037077e-02 -1.4387399573258139e-01 6.5036600101249412e-02 9.1013283820324434e-02 1.8180910403563240e-02 1.7781605674790160e-02 2.8559206960641299e-02 -5.7326448471263343e-02 -1.2753168187256109e-01 -5.8105634950018692e-02 1.1230512817613589e-02 5.3860217345099867e-02 -2.2018162473284239e-02 2.0053807835011969e-02 -1.6808599034356600e-01 -1.5731350816441999e-02 1.0093890343010981e-01 -3.4994317076572107e-02 -6.9328125257067316e-02 2.0803220610273658e-03 1.2812054810669349e-01 1.5321544789257671e-01 -1.8514395854630810e-02 -8.3034127944500588e-02 3.6917709286908108e-02 -1.4095845334019419e-03 -2.7781765251852171e-02 1.5010758471722549e-01 6.7784392847610717e-02 -5.5832710877225078e-02 -5.2579777261639163e-02 -1.9997612119085439e-01 -1.1913139678805811e-01 -3.3046739515532428e-02 -1.6808894321544521e-01 -1.5849175191223791e-01 -5.2888940980703224e-03 -2.3975939597040141e-01 -3.3361773334266653e-02 2.0577975089154890e-01 4.5640581469088531e-02 -4.6552118500151243e-02 3.9930195789428247e-02 -5.5799370680600377e-03 -5.2850628513844172e-02 -7.4046199459100140e-02 8.7010051395577746e-03 1.2654827526563139e-01 2.6554907894012519e-01 -1.2243717252821629e-02 -7.1060835623706492e-02 8.0569789295135502e-02 -1.1319760334346020e-01 2.1395102630860460e-01 -1.0723593212123200e-01 -5.9016072275412113e-02 -7.2812944969174134e-02 6.0295925514893489e-02 -1.5285436101759659e-02 -9.6317282566946882e-02 6.9203365826603594e-02 2.9290030788661642e-01 -1.0248122654460259e-01 -7.4026950857565665e-02 9.1017606046373850e-02 7.0358537633144050e-02 3.6469701635166669e-02 7.3554049173901695e-02 -3.1606629687006782e-02 1.2842935042233010e-02 -6.5591026580320663e-02 -1.4972326497113689e-01 -1.6590003739125860e-02 -5.0839224074307077e-02 8.9693682218955337e-02 -3.6859801135525581e-02 1.0893179360068771e-01 -1.1804300688141360e-01 1.0523257552250059e-01 1.1806177035286659e-01 9.1528834943592111e-02 7.9377820522300913e-02 1.0813425709701130e-01 -8.7032173829258222e-02 -6.2581528973658151e-02 3.3074198107045448e-02 -1.6188100597996510e-02 1.0596394752973330e-01
1.2424248252111770e-02 -5.0593644350614128e-02 5.4314587089858406e-03 2.0140718715447020e-01 -1.0745687582920101e-01 -1.9885327725925139e-01 -1.0898377133368950e-01 1.5597878970839690e-01 5.8005202849453368e-02 9.1003733391670782e-02 -2.5455091790809942e-01 1.4445095141650080e-01 -3.8111052179786060e-03 -8.8825112474881215e-02 -6.1084087453288402e-04 4.4866162795251859e-02 2.8114816440638020e-02 -4.1129512684948799e-02 2.0829575284847170e-02 -5.3924584257035522e-02 2.3403233600236859e-02 -2.9945273341249801e-01 1.5286443649005349e-01 -3.2541746380730291e-02 6.5888487954063713e-02 -6.1791390373431808e-02 1.2070687705759529e-01 1.3659861319993349e-01 -1.6106211923004121e-01 -3.4240428134806523e-02 1.3325616252979100e-02 -5.1988602733413658e-02 -4.4784298734518509e-02 -3.2921724534902518e-02 1.3075445596209631e-01 5.3938572767608342e-02 -5.6488019928996099e-03 2.5137397563516808e-02 5.7617362435535679e-03 1.3359028451776189e-01 1.4651128488310581e-02 5.7631496693778622e-02 -3.7470293299445408e-02 -7.6515211600858071e-02 -5.6210117194706248e-02 -1.0708743576673270e-01 -2.0670353415505471e-01 3.2521572505231952e-02 2.1298459752578669e-01 8.6516727625702922e-02 -9.8573384882002207e-02 7.8928977795810901e-02 -9.9546467219074813e-02 4.5655599470075407e-02 1.1052339603146130e-01 1.0492110291394820e-01 -2.8625640157380589e-02 1.9992923414425279e-01 8.7441872758326850e-02 5.9160632457373567e-02 -6.1888022311766717e-02 -6.7263371904435432e-02 6.8531798088887555e-02 -5.0669950725993833e-02 9.3499112181745406e-02 -9.6951308389485222e-02 -1.2554169280994870e-02 9.5434824910760760e-02 -5.3229783451120907e-02 4.6643175907551133e-02 5.9041506185836992e-02 -5.4004515607482498e-02 -5.5292584968967717e-02 1.9235058861450341e-02 2.3687882726477608e-03 4.8224353434545328e-02 6.4470313735669874e-02 -5.9190818377282753e-02 -1.0974438778778769e-01 5.5892610940679877e-02 3.2465726608719811e-02 -1.1279293080353460e-01 -1.3443112985683381e-01 2.4753771395257841e-02 6.8673282134828526e-02 -6.5988748225427440e-02 1.4776588146623990e-01 1.1662957925869021e-01 2.0065497020320541e-01 -1.6839843083126221e-01 -1.2101654377956370e-01 -4.1953364375896071e-02 3.8637278764288071e-03 -5.6026606779520337e-02 1.6240464244703690e-01 -1.2370237029663400e-01 -3.2407168656459498e-02 5.3584637344663080e-02 8.8264362501935520e-02 4.4288512151854240e-02
4.7055606853991697e-02 7.9079420657613544e-02 -9.5440931112029989e-02 -9.8369174021701089e-02 -1.3190549718519509e-01 -1.7387021134658481e-01 2.4190429856527841e-02 1.1900969115804259e-01 8.9695669503681338e-02 -6.1231946209151601e-02 2.8295730409370189e-02 -1.6508159122812088e-02 4.0800428314155042e-02 1.7080791470013620e-02 2.7121863983463841e-02 6.0544579095615933e-02 -1.6266881298775671e-02 6.5491193001114681e-02 -2.8469573666115178e-01 2.6847141144340489e-02 -1.8459588775301361e-01 1.0328662701808000e-01 2.2800594541842020e-02 -7.5378209304304791e-02 -7.0731989196393535e-02 -1.2381205969796460e-01 -1.1403210741319530e-01 -1.1794379514335360e-01 -5.5810573959258576e-03 4.8514840496367458e-02 -8.0810078223400805e-02 -3.7162447089898539e-03 -1.1001227368575490e-01 -1.4901575688883001e-01 2.0190473953247870e-01 -3.4316920739128842e-02 -7.6786184503655916e-02 -1.1642292550631730e-01 -3.8849349946147261e-03 -8.2214471030134836e-02 3.1785319003182538e-01 7.5451445003255527e-02 4.3424670398692633e-02 -5.8252038012370300e-03 -8.0073107014615369e-02 1.3787444254782349e-01 1.2833389274468271e-01 -1.2726355338976760e-02 -6.0053406202979200e-02 1.3173752139139791e-01 -1.3609872141494259e-01 2.4904414582227391e-01 -1.4390703445952989e-02 7.2646660137205360e-02 4.8805844025056840e-02 -4.0797157268489731e-02 -6.6283030852815556e-03 -1.8001455667296570e-01 -3.9795647888182607e-02 1.7536027728765399e-01 -7.9848753747148568e-04 1.1461654409549091e-02 1.6423379369260760e-01 -7.5220316194441028e-02 -4.8792192091097128e-02 2.0880323754579912e-02 8.9735001200165032e-02 -6.0644319051267430e-02 2.2544756824110959e-02 -2.3360126060552211e-04 1.0232475469036030e-01 -1.3169363380869770e-01 3.9967115576458753e-02 1.3204464631405460e-01 1.1462024712434560e-01 -9.5609908062978199e-02 4.6519061016877680e-02 9.0304107686892704e-02 -2.2795716751098549e-01 -3.8394899111007248e-02 -1.3863665441278849e-02 9.6361972514631869e-02 -4.0480871256992111e-03 3.7035464317875501e-02 6.1687270091437520e-02 -3.6381556263534870e-03 -1.2973172415712839e-01 7.4020696628276691e-02 1.0287752113919151e-01 -2.4403601108506302e-02 2.4611598516616831e-02 -7.2071368686256229e-02 9.0269453115549431e-02 -9.0292206088123370e-02 -3.4825806045362062e-02 -7.4406865934858082e-02 1.4411201660558761e-02 -2.8853690564264779e-02 -6.1291795610668803e-02 -7.8611625415833317e-02
7.6240963900507094e-02 5.6617122002659503e-02 8.7006178677492246e-02 1.3260570800514130e-02 -4.2121647717806417e-02 -9.8081375437595833e-02 -9.6692086659914134e-03 -1.1136058968475269e-01 -6.8223095786178856e-02 -2.8243333543353871e-02 4.2861024027013913e-03 -4.9644034094600033e-02 -6.0333803675454628e-02 -8.2836057151700129e-02 4.6835497419491189e-02 -7.2069869273249071e-02 5.3016434824994983e-02 -1.0910868343262500e-01 1.2033800066358420e-01 1.8551859314976909e-03 1.4659639082044830e-02 -1.5375068754236660e-02 5.7797496646740621e-03 1.6293044174072191e-01 1.7867589756861710e-01 7.7670072911781253e-03 1.8039175350306899e-01 -1.5681252473229379e-01 -1.7011416912936489e-01 1.3683370022755270e-01 -1.3705621747381000e-02 2.7465255742683381e-02 2.5613375427341220e-04 -4.3939597143791510e-02 -5.5788082142383330e-03 -1.8593460395176059e-01 -1.3426427194401050e-01 7.8004576380063306e-02 1.2391005202708910e-01 8.1635566269092311e-02 -9.5719497971570894e-02 -9.6688526207815186e-03 -1.5553666110297040e-02 -2.7614958040533381e-02 -4.8975821299960282e-02 1.2418722750116180e-01 1.1355299783757751e-02 1.2287662133685231e-02 -4.3150575464487813e-02 1.1624569139751430e-01 -1.3624887353153909e-02 -3.1968016575190548e-03 -1.5247986268967251e-01 7.6936112627504424e-02 2.4235773079258990e-01 1.6885462590713221e-01 6.3435949364843883e-02 -1.6131485209636640e-01 2.4083031472321940e-02 -8.7195935458202582e-03 -8.2438929788841139e-02 -4.4115798475700491e-02 1.6382992119054821e-02 -1.5109416338921700e-01 -2.5798564759472092e-01 -4.4190719587123638e-02 -1.2226831445568791e-02 -2.2158379449405810e-01 4.1828071275270967e-02 4.9580100889631787e-02 1.9888835828629700e-02 2.9171469828419849e-02 -3.0333564084105431e-02 -2.9099817258055868e-02 -1.9375278362536300e-01 -2.9462013073731212e-03 6.5489629382845888e-02 1.8289897315987200e-01 -1.1806313296624350e-01 3.0958084377516820e-02 1.5980085570738409e-01 4.7670175297920378e-02 1.6882303644903240e-01 7.2439379433643855e-02 -1.8356145560149759e-01 4.7799520894637522e-02 7.1123614948650229e-02 -9.2770913223983176e-02 4.7320552760148460e-02 1.2235013874246541e-01 8.1983460175442599e-03 2.7213695753985617e-01 -2.5820777797042730e-02 2.0234041302761959e-02 4.5404659521597550e-02 -6.0324778229522258e-02 -3.8734966545023668e-02 -8.8491992908247247e-02 -4.6175080716951283e-03 1.3450466602606620e-02
-2.4818380279435771e-02 7.6304561282641006e-03 -2.4311815913829149e-01 -1.3074681736142371e-01 -9.9757203178692674e-02 -1.1699319544268121e-01 -3.0112363082055369e-02 -9.4023567527008245e-02 -1.8457098016261889e-01 -6.9031505866151630e-02 -4.6618872484337548e-02 9.1085683534269518e-02 5.4424277989105360e-02 -8.7251791837965123e-02 1.3034382221355209e-01 -1.9230896593262620e-02 -1.1315303078676570e-01 -3.8770788379847522e-02 4.0154792471460560e-02 1.9269703556061379e-01 5.0771067293122633e-02 1.2596757880353021e-01 -6.1979660020056990e-02 1.6582966929958209e-01 -6.5553925466706728e-02 -4.6587319770644300e-02 1.5238410370589969e-01 8.8551982952607189e-02 -1.6082508618607011e-01 4.4955305418683499e-02 -3.5061394976853177e-02 -8.1262025648087405e-02 -1.5443194595432390e-02 -8.4632550660434056e-02 -8.6731519153864303e-02 -2.4025373738704081e-01 -8.6144689739200753e-02 -1.2587992386252470e-02 -4.5590312035222362e-03 -1.5746063540116401e-01 -8.7416970039981334e-02 -2.0805565146828189e-01 -8.0568970619238123e-02 -1.1192218511011259e-01 -4.1269098877392890e-03 -1.8150191983642639e-02 1.6268174087081620e-02 1.9102789896392969e-01 -7.4844159738809882e-02 -1.1175475967134510e-01 3.6292634883410543e-02 -8.5667677629421429e-03 5.3507169801598593e-02 -2.2515421082096310e-02 -8.2149976140098301e-04 -1.9858314941601639e-02 8.7438099090086846e-02 -1.9240786944907291e-02 -1.2434062902763510e-01 4.6982223189869568e-02 -1.3415837348726759e-02 -1.3949573759172010e-01 -2.9602489325391682e-02 2.1685376538774159e-01 -2.4337984284985629e-02 -3.5772098097543822e-02 2.2335557005298910e-02 3.6733991277509162e-02 -3.5842662776113088e-02 -1.5261043952937450e-02 -1.1005816239079570e-01 7.1795112610558598e-02 -3.3769310763860000e-02 2.2635827596747199e-01 9.9549426859950066e-02 -1.7527152172032190e-01 -1.2616457502615061e-01 -3.3782169396118222e-02 6.2229164370895380e-02 5.5639105753560257e-02 -2.0567059829342500e-02 9.2753084973685479e-02 -9.0618267823645779e-02 4.5734599465428967e-02 2.0535898029447180e-01 -7.4404605641351816e-03 8.6258113908318335e-02 7.6186318323346380e-02 1.2314315790715040e-01 -1.0034490275939729e-01 3.1787459588090428e-02 -6.7089202179532021e-05 9.5202046214614214e-03 -1.1681769531068011e-01 1.7386442340751099e-01 1.0146000009928470e-01 1.2978728228474260e-02 -1.6535623700787969e-02 6.8521986758709519e-02 8.8729522429590146e-02
5.3662752684169091e-02 3.1820567804678047e-02 -2.2794618161328500e-01 -1.1338173668513329e-01 3.7767506464248618e-02 -6.0255747899293242e-02 3.7967300905104737e-02 1.1482776642184740e-02 -2.1473799756971301e-01 1.1136269356358409e-01 2.4968754694173439e-03 -3.8759026561314677e-02 1.2970166157754379e-01 1.7945984086101049e-01 8.2365865325152096e-02 -1.2807704368479830e-02 -9.1954004047014898e-02 1.0636945538792000e-01 -1.0207768876582930e-01 -1.6489453075103691e-01 -1.9722690584250541e-01 -6.7725709028268494e-02 9.7676245084610841e-02 -5.4417257979202296e-03 8.5485541297759565e-02 6.5181505783085236e-02 3.4416640045715638e-02 1.8804070052698751e-02 8.3475880600302310e-02 3.7657506012935653e-02 -8.1652802693268370e-02 -4.6864786956529729e-02 -1.2157592860487761e-01 1.0807503050285290e-01 4.9299568715380847e-02 6.3213493457483574e-02 -2.1142705170261289e-01 1.0795205604109560e-01 -6.2965296092431150e-02 1.5218305511974481e-01 -1.2295997504794839e-01 -8.5741140991079462e-02 2.0339220089149550e-02 -9.6627822726168128e-02 -1.6995097731762790e-01 1.2193993501931870e-02 4.3700889125956641e-02 2.3877344827630449e-02 -6.1293855067323592e-02 -1.0797892195559810e-02 -1.6171887149970171e-01 -3.0684443662908210e-02 -8.6082052595342837e-02 -2.2236434642534252e-03 -5.8147542107283359e-02 3.2215214875075372e-02 -1.2850462172702999e-02 4.4679681985175988e-02 -5.5800382390032183e-04 -1.7799207953662519e-01 5.3698256678006893e-02 9.3617777247369333e-02 -1.1333180700637990e-01 -5.5527158566545928e-02 -1.5476581159781791e-01 1.0597864287885650e-01 -1.8002587857455671e-01 1.1177550682228039e-01 6.4536819788921004e-03 2.8405265208127410e-02 9.7388712089183704e-02 1.7932169522651541e-02 2.1401072877126931e-01 -1.1406049143159031e-01 -5.5079665358366017e-02 3.2517695983815507e-02 -9.8613810047865499e-02 5.8763163626654333e-02 4.6760563576334589e-02 1.4834685622157420e-01 1.2481528056911700e-01 -1.1647101339911010e-01 -2.1230176959375832e-03 4.7079268783865149e-03 7.5916323804464420e-02 1.3566733483398880e-01 -1.8492430711902680e-01 5.4416444327562881e-03 -8.3771612660547903e-02 -4.9702682961317850e-02 -8.4623635865644919e-02 -4.5717246801171570e-02 -1.0575633224183791e-02 -1.9605093564408241e-01 1.3016334786789380e-01 8.7577996615539593e-03 3.8274212739244272e-02 1.1604211019745340e-01 -1.0735286522723500e-01 6.4968546979286737e-02
3.6391779101890120e-02 1.0858694950148770e-01 -1.1409301214802640e-01 1.7050735040350701e-01 1.0416493295217399e-03 6.5886675768737316e-02 -2.2983299346079771e-02 6.4603801638795977e-02 1.4875109934467129e-01 -5.9403507261764001e-02 1.6741402973337451e-02 1.4721741151802480e-02 1.1636815179320760e-01 -5.0421447445001502e-02 -2.0109998867131920e-01 -2.8058687528345821e-02 7.6961185288281064e-03 -4.7869616893180152e-02 -7.8433987271438993e-02 1.8522784021575911e-01 -1.6254302570343541e-03 -1.3108768021099759e-01 -5.3680416274927527e-02 6.2524405322995871e-02 -1.3555706786277910e-02 -5.2420463584577541e-03 3.8821638086226980e-03 -2.5378584091708439e-02 -4.7567918336564048e-02 -1.3200307535866571e-01 -6.4159193193912917e-02 -7.9630464062447157e-02 1.3458656985637930e-02 7.2084357002821467e-02 -3.3161597173620071e-02 9.6321793012491122e-02 -9.9119208680532714e-02 -6.3025021981927262e-02 -1.0301242748211591e-01 8.9759622514100398e-02 1.2885612223482409e-01 1.4315733777335371e-01 -5.2107925873092507e-02 -7.7108254928646106e-02 -1.4949619358502839e-01 -4.8835809547785797e-02 2.1279515006448840e-01 5.6999401355867521e-02 -9.6344217276136512e-02 7.0172992063083833e-02 -9.0549056887692089e-02 -5.7700251995731998e-02 1.5806223888349721e-01 -3.3376698386119411e-02 -2.8208220137979179e-02 5.5460780565084813e-02 -7.7353533024249924e-02 -2.4306524076424291e-01 4.5074884148727963e-02 -5.1917166578925852e-02 -1.5109715158574391e-01 1.9771888127317969e-01 4.9429258592985602e-03 2.0413610213133451e-01 -5.2059547882376206e-03 5.8762364527813037e-03 -1.2228211092462550e-01 1.7810060761864459e-02 1.6144737190843951e-02 -2.4285289431888572e-02 -1.1962992880670020e-01 1.1706401088315960e-01 -1.7669804833860389e-01 -9.8019089664002121e-02 -4.0654975575990078e-02 -3.0345116821547259e-02 8.5322864757249234e-02 1.2002056076450660e-01 2.3444026391478759e-01 -1.0911343484935219e-01 -9.3007320416901768e-02 -9.0436465734777621e-02 2.3330528781585629e-02 1.0304199980169780e-01 3.2125353998085589e-02 3.1826055087988657e-02 9.0405910148200611e-02 -3.1990535694229661e-03 1.5125825398255551e-04 -1.9030877631406741e-02 2.8312343369886299e-02 1.7743310205586671e-01 1.0573051115583930e-01 3.8341511540438827e-02 2.6370829509586202e-01 -6.5251875859367814e-02 -7.0217415505326647e-02 1.1780221686955970e-01 -4.3385080806395013e-02 -6.2957632119133203e-02
6.3997198980612416e-02 -1.3169091665008339e-01 6.3616642967977782e-02 3.2778571133006848e-02 -1.5093206562329209e-01 1.0914670350429290e-01 3.8019130541156300e-03 5.2970928670614661e-02 -8.2795000616614378e-02 -1.4504921170466320e-01 1.4726142531645209e-01 -5.7037234550065777e-02 4.7958511733022541e-02 -4.6405909172708128e-02 4.3372597139727978e-02 1.0620151832708270e-01 -9.9978253005870904e-02 -1.0004398091045429e-02 4.5873272521514609e-02 -8.1490909183480481e-02 1.4645107283355250e-02 -7.2214487396459540e-02 -3.4780947694130628e-02 4.1110204724273463e-03 -1.1169379290940799e-01 3.7168300113466148e-02 1.8256557267723841e-01 -1.0042871071873320e-01 1.5394575508693739e-01 3.1260821607316663e-02 3.8159361964405190e-02 -5.8034019726316950e-02 -1.9879629135776171e-02 2.5695078056580431e-04 9.1089522691635991e-02 2.1202582054844990e-01 -8.9891761915925114e-02 -9.3664825727435813e-02 -1.1766046163099590e-01 1.0065358265005600e-01 -3.8446105468988162e-03 -3.2910951182437420e-02 3.5049273775753682e-02 -3.9857960536693077e-02 -2.1756611317888540e-02 -1.1246154988013320e-01 -3.4610810716728051e-02 -2.2866844325328990e-02 -5.7944843479012229e-02 6.7498568016974583e-02 4.9309123425106051e-02 1.4752316604286381e-01 -4.6029021198998883e-02 6.2039186165826427e-03 -6.8837740482444412e-02 4.9673835184766500e-02 1.6090029462435690e-01 2.5994206856682089e-02 -7.0190158774267541e-02 5.7049747854713360e-02 -1.9599600796225081e-02 -3.4348752717975162e-02 2.3787215746339690e-01 1.5309508201561001e-01 4.5670986572278770e-02 -2.3426000114847070e-01 1.8520374132030459e-01 -1.0895253490492250e-01 -2.5688405200450770e-01 5.9500439346844521e-02 -1.3011374102346671e-01 1.5857399155559099e-01 1.9349256657467920e-01 1.7483478048126559e-03 -8.8749514262793233e-02 -8.4621758969310984e-02 -3.9523089711450021e-02 3.2690325116889609e-04 9.1674394298701209e-02 -5.1771531094260047e-02 1.5960222018434669e-01 -3.3753102819929708e-02 -2.9012985554816410e-02 9.6894862375493454e-02 -7.2222763463916054e-02 -1.6593020737656100e-03 4.1580218287629069e-02 1.8050817458103361e-02 -1.2294656731434350e-01 8.9427381418894170e-02 -2.1981033611227829e-01 5.2710023926543711e-02 1.9734028073158391e-01 -1.2273763316785680e-01 -1.2641771794793330e-01 5.1153425743206547e-02 5.2418723547916532e-02 2.5642636321321480e-02 8.8840613965416787e-02 -8.9032875884401987e-03
1.3332379735589431e-01 -1.7666196750897419e-02 2.1678777583190950e-01 4.9812237026694760e-02 -2.4672755730639290e-01 -1.2055894675084650e-01 3.9144225121512527e-02 5.4272719504656459e-02 4.4298142784044328e-02 4.0211525890488729e-02 -4.9995985354068878e-02 1.0655523759449299e-01 -1.5140621097198101e-01 1.6808361500946711e-01 2.1512722702169251e-01 -3.4553718519682523e-02 3.0613415083600361e-02 5.1258529872166718e-02 -5.0324966798108772e-02 1.8419341756770580e-01 -6.2899516451437404e-02 -7.1051908873536476e-02 -1.2925762862712969e-01 9.9381151915985187e-04 1.1828858610672410e-01 -1.0566386394658550e-01 8.0520015507172388e-03 8.6708301373258009e-02 -4.0497441615460927e-02 1.4312587602232729e-01 6.3532282640620776e-03 -1.3882183005936129e-02 1.0066758219841400e-01 -7.9342576615020186e-02 3.5426518153248807e-02 1.4522928027534141e-02 5.5438347491237890e-02 -2.5682496389329768e-01 -1.8483794780360380e-01 -1.1014631913960020e-01 -6.7512858551863925e-02 -8.0210034180811199e-02 7.6022083413999159e-02 -1.7222908065265181e-02 -5.5417121490456078e-02 -1.2870100262307280e-01 1.4559959190425070e-01 -1.3613799716638711e-01 -9.1635937522062283e-02 1.0324421403971930e-01 3.3287137342393858e-02 -8.7651633549469948e-02 3.0426954547946219e-02 -9.4302234245680308e-02 -1.5418052112665431e-01 2.6615460910918549e-02 -4.1273896678649058e-02 -1.1597028802706759e-02 -1.7190453556101999e-02 -1.2043091515563270e-01 8.6698730530814054e-03 -7.8616257085700504e-03 1.0937411523783500e-02 -1.1530260955501220e-02 6.0732532142991243e-02 2.1927320492361421e-01 -1.7961927126828511e-01 3.1020302008029570e-02 3.3511952857141668e-02 1.3315758724303070e-01 -5.3830776315499727e-02 8.5565195515406881e-02 1.2261316716810290e-01 1.0490255133143830e-01 -9.8883982695819356e-02 2.2573600914315449e-02 -9.9291272038979139e-02 -6.3246489674177904e-03 -5.5935204470137813e-02 -3.5851664081430701e-02 -2.7059426236920210e-02 -6.8675339212212069e-02 7.5614954854316858e-03 6.6799146890606495e-02 -3.0172612236757851e-02 1.2685071406815809e-01 2.9638268697487480e-02 1.6072992390033969e-01 7.8810175039397246e-02 1.1746979963982630e-01 -1.0832576394974699e-01 6.6968043761027302e-02 -1.8202659005596639e-01 1.3955806173183949e-01 -1.0659642600730070e-01 -1.3794096255201701e-02 -6.5330361762888742e-02 2.8812589230803091e-02 1.9857058892325381e-02 5.0223911921298187e-02
-4.2255062735960289e-02 1.1902465553706830e-02 1.8970019478284080e-02 -2.0426742551754121e-01 -1.8750750911062569e-02 -1.1440762712535820e-02 -1.6435600757270141e-01 -9.6260981631052303e-02 1.4944998597837961e-01 -6.8453689235175669e-02 -1.1133059942646850e-01 -4.9978397127828381e-02 -4.0975693288508287e-02 1.5362991906960430e-01 -1.1982913454533210e-01 -7.4014705277402379e-02 4.7720820236839351e-02 -1.0302991904377870e-01 5.7610092712577943e-02 1.5222813153729689e-01 -1.5955329923105130e-01 1.4034612134235169e-01 1.6804420723117949e-01 -2.3276164804107000e-01 -1.1380824472728110e-01 -2.3739243609977621e-02 5.6668308822935040e-02 2.3089665572724689e-02 7.1958487768403051e-02 -1.7157652318818190e-02 5.3883725393194040e-02 6.1273764875954071e-03 1.4285125136180840e-02 1.5692581099270109e-01 -1.0025721506435570e-01 1.3623558803691799e-01 -1.1323664739646930e-01 -8.6656174007093578e-02 1.4072348442782279e-01 1.1571133625778660e-01 1.5514574929740670e-02 -2.1003213832545101e-01 -2.5026523484463159e-02 -9.9686886477747649e-02 2.3486437380107530e-01 -9.9762758581535216e-02 -1.3322150247777451e-01 1.5650265865432009e-01 -2.3151560948978741e-02 8.6763174305932195e-02 -1.2540057727962000e-02 4.2676188885132221e-02 -7.4507026856208483e-02 -2.1022168131056750e-02 -6.6552883014583147e-02 2.9289455052848828e-02 5.7978451130233748e-02 -1.2873490262236670e-01 6.6520430261044180e-03 -1.2744638389703930e-01 4.9759780074156240e-02 -1.3404335046472430e-02 9.1297816183465177e-02 2.9086786963805109e-02 2.7455923350482660e-02 2.9525166867201719e-02 -1.6634955193324300e-01 -5.3326576107788272e-02 4.8661086589100698e-02 1.6773020153631349e-01 3.9124183112788272e-02 4.4796324561274158e-02 -1.2170636763782530e-01 3.6901020304716488e-02 1.0918955219091709e-02 -1.4090600936004671e-01 9.4238218444942790e-02 1.1247587101768260e-01 -7.6444890141155963e-02 9.6498483420802014e-02 -4.7722540688395217e-02 -9.8941232229405637e-02 -4.5284431415958212e-02 7.1331553747724055e-02 -1.3159765660268061e-01 8.1880861513918102e-02 1.4760773854625051e-01 -5.7030591094554259e-02 3.3445245504774297e-02 -6.3419817653792329e-02 9.2362997355201620e-02 -1.0815116894570760e-01 7.6772613485209237e-02 -3.3113336790176279e-02 -1.5414848491913169e-01 -8.1037824324628152e-02 -6.0984830562269899e-04 7.2190146979017197e-02 -1.7755517628805440e-02 1.5952024031003720e-01
-1.9123797183978891e-01 -1.8038261002405041e-02 -9.0088255330546166e-02 -4.8345210657102823e-02 1.1072033694749669e-01 -1.2317714119231590e-01 1.1735086269670150e-01 8.7934871889254737e-02 3.6829648588087897e-02 -9.0701412228742423e-02 3.6230716089999691e-02 -1.8475012495953669e-01 -9.2939844202258703e-02 -2.9099641490470091e-02 8.6337372098750156e-02 -1.8660049146777449e-01 9.1175796040439377e-02 8.1309867617047032e-02 9.5791028935124062e-02 -8.0992292598607740e-02 -2.5340340263504291e-02 -2.8136893713462818e-01 4.4058278811385528e-02 1.0491409584365009e-01 -1.1717408345737000e-01 1.1493255429618740e-01 1.3997923315048469e-01 3.9242939034420277e-02 8.9650920495654665e-02 8.6543997643159468e-02 5.1942234938966020e-02 -1.2166559687837260e-01 1.5146434142590781e-01 5.7869369111396188e-02 8.9554420490439393e-02 -3.6422520428317610e-02 9.3214023243822414e-02 4.6133849184288193e-02 2.4801048621529889e-02 -2.1404696480215360e-01 7.0435031868567761e-03 -5.7272753579208677e-02 -2.1671114639712288e-02 -1.2022660856129870e-01 2.0082394774275461e-01 -6.2576363947296723e-02 3.2073001384230672e-02 5.5520854385805153e-02 5.6143672947569369e-02 1.6788302153831591e-01 -3.6207830872922772e-02 1.3583137951136279e-01 -8.6956358211596502e-02 -1.4206295291533549e-01 1.4520615265542391e-02 -5.3492082948461341e-02 5.9407043964909589e-02 -1.4384540398820120e-01 2.9465535341474228e-02 5.5792529770956577e-02 5.5423251749515762e-02 7.4299725956693097e-02 -1.1099750265335030e-01 1.4258206518766780e-02 2.6638118375586411e-02 7.5230525654390104e-02 -4.7879472629812327e-02 2.3247974968872150e-02 4.7877023290405281e-02 1.3743642126413921e-01 5.9081632957255263e-02 6.2198287197266161e-03 -4.5205115117380887e-02 3.6906749910077002e-02 -3.4525429183999153e-02 3.1648149255410617e-02 -7.4901359451301497e-02 -1.2161864535275160e-01 3.2871456366336947e-02 -2.0383035349361880e-02 -4.8631337267288841e-02 2.1859637676379401e-01 1.5561903423748141e-01 2.7278236152081799e-02 3.7397949300465770e-02 7.0469653508888078e-02 2.1721674883636809e-02 -3.2082277314604390e-02 -8.1187582771738417e-02 2.0465391680366280e-02 -1.9635346840682169e-01 -1.0928116359977470e-01 1.0951420397602170e-01 7.3455672224882584e-02 1.1423134477069910e-01 -1.4212710134269840e-01 -9.0732577890647002e-03 4.5017715337473847e-02 -4.2294178199728062e-02 -2.3505595507683860e-01
2.0163001978638139e-02 5.3727533827748468e-02 4.7546059168895621e-02 -3.1476886524670893e-02 -8.0872405025735658e-02 8.0268649185985586e-02 2.6021463025669871e-02 -1.8966636542590940e-03 9.3433662400387571e-02 -1.1546041902773800e-01 -1.4020794250684920e-01 6.6517575195138276e-02 -8.4686683737588683e-02 1.0993708515374180e-01 -2.0455626592672480e-01 2.6135000998071230e-03 -6.8323764105959375e-02 -2.8700797742551631e-02 -1.5481718139039871e-01 -8.0577232043933827e-02 1.1118821653904880e-01 -6.7510242314181956e-02 -7.4967371721634091e-02 2.3150854998809101e-01 -6.1607074671109020e-02 -4.9080767179249710e-02 5.6071255850888319e-02 1.0093229162804449e-02 -4.0001070738910023e-02 -1.7911418839919721e-01 -1.6179125130605321e-01 -7.3508590704676824e-03 1.0935736641137540e-01 -2.0677687655629679e-02 8.3301055913030900e-02 1.6218634981993049e-01 -1.6172534865005961e-01 -1.7161042235240201e-01 1.8726549069460011e-01 -1.2774897543029809e-01 4.5537669083516967e-02 8.0334683639296470e-03 -8.8964608231088815e-02 5.6151202849839557e-02 5.0686624296181843e-02 -4.6483065974285448e-02 -7.8189051353544273e-02 9.4013201689366679e-02 -2.8312663625105199e-02 -6.3473878238080331e-02 3.5902101902919370e-02 6.3211292030191532e-02 9.6416026645750746e-02 1.9691200076430621e-01 -1.3590035753456101e-01 1.2847999603942831e-01 -6.0810322048201013e-02 7.1842081396487241e-03 -1.0423046023716021e-01 -5.3842211183833089e-02 1.5750088203710121e-02 5.2276341335211293e-02 -3.2694401111990828e-01 1.8769856056560470e-02 5.2904648124211258e-02 7.2769144318792847e-02 6.7031790252703102e-02 -9.6315564221090139e-02 5.6525386751408953e-02 1.2544934426496920e-01 1.3980949568096560e-01 -2.3090754894246040e-02 8.9249880168850049e-02 2.7684706963477270e-02 -4.0299813749951570e-02 -7.3570162268411107e-02 6.2843296066617772e-03 -3.8460833733246817e-02 -4.2519408205326958e-02 8.6858109903799552e-02 3.1006710551316380e-01 3.0332122867506049e-02 1.3838929154813909e-01 -1.2862146881417119e-01 -3.6173028461767467e-02 -1.2701732448511199e-01 -6.2453454031031587e-03 -1.6797171561437910e-02 -1.2448049209591711e-03 -9.3068776947700424e-02 -8.3347383862237237e-02 8.2149847297592667e-03 -7.5732340123821684e-02 2.5569051622480021e-02 2.5511168487510210e-02 1.4537012418311901e-01 3.6968668472953957e-02 -2.9260692069915620e-02 -6.8305622588013910e-03 -2.2815743168120892e-02
5.0902454002326588e-03 1.2803747757172129e-01 -7.7407972355603719e-02 8.1628406956826438e-02 8.9850602983213776e-02 1.2105333217202750e-02 1.6861874768743881e-01 3.3010489973920643e-02 3.0009718013797950e-02 -1.1776881290148060e-01 -7.5374154320090531e-03 -5.0426652020843588e-03 8.9136302424032213e-02 1.9852431259738310e-03 5.4350752267596142e-02 9.2243216724160818e-02 1.7354370077185091e-01 6.1287494426576364e-03 -1.8657390669664090e-01 1.0408923899692830e-01 6.3941627552820332e-02 2.4493733142883001e-02 2.3113377954379510e-02 3.8123058238571489e-03 6.5944382562630341e-02 1.4995869354469719e-02 4.2343345877975669e-02 6.5759550934511718e-02 1.1586584845682790e-01 -1.8729604839994800e-02 -6.6999079876815082e-02 1.6212446862707150e-01 1.0945274289644399e-01 4.9449100128313398e-04 1.5675405944726151e-03 -3.8288962862148071e-02 -5.2501440247123977e-02 1.2811482805190491e-01 -1.0905307956459279e-02 4.6290174083545653e-02 -1.2911522714191071e-02 2.4428004043617269e-02 1.9531715525364521e-01 -3.9179496305134197e-02 -1.3749043011367151e-01 5.1390088748486398e-02 -4.9035939566797040e-02 1.0267706190222610e-01 -1.0495815659650939e-01 1.2829747753946231e-02 1.4085511148954229e-02 -7.8641838280743368e-03 -2.8887256645084101e-02 -2.9936390340520208e-01 5.0370061157432332e-02 6.8326947128046295e-02 3.6635017576418002e-02 3.1938316936635749e-02 4.6806930494677983e-02 -8.8763141366340129e-02 1.3283471967939831e-01 -3.6487952144983189e-02 -2.1735810069754199e-01 -1.8191691923208139e-01 1.1652093516203040e-01 -4.3105229684838667e-02 1.8014310304686240e-01 -4.9167017219359510e-02 -2.7434928743233649e-02 -3.5187000692595001e-03 -1.3081485481532229e-02 2.3175056097930860e-01 -9.2486522245085023e-02 6.8857242449582801e-02 2.1735967159435510e-01 -5.8990848188235578e-02 3.3656272388374202e-02 -1.8564321766890071e-01 -1.8411051456439559e-01 6.0237014871002900e-02 4.2164019196421147e-02 -6.5121382411797227e-02 -4.9243638489912339e-02 1.2900190597302319e-01 -1.0745807732038740e-01 5.5412393384109727e-02 -3.5844495503842382e-02 -4.1452489153087690e-02 8.4667665517043578e-02 -2.9768294898842890e-02 -7.8285278836069158e-02 9.5899535180304973e-02 1.9623174854161299e-01 1.2868717930511769e-01 -7.0747553488991949e-02 1.0723690412434771e-01 -1.4606113048646571e-01 1.4432023016742701e-01 3.2761777760127717e-02 9.4832565548118072e-02
1.1857413932889230e-01 -4.8863280349016498e-02 -3.1398461351965230e-02 -9.7088244007135227e-02 -1.6367871977233001e-01 2.2141331789329510e-01 1.3126435838453759e-01 -1.3168442289155319e-01 3.6041125847188521e-02 -6.2676508189700676e-03 1.0602286895769621e-01 -5.4639648207886957e-02 -8.1628847939920229e-02 -1.0704241632202841e-01 -7.6299812905501904e-02 7.5421669159107432e-02 -5.2365941282525299e-03 3.3662089290427909e-03 6.3493222130057619e-02 1.2776821642873179e-01 -6.7016205108914846e-03 7.1260437602553905e-02 -4.4069196381573000e-03 4.5471716192937661e-02 -2.7501204802320219e-02 -4.5526181790274789e-02 1.0006505560362310e-01 -1.3255189337381831e-01 1.1589520893674940e-01 1.7925254216982090e-02 6.8443640559499197e-02 7.7905365205960350e-02 -1.2576748996663839e-01 -2.1629221511215241e-01 -1.4306733880549880e-03 6.1338128430553113e-02 4.3113014832099297e-02 -1.3206901733089060e-02 -1.4611129826419320e-01 1.1262710917972860e-01 1.1722225058032860e-01 4.2788781367303769e-03 3.2812159937808068e-02 -2.5138003055759930e-02 1.7442368160603680e-01 -1.9171906517612230e-02 -6.8104128332506897e-02 -5.6906718447602297e-02 1.9359899085766501e-02 4.9280205488825633e-02 7.5205812681028036e-02 -5.6260222382133317e-02 -2.0162408390329231e-01 -2.6513591819632969e-02 -8.5657256994192826e-02 -1.9700724467703670e-02 -1.0364760174637780e-01 2.3676968699755888e-02 -8.7367357575725488e-02 -6.7347115028173712e-02 -5.8414608908276343e-02 -1.5472524057613370e-02 -2.4125059325501649e-01 -1.2628165782263631e-01 5.7248475702744508e-02 6.6800605963194565e-02 -1.1072424327066829e-02 7.8782833122246987e-02 -1.2971070002189420e-02 4.4355584868277627e-02 -2.5281653738777540e-02 1.2234798057622349e-01 -4.2612985259477591e-02 -7.9990311740035888e-02 -1.5754539359445921e-01 1.9456133118821131e-01 -1.0534875788803530e-01 3.3886444296014943e-02 -1.0384593976115780e-01 -6.8627615265249756e-02 4.5450562526572848e-02 8.7526316003874102e-02 -4.6949367087110422e-02 1.0767711503887570e-01 3.3059921128749663e-02 -9.3750314287391598e-02 -8.8396467086800143e-02 -1.2850593713112880e-02 2.0303533761078571e-01 -5.3625531815945558e-02 1.5460246728959301e-01 -1.7484315736792899e-01 7.5564310531882409e-02 -1.4262599140533189e-01 2.9008470053875801e-01 -1.3707670239704420e-01 -8.6210782462860513e-02 -2.4153962880739781e-02 8.9859331014162186e-02 -3.1775252475835923e-02
-1.6849025619962149e-01 -4.6787561976043592e-02 1.2177233246366009e-01 -8.1626199758352599e-02 -5.6555096545816808e-02 -2.9538559934351999e-01 2.8261086622466869e-01 1.4185184457284570e-02 -1.0933340647238990e-01 2.2883798058400129e-02 1.1628368260433690e-01 -3.5851820608847187e-02 -7.2691872702308799e-02 -1.4379930683341419e-01 -1.7721684494036841e-02 1.5287750327226490e-01 1.5478868302434251e-01 2.1250173159499369e-01 4.7854547386857640e-02 -2.8908372200147459e-02 -5.0562580098645872e-02 -8.9128704353992630e-02 5.8833349566831943e-02 -9.4400384293516326e-02 -4.5775311916057972e-02 -1.0414793801301250e-01 1.0556534777523240e-01 1.3194624159284719e-02 -1.3796766718869191e-01 -8.6681756772515536e-02 -1.4959132404264111e-01 2.2218470520055059e-02 2.3443915866667851e-02 3.1878723794308728e-02 -1.3185300806168501e-01 -1.0090821945778029e-01 -8.7150797244041511e-02 -6.2530786993741080e-02 3.0748847646628160e-02 6.2139679632573212e-02 1.2106034482376450e-01 -3.3632921052329089e-02 -8.8318829247599914e-02 5.9119025956301960e-02 5.2678311801933567e-02 1.8425363386811161e-01 -3.8460291538690711e-03 7.8999136227977468e-02 -7.3252426374885701e-02 6.7025771110762064e-02 5.1935189155154590e-02 -3.8734023624103602e-02 1.4152760869350589e-01 7.7637913121886171e-02 4.6589391559618602e-02 -7.7417346011105448e-02 -5.5609383292565789e-02 1.6055785910146761e-01 -2.6460694246504041e-01 -5.4174932768502881e-02 -6.0202758131265077e-02 7.9883654597056583e-02 -5.1462494539459773e-02 -1.4683857003215769e-02 -1.5937844961208120e-02 -3.2541510319710698e-02 -1.6395288347046369e-01 1.3063877166126170e-01 -2.6791856563069372e-02 -9.1201504618679957e-03 -8.9743068634367210e-03 9.8071689947623275e-02 -6.3716966425000979e-02 -1.0631334730378779e-02 -4.1036149525304259e-02 1.0190398416419720e-02 6.5178355248319941e-02 -4.6323679753151541e-02 1.2515566615365231e-01 -2.2861637454784589e-01 1.2107576524719819e-01 -9.7803350512294399e-02 -1.0720164583891620e-01 -1.3784941245586220e-02 -9.6022335431895478e-02 -1.0028886494786431e-01 8.8597569153039280e-03 -5.4210603298953913e-02 -8.9381616166674428e-03 1.8083525222296101e-02 3.5804223770856160e-03 -2.2654297726559511e-02 8.0940498384469470e-02 -3.1701746835723910e-02 -1.7549049445062950e-01 -5.1806883917439220e-02 -1.0846926336358701e-03 4.7674542749601742e-02 -1.1524816204122790e-01 3.7814139285600387e-02
-1.5070447428516989e-01 -1.9034722723080270e-02 -9.4100141288969499e-03 -1.9110694879017939e-01 5.1482524868068862e-02 -2.0100536922315190e-03 -1.0966976699440741e-01 7.1282739574360571e-02 -6.0785936629006027e-02 1.0782008729418080e-01 -8.0663459215283950e-02 -4.0871098114734418e-02 -2.7348684777821658e-01 7.6212691887240350e-02 -9.8517754713181915e-02 1.3220870146312100e-01 -7.6501687042296151e-02 -3.2229633255367117e-02 2.9616342605777179e-02 -2.0925273321131040e-02 1.2841955779362349e-01 1.1040074174638110e-02 5.7465405128487600e-02 -1.2672159112604039e-01 8.2685577059025142e-02 5.5970096622730441e-02 4.6957123980177332e-02 -3.8435658442499770e-02 -4.5015736795746247e-02 -3.2483546853053463e-02 1.3678941570565489e-01 -1.5066872419475991e-01 9.4302576427333570e-02 -1.1741901750937569e-01 6.0034696041764583e-02 -1.0892852223870350e-01 2.6189455164195619e-02 1.8578431914317509e-01 1.6473190888102979e-02 2.0585167110809741e-01 3.8860561555284973e-02 -1.6181307532024999e-01 -6.9191175173234490e-02 -3.3428800765504453e-02 -3.9813726101272463e-02 -3.6931062611189301e-02 6.1342463136906033e-03 -1.4347244227046349e-01 -1.7719141339971051e-01 9.3330395129562954e-02 -7.0310091737639829e-02 -4.9306445265303117e-02 9.2552976631902359e-02 6.0239745080800988e-02 -1.6260631306356010e-01 1.0574038535990429e-01 -1.3382650063476759e-01 -9.5101217451599107e-02 1.6065273645262709e-01 1.6044050819176520e-01 1.3423749631153359e-02 -2.2402749540319761e-02 -3.2826393762869527e-02 4.8453393443854943e-02 9.3527440585582256e-03 9.2316654905518339e-02 1.0855259177337410e-01 1.5947926211401020e-01 6.6548269839682359e-02 -1.1835031911347800e-02 -3.4831529861706997e-02 9.8071197014132847e-02 1.3339181277257070e-01 -2.6233735236719870e-02 1.8754905367386129e-01 -4.5456992894033293e-02 1.1409294301586650e-01 -2.4281591849577702e-02 2.7425939916684201e-02 -1.7069710707183949e-01 2.2908553788358341e-01 6.0149914578579997e-03 7.3517899893191560e-02 1.1569374731749420e-01 1.2191993388597720e-01 3.9512845485656062e-02 -8.2159850652239824e-02 5.2307151897725952e-02 2.2590854059493241e-02 2.9567487253880122e-02 5.4524606125149137e-02 6.1822706770586537e-02 1.2527035708765091e-01 1.6786608941519410e-01 -1.9002716158389839e-02 -4.6387964070348307e-02 -4.3442141281790489e-03 -8.4843786626709383e-02 1.1693031993753460e-01 2.7282135014192219e-02
-1.3270264068424800e-01 4.8498614694398888e-02 -5.5916030931148622e-02 1.4723317951233370e-01 -3.8847952843745821e-02 -3.9786632140478513e-02 1.1348568747589249e-01 -3.9185576850914693e-02 -3.2364698010128717e-01 -3.1526076114287281e-02 -4.9956278294184003e-02 -9.7831855418085770e-02 -1.5924251790635430e-01 -2.0176495465786951e-01 2.5116164646366290e-02 -4.7727508956442483e-02 -5.8410111632906887e-02 -1.7969112597618062e-02 -7.6940096287041557e-02 -6.0244811151644297e-02 1.8496036485829989e-01 1.5782810311239140e-01 -1.9048255387355531e-01 -1.7521976911610460e-01 -8.3548339319638301e-02 1.4373985386311319e-01 5.1658628962055596e-03 4.9877305999136673e-02 -1.2856487638012989e-01 3.0880099794583980e-02 -6.3141802705113229e-02 -2.4127741369824578e-02 -3.0025178714469091e-02 9.3031907104143372e-02 2.5671255389524750e-02 2.1694685240658551e-01 6.6933490886159061e-02 -4.0854162691656169e-02 -2.1265833537766780e-02 -7.1973117899976541e-02 3.1359567798472901e-03 5.0194866205160747e-02 3.0015992872343231e-02 -2.1815311385060440e-01 -3.4878361652307677e-02 -7.6534950245157884e-02 -7.3233417477296225e-02 2.0504479812382459e-01 8.0150833981439795e-02 1.7234419152065969e-01 -3.3081856818781730e-02 6.4975445560716896e-02 2.3924168587725739e-02 -1.2576601265359061e-02 6.3958456131082211e-02 -5.3240264227652413e-02 -1.0636819668189630e-01 -1.6620583904477770e-01 -6.4190417011447662e-02 -8.5669823223419636e-02 -4.2584830936719928e-02 4.5436717126184523e-02 1.0458598259221390e-01 -4.0909831558759479e-03 3.5598895934057823e-02 8.8416883822394099e-02 4.9015613736852932e-02 1.6625369007438179e-02 -1.4624343056074190e-03 9.4422528481820454e-03 6.5785948209500386e-02 1.6163976756854510e-02 7.9266871794993685e-02 -2.8085356312411231e-02 -3.8843102915640013e-02 1.5454387023739091e-01 7.8594524713458985e-02 1.1101039000048160e-01 -8.3844365032663154e-02 9.8844602844718951e-02 -2.5697522980457691e-02 -1.3721119920108860e-01 -8.4092252082449998e-04 6.8741888341627047e-02 -1.9148539100550151e-02 -6.9259394103806021e-02 -1.0424148240592560e-01 3.8015900840866208e-02 -7.4231862331271561e-02 3.6501749212596808e-02 1.0632330731481800e-01 -1.1033669825486810e-01 -5.3842121433731627e-02 1.5727949508127931e-01 4.9690487335119007e-02 1.4768308844166839e-01 -1.4226515432931020e-01 -1.4830080770903500e-01 5.8030338625280113e-02 1.2929450006928470e-01
-4.2130920442121557e-02 1.7284174974592251e-01 1.3677931784746289e-01 -1.8684790099756859e-02 -7.9613054641027942e-02 3.3245043093600240e-03 -7.7549221078574621e-02 1.7478940880914640e-01 -5.7063182531279961e-02 -2.3334763284342520e-02 7.4227076825037167e-02 -1.4251752871133400e-01 2.1504119395575561e-01 -1.4762167585553940e-01 -5.7649698178901317e-02 4.9739316407520502e-02 6.1536213693628022e-02 -2.0004163541122530e-01 -1.3851183730559219e-01 1.3797563736703219e-01 7.9376651915656436e-03 -9.5591351208142536e-02 1.5967861874699091e-01 4.8223461180189310e-02 1.2859124998967161e-01 1.0887408939537370e-01 -2.9090138751096070e-03 -9.6702241017211130e-02 6.5937381153346963e-02 1.0808833994986840e-01 2.1467228461255022e-02 2.6403468823556271e-02 -4.3734743554295373e-02 -3.6322424038511400e-03 -2.5509432589907899e-02 -3.4381274316849432e-02 -5.5272492260603920e-02 -4.2204320871136840e-02 -9.4282632355427082e-02 -1.1734482119090200e-01 -2.4698591323801100e-01 -1.1913630995518350e-01 -8.4158020984399964e-02 9.8563815016509140e-02 6.4392490652537410e-02 9.3489874970565587e-02 -1.2255255475541429e-01 -1.3161992200483899e-01 -9.4184547688753700e-02 3.3324628138905923e-02 -9.2910858733576504e-02 1.1894767359792049e-01 2.8528812039559572e-02 1.3023251139990349e-01 3.2410397709732482e-02 5.9767223455304087e-02 2.1251464577030510e-01 1.3882640233373950e-02 -7.1426701076262478e-02 -3.9676463093984662e-02 1.2943097489691059e-02 2.3291760866602970e-01 4.5214348919733013e-02 6.4406064296599740e-03 1.5160336642436381e-01 2.4183071347758270e-01 -1.7812091886707719e-03 6.5635743722307752e-02 4.4118895744025853e-02 -4.6694372593780842e-02 -3.9775679825011352e-02 -5.6083157528051653e-02 -6.8378936562996248e-02 -9.9678878444644847e-02 1.4735893357381849e-01 8.8440563176443845e-02 -8.0440222594316185e-02 4.8774690146682682e-02 5.4011663040754401e-02 8.4567802135511988e-02 8.0992740284274417e-02 7.4421075533116082e-02 -1.7305647150438849e-01 1.2914150062534199e-01 -2.2052390189104671e-02 -1.8407072463219901e-01 3.1072351236440528e-02 2.4738039322470689e-02 -4.6217187675022253e-02 -1.7808854732009868e-02 8.5684466008490359e-03 -9.0446406996544895e-02 -3.4407128923220558e-02 1.2542376100404939e-01 1.3438171798760629e-02 3.2933454314117608e-02 4.2373139135901107e-02 -1.0489312846982790e-01 2.3890468171938160e-02 4.6282511070753173e-02
1.4061097689812960e-01 -8.7668291204915150e-02 -1.3746765978871969e-01 1.0135468968972711e-01 4.3066198405523351e-02 1.0908713667737069e-02 -5.0871199891372031e-02 -2.6062819927986140e-02 2.4763484122958559e-01 -5.7199213709885947e-02 2.4209438590018940e-02 -4.8000854278082289e-02 -8.5256704044719467e-02 -7.7644525824399790e-02 6.7795525698096465e-02 1.3668295171863801e-01 -1.7844944328516820e-03 6.9610646499509571e-02 -2.9798775530557792e-02 -5.2587249636578903e-02 5.2342569277655779e-02 5.8868400619955102e-02 1.5891064516817671e-01 5.5593800715942172e-02 -1.2405833780161750e-01 9.0106903783738007e-02 1.5963950008822830e-01 -5.3454099452025887e-02 -7.9836367025391458e-02 7.1607310834374141e-03 -1.0124688215871901e-01 -1.7440784302984891e-01 -1.2609010850399241e-01 3.6122611365242467e-02 5.2500136877859944e-03 -1.0994964386841420e-01 7.7862404843340186e-02 3.9256886417650641e-02 -3.6336357594042960e-02 -6.2111955509649389e-02 1.1212104274075500e-01 -4.3978404000374173e-03 -2.3750203720421040e-02 1.3655684536343400e-02 -2.2015789837190211e-01 -5.5700441720137772e-02 -1.8499868150508811e-01 -1.2100677870554940e-02 8.9007298658565132e-02 -1.6863658883557389e-01 -4.1880990594240830e-02 -1.2836773601137511e-01 1.7899264828506511e-02 7.4985577702484596e-02 -4.5669025088337603e-02 -1.4332598598859250e-01 -1.2564972537568260e-02 -6.2267046984822987e-02 -1.9531550175534371e-01 -2.1470947936194670e-01 2.2855719934316149e-02 -5.0383552941762180e-02 9.8994862381633325e-02 5.7988946052728349e-02 -3.3575652336502650e-02 1.4151844055177210e-01 2.8900936078365250e-02 -6.9711089356789588e-02 2.0944358726834231e-01 5.8627468240366368e-02 3.1553512780873823e-02 -3.9086288148091751e-02 1.0690044530147549e-01 -5.6181284081472188e-02 5.2836298440837627e-02 1.7961976176482450e-01 -1.3664600283799680e-01 9.2751880993506581e-03 -1.9297436716419258e-02 -1.6121476316235089e-02 4.2134905475862327e-03 4.2275071483389173e-02 -1.5931841144165040e-02 2.1593150772037531e-01 -4.4519062733168732e-02 1.1237251918149729e-01 6.6637615873090431e-02 -1.3120599353275941e-01 -2.3567399769850499e-02 -2.0050597781719839e-01 -1.5943658205291200e-02 1.0235371473526340e-01 3.7748342287870162e-02 1.2432757690197960e-01 -2.0513269078776489e-01 -6.5729332481321859e-02 4.4784952459287757e-02 3.2704586933483409e-02 1.0332856082719620e-01 -6.1952658339454320e-02
6.7054244864469398e-03 2.0147692544522911e-02 -3.6170655887832602e-02 -2.6891457858633901e-02 -4.1599697887647412e-02 1.6193637641003841e-01 9.0471038046160496e-02 2.1773827295809989e-01 -5.7011940584910277e-02 1.7319030581424111e-01 -6.3377243233045194e-02 -9.4884103618012843e-03 6.2140786804129412e-02 1.9437852317097370e-01 1.1759811971036339e-01 1.0377783788173020e-01 -2.0588279730910750e-02 7.0768315380716804e-02 1.1433936541923720e-01 2.1804030767058430e-01 -6.6063584615081869e-02 -6.0057472702559830e-03 1.4292955628406001e-01 -1.2412079693844360e-02 -1.9943470625273590e-01 -1.5049697895177030e-01 4.6724575016733702e-02 -5.0229657939279429e-02 -9.9116183155235654e-02 9.9115427011707627e-02 -7.1708487666081538e-02 -1.4836249034202689e-01 3.3307971576362817e-02 1.6909339300684190e-01 -1.9267994328343651e-04 1.2729993256067931e-01 5.6454390027957248e-02 -5.0472035263185458e-02 -6.3326532708810803e-03 4.2309177651689039e-02 -1.2137750996039560e-01 2.2110866819463040e-01 -1.0393626462087641e-01 1.1516058824656540e-01 -2.4120043509131130e-02 -2.9269643704500168e-03 6.1470702316134357e-02 1.2387321436694780e-01 6.8454494444424698e-03 4.2578553032827711e-02 -2.3124838492263360e-02 -5.9261391134649191e-02 -7.8740605738404756e-03 -1.1307876438420270e-01 9.1973604540333653e-02 -1.0066137798696950e-01 -2.5831032405915558e-02 3.5077672898990830e-02 7.1648577789258636e-02 1.6673637459478700e-02 1.1325341455899871e-01 -4.7881513771843118e-02 -1.3760561662278820e-02 1.8911752515420158e-02 2.5714065337389760e-02 -1.0173445704850430e-01 -1.2830231062214370e-01 -9.2541636110438377e-02 -5.9278762133983517e-02 -1.2631463072948790e-01 1.4481103312399371e-01 -1.4439050457758451e-01 8.9152794762256529e-02 -2.9211868239669970e-02 6.6317469609315366e-02 -6.4543443747235710e-02 -9.0811262085832151e-02 -4.3738400556104957e-02 9.4135602564644986e-03 -7.5737039127169323e-02 2.0682911839313889e-01 1.7257427453253391e-01 4.1325538971011017e-02 1.1505308956236079e-01 -1.3653101381204011e-01 -1.4367794813900259e-02 8.2011819050647472e-02 -8.8508435823666881e-02 9.3942269246088436e-02 8.5438686801542221e-02 1.5091721092230831e-01 -4.6993718501491963e-02 7.2304688417549987e-02 1.2415469593800391e-01 1.1677568066470791e-01 1.0853234975252450e-01 -4.8449339542741943e-02 -2.0248707882191491e-01 3.7945683132814073e-02 2.5980377772961648e-02
-4.6001814304424550e-02 2.1580943874393771e-02 6.2851209715745954e-02 1.7370600267768530e-01 -9.0047403181339164e-02 1.6871911126982851e-02 -1.1558426466083049e-01 9.6985306965647750e-02 6.1590332598773820e-02 -4.7869977783803308e-02 3.8029658530223692e-02 1.3636779257741671e-01 -6.6403688188850826e-02 2.9031613513844229e-02 1.7288689163870360e-01 -2.6163529973772770e-01 -1.6748788803127301e-01 -1.3452460005768260e-01 6.2138895468930588e-02 -3.1883351299414447e-01 -1.0613908757681950e-01 1.1336838064389500e-01 -6.3262620022069282e-02 -7.2496180859351167e-02 -7.6168323636810351e-02 -9.4813069663219632e-02 -2.1591303867983112e-02 1.1710214952101690e-01 5.6774824259130302e-02 2.1121525530369670e-01 1.1722539000157620e-01 1.5131643996393850e-02 -1.7614793740791730e-02 6.3065316590766663e-03 -3.9867103949489932e-02 -6.0871266945643189e-02 9.9169535718145706e-04 -1.5608741185712349e-01 1.2605793360227831e-02 4.5816866468129873e-02 1.6533604294760071e-02 7.9130921273943985e-02 3.1928788031988481e-02 1.4075102622368371e-01 8.1341660681121739e-02 1.3825402118660879e-01 -1.0557598603173000e-01 7.9569774839514273e-02 -1.8595219826262821e-01 -1.1931506312017449e-01 -1.8475140862124609e-01 2.1223580098301388e-03 1.1507023649481489e-02 6.5191247449056550e-02 6.6216875493126742e-02 -4.5963228087022592e-02 -4.4844728044426040e-02 -6.2665650789612448e-02 -1.1817011483195530e-01 -3.1648619386341267e-02 2.4946658472483580e-02 9.0172037151487291e-02 -9.4002431603262132e-02 -1.2988552023538039e-01 -4.4285198899044129e-03 -1.4170251159570199e-01 9.2123875630766724e-02 2.4226783054373660e-01 -1.6580323217439479e-03 9.4934554374664887e-02 -1.8002125989801481e-02 8.8232166773207499e-02 -6.9895968553857185e-02 5.0458006163940231e-03 4.0031539672952428e-02 3.0637711748850199e-02 -6.0813564510804913e-02 1.4929777458580949e-02 1.1502584932650850e-01 -6.4545769349023424e-02 9.3975064468084096e-02 4.1864399446562797e-02 1.4423595478389631e-02 5.3636144245937642e-02 -9.9640650583960780e-02 9.8482379037369921e-02 2.2696845967604840e-02 9.8124551293830894e-02 -1.2428561973684370e-02 -1.2791294440165821e-01 1.2112966768463140e-01 4.7999435796883927e-02 1.4808927892986470e-01 1.3511998503492759e-01 1.2561257115590460e-01 4.8746206940940548e-02 2.0297578214826532e-02 6.6373589756021562e-02 -2.7071883956891880e-02 2.3663053311956461e-02
8.9224457425369746e-02 -5.0355583106718059e-03 7.9997345497820668e-03 -3.4767899810181649e-02 -1.0081091890683730e-01 1.1324271246647580e-01 -4.9426883646493808e-02 -4.9982318664180972e-02 -1.1148466221834789e-01 2.3814583531379019e-01 8.0600202560452153e-02 1.9813017051334519e-01 -3.6080760144255937e-02 -1.5091816760549510e-02 -2.3862462150769970e-01 1.1418725084389821e-01 -2.9824609375141298e-02 1.2651598962307231e-01 1.7575098133739100e-02 -1.6510779104930010e-01 8.4567104825210543e-02 -8.3497782193702075e-02 -1.2140523383360639e-01 4.3621170104965010e-02 7.9122592042717682e-02 -1.2762105199718660e-01 -1.4770246252633081e-03 3.1282021056230708e-02 1.1097542424437939e-01 2.4285202452188739e-01 5.1535264335097468e-02 -6.6407765179767028e-02 -5.6793675136855827e-02 -4.9172213805977333e-02 -2.1920577447020900e-01 -4.4363510486536389e-02 3.6726605357506513e-02 6.3564394312995709e-02 4.7378014198957534e-03 -1.5567160363293331e-01 7.6760047384834204e-02 -5.0449829788320952e-03 -2.0205568185688520e-02 -1.4480998688932861e-01 -8.0021573308132563e-03 -1.1228661955940170e-01 5.5868817754432892e-02 7.7309633365304026e-02 -9.9153160187777298e-02 -2.0053532852106540e-02 -1.3870393382816620e-01 2.5619189190485069e-02 -1.8596828350407280e-01 -1.0786936753254180e-01 7.1285751628242383e-02 1.3389200317092459e-01 2.9180347227418511e-03 -1.6099654932246629e-01 3.3889382315298961e-03 -1.5476413737583619e-01 -3.1313196445791801e-02 7.9047502289279009e-02 2.9076119599424070e-02 -4.6505677465855641e-02 6.2990043490333297e-02 -5.6471457138402821e-03 -7.9514719611072301e-02 -1.7029561378124949e-01 -1.6438338196209410e-02 -5.2918607923315618e-02 2.0350576198527470e-01 -9.1094233838273850e-02 -1.0868426692048910e-01 1.0668216190913610e-01 1.2944287791999309e-01 4.4768925658286107e-02 4.5830995781951607e-02 -1.2252761046718980e-01 1.0890291347428870e-01 -9.6166499828850061e-02 -2.2898061923645300e-02 -6.8454550686156704e-02 3.3911940333839020e-02 5.8706064569378852e-02 2.0126317085169040e-02 -1.8706138608645020e-01 3.2876729256732462e-02 -2.0513073080915621e-02 4.7206417597740621e-02 -1.9641376164369579e-02 -7.1057867570573127e-02 -4.8207288630898959e-02 7.1897355615166844e-02 1.3968815033576110e-02 -1.3960753637427431e-01 7.1715723059035908e-03 2.1803549682604970e-01 4.6016887942255391e-02 -4.8032051275408794e-03 4.3252234672816477e-02
-1.5967752119999781e-01 -2.5827885575118580e-02 -1.9950660518678609e-01 2.4746747333402841e-01 -1.5089571699192900e-01 2.6712605933680141e-02 1.9888381944930079e-02 1.3302602887550991e-01 2.2166657834565229e-02 9.5579199200395371e-02 -3.5570915249589337e-02 2.8893107655233289e-02 4.7704990029846017e-02 -7.5570326714736154e-03 2.7801674066069319e-02 3.7281363525450938e-02 1.1349567837017450e-01 -7.4530967141450161e-02 1.2119587313566120e-02 3.9917948209434027e-02 1.5541756788281499e-01 -3.6423890465843302e-02 -8.2081427920006958e-02 1.0449926809669320e-01 -9.1271619292614653e-02 -1.1651640697575420e-01 1.3000109694911741e-01 2.2021914754294200e-02 -1.1709259247046119e-01 -3.8124376580125012e-02 1.3531555312454249e-01 7.3287202250766598e-02 5.1641318347141897e-02 -1.3448395875132721e-01 -7.2319701410897705e-02 1.4665417042637599e-01 3.6881703618331631e-02 1.1837558968276619e-01 -4.5205542307676663e-02 5.6579625163617218e-02 1.1819180670288990e-01 -1.0207761980951520e-01 3.4792719132673831e-03 2.2115637309261041e-02 2.0006363192196749e-01 2.1109805470574561e-01 -2.0559902252954440e-02 -1.1780869968241060e-01 -2.8505776025668381e-02 -1.4322018396796121e-01 -3.1969764654678753e-02 2.4897277659009610e-02 -4.8189540119002332e-02 3.1583982733318472e-02 3.0099589059751779e-02 1.2492162775001230e-01 2.1691185100103420e-02 -7.5966741043941619e-02 2.5451339961359839e-02 5.2336494939177858e-02 3.5893109115218723e-02 -4.5647182221040562e-02 5.6660049768563002e-02 -1.7110977406288501e-03 -8.0792624135621501e-04 1.0784005410232821e-01 -1.6453848813700919e-01 -2.8947568196947961e-02 -2.7522229719222240e-02 2.1628462630431611e-02 5.2601260385056602e-02 4.4057185676002697e-02 2.4014776574617100e-01 -1.4668369032593270e-01 1.7628944055983559e-01 -1.3074343728963930e-02 -9.3448512862328928e-02 1.6222861245974829e-01 3.2496957478621982e-02 -1.4551025241676710e-02 -1.6262732489170831e-01 1.2376748938193680e-01 1.5826196871810741e-01 -1.0344618520836120e-01 -6.4852281865352038e-02 2.7600874923501679e-02 -2.1687371434699319e-02 -7.5672746333568061e-02 -1.2391467780621250e-02 -3.4389841243471053e-02 -1.6636162559520589e-02 -3.5315103590896381e-02 4.7918066245032078e-03 -1.2119339698111430e-01 -1.4592984481688079e-01 9.8760005405889043e-02 -1.6471989765049461e-01 1.4830230683783591e-01 -1.2893340593398611e-01 1.6542970997723680e-01
1.3766802458844141e-01 2.0770130492545821e-02 4.7422488813140352e-02 5.3739601248760323e-02 1.0395707316876400e-01 -1.5121694091612989e-01 -1.0898978205287680e-03 -1.0009947576881420e-01 -6.3351510056287710e-02 6.7776453515167506e-02 7.3891991013541797e-02 -1.2738053871443999e-01 1.3035370360661891e-01 -6.7010747492866729e-02 2.8890730581163340e-02 3.4370399664492451e-03 -2.0785204396613349e-01 -1.2643286959208019e-01 -1.5507638798396439e-01 -1.2033365185464630e-01 2.2648704588505951e-02 -1.3844414429085661e-01 2.6959340468994519e-02 -3.1720265207935569e-02 9.4420069602235666e-03 -2.0240815668132080e-02 -1.1627869153961760e-01 1.0722511897969120e-01 9.9206872108486832e-02 4.1653285705392139e-02 -1.6187451069443509e-01 -4.6479963631680360e-02 6.8158129180070887e-02 -9.0489451091199538e-04 -8.3396411478781421e-02 2.8077872071647390e-02 2.4753646650322720e-02 4.9445929507806768e-02 -8.2339842123351298e-02 -6.5028669670384495e-02 7.1793056994956042e-02 -1.7252815268702801e-01 -1.2132999178484540e-01 1.4207078445485929e-01 2.5217227955321159e-01 -1.2799582701787349e-01 7.5960214631976899e-02 3.6455612557896901e-02 6.1296971137170343e-02 6.0629047073768927e-02 3.3274221166504650e-02 -1.4130745230299699e-01 -1.6737935038741169e-02 7.1703830317616069e-02 7.5917956794621048e-03 1.1592055835884840e-01 -4.1716209145914812e-02 -8.3102871878022108e-03 -1.1615400637249870e-01 2.8051719670944490e-02 1.0929925443348890e-01 -9.0992009934112821e-03 -2.5507852036492109e-02 -1.6315159098878079e-03 1.5179870293353129e-01 -5.8737033989808243e-02 7.3621077297639980e-03 4.9527421610772351e-02 1.8361445586201220e-02 3.4668689926666822e-02 1.9023854158488972e-02 -1.7268754215959570e-01 1.8704276588797050e-01 -5.3373935111090509e-02 5.3749857766912301e-03 -1.1953175106805160e-01 -6.9547435737426361e-02 -1.7897869672382150e-02 -2.0731873736676151e-01 -1.5151255640531519e-01 -1.3694879402801149e-01 -1.5780145692467559e-01 4.3830589073726882e-02 7.3056597128777934e-02 3.6427058980456159e-02 2.7686273874673688e-02 7.2545711145727568e-02 -2.0922580853332209e-01 1.0314165146576780e-01 9.6522763462783726e-02 1.2447343424507031e-01 2.5964806378226130e-01 1.5293015570419519e-01 -4.1393679576920937e-02 8.8374926965932687e-02 2.0963590211432841e-02 -1.0281161212890910e-01 -2.5167474689824339e-02 3.9294930467086119e-02 7.0159224089116736e-03
1.4834028496736690e-01 -1.6141461350641489e-01 2.6216169461554320e-02 -1.8557832933125910e-02 -3.3156937575216268e-02 2.2997072646470979e-03 2.0018160127592291e-01 -3.1846171949265048e-02 1.8155173967741210e-02 5.4803616298886061e-03 -5.9818407845153090e-02 -2.4269291619166019e-02 6.8974255010682398e-02 -2.6993027034262269e-02 -3.8544900748085101e-02 1.0789950599437340e-01 -6.7363897265319703e-02 -2.4033480099394839e-02 -5.1772382906530214e-03 2.3104385214294081e-03 -1.3511633192402480e-02 1.4449739448424309e-01 -3.2218650033310731e-02 -7.8708618763590352e-02 4.6441040187872748e-02 1.1434379155830771e-01 1.5259655127216170e-02 2.6067727421846310e-02 -1.3450682551341159e-01 -4.6086584905557663e-02 1.2777954149877460e-02 1.1401552256488461e-01 -1.0099708680872410e-01 5.5658389008060409e-02 1.5764688466654769e-01 -1.4138578896908010e-02 -1.5705127298101800e-03 1.6001934224920369e-01 -1.5645666538449381e-02 1.4208122950363991e-01 -1.5466501345710150e-02 -2.3148049425775918e-02 -1.0967105275212170e-01 2.6797272103328360e-02 4.6296933292814389e-02 1.4220661555634809e-01 1.0468124741840910e-02 5.6005519172104813e-02 2.6267074928513828e-03 9.2987664251361374e-02 -2.1517497757655221e-01 -1.0205809571031330e-01 5.7058615370765148e-02 -6.3091318445481367e-02 -5.7514386434029917e-02 1.2896405300702031e-02 8.8345021105116703e-02 -5.9631232964649176e-03 -4.9323799720452012e-02 -1.7542092268687559e-01 9.0357021542042767e-02 1.8847573613467630e-02 2.9612301846527869e-02 -7.4020132383548612e-02 1.7661901929285009e-01 -1.9257648067934889e-02 4.9990475667990718e-02 6.2765285308921864e-02 -2.6128704352321650e-02 -4.7012329250660838e-02 -1.1367310801357810e-03 2.6634387779707811e-02 8.7410339036682341e-02 1.5813018575190521e-01 -2.8433181926493249e-02 -2.2541600561772651e-01 -8.8802051198070026e-02 8.8751247622748886e-02 -1.6978329089191668e-02 -4.6246807818674587e-02 -1.4137611811706979e-01 9.5756907570708844e-02 3.0302747494840138e-01 -8.5131492518248003e-02 -6.7665418510082023e-02 -2.1678650553099840e-01 1.8986957735103399e-01 1.3049321087491650e-01 -1.2107537428002640e-01 1.9751093126291592e-03 -6.4301275723999532e-02 -6.2678825363458882e-02 -1.1308742858343830e-01 1.9407384649570669e-01 1.1930510257905780e-01 -1.4116246499491891e-01 1.8249843048392289e-01 1.4484490872645919e-01 7.2281949309547067e-02 -5.7336108426500519e-02
1.8529204012689870e-02 -1.8641957710999091e-03 -3.4866890230395173e-02 6.6452302877865813e-03 -7.2734867709331269e-02 8.6792748360000060e-02 1.2240380646745680e-01 -9.0821630174876003e-02 -2.1014146147947299e-01 1.0275715219034540e-01 -6.9719085807483455e-02 9.6047914046878097e-02 1.0022674170676890e-01 5.4299950475175197e-02 7.1628157509259924e-02 -1.2166196175947250e-01 2.3628997945838229e-01 5.5199606615084662e-02 6.7089174650103361e-02 -1.1772440508064509e-02 -2.5945332167937870e-02 -8.9577973267828417e-02 2.9064623816981491e-02 4.9509596796127341e-02 -9.9685871627812839e-02 7.4616752733534727e-02 -6.7344261172767886e-02 1.4101486135019409e-01 3.2837837708136627e-02 -1.1482457040706021e-01 3.3329504883574390e-02 8.8162846773445297e-02 6.9206419134288447e-02 -3.8432485919074888e-02 5.2902248523355219e-02 -1.3123944640481411e-01 6.1936590509794630e-02 -1.0961317708858230e-01 6.4973107203179253e-02 -1.0833361057228350e-01 -3.2617414674518778e-03 5.0687489605111900e-02 -1.3133129045556080e-01 -1.4858432578913691e-01 -9.8593077565885645e-02 -7.0431713840024945e-02 4.7584589927959591e-04 -9.3030405905238200e-02 -1.0213225828839720e-01 -2.9596616977732720e-02 -1.5005406735061491e-01 1.2440745792935699e-01 2.8580700034314038e-02 1.2892512875564191e-01 -1.7917018801641110e-01 2.1472091639154589e-02 4.1107277716588104e-03 3.6251429442921847e-02 -5.2562459657406572e-02 1.2583952183436739e-01 -7.3097531824665954e-02 2.1485017460432451e-02 3.8795673110776641e-02 -4.5669321304680342e-02 1.6535401580979961e-01 -1.1331309272849700e-01 4.8169854346638959e-02 -7.8704927191850918e-02 1.1144624975233730e-01 -4.1609618717039283e-02 -1.7418050961756440e-03 1.2978477576675199e-01 -3.5069614525456837e-02 -9.9207629006264550e-02 1.2104215354042580e-01 3.4263538822971451e-02 -5.5692120033748488e-02 2.0173142372230271e-01 -1.5783453147894971e-01 -8.1938795602064726e-02 3.6948977342085791e-02 -8.4535345862799607e-02 -1.7864571713682349e-02 -8.5629889863733100e-03 -1.2115238103209031e-01 1.9620748413536299e-01 5.7696477565154697e-02 -2.6961202863087641e-01 -6.2110927559634641e-02 7.7924100868639115e-02 1.4821791153977651e-01 -7.2267373905865143e-02 -5.3181740876380612e-02 -3.1714515230645113e-02 6.5480532401222855e-02 -8.9920841670899157e-02 1.8939779288375480e-01 9.2875334577374138e-02 2.2774247428882530e-01 1.5828287505032419e-02
-2.7586935985142352e-01 1.1892959049081010e-01 1.4605613013832991e-01 3.5746329450080098e-02 2.8589009517884911e-02 1.5925404219652380e-02 1.5962518686264310e-01 8.1050127836209032e-02 1.1210111305952319e-01 6.9924530030233245e-02 -2.3950767910594150e-02 -9.4928698357215721e-02 6.1375952855852102e-02 -1.7500366996172950e-02 -1.3101151549559209e-01 7.8260438142200309e-02 -2.6817760781988019e-03 2.8652632604375301e-02 -2.9415932981006039e-02 -1.0050560844418770e-01 -2.4073283332748961e-02 -3.6111909643764553e-02 -6.8962009348280826e-02 -9.8410927090586547e-02 3.6932064451233759e-02 7.6589712601055460e-02 -4.4153532250892826e-03 -1.2309138364977410e-02 -4.7623364807340703e-02 -1.6691608740710560e-03 4.1651843711516708e-02 8.7756750951025041e-03 -1.6830931986609410e-01 -2.6170461750578100e-05 1.2706879371379770e-02 -1.1534819034296891e-01 8.9885491477822738e-02 4.0378224082987628e-03 9.3081380336723737e-02 -9.4619324948945673e-03 1.0023000982953560e-01 1.7343548464232911e-01 4.3265403205340738e-02 -2.6282620886916620e-02 3.7829441370739188e-02 -3.5321550567015331e-01 4.2579721782452097e-02 2.9025777556713150e-02 8.7576746944534614e-02 -8.3130007228111355e-02 1.0770996035918350e-01 -1.4073635650845739e-01 -1.4842793120000999e-01 1.3999513045850620e-01 1.2058568617571190e-01 2.5930775579192988e-02 1.4617400218740359e-01 -5.9264051755933272e-02 2.8153103974945221e-02 -5.8341936736494217e-02 -1.2733267033874019e-02 1.0035174858385031e-01 -1.9915629165700780e-02 2.7958107376589950e-02 -1.2307716410161980e-01 3.2240712155443163e-02 -9.8469963732338975e-02 5.3071743313559953e-02 -1.3406466876674570e-02 -1.5430423901758620e-02 -5.8571442570272400e-02 2.2201456215700871e-01 8.9079771597223467e-02 6.3397965631406553e-02 9.1475977049037843e-02 -1.9573047495805759e-01 -2.6061151522308212e-01 1.1900078472072380e-01 -1.1020411972448810e-01 7.9223417636175061e-02 8.9392476268844751e-02 8.2153841060328636e-02 -1.0158413551339540e-01 -5.0322809247349540e-02 2.1354540472029591e-02 7.4104458692084679e-02 2.3658892127069529e-02 1.6304072173434009e-01 9.5600517487360107e-02 1.1133558136091540e-01 1.2135739785314140e-01 4.1190259995550087e-02 1.8387073081565689e-02 -3.2866186119363421e-02 -3.0369108124027201e-02 1.2950967049060449e-01 1.1163686339646660e-01 9.6407158315955963e-02 5.2972975185108323e-02 -5.6809284535859712e-02
1.1256221458937270e-01 7.7422433774191085e-02 -7.9009282470392836e-02 7.6822038108029317e-02 4.0102358042022777e-03 -9.4403458665109782e-02 -2.4577292994725441e-03 -2.8615128855596889e-02 -5.4017406418938922e-02 -2.1560194037560279e-02 -6.5430090865803980e-02 -1.7018501106416659e-02 -2.4206107479438921e-01 2.7501961533727731e-02 -8.7269444155397419e-02 1.2880971909648781e-01 -7.9299699665825972e-03 -1.8325785506325042e-02 1.5882751488592331e-01 -5.5102054593177213e-02 -7.4939418878643388e-02 7.7165219350716505e-02 5.5475194962919028e-02 2.0243007352531639e-01 2.1664370944936201e-01 -4.4354835233099493e-02 -3.1692240627563428e-02 -8.3032881209645637e-02 1.7025789984586360e-02 -2.6831133803881649e-02 -2.1880074457804219e-01 1.3010693223790909e-01 8.7050350354340778e-02 9.7283050786222749e-02 -1.6890856186598119e-01 6.5571777635787523e-03 -1.6939593262736419e-02 -1.0449985156058660e-01 -8.0156405395548511e-02 -1.0562343526649190e-01 1.2312241763782150e-01 -5.5108897139963461e-02 3.2541643761078112e-02 4.3722466863347673e-02 3.4866969090267458e-02 5.5691907597287711e-02 -3.1795347442497367e-02 -7.2738439536966626e-02 1.1370185677036181e-01 1.8144795399052019e-01 -2.5367712456364429e-02 -7.4268922642934124e-02 -1.3621171049839151e-01 1.0701476096095300e-01 -9.1541887714111300e-02 -8.3451197818020559e-02 9.2774636736465063e-02 3.3755858289713198e-02 2.0923085151877910e-01 -5.7521733633524051e-02 1.2733588710126659e-01 2.6544899099481160e-02 -4.3440364959469277e-02 1.2802773795412031e-01 -9.1961383240204309e-02 -2.0998688294584489e-01 2.5151997860341078e-02 1.4664587595430750e-02 -9.4989406413175964e-02 5.9298758607931176e-03 -5.7279677875492582e-02 -8.2235672154468642e-02 1.8983709786910719e-03 7.1265771098777464e-02 2.1949021013417611e-01 5.7928661719339580e-02 -9.0857379907263572e-02 2.7803111550419612e-01 4.5182405189427587e-02 -4.0767498540303232e-02 -1.7771994571590951e-02 -1.2492124594412440e-02 -1.1956559910226180e-01 -7.7640806686071234e-02 -2.5182723746130089e-02 8.6885973294400010e-02 -5.3395032294163029e-02 1.7529700932149589e-02 -6.3443425913601748e-02 -5.6104936723222277e-03 -7.8422504574414131e-02 -1.7684127728956200e-01 1.0916745031046450e-01 1.9481808144808541e-01 7.2028195226081407e-02 5.4808757562507887e-02 -6.7694577867784766e-02 7.3826655879135561e-02 6.1705260147769933e-02 -3.9397389359291927e-02
1.7397308955770189e-02 6.8151898682582118e-02 2.9483727372777980e-02 2.3213667905000668e-02 -1.5948309553112491e-01 -1.9604074309499619e-02 -3.7029690025620142e-02 -1.3477675176005241e-01 9.0087434938559530e-02 1.6387985413902981e-01 1.7069079838001999e-02 3.0072782858088700e-02 -4.2056587386987143e-02 4.2656162615531359e-02 -2.7619269455403011e-03 9.4893113522248662e-02 -7.5476420556187446e-02 -6.8259276140178807e-02 -1.8041822692629500e-01 -1.6686642961781301e-01 -9.8745515958635566e-02 -8.6486405799980400e-03 -8.2931381599990472e-02 -3.2392575054968752e-02 -1.2804163312882469e-01 1.0084186998266390e-01 -1.7742955648997201e-02 -2.4318662242394970e-02 -8.0368862788981851e-02 7.9347259121470171e-02 -1.3817065394606520e-01 -5.9281601577840452e-02 8.1666611373644046e-02 -1.3950280200894480e-01 -1.6068508308673871e-01 -7.4853995502448437e-02 1.2185839978719901e-01 8.2289508436815983e-02 1.1276754448824410e-01 3.6756637832133050e-03 -1.0923763700365050e-01 3.8883398450373280e-02 2.8037312209113600e-02 1.3174379250845780e-01 -2.9655898577069420e-02 5.5480558863785057e-02 1.2819912911699689e-03 1.0192144262318940e-01 3.0005168653246161e-02 -1.8681251091117360e-02 7.0750705391347063e-02 2.1432922610956420e-01 -3.3448705264006361e-02 -1.6898725650520649e-01 -4.2524547266035190e-02 8.5688983263328494e-02 -1.5049512453797301e-01 2.6315429868667611e-02 1.5523634541555320e-01 -4.0542427396584473e-02 4.1801397579425040e-02 -1.5011915275453039e-03 1.1429808374948300e-01 2.3061776888218219e-01 -1.4464366089902969e-03 2.1325976298689941e-02 -1.4681621535195619e-01 1.5201213058560981e-01 -6.6786469283049640e-02 -8.2438664255479910e-02 -2.6311350302625203e-01 1.5949332498079141e-01 -7.1204474052009442e-02 -3.2244234659271773e-02 -1.0534682481249120e-02 -7.4239438723795598e-02 -3.9966655107135637e-02 3.4815920903645638e-02 -1.9310899431923401e-01 6.3644323960403940e-02 9.5293437664123543e-02 4.5979597355598742e-02 5.3354366916004226e-03 4.4715137658432977e-02 -1.5351004788043479e-01 -1.0323605836203339e-01 -6.9617059004724757e-02 -2.2876651244995319e-01 -1.1790283512718260e-01 -1.2905537981414009e-01 -1.0378976864278140e-01 -8.2596799370760643e-02 -9.0243134117112711e-02 -5.6134038199081790e-03 4.8484354160037747e-02 -1.0165918850180390e-01 -4.7147657712075387e-02 -3.6677967164583762e-02 -4.0692782130334303e-02 -1.2829344824509359e-01
-5.8507333542864977e-02 -1.9529654102962771e-01 1.0733081716091759e-01 1.1770979551056949e-02 -8.8637763669254938e-03 -7.9624714012051442e-02 6.5671476516691515e-02 1.1065207608025830e-01 -3.0620026748365760e-02 1.5469086585897590e-01 4.3700511203235579e-02 2.7353702226665309e-02 5.5851564963574378e-03 5.6617534714024399e-02 -1.4958502469863430e-01 4.2191734390346007e-02 -7.1276039192737256e-02 -1.7141011046568119e-01 -1.2334275646162830e-01 -7.7212008046885466e-02 6.0186925818957590e-03 1.6248677266428899e-01 1.7076489038707551e-01 2.0325309844564529e-01 -2.4325956166736089e-02 6.6807445446748371e-03 -1.5751422758038369e-01 7.8199362051067256e-02 -5.2522335021209308e-02 -9.6645405181679300e-02 4.1377750207067583e-02 1.5488445784133231e-01 -1.7768174607389489e-01 -4.6072198050917688e-02 1.3822530816775819e-01 7.6287293292887456e-02 5.3389432868060388e-02 2.0931506577545309e-02 -5.7448884360825229e-02 -6.5903488921617820e-02 -1.3986872741804951e-01 -3.8316864320769597e-02 6.6133187913235317e-02 -1.0234640549361131e-01 -1.3251885858169500e-02 -7.3292322865064860e-02 4.2514730583212909e-02 1.6110306175108610e-01 1.2710388141407160e-02 4.3474704747552863e-02 -2.3919049178636770e-02 6.1529785728969957e-02 -4.9232495521851959e-02 6.2893562494981098e-02 1.7191754871742491e-02 -2.5520423665099001e-03 -3.4758055775621272e-02 -5.4688029683534860e-02 -7.4543325630051865e-02 9.5697359855370853e-02 1.3404124412533920e-02 -2.5106971652124199e-01 -5.1537385779901503e-02 -1.8810911231815941e-01 9.2611833606413743e-02 -7.6174733698429531e-02 -2.5877763253520658e-01 -1.6150410118176989e-01 1.5490957095730681e-01 1.2678703454657270e-02 -2.4500398650576280e-01 1.8962903226172879e-02 -9.0892045105195052e-02 3.5477661704118181e-02 -1.9835348216719131e-02 -1.0358322937277819e-02 -8.0777566276322058e-02 1.3002220743342891e-02 2.4368095228459141e-01 -1.9714706873982871e-02 5.9810079391391477e-02 1.0435591884531930e-02 -2.8560642530489150e-02 2.3364517231611839e-02 7.5725222629086181e-02 8.3315950099937280e-02 -9.4952114576068072e-02 -5.5508359342238883e-02 -6.1760405497210583e-02 -2.3140547107891350e-02 -5.9167658864151512e-02 2.8162425753377501e-02 1.3451882996823081e-01 9.3543732165216983e-02 -7.4793191495303252e-02 -7.4419199719583620e-02 -1.5072820061832731e-01 -7.1348364930367808e-02 -1.2995751765052251e-02 -4.5769847479154177e-02
1.7232751610789260e-02 4.3687647582889358e-02 -5.7064729750726670e-02 -1.5258413555787420e-01 -9.6982143851974484e-02 2.1185594257200180e-02 8.3977397179864407e-03 7.9281565665098114e-02 1.3175036323192829e-01 -8.4072557355075808e-02 7.1678680151893770e-02 7.7038798615779447e-02 3.4666490712626633e-02 7.3688314499683813e-02 8.5407128791815154e-02 3.6475690794569297e-02 5.5138600295007098e-02 -5.9428435256985358e-02 -3.5711480225242488e-02 -1.1186009666330690e-01 8.2313371870934654e-02 1.1938852812499900e-01 3.9767443482271118e-02 3.3513717756741133e-02 1.0058769726535199e-01 -8.0002614078985207e-02 9.1586228883403120e-02 3.8025614384087032e-02 -4.3087478267137533e-02 9.4434985018957779e-02 -6.8519715084159757e-02 1.7242593502133419e-01 -8.3561740512331124e-03 1.9934377455035049e-01 1.9921506709347801e-02 1.0434759606229549e-02 2.3831509766015910e-01 3.9299440752252002e-02 -1.0677463017824949e-01 1.7746835580596801e-01 3.7448682247059717e-02 -5.8732797171450059e-02 7.5179234956357747e-03 -9.1560306492565358e-02 9.9599996954097325e-02 -8.3291498155443511e-02 1.7206335909584959e-02 3.5637886231397693e-02 5.2706832726879177e-02 1.1971508207906070e-01 -8.9006888068972369e-03 3.1602497396074231e-01 -3.8178312799861877e-02 7.0091610373764324e-02 8.7730782078441275e-02 -1.4654191258983251e-01 -1.1677252737851020e-01 1.2494237366859171e-01 5.8256413846544487e-02 7.8290033893295488e-02 -1.1154812414342150e-01 4.6280610522287428e-02 -1.5836183506146179e-01 1.7358338942045740e-01 -9.0243619719110185e-02 9.7353257607557919e-02 7.9569616758367656e-02 9.5660316878765181e-02 2.0575366554171820e-01 -8.0962672903959462e-02 1.1715217048036120e-01 -3.0010645721342460e-02 -8.0578813439912605e-02 2.8766253105263161e-02 3.2752846757221760e-02 -6.8443618550938071e-02 -1.3431961734656989e-01 3.8370239691870541e-03 1.4764838447141129e-01 -4.7940228937080560e-02 -8.0168779692545072e-02 -1.1143629601191660e-01 7.2796717326182675e-02 8.9987878306973038e-02 -1.2021271562868641e-01 -9.3064663383145216e-02 -3.4058273983617618e-02 -5.7951613434691913e-02 -1.2485679421316681e-02 1.2034665855709260e-01 -5.1874887025268691e-02 1.9361732349503050e-01 -1.2122830165713870e-01 -1.3691335340479530e-01 -2.8127534658889519e-02 1.1594233776100669e-01 5.2832582618461002e-03 3.6217313197913527e-02 1.9589401399975701e-01 1.6815246874527439e-02
5.6124761753264522e-02 -1.1094758688822130e-01 1.9030499953245919e-02 1.9973014312460749e-02 2.4419396215309690e-02 -9.8875775255556186e-02 -9.5068695113726551e-02 -1.6270721119009450e-02 -4.2591915809338958e-02 1.0967334876530940e-01 5.5190104487392803e-02 -2.5309969125759221e-02 5.3393315979324294e-03 -1.0419444299159930e-01 7.3403300850659478e-02 2.1532550837996819e-02 -6.5200823623198581e-02 -9.7547679075581956e-02 -7.6750961167448173e-02 3.4275082097505911e-03 9.4048431826736001e-02 -5.0946465604545313e-02 2.2171821276425668e-02 -2.1093787125670539e-02 -3.8538137202457343e-02 -3.3139772467191131e-01 1.8754478740731620e-02 3.6557690448404220e-02 2.1604021334885620e-01 -8.5194845039724562e-02 5.4540788621255033e-02 1.0012116239754359e-01 9.9427476979083981e-02 1.2108669088769181e-01 1.4683672760161959e-01 -1.0383154904228550e-01 -4.8602016409101501e-02 1.1171729104056140e-01 5.8810601395256790e-02 -7.9833987882529517e-02 1.0745566933618700e-01 -1.7239947616878751e-01 9.9322718045728453e-02 1.2563647414074491e-01 -1.2314414556414680e-01 -6.6548934744747990e-02 -1.4201541389458660e-02 6.0646231978735643e-02 1.3897210644825639e-02 -1.0931708645352010e-01 -1.0377192572309160e-01 -2.3272209697052081e-02 1.1227572976183250e-01 1.5532071628785829e-01 -1.1742589236255830e-02 -9.8433485660123304e-02 -1.2136273614914260e-02 -7.3137706797311974e-03 1.5891523110507660e-01 -4.9140985169995793e-02 1.4106986718074250e-02 -2.2662111434745929e-02 -5.4965899756427173e-03 1.3248862610115739e-01 -6.1477670934827817e-02 4.1563274312392748e-02 -1.3703922960030859e-01 -1.0057510224127410e-01 1.0146561924754130e-01 -1.7964198075421989e-01 6.7384225607085318e-02 2.6638696579533211e-01 -5.8361563651473783e-02 -1.9220827446610900e-02 -1.4480778746433601e-01 1.4337704653839911e-01 -1.2432452282181261e-03 -5.0501258112751538e-03 -1.5498931659584400e-01 1.8204531473459230e-02 -1.7276907715992790e-02 3.4765408623324653e-02 7.3564734731732515e-02 4.0336736160432381e-02 -1.2987538205532040e-01 -8.1784872648294288e-02 1.3244786324053959e-01 1.7812545910218969e-01 -8.8161244325520596e-02 1.6405749238649131e-01 4.4465508681029882e-04 -2.0685664657413610e-01 1.5752047793729751e-01 -3.3594245872669612e-02 7.6111973349687584e-02 9.8690663297078207e-02 -1.5791790737198910e-02 -7.6803466299466758e-02 -1.2244151029877560e-02 -3.0912271007239572e-02
-1.1077136232821019e-01 -1.1030941528338330e-01 1.9214109699705331e-01 5.1263603837428909e-02 5.3980586145545122e-02 1.7077660155399889e-02 3.9288844478420668e-02 4.5067687912540760e-02 -4.6263753039414999e-03 7.5059093217346745e-02 2.6105684486564618e-01 1.9409217188499361e-02 -1.1911886985734370e-01 1.4793648263257991e-01 7.9666921653581371e-02 -1.0467828298307620e-01 2.0713636581586661e-02 -2.0470363153121870e-01 -2.3067721357397120e-01 4.4466147944595302e-02 -2.6713096260044231e-02 8.2644755192787772e-02 1.8753679608238980e-01 4.5080642568806152e-02 -1.5565953801246021e-01 5.3186897629375562e-02 1.2498169604080660e-01 -1.0924827571722950e-01 -1.2891617661784480e-01 3.7224729320364171e-02 -3.1155272090156411e-02 3.8234291944082302e-02 4.0757052876614012e-02 -3.7439897252547948e-02 -7.6355273401831653e-02 -2.7397782605006141e-02 3.7465020183478900e-02 -2.3573956126523719e-02 1.1918768220881240e-02 -7.2960216474413850e-02 9.2430732806637494e-02 -7.6276335007246843e-02 -2.1101782214586590e-01 6.1338312376682268e-02 -2.4952922742532191e-02 -5.1605561981241917e-03 -1.2686960882312981e-03 -1.2588318335742041e-01 9.1738355106116193e-02 1.4553601718349810e-01 -1.2319988121321650e-01 2.6716123553968050e-02 -1.1942004236464340e-01 -1.3262110163332749e-01 -4.7510622115163853e-02 -5.7287395097291589e-02 -3.7362623939511452e-02 7.4588183551984433e-02 -7.5355593041140376e-03 -1.3271873833626080e-01 -3.8412963535078490e-02 3.7234379335635587e-02 1.5543598903837840e-02 -1.6090739220732099e-02 -1.6656592734956430e-01 -4.9013241776247482e-02 1.5954438109628610e-02 -1.9331103651639381e-01 -9.3235311055385711e-02 -4.2324026262989492e-02 2.4408399968757610e-02 1.2697101905861671e-01 3.2063795626287812e-02 -1.1519364812061550e-01 5.8922970307602622e-02 1.1126126899921341e-02 1.9607798550680111e-01 -1.3038470232230920e-01 -1.3006030903869301e-02 2.5172295799069100e-02 -3.2584375024076177e-02 -7.3343964896609271e-02 2.7070112793963312e-03 -1.1245800478472660e-01 2.5183531791737768e-01 -1.1518873512357150e-02 6.7145030453288235e-02 4.4955934885199160e-02 -1.4842632386233611e-02 -6.4325792750396224e-02 1.0195027327706450e-01 1.7758044477916391e-02 -6.5673403711213107e-02 -1.6502123698369502e-02 1.2284981466635000e-01 1.9077358490986610e-01 7.2272847991427080e-02 1.8756944940799281e-01 8.6010927137137275e-02 -5.4394619963504150e-03
5.9856260176168741e-02 3.0465885489064051e-02 1.0906665851925430e-01 1.2905627966907970e-02 -3.2374890012432017e-02 8.6865405829808749e-03 -2.7626610396196349e-02 2.6980043465944310e-02 -9.2001752018753286e-03 -6.1882444467363809e-02 -7.9408749083195049e-02 1.1334928617701839e-01 1.7172435357558430e-01 4.5028961030840621e-02 1.6740146938782691e-01 1.3135679875229919e-01 1.3218518478026409e-01 -1.1796137124294299e-01 2.0853050243258081e-01 -7.0826288630132850e-02 1.8874904791538311e-01 -9.1365254823919106e-02 5.2718026551691777e-02 -4.0315801997739759e-03 -5.2605547674328609e-02 8.2163886134957703e-02 -5.3990545537476411e-02 1.8137024445320010e-01 1.8632542917463340e-02 -7.8332192599581990e-02 -1.1968942004740990e-01 5.8119157903620572e-02 -1.8278066217619690e-01 -9.7671347168369227e-02 -4.8677763421690952e-02 -1.7423849624605581e-01 -5.6822340908033148e-02 5.9351418267525873e-02 6.5933504108104196e-02 7.4321672072073602e-02 1.4841656347479040e-01 -2.4946637020908800e-02 1.1386848581557291e-01 7.8257037552568770e-02 -7.4078435451404731e-02 -3.7189438081939488e-02 -9.6418905243980044e-02 -2.0362523926888990e-02 5.8252252108698138e-02 2.0161502163002840e-01 -6.4505252041010999e-02 6.3267996456542797e-02 -1.9090045199485581e-01 -3.3598133504717041e-02 -2.0524682028514121e-01 -1.1167922631116600e-01 2.4239843275758580e-02 -1.0813185712056460e-01 9.3114379044770424e-03 -8.1623416475197774e-02 -3.4377286306775431e-02 1.4017467383797361e-01 6.3101919086660952e-03 8.8781504101217143e-02 7.8067475637234568e-02 1.1665435019292930e-01 3.9674732828152877e-02 -7.6338359426598404e-02 -1.2201167228232521e-01 5.1692081084898589e-02 -3.4399572644734332e-02 -3.5327678860250282e-02 -4.7398567879377733e-02 5.1266516850841493e-02 -7.8470483769993146e-02 -1.1799313989388750e-01 -4.1927917211264473e-02 -9.5402548402371834e-02 9.1032749188294210e-02 -7.6284110958713083e-02 5.4243563811296573e-02 -2.5631256191435081e-02 1.6073389612340011e-01 -1.7667117290680798e-02 8.2751984105193299e-02 1.1592932975224010e-01 -4.3673846908827751e-02 -1.0252105605912229e-02 -4.7344474476683260e-02 -2.9219583366098319e-02 2.0052504852816411e-01 -5.8095342157632103e-02 -1.4089552441496640e-02 -2.2849069340948221e-02 -1.5590678207266600e-02 1.0388930941498931e-01 -9.9543258040819371e-02 -2.2393834096339260e-01 -2.7270393455498748e-01 8.5408129905415481e-03
-1.6396772310690810e-01 -2.0814172086820959e-02 -9.1714966829528830e-02 5.3827848236582369e-02 9.0053707949614106e-02 -6.8923871440697337e-02 -4.0704531784826567e-02 -3.1635530201863313e-02 2.8705542421292513e-01 6.9821152054806310e-02 3.9870129530777149e-02 -2.5532119262865770e-02 4.1220392532547799e-02 -5.3208847341082333e-02 1.1791252031391521e-01 1.3411293776439900e-01 -9.7904320026831332e-02 1.8573097962593860e-01 5.8492660965817872e-02 -3.1636537421854252e-02 -4.9947421632574127e-03 1.0070887402664490e-01 3.1231469706210609e-02 6.9791628783080872e-02 -5.7752783281319338e-02 -5.7266359877476370e-03 -1.6681633754494340e-01 -9.7565209085011081e-02 1.0632996295169669e-01 -5.6501910615642317e-02 1.4156956526041500e-01 4.7838235380416198e-02 8.9522583408891049e-02 7.7735152711621500e-02 -6.1839856455526497e-02 -5.0044090479831313e-02 -7.6400928748839192e-02 -6.6586908998389371e-02 -2.2482841596179290e-01 -1.1285510669793350e-01 1.5521213008052620e-02 -3.3003501513421581e-02 -1.2207622302442379e-01 -1.0610691572416460e-01 -2.0814926434815889e-01 7.2736465904594219e-02 -1.0970716917909130e-01 9.9662505080180597e-02 -1.1510210066509351e-01 2.4752274930699120e-01 2.5143418840096752e-03 6.6978385356796732e-02 -1.2281691088042450e-01 -2.0815702737476079e-02 1.7115945186843971e-02 3.0016061748297401e-01 8.9558878229179344e-03 6.9440300087375242e-02 5.3872938661566873e-02 5.3105367514608807e-02 -5.1826763514708662e-02 -1.6900176206016260e-01 -2.4705374212309120e-02 1.0850576367178880e-02 4.5767461045334121e-02 6.2268220810029629e-03 3.3283228769602290e-02 1.2488139823705820e-01 8.6661357120300202e-03 1.1245959897255491e-01 4.9943735538809271e-02 9.7450181022223151e-02 4.0540764944081382e-02 -1.1887662929524240e-01 -1.5081356221082401e-01 -2.0682159318797959e-02 -1.0295299264560660e-01 4.9297960264450727e-02 2.6106266051593760e-02 3.0931509674556601e-02 -2.6121484322090421e-02 -5.9151002254795290e-02 8.6341163500197257e-03 -8.6088101298756520e-02 1.6324005251236472e-02 -9.6379152674381130e-02 1.1928466407569940e-01 -8.6968410574057659e-02 9.6757889418988732e-02 1.7081788759266480e-02 1.2563579165896249e-01 -2.8627472967133100e-02 -8.6951926919337993e-02 1.0345313152160240e-01 -1.7334052414170530e-02 1.7928939219464199e-01 1.3632382473333410e-01 -9.2918496992328736e-02 -1.1308177995310510e-01 -3.4238984749816632e-02
-4.1995876649640891e-02 1.1664993802246550e-01 2.0918956819632160e-02 -1.0789209785657131e-01 1.4710477951823239e-03 5.5863897328210448e-02 4.3357835977092959e-02 -6.2935137849241207e-02 -1.8032772880140580e-03 -2.0383454594240801e-02 -3.4452020935862400e-03 1.0796950253790920e-01 -5.7488358795246899e-02 -1.0467390403082900e-01 -1.4341020341338601e-01 -3.8245333690108052e-03 1.3426696875288441e-01 4.7799340067662698e-02 -1.3475275216282431e-01 -1.3874387223901530e-01 8.3408990166933608e-02 8.6169299745832097e-04 1.1033980658128380e-01 -2.1117518545865219e-01 5.1990255441039419e-02 -3.9767723065035662e-02 1.6025027162755771e-02 1.3868927890517699e-01 1.0920442032098200e-02 -4.0613709979350120e-02 -2.0292606501411049e-02 -4.6863611763402369e-02 1.0041915623456750e-02 -5.3520651673741482e-02 8.7899333254891299e-02 -1.1260312846511880e-01 -3.0746198357196511e-02 -2.1714140522309511e-01 -1.3759440686916950e-02 2.5314052495881399e-02 1.4911785082411311e-01 -5.5298344393834388e-02 1.0154109815863280e-01 -3.2374745220405683e-02 7.0167019550592111e-02 1.8375625080483460e-01 -1.5523497643700429e-01 -8.0977762382287030e-02 -1.5863476147849440e-01 -8.5426519531573413e-03 2.4816125276199301e-02 -5.3688874782679301e-02 7.9093988700291457e-03 -2.1247063782567630e-01 3.4933872917687091e-02 6.7685693463188132e-02 -6.3661314843766151e-02 1.0029673212423450e-01 -6.4908871181155944e-02 -7.2502918123341323e-02 8.3888895799340193e-03 -8.7027759101030763e-02 8.7282632083314243e-02 8.8887457348362092e-02 -1.4961543009092410e-02 -2.8722931822873391e-02 -1.5229451039777819e-01 -9.9261615485717658e-02 -6.2564457167378101e-02 -8.7422796015129908e-02 -5.3501846231614983e-02 -1.7753161873698170e-01 3.6195177458907192e-02 -1.9501605010952841e-01 -1.0140774177693219e-03 -3.3118622772261762e-02 -1.3822869268935151e-01 2.4328341851763181e-02 1.4135542130421971e-01 2.9452355458119761e-01 -6.1248562914058662e-02 3.5478954729684119e-02 1.2775124201162991e-01 -3.6830881055568157e-02 9.5304365637890014e-03 1.4355710597976479e-01 7.0748771321945944e-02 4.3330125167842272e-02 6.1080618005064327e-02 1.2362048015705930e-01 -1.0437917376423080e-01 4.9099751835306953e-02 9.6863992546014660e-02 3.5460039823730527e-02 1.5046120975485019e-01 7.5220106890754951e-02 1.9972179182682910e-02 -1.8117107262753590e-01 2.0879487650663611e-01 -1.3051086096219600e-01
-1.6313356269217011e-01 4.5120505528275803e-02 4.2172757413888049e-03 -1.5990700431507601e-01 5.5983731590856900e-02 -1.0247889969459870e-01 -1.0407192233110690e-01 1.9127623192438738e-02 -1.4326145874551741e-01 1.3784763614371390e-01 -1.3730135479557901e-01 2.8947991231425781e-02 -7.4417596625075133e-02 -1.0597933751739171e-01 4.9650106322849517e-02 -3.1159200705869979e-02 1.4910300143931340e-02 1.1384301763462499e-02 -2.3471184812113360e-01 1.9231660992614419e-02 9.2681801905563618e-02 5.8058404226145810e-03 -9.8165765371174565e-02 1.7132949893424779e-01 9.5573029158906656e-02 1.3110623445270231e-01 -1.1950214352702770e-01 -9.5015933022845098e-02 -2.0719376896185301e-02 1.3945922306200870e-01 1.3659819531622810e-02 4.5021938923352392e-02 7.5583630696843915e-02 3.2750176500900702e-02 1.3978769287358481e-01 -4.6484024473778189e-02 5.5048605700285240e-02 -7.4719277637803422e-02 -2.2569051528149381e-01 2.0914629395019521e-01 1.1171321113221060e-01 9.9832115350296194e-02 -7.3524084723691444e-02 2.0578205117412610e-01 -2.0424654846825461e-02 3.7046064459884433e-02 -1.4576127017908111e-01 1.3814974798093080e-01 -2.5082543442429921e-02 -1.0316747628194330e-01 -2.8547105397602980e-03 -1.4247574168442051e-01 -6.1660360881708877e-02 -1.3617450251336000e-01 -5.6159549785749323e-02 -7.8172739977685216e-02 -2.6256329629947311e-02 -3.5824008110448252e-02 1.2500059582998091e-01 -2.0895378751061379e-02 2.2258199124156140e-02 1.8294365328236001e-01 7.3699247461134383e-03 7.1567601061615652e-02 1.2572568342741200e-01 -1.0360944394768851e-01 4.0912572335188850e-02 -1.9470633914885599e-01 9.4137047206429320e-02 2.2898670783744751e-01 7.0355509717667991e-02 1.2448008149691849e-02 -3.1523039194709328e-02 -3.2564387098225640e-03 -1.7722030867962579e-01 -8.9768770222108774e-02 -2.6759984518024981e-02 2.9031822385658351e-02 7.2958313304737704e-02 -7.5961639476979995e-02 4.0657158206614330e-03 1.2937966170934179e-01 -1.1874186742365120e-01 -1.8722727222055320e-02 -1.3491462861876391e-02 3.5857608572568762e-02 1.0097595057161890e-01 -6.9071387850325600e-02 -4.2968865782332548e-02 -3.7715935762131170e-02 1.8876697489405691e-02 -7.8904992897186055e-02 -3.2461422636753313e-02 -1.8598487702680550e-01 -1.0507047482112911e-01 -4.0941274556390871e-02 -4.8488316223839610e-02 4.5665184354342740e-02 6.6748120261158020e-02 3.8783641868167143e-02
-9.6486890976420742e-02 -1.6332505152146101e-01 1.5370375703950420e-01 2.3227421570963091e-02 3.3370945203398047e-02 1.1703119774910629e-01 3.6687043747142649e-02 1.7504120431088940e-01 1.0953773121826441e-01 6.1753700862149383e-03 6.4596105238823752e-03 -3.3820113185776872e-02 9.4999110858609292e-02 6.9002143744372899e-02 -3.5325792585033940e-02 2.1123858247997139e-02 1.2261784173311220e-01 7.4704456192328211e-02 -5.7877804513775347e-02 -7.2820306181918953e-02 1.8482539775650089e-01 7.0150805658570218e-03 -1.9307797178486280e-01 -5.1659727381350252e-02 2.6400032734997591e-02 -6.4695965634370828e-02 -6.8859793267465469e-02 -1.8649198246418411e-01 -4.5736040858778478e-02 2.7393007357261679e-02 3.4409151750737381e-02 -9.6726026206912258e-02 -6.5866117070861596e-03 6.4177659154839278e-02 3.2662371858189899e-03 -4.5674789173670738e-02 3.9214048837161522e-02 2.1244060815954920e-02 1.2814111047554311e-01 -5.4711388856184921e-03 -1.1709151136655270e-01 -1.8564660268392441e-01 2.8386926024640152e-01 -1.7146821132919449e-02 -6.8085242525852310e-02 1.5610057226842841e-01 1.1382667096865901e-01 1.7596554932656719e-01 -1.1317128773901709e-02 1.3958838793853809e-01 2.1587240449194269e-02 -6.1563870765289803e-02 -5.0948726903874787e-02 9.7693500907430966e-02 -1.2262301671293829e-01 -9.4441051399594134e-03 -5.7385413559258608e-02 1.4643004149783159e-01 -1.0526379264531679e-01 -1.0789336017012520e-02 1.7815742513655669e-01 4.3183855971121607e-02 1.0437334767478069e-01 1.4674833870260451e-01 5.6212570104587061e-03 -6.5502947080083598e-02 1.6725567935523818e-02 9.5788438077596058e-03 4.8500917498433382e-02 1.4946872275403150e-01 -1.6029598936931899e-02 -1.5916469889297441e-01 -1.3700228248634730e-01 5.3798495292374120e-02 5.1489821598593010e-03 1.7932159106972609e-01 -1.0432609830661389e-02 1.2188579420041980e-01 -1.1540821437187770e-01 -6.1842108641849292e-03 5.9022642975875020e-02 8.7114623006116498e-02 3.0968849687543550e-02 6.3150614109661801e-02 1.7740240637154381e-01 6.0347948455205892e-02 5.9484863642071777e-02 -1.0514941239420680e-01 4.2137787593582679e-02 4.8966122633035569e-02 -2.2592576195222390e-02 3.4468455853177898e-02 2.6507569567607889e-02 -7.7844227096463395e-02 1.8687005015655361e-01 1.1706507573574811e-02 6.5163236724079074e-02 1.6278260599868111e-01 1.1658031356799911e-03 2.0507936136249130e-01
6.1965819276972159e-02 4.8463743542021917e-02 2.0559800171995399e-01 2.9968065689131771e-02 2.7754754429466649e-02 7.2766034537220831e-02 -1.4801549223042771e-02 -4.8175875924165688e-02 5.3916920896469697e-02 9.4695719424619587e-02 6.2505762256555034e-02 7.6704896372766090e-02 2.1858698661623290e-02 -3.2593974770049002e-02 8.6797100367703883e-02 -6.5909849573479147e-03 -3.9476789532588621e-03 1.9365785854467099e-01 5.6436122952662038e-02 9.2452888721991880e-02 9.6409750881286602e-02 2.1935340776952700e-01 2.7932798245840419e-02 5.3598611429585318e-03 1.7715804785360140e-01 -3.4142137886198833e-02 4.8333336004837101e-02 1.5413341045098000e-01 8.3345645824276060e-02 -3.3194967142221138e-01 -1.4364247112958920e-02 -1.6905901248778171e-01 2.9452281490764051e-02 -1.2138783684403930e-02 6.3242256491493953e-02 -5.5258291007742842e-02 -4.4119154523334397e-02 1.8463866886759831e-02 -7.2558769114533322e-02 2.2283597943711171e-03 -6.0507980499877913e-02 3.7204262862341311e-02 -1.9326257255745130e-01 -1.4159390891174051e-01 1.4123949267727590e-01 4.9577977436375799e-02 2.8240419306072889e-02 6.7004879776200621e-02 8.5758413972179745e-02 -1.3530547089184061e-01 -1.6636304798411411e-01 1.3614572733806679e-01 -1.0698497078557299e-01 -5.2903575580744697e-02 -4.9510829818423620e-02 4.0409613197589012e-02 -5.7918434663182930e-02 -9.4202104272866127e-02 -3.2089393354090889e-02 3.7094324340740219e-02 6.0622693889548149e-02 1.6578519482295309e-01 5.7680738101693767e-02 -3.7046712305660548e-02 -1.7758542236454400e-01 -1.3169009316286490e-01 -6.2054061034609947e-02 7.2549871243509478e-02 2.9356791065335530e-04 1.1292391918267630e-01 -9.0786427911348101e-04 -7.5040678293184587e-02 -9.8378069837771545e-02 -1.7541209773792560e-01 -1.6549518779640969e-02 -6.5838206518386011e-02 -1.0775554587603341e-01 -3.2541149659703950e-02 -2.1856688954964751e-01 -1.0836951929084471e-01 2.7721957964879630e-02 1.2130451521380080e-01 -1.0237656048763710e-01 1.0857437598632330e-01 8.5942538393022294e-02 -6.6604338296063575e-02 -2.4908633787067831e-02 1.1411437151885249e-01 -1.7647400856881840e-01 -9.0930530275048927e-03 -1.2941670961704460e-01 4.8299413835351593e-02 -3.6331783787759259e-03 1.1330276424886749e-02 -5.2697163677241282e-02 1.2576086877317871e-01 -1.6192793717243209e-01 1.1460277447379531e-02 1.2520623620735100e-02 1.9211320558120332e-02
-5.7619407484681886e-03 -1.1364373587364079e-01 -5.5335969113761527e-02 1.1867144032785799e-01 1.1368915560172110e-01 8.0484074484261939e-02 -1.7386785235895430e-01 1.2155138849796190e-01 4.1957138544138357e-02 3.3466657607777027e-02 -1.9343015581830281e-01 -2.4286685856288681e-01 -5.0908287395424551e-02 3.3371171789858128e-02 5.9132574028358018e-02 1.0006610760396489e-01 2.2580227522405791e-01 -8.4120893693768919e-02 1.5417830446721209e-01 -1.0744237502649380e-01 2.1720510057479742e-02 -1.4946649349636231e-02 3.8310212221977592e-02 -4.0225605903851042e-03 1.1842832321072170e-02 1.2825048144676049e-01 9.5796787575351885e-02 -1.2559902321040009e-01 -5.3731661886347454e-03 5.0994672520380771e-02 -2.4934762316597500e-01 -2.2980693864586298e-02 -1.1794254277265639e-01 -1.1822352390670890e-01 -5.7713564025949363e-02 2.1478426821244460e-02 6.2507099058263821e-02 -6.9569061667454274e-02 -1.0069064795945890e-01 -1.4022527443746430e-01 6.4206109625411234e-02 -1.3984023002490151e-01 -7.4818520324265447e-02 -4.6295771329067370e-02 -5.5880345888713436e-03 -1.3932656552760551e-03 1.3471839535081481e-01 9.1980977498423294e-02 -3.0241795487084711e-01 -1.6554156872026529e-01 -9.5127335951519343e-02 5.7744863724625783e-02 -2.0983722218606421e-03 5.4848834968983920e-02 -2.9800039871306630e-03 1.6709618001065119e-02 -1.5886192383467951e-01 -6.3812591367121956e-03 1.1758425839087680e-03 -8.2870969407248779e-02 4.3720626518185007e-02 -3.6796325371957282e-02 2.3969218759446020e-02 -7.6352461457316889e-02 5.2253516376354017e-02 -7.7010771420173554e-02 1.1096851694747310e-02 2.5537357155224830e-02 3.1871501975632169e-02 -9.4767554341046722e-02 -3.9154002927771291e-02 -6.2526680566199949e-02 -7.5055334073352617e-02 -3.4277593503574490e-02 -1.9731756686353330e-01 -1.9295078178475350e-01 3.8934801131768282e-02 -1.3725808847261961e-01 -4.2339305306137449e-02 7.4634700801939735e-02 -1.7514910643229950e-02 -1.4782452875994461e-02 -1.0734650815663679e-01 -9.4734294485569637e-02 -1.0522179640479359e-01 -6.8297590218220877e-02 -1.0850045744671220e-01 1.4322146283564871e-01 4.9604627850991220e-02 1.9341210429974931e-01 5.4022668597340992e-02 -6.1002951456096077e-02 -3.2782278826189622e-02 -4.5406660411997327e-02 1.1447697977316861e-02 1.4582816801959489e-03 -8.0750588390052766e-02 1.1988320444297081e-01 7.8391119707908130e-02 -2.2285161098215180e-02
-2.5541435360967878e-02 9.4259953839846991e-02 -8.9187057754043619e-02 1.4245281972146029e-01 5.7185112082389557e-02 1.1998433760309581e-01 4.2306689149631101e-02 1.8462916889343359e-02 -1.4079411705297509e-01 5.0291258243106207e-02 -5.4876674355838102e-02 -4.2825340362497117e-03 -2.6427855930270101e-02 -1.9869819055886580e-02 1.2487640775992711e-02 -9.2387191654486431e-02 -8.7697369671053363e-02 1.1112170838816070e-01 1.5953666144308629e-02 -1.5960224604101370e-01 4.2596153892658153e-02 1.9312127035783871e-02 1.5879685838811561e-01 1.2055878106225720e-01 -1.3888011761041560e-01 -1.9695829225303539e-03 -5.6626653892443528e-02 -1.6643216078692419e-01 7.4432691327368974e-02 -3.7991189727417482e-02 6.5569024330836681e-02 5.5425598136729322e-02 1.5969059988380799e-01 1.5944626800854589e-01 5.2236887253092976e-03 6.5847393193877576e-03 2.4194119293372510e-02 1.5969620578890960e-02 2.2013888999733069e-02 7.9300189551813963e-02 1.0399268716245300e-01 -3.5418631517328207e-02 -8.5305718076786455e-02 -5.5965153425883069e-02 3.9508773384064028e-02 1.9291458394364960e-01 1.8542994194448151e-01 -1.6539867065608679e-01 3.8485323280863869e-02 1.2456692298488160e-01 3.2351624337007903e-02 -1.4913693214995741e-01 -9.5333515043344280e-02 1.3538606039228221e-01 -1.1980447768864200e-01 -1.1189081865427210e-01 4.3389407966737776e-03 -7.3263284998084655e-02 -5.7531388273354127e-02 -1.5818053869494930e-02 -3.0095019417581220e-02 9.9157543627749770e-02 1.2040006928090460e-01 -3.1744730289235891e-02 9.8913246177087660e-02 -4.2144935870013688e-02 -1.2022501557879341e-01 1.1501881737977169e-02 5.0795435617081983e-02 2.2352522647590000e-03 -2.1005019702377731e-01 6.0329672481781817e-02 -1.6416477745849981e-01 1.1817037819851910e-01 5.5096277337049950e-02 -7.6879895419492805e-02 -8.9446115772335730e-02 -1.8680522198274019e-01 -1.0443934287837640e-01 1.7970751692910419e-01 5.3465120613007268e-02 -7.9479405745323528e-02 8.4654652639293101e-02 1.1435906682485490e-01 -8.3442279864336735e-02 -6.9602037699246957e-02 4.2945241422959243e-03 1.5185688029983349e-01 2.1539803973284430e-01 -1.3957626447567789e-01 -1.0369988890353329e-01 9.7308200046556020e-02 -1.5133173319349641e-01 -1.1923423587160020e-01 -9.6883063005561307e-02 -8.7155571631639833e-04 -5.5835762289139744e-03 -1.6545634649540961e-01 5.0550101394441577e-02 6.5569172023235964e-02
-6.4247071433511688e-02 3.6170529970354241e-02 1.0568230022768110e-02 -1.4829326574322760e-02 -7.2326225400316621e-02 -2.5261298230065600e-02 6.1986447562382497e-03 -6.8317766094215257e-03 1.7822788137366591e-01 -1.0870401100443161e-02 7.6229882935955713e-03 9.5030476897715196e-02 -6.0177996926758473e-02 -9.3832661970310767e-03 2.9706681779828690e-02 1.4118477209831800e-02 -1.9840644614003901e-02 -2.1286723737739030e-02 5.5941397692794636e-03 4.6698820495896937e-02 8.6606768285074923e-02 6.6367005999341366e-02 -2.0599296556462990e-02 6.1209262172539892e-02 -1.4501978207214661e-01 3.1241641985526142e-01 3.9621329229815969e-02 1.2764185392774521e-01 8.6147447111753865e-03 3.1881525968155897e-02 8.5027089682605556e-02 1.3825563310471500e-01 3.2710105639112572e-02 -3.2610621517549850e-02 -1.5707232784210329e-01 -2.7969162801671230e-03 1.3853175192238640e-01 -4.9203706328894072e-02 -3.0677433385633470e-02 1.9971622883807369e-02 4.6974459764166983e-02 -1.8637195560148229e-05 -7.5946086336287896e-02 -2.8666565313946860e-02 -1.0162002845215590e-01 -1.1174965734682880e-01 -6.8134121176303478e-02 -2.0780034710143991e-01 -5.3559389780395428e-02 1.5195947483202449e-01 -5.3494981003231308e-02 -6.5522136640816811e-02 3.3701634013341869e-01 5.6233066303998998e-02 6.1254218816852488e-02 5.8745204270342737e-02 7.7702992948352978e-02 -4.0914360735596492e-03 3.6834543767558459e-02 -1.3151403844651480e-01 1.9003420158361059e-01 3.9652836392132428e-02 -5.7460137854598928e-02 -1.0033412697087080e-01 -3.1244970867773818e-02 -2.2969942701917359e-01 -1.2274915128278030e-01 3.4168758302216932e-02 4.5016368043441599e-02 -1.7308806101949051e-01 1.3575420423289289e-01 -1.2038289102681740e-01 -5.6714514647600592e-02 9.7605426539341733e-02 -1.2012455671433191e-01 -4.8693542221177940e-03 -2.3965368089798680e-02 7.7853954223751770e-02 -1.1624194232733930e-01 4.4653235724276437e-02 3.3772273726793832e-02 7.0782898513239254e-02 -8.5909009143074269e-03 1.2048499072274800e-01 9.7330925882080102e-02 -2.4875272032268459e-02 -9.4309390165405835e-02 -1.0081525908319939e-02 -6.0410396975120073e-02 7.2118071933720621e-02 -1.6966329037981440e-01 1.0076321330209850e-02 1.5556245793211759e-01 -2.2480264485619411e-01 4.8673848864773633e-02 -1.6971582793484881e-02 2.5396175451121449e-02 -1.1610353895733939e-01 -1.3943305503668230e-01 1.5710438398746629e-01
-1.1263772456465269e-01 -8.4539581485709156e-02 -1.4797844889745701e-01 -9.4324747597930858e-03 -4.5143676653046673e-02 -1.7270144206024310e-02 -1.0171079532999711e-01 -8.7590657104136549e-02 -1.6302082301176510e-01 1.0563705993267029e-01 -3.7531629619555300e-02 -1.7001033426437939e-01 5.8280568742823434e-03 7.2908107766332553e-02 -1.2949148814393900e-02 2.0366100624426919e-01 1.3514358926745349e-02 -9.5372207307891116e-02 2.3772381501096340e-02 2.7004472146070629e-02 5.2355465879857087e-02 -1.8748009813212431e-02 8.0392754462734847e-02 -1.3951825269736251e-01 2.3298604683709631e-02 2.4629807803816582e-03 -3.5396741304557583e-02 -1.3750125907489930e-01 1.0385098813278161e-02 -1.0785001901447799e-01 1.7857247080282571e-01 6.0006414064424737e-02 -6.6799594867673314e-03 -1.1121224189032319e-01 -7.7704194330754484e-02 -1.0929341609438940e-01 2.5263819942533801e-02 -2.0378967198854059e-01 -9.8336032190724343e-02 -4.4041828717525808e-02 4.3501662338506011e-02 1.0173440764492600e-01 1.8366121227891430e-01 2.7206190579759499e-02 2.2093738139445169e-02 2.1908201000988690e-02 -5.5377681037782497e-02 9.1634545818465071e-02 1.6096308307093579e-01 -1.1661746404952771e-01 4.7637239893952431e-02 1.9996840721119741e-01 1.1623092018330849e-01 6.2026950718468157e-02 -4.8131569431957157e-02 -8.9000898752861143e-02 1.0593194442107400e-01 -8.4834139679318799e-02 2.6141627465410518e-03 -4.9994672132545492e-02 1.6124650855935049e-01 5.1312880200462242e-02 -1.5156047879317250e-01 -1.4075973094698099e-01 -3.4054303314698442e-02 -6.5681683583948450e-02 -1.1282366413168100e-01 1.8665501247446509e-02 -9.2818350740395350e-02 1.0062268481986990e-01 -1.1627257172745790e-02 -4.3314145630872727e-02 2.6859449402150289e-02 -3.0135378086622741e-02 9.3847602065519464e-03 -3.0812248501187470e-02 1.5067254524371851e-01 -3.8091233291141793e-02 -2.9054179190859050e-03 -1.3964318785187460e-01 -6.8384284818788582e-02 -8.4899351134434003e-02 8.4879475774868984e-02 2.2366695285246760e-01 -5.6474942011294618e-02 8.0048427214734610e-02 8.6329675452224142e-02 7.5312087698049084e-03 4.0586770002771180e-02 -3.4954394066968569e-02 -1.7542846160595010e-01 1.6023001927520489e-01 -2.2567711727435591e-01 8.7131744643298217e-03 1.4751123760172749e-01 1.6137376550263921e-01 1.6305090510618661e-01 3.5766506439118412e-03 -3.4652537834305858e-02 -1.1159278502395360e-01
1.1608881316399160e-02 8.7087092621001699e-02 -2.3816282454869400e-03 2.9324450541761519e-02 -5.8922862307274608e-02 2.6490164278249809e-02 -1.5651937150650680e-01 -2.4071830983661259e-02 -7.1987730326791233e-02 3.6228516379962328e-02 2.6782873526376039e-01 4.2570065565540487e-02 -5.1278041674067312e-02 4.8129439658689118e-03 -1.2485803852724280e-01 -4.1757450969705567e-02 -7.2297450734495269e-03 -1.7921380169433901e-01 1.0715200049653070e-01 -1.0728398884366770e-01 3.2186506899725541e-02 -7.4433352957320759e-02 1.7891560267346349e-01 5.1173030228257109e-02 -5.6689267029533752e-02 -9.4060243274753888e-02 3.5466103665234693e-02 4.1506422794441312e-02 6.2819776753996345e-02 -1.6795727301509389e-01 5.8040048943173717e-02 -1.2293057302965260e-01 -4.5743447209849568e-02 -1.0130405185877100e-01 2.2794434484147599e-02 -1.3201858694768811e-02 1.5104111045652799e-01 -6.4451567930541590e-02 -1.0098193686620750e-01 6.4597903759049096e-03 -4.7325083353945023e-02 1.6716073671301979e-01 1.1922875708278560e-02 -3.9104706394763898e-02 -2.0640805519653929e-01 1.3925397230711811e-01 1.0145163966596730e-02 1.1152411281861130e-01 -2.5546576656371320e-02 1.0970446242035360e-01 2.4918604085596410e-01 -1.4194325263308999e-01 2.9515648281967170e-02 -5.8928977658535567e-02 2.5558004297328761e-02 5.4449211020749948e-02 1.2580206086204010e-01 8.6054824203585553e-02 -1.0417450196401599e-01 1.2217186825365050e-02 2.1514346668206140e-02 1.0894791873617730e-01 6.1063616784344611e-02 -2.6818837127811659e-02 -1.5337386189250671e-01 1.1783497632767841e-01 7.4452856203609044e-02 6.9990094725139132e-02 2.4456187881611591e-01 8.0414346852321003e-02 7.8545785321172346e-02 -3.6113870180852763e-02 6.0520133149380949e-02 1.5898106825689071e-01 1.2568893090863630e-02 -2.6816998014005922e-01 2.3588925901970099e-02 -3.4358485067441567e-02 -7.3974823455948038e-02 -1.8962670585447431e-02 -3.9534875931371241e-02 -6.6630112648343232e-02 7.3758321981753971e-02 -2.8398111363512831e-02 -4.2456455478026123e-02 5.0742908114188780e-04 8.3225126663075003e-04 -5.9065590063937808e-02 -4.9968556245656881e-02 1.1623091429936340e-01 -3.7872387289804257e-02 -2.6597189720868519e-01 -4.2287515830668502e-03 9.8814812306126133e-03 6.5511513359024942e-02 -3.4324987111613893e-02 -1.3707408438375421e-01 1.0922280253236770e-01 5.8172772085338879e-02 1.1811448377083029e-01
-4.7702775396972097e-02 -2.4521164772811369e-02 -1.2953315797453350e-02 1.3811244636424250e-01 -6.8843000587660810e-02 -1.9451733511305282e-02 1.4781948196433189e-01 -1.9148322217061670e-01 3.0944620140747080e-02 -8.8579870157684676e-02 8.0723277463803242e-02 -6.7506350236502963e-02 -1.2384741570090320e-01 7.7332132458366662e-02 -1.7943206965240149e-01 7.3709735570700693e-02 -9.3026288218504616e-02 2.5564539275194899e-02 1.2144012207143140e-01 -9.3118151723952866e-03 -7.6643206364956154e-02 -3.6791591784679577e-02 1.1162004039260000e-01 -2.9262246723596641e-01 3.6751266718001802e-02 3.9729899498377311e-02 -1.8503717323262281e-02 1.1500206053317030e-01 4.5353853057683802e-02 2.4162760970593899e-02 1.6318381938530031e-02 1.3572624855443069e-01 1.1910364150876659e-01 -6.1480159733255810e-02 1.3334325209392611e-01 2.0686973034620859e-02 -5.1276165249155008e-02 -2.8902333223795831e-02 -1.4755031111179770e-01 -1.3858527999196840e-01 -1.3560030541068771e-01 -1.1719349419363850e-02 2.1944514759905439e-02 6.6052124694417499e-02 -3.7984964803012583e-02 1.0916467280592090e-01 -3.2722704528007893e-02 1.5521309037394140e-02 3.3164418075248739e-02 -1.9745030525289801e-02 -1.7106488092399791e-01 -8.4084359774783499e-02 -6.4680546621663684e-02 1.9198972367861780e-01 3.6855097789498470e-02 -1.8646936120516940e-02 -1.3199658642829459e-01 -8.1583172467718734e-02 1.4118353452137389e-01 -4.8567700659283043e-02 -9.5867604167923642e-02 -1.0375811264868990e-02 1.4021897200362099e-01 6.7341404130873098e-02 8.0801044149185125e-02 9.9788970252137191e-02 8.0917366037640076e-02 -8.6513908048102953e-02 -1.4155768411450720e-02 -8.8873430477581838e-02 1.6468606339318151e-01 4.5607299593667230e-02 -8.9205468026633719e-02 1.3219116922080590e-01 -5.9667128006277636e-03 -7.6408148982424234e-02 -5.8593771816477513e-02 -1.4343856667678009e-01 9.1076354973269630e-02 -7.8421800167314711e-03 1.0671025470861990e-01 2.5238254111389991e-01 -1.2199003412648880e-01 -1.1698308855355321e-02 7.1164690339567599e-02 7.9458139836003319e-02 2.1797300613585330e-02 -2.1106380793179660e-01 1.3330985421357760e-02 5.0680228783086118e-03 -5.0125171666895153e-02 1.3265617741470331e-01 -1.3074917558194929e-01 -1.4165666547614769e-01 8.0881960082821142e-02 7.9362598672052795e-02 -1.5108625184819471e-01 9.2613102012423440e-02 -2.3106965793984739e-02 9.3798693807064112e-02
7.9300236378738696e-03 1.5596410636828409e-01 1.4548185400953689e-01 -1.1228721895437550e-01 1.7325402726944000e-01 -1.8586258491531261e-02 7.7153028983127592e-02 -8.1558923995452504e-02 2.5737180345537361e-02 1.2994864801364900e-01 1.7564207537156071e-02 8.4660462385634683e-02 1.3263521772423040e-01 7.9200738324275242e-03 -6.4349032681949067e-02 -2.2142905427704659e-01 -6.0088337484355443e-02 -3.6977824902167687e-02 1.3506685082486111e-01 -1.1804843323297130e-01 -1.3741743281689259e-02 -1.3383062573034950e-02 -1.6453471360540071e-02 -5.9560426268373427e-02 -1.1880440643766130e-01 -2.2205068320222170e-02 1.1303308228499789e-01 -1.3626862787046001e-01 -1.8619956072429270e-01 -7.3952846734470598e-02 -1.0751830700947060e-01 -1.4989427209255680e-03 -1.5788581319786391e-01 7.3697482254574283e-04 1.5112473891265710e-02 -2.0451453254633670e-02 -9.9514319076472041e-02 1.1347353132975060e-01 -3.0313372518823961e-01 -4.8724352315036877e-02 -4.6985547695439660e-02 5.8239298456368167e-02 7.5111179537384514e-03 7.4030165870854411e-02 -9.5489174190514142e-02 -6.9318508033448065e-02 -1.4077370738630770e-02 -5.7838590230091073e-02 -5.5655701903718014e-03 2.0617474337017629e-02 -7.0265824831194867e-02 9.2222007343402190e-02 7.1390612361850528e-02 2.3731463836210980e-02 -9.8147476699038338e-02 9.3762854814286603e-02 5.2453764486081987e-02 -4.8097721942414753e-02 -2.0087516697305571e-02 -2.3047317780169420e-02 1.6464535136269870e-01 -1.0224869322671960e-01 -4.4052915319194322e-02 8.3182462113471939e-02 1.0801519916558600e-01 6.0393294275122522e-02 -6.2934020592592788e-02 1.1041075110227490e-01 -1.0179307003276200e-01 1.0557773800528350e-01 5.1078158702050867e-02 2.6470979921818991e-02 -1.1552025627470260e-01 1.0209306475699360e-01 4.1098582980198833e-02 1.6169916682533281e-01 2.0462859623676319e-01 7.5391271881762881e-02 -5.9428945466473253e-03 -5.5440932756440929e-02 -1.0211735991469401e-01 1.5527272539281481e-01 9.0754022928221795e-02 -8.4873567712593342e-02 -1.4242380706866931e-01 6.4226345240466179e-02 -6.6583008519398246e-02 3.3000295641728287e-02 1.6862985078638720e-01 -1.9037343752124969e-03 -9.4135986366960051e-02 -2.2510997411979570e-02 4.8010954003317577e-02 -1.1536489365452940e-01 -1.2345269100602151e-01 1.7317196991589701e-01 -1.0106888316792850e-01 -3.5262610002139858e-02 2.3070822143118139e-01 -2.4459707142516530e-02
1.5293931687117909e-01 2.1305627079534981e-01 8.5962235067934351e-02 -1.5617318369027891e-01 8.7610645959495942e-02 -3.4979320507756352e-02 5.7977601383222763e-02 9.7016130153371238e-02 1.2228624495819270e-02 1.0348073810686800e-01 3.4474535923329441e-02 -1.7800322229590090e-01 -1.0640406839901870e-01 3.8416538335214398e-02 3.1959405706425012e-02 -7.5982650400018614e-02 5.1054578450778612e-02 3.8527340115348127e-02 -9.9534261677219155e-02 -7.5159696727846073e-02 6.5329807590284866e-02 5.5482134725316927e-02 -3.1580058935326713e-02 7.8635619700754486e-03 9.5014474923566170e-02 -7.8363076690938047e-02 9.5079978744498542e-02 -7.7390664312002061e-02 -1.5553979032785789e-01 -1.1295616399777421e-03 1.5148001501369501e-01 6.9138778258826500e-02 -4.2105626381786991e-02 -1.0994762839783420e-01 -1.5567560520775041e-02 1.9728098865937291e-01 3.2267503169613049e-02 -1.0532711240092560e-01 1.1445559917063310e-01 4.4476798439730812e-02 6.4809866280441011e-02 -1.0019114269969260e-02 -1.6599937490667011e-01 -1.6516961018708720e-01 -1.7978587285495121e-01 4.4568391270077362e-02 -5.9020801299490867e-02 -6.4409295648260340e-02 2.1317667351265109e-02 -1.1483474036623430e-01 -3.9219261201135754e-03 -6.8985552180997972e-02 -6.6954505731574548e-02 1.5838790073869410e-01 1.0729054453795750e-01 -6.6512032970649530e-03 7.1301493735732482e-02 7.8547281706375458e-03 6.3929020552079954e-02 3.0374388399281361e-03 -4.6124572040318022e-02 -1.6723353295044821e-01 -3.9473262477045613e-02 1.4155393452688239e-01 1.5323701822903821e-01 9.4914298896601135e-02 5.9336469386482580e-03 2.9029787048578719e-02 -1.6469190585474591e-01 6.1912026833279871e-02 -8.1258281138158223e-02 -7.1104175183905965e-02 -1.1486821774794950e-01 3.3735615949447573e-02 -4.0231572463523831e-02 -5.3667266776272357e-02 -1.1231365846101030e-01 -2.5389454581232779e-01 -7.0441814093432156e-02 -1.0980666526020171e-01 -1.6468191868428439e-01 -2.3576041580270761e-02 -5.5587887920844972e-03 5.4968386783284501e-02 -1.2278996366622480e-01 1.4954065204359421e-01 -1.1754674190835380e-02 -7.5002937756731669e-02 -2.1585452991634779e-01 -2.6009288502604651e-02 3.2935609715025421e-03 -3.5558232157437260e-02 9.8804419432930793e-02 1.9195118772838141e-02 1.6694546850154629e-01 6.1869691939250113e-02 1.0140575128594560e-01 -9.9368512595940251e-03 -1.6326218603686760e-01 1.1057759803921741e-01
4.8634172145045708e-02 -5.1875574390086512e-02 -6.7349725675409158e-02 -9.9778774209121554e-02 -9.9252093312273817e-02 1.4630144755289110e-02 -2.7772008129829950e-02 -5.5744874323449276e-03 -1.4978322612098010e-02 -1.9279565905115650e-01 1.0625851095497300e-02 -2.8255408014847189e-02 -7.8277767574007034e-02 2.5922788829227222e-01 3.5570182069470088e-02 -1.7112409570317191e-01 2.7432641765560688e-02 4.8791187855690456e-03 -5.4259890975093712e-02 -2.2668590163048910e-01 9.8898444548148223e-02 -4.0968458020824390e-02 3.2780940769842733e-02 -8.6998532476450743e-02 9.6733767534496584e-02 8.5483143124622074e-02 9.3164933095112576e-02 -1.3619367479512101e-01 -1.2772962364706940e-03 -2.5770057096305821e-01 3.6524112666304190e-02 3.2443587877062599e-02 1.3462491913419640e-02 -1.4934290619102300e-01 2.2973464392353898e-02 7.6487320584398083e-02 2.3919238247648300e-02 2.5521366484627339e-01 -2.3382838297915681e-02 -1.2299238366517910e-01 -1.6960664720296389e-02 1.9494322338648489e-02 8.3334447637961589e-03 6.0019619285594558e-02 -5.6532200007333527e-02 2.9641127855301212e-02 3.2230699247995848e-03 5.8312871554449001e-03 -1.2367864393965870e-01 2.8734620193140489e-02 1.6414358283690800e-02 -1.4163227344751740e-02 1.0885777139648511e-02 -9.3197901538495123e-02 1.1756443894144830e-01 3.9462812514636673e-02 -2.4459998189673531e-02 7.2907308022062300e-02 -6.5796178014540102e-02 1.6666375203712999e-01 3.8784592283494353e-02 1.9627628836581471e-01 -5.2961919099097893e-02 9.2431058908560321e-02 5.7358160006876970e-02 -1.3111920025253021e-01 -2.1753176190899781e-01 -1.3862343727858159e-01 -1.0909063885718639e-01 -6.5273243424046945e-02 1.4315649605993341e-01 4.7055611542140947e-02 5.1665851176202322e-02 1.4759097745945970e-01 -6.8270680040457027e-02 5.9866174386676907e-02 -1.5199290619184999e-01 1.1866745727604219e-01 1.2747355417451979e-02 -3.3911407137276528e-02 -1.2651780127124440e-01 -5.4354519736479152e-02 -2.2740556765926470e-01 1.2601630391003221e-01 -6.7329365948586347e-03 -4.4578199252173267e-02 1.4425369142618941e-01 6.0324966710939648e-02 6.9660395774985215e-02 -1.0362929103900220e-01 1.6305186534146751e-01 3.0797149350958519e-02 -7.4559174151414470e-02 1.2136814681927249e-01 -5.9802200710030139e-02 -8.4052402890618105e-03 -3.2332645748486169e-02 -8.9045893667777209e-02 -4.8843189941246277e-02 -4.5719949796980852e-02
4.0129789721383501e-02 1.5362479557202599e-01 -2.3488383526303360e-02 -1.1352581527916630e-01 8.7576494185026388e-02 1.1248295708868200e-01 -3.1946130998154812e-02 -1.2414664913688130e-01 3.1541982669094207e-02 -9.4078315247668923e-02 -1.4124920791770390e-01 -9.5052950747231024e-02 1.7345499510220769e-02 -1.6077192297858930e-01 -1.0129836434675010e-01 -1.9872712638160089e-01 -9.3360670670153151e-03 1.1984928261161140e-01 1.0402121929338820e-02 7.3557071829612186e-03 1.1833008977259170e-01 9.1242466700270392e-02 1.8902267771186071e-01 8.1815036281941186e-02 -7.0154557808887144e-02 -1.7946775833550779e-01 9.8046820024275227e-02 6.2037901712471838e-02 4.0585778144140751e-02 1.6528474551667691e-01 1.6572191258075509e-02 -9.9618781738278608e-02 1.0918916738484380e-01 -1.7111834239696430e-01 -6.3073854343371330e-02 -1.1248841482347590e-02 1.1069652281188920e-01 4.5607185464336397e-03 -1.4338569028387640e-01 7.4275515804766171e-02 9.2739297379540023e-02 3.8920526917910911e-02 2.0540423537873040e-01 7.4504602254196153e-02 -6.9122653558283467e-02 -6.3808603613922973e-02 8.0260775016008784e-02 6.8912328402781373e-02 1.2773327856792779e-01 1.2854174874237251e-01 -1.9584311689287201e-01 1.0129291032391290e-01 -3.6354392181150823e-02 3.1698594731860652e-02 7.3565606574685458e-02 -4.9953533264392502e-02 3.6918826525352708e-02 4.4888183834741698e-02 -9.9044813904819520e-02 8.1509388363357291e-02 1.4353262649437390e-01 -2.8876658784807410e-03 -2.2069465898241391e-02 -2.8121004081648620e-02 1.3245789877466330e-01 4.8366446668656443e-02 -1.1809702191436761e-01 5.1640601094678999e-03 -1.6705151823742099e-03 -2.1496139289120539e-01 -1.3654543727491969e-01 1.1908476270048320e-02 1.2791767302719129e-01 -5.4312631098627842e-02 -1.1375440938718180e-01 -5.9293067654680752e-02 5.6819874832390857e-02 5.6859135640654000e-02 -2.3094876103884280e-02 -4.0996402755375867e-02 1.7925798423182440e-01 -1.5528263474729669e-02 -9.3852249183851336e-02 -2.0464790763554319e-01 9.0294280668849855e-02 2.4008150105763539e-02 9.3619429767448567e-02 2.6579026502583730e-02 -1.2857179408362629e-01 -1.0858358773430370e-02 -1.0124657021418289e-02 7.2142813523904656e-02 -1.0818900454671800e-01 1.0787036866308310e-01 -4.5579384242709763e-02 -1.7050457119245351e-02 4.4768211239675351e-02 1.3990976270270500e-01 -8.6120121956698450e-02 1.5668892326315420e-01
-9.5389441385303225e-02 2.0179082830347581e-01 -4.5856206100872578e-02 3.7131222225843051e-02 -2.6703520361405658e-01 -3.5885909200958549e-02 1.0420435642922200e-01 -1.9245209194515989e-01 9.0105712290815307e-02 1.2579302386591429e-01 -1.3540511523274859e-01 -1.1611001880887210e-01 6.7079382301469773e-02 -9.8158262079957856e-02 -1.6806316862201812e-02 -1.6205863786463531e-01 -1.7218148133986441e-01 -1.2310719253692640e-01 8.5973861718418532e-02 8.2618518695106669e-02 3.9201720199032113e-02 -1.7776517329554109e-01 -9.2932068321201405e-02 -7.9487186881388762e-03 1.1512179274204171e-01 6.8158318153252514e-03 5.4920340624285281e-02 -3.8208059490722007e-02 1.3824362823890379e-01 -1.1638250642341740e-01 -2.2942283721842940e-03 1.5617040243500091e-01 -1.6620808615622060e-01 -3.4324774241028620e-03 -7.0548640447291880e-02 1.1114753502416190e-01 2.3539677781317200e-02 2.7023403462536670e-02 5.1466067167845492e-02 6.6888013214660667e-03 4.4144826491317700e-02 -6.2897806257387417e-02 -1.3802090538568629e-01 -1.1440721282580680e-02 -1.0246646217057870e-01 9.7058292391309989e-02 1.3700483808959699e-01 -2.8630183326851969e-02 1.0210940741421860e-02 -3.2738268692978273e-02 8.0140844818424109e-03 1.0310264689194540e-01 -7.2599431341562493e-02 -1.0029270139358420e-01 -1.8594122048442172e-02 -2.4021955608840789e-01 -1.7202756820569909e-01 2.4210707956952440e-01 7.5447398991927419e-03 -2.9671612134863499e-02 1.5948824497170969e-01 -6.3885699977479560e-02 1.2387368713520649e-01 2.1043654450729182e-03 -2.5401107564781561e-02 -4.7577718197972400e-02 5.6871154488492221e-03 -3.1655470758191341e-02 1.7483051957785309e-01 1.4142340024198491e-01 3.8663650838370998e-02 1.4467655124550741e-02 3.6863026760285113e-02 -1.8867623971562868e-02 -2.4680265520244441e-02 -5.9791753172282823e-02 1.0617798267617411e-01 -4.6521900551726170e-02 6.6247073617013943e-02 6.3493791177232903e-02 5.4226691469499641e-02 1.1526137565610650e-01 4.9198014731511013e-03 7.8467516611903890e-02 1.1261828465652800e-01 3.9075055407855511e-02 -2.9378119909308120e-02 1.7572812405259149e-02 2.0400401572197170e-02 4.4398916220719627e-02 5.1500374214805480e-02 6.4287235684931859e-02 1.2509410993546391e-01 1.6641229057470050e-01 -8.6122478962660218e-02 4.0315295194366850e-02 1.9273066795566360e-01 -9.4355599273288002e-03 -2.5797621268899281e-02 -8.0697519337363331e-03
-3.8711637188410163e-02 -3.8398137342480307e-02 -9.0906033715955861e-02 -1.7419405995638550e-02 2.6254942203137011e-01 -1.2457507135900379e-01 1.7760398218591489e-02 -5.6263825375889908e-03 1.3986872053212321e-01 -8.9099143880019979e-02 8.8416585990393357e-02 5.4218887241673133e-02 1.2049615597432460e-01 -2.6149392490496921e-02 -1.3204117848034941e-01 -3.1309162036822873e-02 5.1212255548106572e-02 -3.3225754330001647e-02 6.9112477727464580e-02 -1.3978045126173710e-01 8.8658093743985200e-02 -2.3759042476750689e-02 4.3517561836784013e-02 9.9944456005918364e-02 6.7786774831161259e-02 6.5288571077310120e-02 -2.5127044940640891e-01 9.2300564483672465e-02 -9.9515992253750185e-02 5.1117095826480441e-02 -1.2299809716066630e-01 -3.2264851301190930e-02 1.2793291125488920e-01 -1.2364340918223800e-01 -3.4965095616906437e-02 2.2700746993930640e-01 -6.0028412696316702e-02 -1.6220224466161179e-01 -7.6745589509837578e-02 8.1221877761148822e-02 -6.9282756775669113e-02 -1.0915077081496941e-01 2.9922184530695679e-02 -1.0454633777389150e-01 4.1736562059047487e-02 9.2617307112427161e-02 2.7172287893945261e-02 -7.5381264278819679e-02 5.9139682335035963e-02 -1.7182932633574391e-01 3.9876339883240020e-02 1.6844220634541360e-01 -3.1075979686545019e-02 -1.4231962301260759e-01 -1.4941019257818371e-02 -5.2613304706627922e-02 7.1796410408031003e-02 8.1040768176517439e-02 4.9817631658115383e-02 -1.5867870788537949e-01 -1.6307952155450869e-01 -1.1742627484060970e-02 8.9513703983139029e-02 3.7986015263813950e-03 -8.2339991681157854e-02 -5.2193420941765323e-02 -1.2794997992507201e-01 -2.1203681443945691e-02 2.8779975640989480e-02 -4.5789398625392518e-02 3.7964509344284518e-02 1.3681272086019439e-01 1.5065278437761540e-01 1.8029411077581259e-01 1.9739730521104320e-02 6.9776895323404822e-02 4.0800537686343237e-02 -1.8809420500867358e-02 -1.1832058265305050e-01 -2.0998585526165620e-01 1.1942752608693630e-01 1.4617887082948039e-01 6.3892143968143730e-02 1.7082084778166159e-01 -2.7210084998467929e-02 1.0828671378700441e-02 1.2598793788595689e-02 1.4186007250679891e-01 1.1360382881170011e-02 2.0957026366989730e-02 1.7822956582910901e-01 -2.7445861649683729e-02 -3.4050852862420308e-02 1.6625470661554020e-02 6.1943820249363422e-02 -4.6680403992556713e-02 1.0411082812372280e-01 -9.4106125583888672e-02 7.3361661669918421e-02 1.2318006840327179e-01
-8.3776763847838401e-02 5.0748059021667243e-02 -3.8674290150044081e-02 1.6898081738584389e-01 -5.8282490215548433e-02 -7.5280975175819068e-02 1.1706180707047810e-01 -3.3843487317148672e-03 -1.8381728906845179e-01 -2.0081239132890161e-01 1.8909194680117669e-01 -1.1807283717900700e-01 1.1808208511989510e-01 1.0624201197932920e-01 -1.3693194811728651e-01 1.0174811979270490e-01 -3.6614214480904322e-02 -5.8857506312171591e-02 -5.5752596456314689e-02 -3.0324478528937351e-02 -8.0882848688795216e-03 7.9459968603020070e-02 4.2523822199710702e-02 6.8556780619174265e-02 -1.1443760276129281e-01 -7.5277633175363151e-02 7.0264535170092637e-02 7.9448521773062969e-02 -4.1471065462299887e-02 5.9961982904851920e-02 -1.0503521591882829e-02 -1.3637166699743181e-01 7.6957252314153540e-02 -7.7322091693051306e-02 -6.4230511012748084e-02 -1.3007187954200891e-01 -1.1069371343963220e-01 -6.6407657410713833e-02 -1.4233521695640751e-02 1.0736290270013880e-01 1.4898458813881551e-02 7.9964924312270411e-02 1.5929146827949471e-02 -1.0882125148959750e-01 7.2795780138612654e-02 -1.6296988739427459e-01 5.4993321556099997e-02 -6.5084883466472079e-02 -9.9916634233469234e-02 -3.9490874268145897e-02 -6.9146797320145739e-02 -1.1185796287092190e-01 -6.3470779535565250e-02 3.0351397195740999e-02 3.7365711460952411e-03 9.1565883371582432e-02 -7.9071637851427026e-02 2.8957662663621431e-01 2.3982914613924761e-01 6.9297608730029395e-02 1.6054524995668409e-01 -8.7080546772836706e-02 -1.0087669625832889e-02 4.7208461313027958e-02 9.5969822136555333e-02 1.2522892872320460e-02 5.9622122732393937e-02 -1.7189384364076861e-02 6.9902561362765944e-02 5.0048858020662487e-02 5.9286982515286697e-02 -1.4365235220822620e-01 -2.1068725895145871e-01 -4.4712725295763638e-02 -1.9053252552451169e-01 1.4529287807461530e-02 1.7555928739453310e-02 1.0375533893926260e-01 -2.9184805117052220e-02 -5.4957667656831289e-03 -5.8314133562687213e-02 4.8932262353751872e-02 1.2952964611163370e-01 1.8505342190330229e-01 -1.3730184917202920e-03 5.1983635508750813e-02 -2.7856701119589031e-02 1.8387334766137300e-01 -1.1811598918674930e-01 -1.4331889948477861e-01 1.1985691280698940e-01 -5.3422789074205952e-02 -1.0490046621645339e-01 2.1706978535075989e-02 -1.7588015883139371e-01 -1.0416223775138211e-03 2.4734701762212551e-02 2.7896238979619840e-02 -9.3351479977582200e-03 -6.9895736482147516e-02
-4.7225347934344422e-02 2.0085519707066352e-03 -1.1261304076778030e-02 -1.6830311401448150e-03 -5.2365603008824591e-02 -4.5716838340704738e-02 -2.7490922591365571e-05 -2.7155401277460170e-05 4.2534203903404962e-02 1.4448974362939959e-02 -6.4745426489528649e-02 -2.7703579532851560e-02 1.0470185322211401e-01 -1.3433466862978080e-01 1.2054295519377420e-01 3.9888355654725691e-02 1.5416283936186539e-01 -7.2846047053460025e-02 -7.8258469001869210e-02 -1.2012442029135199e-01 4.0157425735625240e-03 2.2591007163692750e-01 -1.1236015775772040e-01 2.8898692182868939e-02 3.4198919943679122e-02 -4.4718106975372381e-02 2.2985881745054110e-01 9.7240784756650087e-02 6.9092453284968464e-02 -9.5633112818544821e-02 2.2133859193360639e-01 5.0006460132895796e-03 9.1588613880715056e-02 1.7098004787800811e-01 -1.0337883427810200e-02 1.2428922481023050e-01 -1.1707977106070880e-01 1.0482963297830469e-01 -6.9585795172352236e-02 -8.0587920601698559e-02 2.7389707205311191e-02 1.3935426253984931e-01 1.1027484131983910e-01 1.7619189110139821e-02 1.1836397710834660e-01 -4.9658651091286102e-02 9.6562031360212908e-02 -8.0033855482781829e-02 -5.3724287723334707e-02 2.9843006445233560e-02 -1.5788231166967720e-01 -4.9797422048646192e-02 2.0577551711952229e-02 6.4736381075002111e-02 6.2206584033054936e-03 1.5990994025027649e-01 -6.1987641029326657e-03 1.2629890841626859e-01 4.4875136371623818e-02 -2.0956405424951169e-01 -2.0928584694169521e-02 5.7783049296306482e-02 2.9097466727155349e-02 5.3572546718134453e-02 -1.5351590734303769e-01 4.4334374664564073e-02 -2.1676246279690500e-02 -7.9790811024598049e-02 7.5158380410559819e-02 1.3939305892107951e-02 -2.1803964553584879e-01 -1.6712754312097119e-01 1.2645624475513051e-01 1.9446889418821331e-01 -2.2303201239806951e-03 -6.2800578380485639e-02 1.7554267379014390e-01 -1.5530884890195870e-01 1.6621762668440059e-02 -1.3359364451316891e-01 6.7506667308638177e-02 2.7114233022498449e-02 -1.4328687366689541e-01 -2.7696475370943191e-02 -7.9910647924640432e-03 1.0078814130031261e-01 -4.8225431317791348e-02 -1.8983875037399961e-01 1.1711037526745710e-01 -3.7284394265418852e-02 7.7935818909758758e-02 -1.1608623232797149e-01 -6.7060931244948066e-02 1.2206429016476939e-02 6.3375413496495128e-02 -6.2902929162660687e-02 4.9279828385344490e-02 -1.1108060394945900e-01 8.0572238734521587e-02 -1.5833471603887411e-01
-1.6134435668560460e-01 6.1475249938239003e-02 1.0693515059566479e-02 7.0050073452359043e-02 3.8092316810604217e-02 7.9468567131449369e-02 7.7945071696451278e-03 2.8491650781021539e-02 -9.6839119023571767e-03 -1.5920680968783160e-01 -2.6193606006444631e-01 -2.0306485187087778e-02 4.3681562670824903e-02 2.4409836116355671e-01 -2.1279217547880289e-02 4.6528540543300828e-02 -2.0284350579041990e-01 -4.4099567821526538e-04 -1.4538017054283470e-01 -4.1851382406745623e-02 -9.0239524751038969e-02 8.4223608022545313e-04 6.1705136837619898e-02 4.5313205167227318e-02 2.2731101987063290e-01 1.9688586118158082e-02 7.9599712739236717e-02 8.0368449290640728e-02 1.0999408219378080e-01 -2.6677489002337081e-03 4.6648607819063780e-03 -7.0050433249107230e-02 -8.8295905487142546e-03 -6.5632868507290191e-03 -5.4149545357563868e-02 -1.3968336067069670e-01 1.3342120853690520e-02 1.1578577542550771e-01 -1.9146014092655189e-01 -1.3273829582120181e-01 -1.2309794854747190e-02 1.7187186948113650e-01 -5.7135209943118451e-02 -1.1666749854575530e-01 7.0877876873410878e-02 2.5024721736931491e-02 -2.0481140702416001e-01 -8.2309619650694221e-02 -9.3698143118703545e-02 4.1231165515236971e-02 6.9722419417732662e-02 -1.1935010845125471e-02 9.1586501407186410e-02 -1.9714197017196809e-02 5.2356424595822203e-02 -2.5170940656599139e-01 -7.0798996159219169e-02 6.4202308260160722e-03 -9.5578207291171932e-02 -1.6757939994147691e-02 -1.3586054791214541e-01 -1.4017887599928239e-01 8.9533994760975705e-02 2.4448205954144941e-02 -4.6311021823838998e-02 6.4909496847346135e-02 -6.3653333091504019e-02 -9.6948971513333718e-02 -8.8201675459331899e-02 6.2130241640352218e-02 -1.9991412051147420e-01 -5.3918260412646517e-02 -5.2666480219360032e-02 2.3140413018247308e-02 -7.1290430423846590e-03 1.1777825686421840e-01 4.6953756034982919e-02 2.4087519521435070e-02 -1.2130507310280830e-01 -1.5232876503763990e-01 5.7501096516641863e-02 -4.3058265801277758e-02 2.1313804668847919e-01 -4.2911862456544873e-02 -4.4925823763830773e-02 -1.4996820390178081e-01 7.0984599936326387e-02 -5.1042651627941638e-02 1.0129168163622441e-03 1.3466344303140221e-01 2.7993328578852981e-02 -9.3881615277482955e-02 8.8722653557901793e-02 -1.0064232431914701e-01 3.0511760141261019e-02 2.9466057624970211e-02 2.8765839568809140e-02 1.0691366376969130e-01 -6.5109878266721266e-02 1.1935351007987639e-01
5.8366063484594742e-03 2.9710303621075559e-02 -5.3946598749930783e-02 -2.4761589600877681e-02 -6.5680090816635034e-02 4.2599661200994232e-02 -9.6687521751074090e-02 1.6295496720841210e-01 -1.6687088934819839e-02 1.4631361931394690e-01 -9.9247583296622630e-02 -9.7076917003098673e-02 -2.9431074315045831e-02 -1.2784403930283370e-01 1.3459462361495849e-03 -2.1117119748302271e-02 -9.1828989949087822e-02 1.5134756629831350e-01 1.0879836693242000e-01 -1.8075611355723550e-01 -1.9109025128873269e-01 1.4094550378956841e-02 -1.7312061841739401e-01 -1.3592818145698909e-01 3.6754633661272518e-02 -5.7751448515993217e-02 5.1337139453194271e-02 -3.1905716116472603e-02 -3.4121246167819072e-02 -6.6258862629744036e-02 -2.0640957312780031e-01 -1.3733669430237780e-02 1.1933131582282661e-01 -6.6965010242424503e-02 1.1992601228979560e-01 -1.5305451936679950e-03 5.2599863116889703e-02 -4.1578932195711703e-02 -4.8544192483662818e-02 1.0333433945848630e-01 -6.8412418985636436e-02 -7.9203154590955602e-02 5.7231039540942323e-02 5.6063624628158462e-02 5.4598894702527170e-02 -1.3738929310233980e-01 -2.2581791798646039e-02 -1.3975921935032259e-01 -8.8900046282624420e-03 7.6694469017931241e-02 8.4048748268163945e-03 1.5328162767622680e-02 9.9282885990362432e-02 -5.7338650294355080e-02 -1.2093365473232651e-01 1.3782907105758271e-02 2.7054822263023109e-01 1.2591138116612849e-01 -7.9572323661871391e-02 1.9595833198327729e-02 -2.0358593434855521e-01 -2.5270820605828841e-02 -6.4140314596174114e-02 -1.1763244836396840e-01 -7.0355482298812347e-02 3.9946422420791741e-03 -8.9171256223476644e-03 -2.2715914473926579e-01 1.2059601661047110e-01 -1.2558518395684601e-01 -4.9424900698706788e-02 3.1072906398153230e-02 -1.5914014555232139e-01 -4.2915855348446212e-02 -8.0426288113718838e-02 -1.1288716862048520e-01 4.2285909963547010e-02 2.7026328580667090e-02 -1.9918747202361760e-02 3.6338700183584559e-02 -1.3516722886915861e-01 1.1748305932425360e-01 8.3628379781131051e-02 1.6051770839830770e-01 1.3227529786767719e-01 -5.0927965134682292e-02 -3.8494878298257859e-02 -1.6843462810105481e-01 1.1335040594552429e-02 -1.7589706600970870e-01 5.7637552434205673e-02 -2.3596988121386969e-02 3.1716068909972653e-02 1.2676040019062201e-01 4.9112115358312608e-03 2.1642948100358589e-01 -3.9324711725320267e-02 1.0568138361560429e-01 -8.3342389536370687e-02 5.4455475227198583e-02
2.9615716361983228e-02 2.5701371479499202e-01 1.7587352629260850e-01 1.5111825407907539e-01 2.9072640796896362e-02 9.9024638451661096e-02 -9.2745748336621303e-02 1.0107654262430271e-02 -5.2695239081060871e-02 1.8787888011566131e-01 -7.3096416755588520e-02 1.2469339766544391e-01 8.2848321813337469e-02 -5.1640370576734762e-02 -6.3559904981795173e-03 -2.8052136424223349e-02 8.1203203743922023e-02 -6.6404427443739630e-02 9.1290005298712451e-02 1.0421446581251090e-02 -1.4205378077503511e-01 2.4929636797251190e-02 8.8010664056617838e-02 -1.5393598533465469e-01 -3.4973115517495101e-02 1.9634485562793630e-01 -4.9165792718620354e-03 -1.7141294715408970e-01 2.9425217456406330e-03 1.2035478141948200e-01 1.2958293268406401e-01 -5.2423136414621478e-02 1.1744530003653519e-01 -6.8872324021250556e-02 1.1083100584125059e-01 -6.6605922899749981e-02 -1.3234382827374061e-01 7.4259203454971213e-03 -5.0216556439788271e-02 -2.7429813314128731e-02 4.8291217392117357e-02 -7.9524868105601401e-02 8.9764571273847793e-02 -2.1635357121802951e-01 6.7712637216590668e-02 1.0554834902618930e-01 7.3070909945396237e-02 7.1231840494532558e-02 1.2216617077371020e-01 4.9467719466119407e-02 3.7571271779982388e-02 1.5373777032654939e-02 1.4002008252489659e-01 3.4149971661697573e-02 3.4074402373360783e-02 -2.5807356857714261e-02 -1.2463541083069200e-01 1.1034222002488310e-01 -8.4556535330680874e-02 -1.1760989364347080e-01 -1.5357574868713151e-02 -1.6854159537288849e-01 -2.2996232127349139e-01 2.2199134898518399e-01 1.8089890084308311e-02 -1.0434085062963019e-01 7.9394169930709788e-02 -1.8321720042505049e-01 1.1176340486974770e-01 -5.1640752273562282e-03 9.1214808049947554e-02 4.2456817947691378e-02 1.5321342954741901e-01 5.4538789523165813e-02 7.5140501884219432e-02 6.0446889196440270e-03 -1.3300556013561640e-01 3.7199385345260759e-02 2.2129889067157918e-03 -1.1167062672556560e-01 -8.7083769087201654e-03 -6.0644390876897721e-02 -2.7860630124319281e-02 2.3216167517568151e-02 1.5243567216258219e-02 -9.6508473799309435e-02 -7.2492398632912226e-04 9.8799295881716584e-02 -9.7907766706020416e-02 -3.8973681802828612e-02 4.4470467613689578e-02 1.2291070871035671e-03 7.6115697099428826e-03 -4.8633303179262413e-02 -5.2505799820616220e-02 -7.0931116458755744e-02 -1.0034968909405340e-01 3.5086658027377773e-02 -1.6113091255449721e-01 -1.6276977687919120e-01
-4.9617458775329297e-02 1.3233767095361801e-01 -6.5016394048632589e-02 1.4096828964911950e-01 1.8624322513934720e-02 -1.0223205305306270e-01 6.7801596774471437e-02 1.7964605667574501e-02 4.7703589539434491e-03 1.1427850193823580e-01 1.4453838205863840e-02 1.9545765210554580e-01 1.2731607379516501e-04 -1.2346041420034339e-02 -1.1765819085667560e-01 -2.5760941683096721e-02 1.9622113866077501e-01 4.3683929564115091e-02 -3.2750865684287221e-02 5.3464650885162127e-02 1.7300198150514291e-02 2.3728975439280259e-01 1.8370805880710289e-01 -6.5024923882082517e-02 9.7592941751452986e-02 1.2873145214498580e-01 6.2321072434942393e-02 -1.9713239726094470e-02 -4.5123984653347347e-02 6.3606482506246495e-02 -1.5532759300216191e-02 -3.0851415663492750e-02 4.1183766875550157e-02 1.0158155583661750e-01 -5.2140923804720282e-02 4.7784856714376142e-02 6.3080738630897373e-02 9.1408439469817832e-02 -5.5671246214845017e-02 -1.5287709184222481e-01 -4.9789495241561843e-02 3.5355208984343578e-02 7.4382116848537211e-02 1.9799797860368329e-01 7.9095219317425317e-02 -1.3300835612766909e-01 4.7500855981066882e-02 -8.7048171974972721e-03 -1.1156944187136880e-01 -1.3596673755848429e-01 6.4186887162755432e-02 7.5264198528140883e-04 -1.6222409957487610e-01 7.2038733955682346e-02 -2.6465582635219848e-01 -7.3030775794017941e-02 4.6892796821453291e-03 6.1414208945663178e-02 -9.8488569926031375e-02 2.4628152064052911e-01 8.9545044201897270e-03 -3.0571253163513300e-02 1.0546496010368620e-01 4.3185459014096006e-03 -6.4659885315494339e-02 8.6885887696361602e-02 7.8057874996262697e-02 -2.9437267393542361e-02 -3.7201883299441803e-02 3.1413574276595919e-02 1.6339858805032151e-01 1.1342355085857030e-01 5.8549362811628231e-02 2.7142231143171189e-02 -2.3239879807900121e-01 -8.0735199395820759e-02 4.5909202829365420e-02 3.2592883949959288e-02 8.5124393004446970e-03 -8.5540586727541282e-03 -5.2865625267552722e-02 -9.0569046091189445e-02 5.6700404119641161e-02 1.7282875711919232e-02 -8.3878911848704829e-02 -5.4222278494471018e-02 -4.3125729065431051e-02 2.9055472074758101e-02 3.1224170842386802e-02 -1.0191539634990270e-01 -1.5971862877134690e-01 5.2336357931813141e-02 1.7780794125025240e-01 7.7602671100360593e-02 2.1350548300001321e-01 -6.0917468665557993e-02 1.3491764829238809e-01 -1.0098443366940930e-01 -1.3804566316158290e-01 9.4081666054792290e-02
1.1128914760706781e-02 2.6467811804121782e-01 1.7902446295891598e-02 -9.1522105345293609e-03 1.1991503805740070e-01 4.8797258181179290e-02 -1.4573002897019671e-01 -5.4266044335870282e-02 1.4904150509213870e-03 -8.6493663658189460e-02 -6.6470485521474304e-02 9.7126135931118462e-03 -3.4485956980713918e-02 -3.8169424304158178e-02 1.6939294822284200e-02 2.1320236889030980e-01 -1.4771613618904189e-02 1.0093365974300700e-01 -3.9212972652187747e-02 -6.6117488908271401e-03 -1.8917489109180430e-01 2.2208164840730269e-02 -6.9717458895087195e-02 5.6599962904049839e-02 -8.4924083276683313e-02 1.2186981430197590e-01 -1.4823256199548270e-02 1.7281460622404579e-01 -8.7788277374067789e-02 -1.3048879424964541e-01 7.9104271888814637e-03 6.0530302731310846e-03 -5.9122836364138370e-02 4.5747997955000792e-02 1.2042627784968660e-01 -3.5674423475395550e-03 1.2780585137074740e-01 -7.6371403329896781e-02 1.6652921961164099e-01 -6.0540873889641730e-02 -1.0253638308756539e-01 -1.2841865416517750e-01 2.5708338392761761e-02 1.5542916217486419e-01 -1.3881621177981600e-02 6.3755141703382839e-02 1.6046746108766541e-01 -1.7052874960391809e-01 5.5142270879726972e-02 3.5614357757250770e-03 -3.0101169017461071e-02 3.5583276879531008e-02 -1.6242275074666759e-01 4.0801122854201823e-02 2.5634924216823551e-01 9.0196328266041917e-02 -1.5630168694214899e-01 -5.1766956666987093e-02 -8.9748053299223807e-02 6.5922409565814730e-02 2.2298662857527279e-01 2.4920115779726151e-02 -1.6348402002816731e-02 -3.0175934483766761e-02 1.6028958883645261e-03 -2.4885236408330371e-03 3.5959178161957067e-02 -6.6840190685308887e-02 -4.2003155304678158e-02 1.6888948232340519e-02 -4.3913562868726268e-02 1.3859457708784989e-01 6.1400568338223820e-02 3.2787314663392571e-03 -1.1747537221344639e-01 8.1840050614492649e-02 3.9324306416961607e-02 -1.5672299688521421e-02 2.1427831749713269e-01 -1.4465880198755721e-01 -3.2973925844238368e-02 -8.5130701242079804e-02 1.0769602121455990e-01 2.0178703418511301e-01 3.4682238680272308e-02 8.1948514676475695e-03 1.2592936193280529e-01 9.9879191630916665e-03 1.0024347100641530e-01 3.6201043816007097e-02 -2.2558296448559580e-02 -2.4748829506980560e-01 -2.3260843010060421e-02 -6.6087198877401013e-02 -2.8667707464799580e-03 7.4774700957105825e-02 -6.2216110396883413e-03 9.5468005241708426e-02 1.0094219902193990e-01 9.6575624491836459e-02
-1.4375276205941251e-01 1.1346617429817030e-01 3.1341321373458249e-02 -1.4248107895209700e-01 -6.8877365563903128e-02 -9.7431825034069062e-04 5.2924377204332157e-02 -6.1807161309859367e-02 6.4625492191172293e-03 6.4762986809221421e-02 3.3691757247965151e-02 4.2664971715314443e-02 -2.6316989327908168e-03 8.4090789878484021e-02 -8.6597054401115675e-02 1.0807716643877860e-01 -6.9928883256102567e-02 -1.4834653864975461e-01 1.6299557311515250e-01 7.5609415611009298e-02 -2.1505935277609880e-02 -6.4070486414100875e-02 -1.3172952066790800e-02 1.2807727521237189e-01 -1.3999664696368319e-01 1.6042205007162730e-01 2.2506850737388350e-02 -9.8758928112694759e-03 -1.1387928083056930e-02 -6.6416062762425565e-02 1.0439013487745220e-01 3.8989246672308617e-02 1.0539400110916640e-01 1.1182393757340650e-01 1.2572279753997409e-01 4.0360460589465033e-02 -6.1973933395886157e-03 -2.2510304818434579e-02 -9.3473776449322393e-02 1.0647645120469360e-01 1.1419595595373550e-01 -2.7033964673634042e-01 4.5219030366554273e-02 1.1797868771587559e-01 -8.4533461149687919e-02 -1.0536778936133499e-01 5.1122749210845538e-02 1.2894747918241239e-01 -8.0986515257147090e-02 -1.6124384844844411e-01 -8.3146048071681994e-02 -4.8760569701155977e-02 -7.4068743473901702e-02 -1.5222644107729419e-01 1.1991463245492720e-01 -2.8127278671394060e-03 -6.1738295644291181e-02 4.3652194775170988e-02 -1.3471913174649991e-01 7.7206228085844333e-02 -2.4473275737043990e-01 8.9498533664984156e-02 1.0960607151239971e-01 -9.0348017797347774e-02 -1.8399122172287150e-02 3.3322350102980958e-02 6.8481557237447296e-02 3.6795120071062233e-02 -4.7179797025711873e-02 -1.2959853604407259e-01 -9.8951471081868830e-02 -2.7295731393652661e-01 -5.7852771859530250e-02 1.0990161417099820e-01 6.1670622386408398e-03 2.0275982581678689e-01 -8.9744923510052976e-02 5.6012588902552361e-02 -2.0932156899565091e-01 -6.1447326764805278e-02 2.8998131804476149e-02 -9.6985004325562368e-02 2.0135207564574421e-02 -8.7186830939253210e-02 -1.0324834553982851e-01 8.7395607170896172e-02 -1.9756869369331170e-02 3.9520991166239347e-02 2.2046632576798560e-02 -5.8386803666619677e-02 -1.0013906677977920e-01 3.7803904197754690e-03 -2.5488888051434080e-02 1.0890237854109840e-01 3.2632331404439843e-02 1.5628247584234969e-01 -1.0936512023816481e-02 1.0688036918293251e-01 -1.1736279145346180e-01 -1.0566576734072350e-01
5.3277900310170670e-02 8.4171447576132916e-02 1.7248107912078139e-01 -1.2821687533720981e-02 1.7714446068702050e-03 -1.2183603800511809e-01 -1.0189717773495220e-01 -1.5329539222019731e-01 -1.0814987568972050e-01 -8.2945044058528011e-02 6.4967012670703525e-02 4.2771098363297351e-02 1.0576532446930870e-02 3.5122985415393992e-02 3.1497382203645452e-02 1.5522390618105331e-01 5.0664835885602458e-02 1.1095220387547999e-01 8.6964943164124703e-02 -8.8337530758284655e-02 7.6543835951363284e-02 1.5265204295283450e-02 3.9926604048326569e-02 5.8529160177021318e-02 8.0025301613615624e-02 6.8760498694853803e-02 8.4117750477257960e-02 -7.6130070910132255e-02 5.9942438247039591e-02 -1.1903791988163930e-01 -9.4187215094149249e-02 8.3947165277823949e-02 1.4597575459022381e-02 2.2931604358607100e-02 2.7175451876546838e-02 6.3029028069708504e-02 2.4999881129952531e-01 -1.0282111600358269e-01 2.2597008176078039e-02 1.4968051343096730e-01 4.6063918662338898e-03 1.7867710503335080e-01 -5.9084566815432157e-02 8.2903141638414668e-02 1.3308099901304979e-01 -6.3474880870327932e-02 1.4334950689450349e-01 1.5481428466943509e-01 -2.4315668285785710e-01 4.0315998217438503e-02 -1.1909030138630380e-01 4.1851105411624533e-02 9.5490909506327368e-02 -1.8492243821382062e-02 -2.8196183320729762e-03 1.3643450824317000e-03 1.8652792937617130e-01 -5.9131410038210222e-02 5.9477775594471351e-02 8.5016666930853475e-03 5.0065343019201937e-02 -2.4726562644438349e-01 1.1134920755419300e-01 4.5561646798889473e-02 3.7869478342137448e-02 5.2136669741820837e-02 -3.7652022643712153e-02 6.5179431011898907e-03 1.3570369149641509e-01 8.2305866635670411e-02 1.8718075273075720e-03 4.8804503126752601e-02 1.2823219111926129e-01 -7.8263895137461563e-03 1.9193279667682120e-01 2.7169154255709971e-01 3.7562725516561493e-02 -1.1829471698325260e-01 -2.8076590023324362e-04 1.9545492507499981e-01 2.1203097556183569e-02 5.6192448856080407e-02 1.8097347447355559e-02 -5.5978801521545654e-03 5.2696059815205608e-02 -3.0795091043508371e-02 1.1589894444653520e-01 4.9880652669252137e-02 2.4235478280986759e-02 -7.0314230721503890e-02 1.3380098767442519e-01 5.5707395994494667e-02 -1.6156684520083200e-02 -1.1696584142387280e-01 1.2305794974754060e-01 -2.1421117821688231e-02 -1.3878820195895650e-02 9.6955514387903244e-02 -1.9517570624100869e-01 -6.1813798411701752e-02
1.0324238466151940e-01 1.1721274188130421e-01 1.0309520571017670e-01 1.0496980618964050e-01 -6.5049138564391047e-03 -7.7723189614819388e-02 -1.8912665359520209e-01 -8.2540095217639459e-04 -7.7088556585399287e-02 2.1416996219282999e-02 -6.6437229240470701e-03 -1.9658539172637640e-01 -1.2347156114111189e-01 2.6400196004644581e-02 -1.3408674330405140e-01 -8.3005304464464427e-02 6.2994013629433951e-02 2.4118757833683910e-01 -1.0044675375252020e-01 1.1882101100571760e-01 8.0201564171789780e-02 -7.8084980489092643e-03 6.4835817057722886e-02 1.1490040545835600e-01 -1.2469272541278829e-01 2.7704252290699970e-02 9.9837398416056045e-02 1.1240742661166890e-02 5.7836820299082638e-02 3.2741500704123759e-02 9.9415612244744180e-03 7.7552139484374158e-02 -1.4826766195726751e-02 -2.7430886977786149e-02 7.7531393546219171e-02 -1.2762189833012029e-02 5.6031345586304493e-03 5.4177068480601290e-02 -6.3140661776286050e-02 -1.8321398881931170e-02 -5.6022677892934893e-02 -9.8929674668772741e-02 1.6159479443708200e-01 2.4258874846476181e-02 -6.9193841300425912e-02 -1.0406580349426800e-01 2.8680929612354310e-02 4.8205073114005043e-02 7.9612701183525994e-02 -2.6992315630132959e-02 -1.9639054777621311e-02 9.8687132549546155e-02 1.6520859203841251e-01 -4.1032688320176891e-04 -9.2725889042236692e-02 4.2755890262827390e-02 -1.7231172658259411e-01 1.7027189928334291e-01 5.8446335029348921e-02 -8.5611100909289806e-02 -9.2515678233540607e-02 7.4839577316234140e-02 1.1640211410545800e-01 -2.6739387491699701e-01 -1.9058667090996659e-01 -4.1366685079914207e-02 -4.2662647796301344e-03 1.2626516748534031e-01 -2.1628376166033630e-01 1.6477559854770599e-01 6.9941128087777837e-03 -1.3947746048746440e-02 -5.0210139942025840e-02 1.2542496491095201e-01 1.5775078105508131e-01 -6.7264809126223735e-02 -1.7786046094723790e-01 2.6862500344965491e-02 1.3555189786342059e-01 2.4432070085437560e-02 -7.0472792516934155e-02 5.7479635091278500e-02 1.5933270775830929e-01 -5.2077527574119292e-02 -5.2236294424040368e-02 -9.0162318416933604e-02 7.3460696246013091e-02 -8.3881610723027772e-02 -4.4459361728744998e-02 -1.5791278665937811e-02 2.5104636343215181e-01 5.0395653573694632e-02 8.1389290338447287e-02 -9.2966531065781802e-02 -7.8462875076755756e-03 -5.2386740050955269e-03 3.8944000881191432e-02 -9.5055446644921021e-02 4.1111242771946638e-02 -2.0749686424989838e-02
1.2923626288394829e-01 5.7896727732944818e-02 -8.7169539174386190e-02 2.1451076192979961e-02 -6.3604113100654142e-02 -8.5045627268399510e-02 6.5683577206144721e-03 3.9347059008598166e-03 5.3190978353910692e-02 -1.2064200481785860e-01 -2.7212235914349531e-02 -6.1992728808834073e-02 -3.8883190996823212e-02 -1.1884865387465050e-01 1.0150902893379930e-01 -2.8083654303237171e-02 -1.5698714378500089e-01 -9.1305487746776728e-02 4.7197826495585647e-02 -1.1551445669028300e-02 7.2286552431333931e-02 -5.5183321015271028e-02 4.3018658973173647e-02 -1.5593624171370829e-01 -7.7430353901978166e-02 7.9122971741907341e-02 -1.1222245725785859e-01 -4.4213734189888089e-02 -7.4196696918935864e-02 -9.0169076230532191e-02 2.2497077044450892e-02 2.6173481650498719e-02 9.7996974345346988e-02 1.5149184469216151e-01 -1.4452852579126260e-02 -3.4882469867686693e-02 6.8855933687577642e-02 -1.0443651815042790e-01 6.6321237472936945e-02 -1.3670518749128171e-02 -4.2975186637198647e-02 -1.6603098844946589e-02 1.6003159734775671e-01 -9.4502033955103891e-03 -1.4443475345677020e-01 -1.7437126245442999e-01 -5.7027456593943142e-02 -7.6224350509238497e-03 -1.8470923860620569e-01 3.2562070166117292e-02 -6.6991919190054317e-02 -1.3406510391840470e-01 -2.0695096836627219e-01 -6.4610311795774339e-02 -2.8696670848024110e-02 5.6906822135036360e-02 -4.0886340438155228e-02 7.8532396705403240e-02 -1.2050100426978300e-01 8.1753912909330637e-02 3.4009502672548313e-02 -3.8730213585368961e-02 -1.0140561386194470e-01 -1.2255826446083400e-02 -9.4674445373209848e-02 2.6690903452786869e-02 -1.6087197547160670e-01 -1.9327347345883919e-01 -2.9194420003417491e-02 1.2194673957087659e-01 -4.8839388142694291e-02 -3.3523348254173392e-02 -3.9075641904272977e-02 -1.9567944138322799e-01 2.7585170358225802e-01 -6.6225045250054820e-02 5.9674018623896652e-02 -3.7567347299920131e-02 7.6860582855611055e-04 -2.3783864977454980e-01 -4.4556185024939063e-02 1.7305667699181149e-01 -4.7229118167855980e-02 -1.2014763356096669e-01 -1.1449935724428020e-01 -2.3754981714246379e-01 -1.4966052825895190e-01 1.2799281757831921e-01 -1.2419786977931289e-01 1.7793840719526301e-02 -2.3652473402977901e-02 4.6701085239220140e-02 -8.5834649868034685e-02 -1.6545704728748900e-01 6.4929320992815703e-02 -1.1426617406242860e-01 5.5832046306122159e-02 -3.2975221138148290e-02 4.2844685497181088e-02 7.4527570264179555e-02
-4.1583300900880520e-02 3.2121857327898240e-02 -9.4726780827830245e-02 2.4169044405048690e-02 -5.7387914817530493e-02 1.8605279712836129e-02 -4.5908150061480892e-02 -1.8697165262091020e-01 -1.0394669562004530e-01 2.5862145236994750e-02 -3.6628498257173160e-02 -8.6893199332125082e-02 -1.6074922889820689e-01 2.0117366562587649e-01 1.5857023770462661e-01 -3.3280715380241223e-02 6.5900992395884164e-02 -3.2091521075862182e-02 -2.5385547238671279e-02 -7.5828767775790546e-03 2.2009889019335591e-01 -2.3295210055612720e-02 5.2390211061636577e-02 -3.6418822631862691e-02 9.3521140945390709e-03 -8.6348378786537519e-02 -2.3361083862646981e-01 3.1313368234216217e-02 -1.3524562164771220e-01 -3.3386647179580509e-02 1.6642901238409460e-02 -1.6720439201681429e-02 -2.7735315542732458e-01 2.9804072959631150e-01 2.8775851588382851e-02 -7.0859854330389951e-02 -1.0583656330817551e-02 -4.6294592738216900e-02 -2.0219499411359401e-01 -7.8311102166616665e-03 2.8758302682958491e-02 2.0404565420717442e-03 7.4683789198514719e-02 1.5707520952098479e-02 1.2329674897077970e-01 6.0780521874770929e-04 1.7546046628406239e-01 -2.0340476370100891e-01 8.4111737391801028e-02 1.4025764363393410e-02 1.5690474934689430e-01 1.1767130183946010e-01 7.4066745143938892e-02 -1.3707971007867640e-02 8.4000777893366921e-02 2.7310568501097521e-01 2.6178735151887990e-02 1.7946603808238731e-02 -9.5074586137870717e-02 -1.0192358833727870e-01 -6.8207081302160993e-02 -2.2734948283029272e-02 -7.2481649193066964e-03 8.4003799078721117e-02 2.7393412704766140e-02 3.5896341914852969e-02 8.1487431468878713e-02 -5.6195925905798708e-02 -3.0290066047838168e-02 -9.1867040691931703e-02 3.4595961168718291e-02 5.9364739531203537e-03 -1.0211429790010119e-01 -5.6735026434433358e-02 -5.3737266967016681e-02 -2.2366856450441348e-02 -2.9206877032202989e-02 -6.1055902950428453e-02 -7.7751148602541467e-02 1.4283872761876060e-02 1.6136546177540040e-01 1.3220846451936630e-01 -2.9094501679614759e-02 -2.9399937566713160e-02 -8.0503912255873514e-03 -3.5646172153615673e-02 5.7676599064532312e-02 2.9181758691177721e-02 -7.9185706074858211e-02 -1.6751120357643010e-01 2.4426642007281760e-02 -6.3709434940861049e-03 1.9735312455383311e-01 5.5749374858116992e-02 1.4869423315398800e-04 -1.0929234641691020e-01 3.4937444372191553e-02 1.4970346898088149e-01 -5.8649527684228618e-02 1.3954596867685361e-02
8.9075483453443877e-02 -9.0702660201162910e-02 -1.4296631149329439e-01 1.3393580160229099e-01 -7.6589609660825772e-02 -4.5554803877290488e-02 5.8959900954938402e-02 2.1622372353888829e-02 5.3207816823845837e-02 8.5372950753688379e-02 -1.7698629262161369e-02 8.2547979576674146e-02 -4.6755818670206173e-02 -1.8235697145190070e-02 -1.2654613151257180e-01 -3.2014622579701758e-02 1.0410977843694259e-01 4.3317912335723158e-02 7.3269147600235091e-02 -1.1828134342889091e-01 -5.4051791583076388e-02 8.8732756304261584e-02 -1.7177432422872421e-02 2.3960372585529240e-02 1.5103146068697979e-02 1.3274241064579481e-01 -1.3857304192929440e-01 2.4389908100266961e-03 7.9428719182577670e-02 -7.6205973765309234e-03 1.2469009030464080e-01 -8.0882534288457653e-02 4.2855966523574294e-03 -2.2353600179696089e-02 -1.7265146483632460e-01 -5.5343907117827551e-02 -2.0121291444762390e-01 6.5263975464429649e-02 -1.9813298253267140e-02 1.3114639747285170e-01 1.0477293857965179e-01 -2.2540781208481769e-02 -1.7568085473608050e-01 2.9621840226055213e-01 -6.2488861377451516e-03 -1.0826484957904840e-01 1.0231499140690060e-01 1.1142970150894151e-01 9.1036504311776567e-02 1.3962305778869810e-01 -3.1817163120323788e-02 1.1422602429586470e-01 1.9111789964457501e-01 -4.5768981764318069e-03 1.2492302161424200e-01 -2.3444657534117549e-02 -1.0909084132908951e-02 5.6685848562310813e-02 -9.3331103546557978e-02 1.3095197663814309e-01 -1.7856650039204398e-02 -5.8221784304326479e-02 -1.1246510621810241e-01 1.3447149045430771e-02 -3.9567004868433342e-02 2.2632710704514380e-01 1.6835025787587030e-02 -1.7344052335127569e-01 -1.8219056478521931e-01 1.7159577502198090e-01 -8.6064100950792533e-02 -4.8501692230520407e-02 -3.2097531712336570e-02 -6.7236248702365851e-03 4.8481350420947651e-02 5.1426149452471780e-02 -6.2957842091338326e-02 -1.3588748375429541e-01 -3.6192672515008323e-02 1.6414241135317251e-01 3.9745151522435152e-04 9.2842887711166805e-02 -4.8910298223603613e-02 1.5770588716736461e-01 -2.4516338436615600e-02 8.5396798363016779e-02 5.3291897273140551e-03 8.0957329003111034e-02 -1.1628269874490420e-01 2.3018881128610311e-01 4.0497576934528857e-02 -7.2403046354416176e-02 -6.0109212084425809e-02 1.8461325445470481e-02 1.8466086653849551e-02 -2.1963752516980930e-02 -1.8971868335627820e-02 7.3505346825679274e-02 1.4890277006604241e-01 1.3420220272342920e-01
2.2796521398557271e-01 5.3585324856900290e-03 -1.2830655332934821e-01 -1.2116873648752290e-02 6.1414598583873492e-02 -7.1378146587837343e-03 -1.6750708933803121e-02 1.5798252113710490e-01 -3.4481303209074297e-02 5.2993006588419662e-02 -6.9685229827012501e-02 1.0637258442775600e-01 3.3196736563194350e-02 6.3666112351617163e-02 -1.7222346118938560e-02 1.1077244492652040e-01 -7.8482018971212278e-02 1.4759238315266789e-02 1.4656964148799839e-01 5.2210398711689261e-02 1.8175810365424280e-01 3.9940004507631598e-02 1.4274975752746721e-01 -1.4866975865953880e-01 -7.3504052922731933e-02 -5.0027244484964949e-02 -6.2072942886145011e-02 1.5132206255570979e-01 -8.8014147711245355e-02 1.4429236051247080e-01 -1.0994639881155529e-02 7.7971797971567308e-02 1.0859239750097460e-01 -1.0009466146136529e-01 1.5020442118941060e-01 9.3277707714710986e-02 1.0417082708473099e-01 4.5386078342270410e-02 -3.8934229622328113e-02 -4.9554783206680171e-02 5.3686834355190872e-02 -3.0880246056456440e-02 -1.4062722233970909e-01 -8.3144992815255045e-02 9.8913926340858743e-02 7.8809365798197306e-02 1.7053045394886449e-02 2.4432524418198671e-03 -4.6836743691614523e-02 2.3839277692954781e-03 9.5180952674763897e-02 -8.0614259053960260e-02 5.2959493851137802e-02 -9.9579469607228351e-03 1.8141337221430240e-01 2.1163052329374842e-02 3.6569626007432417e-02 9.4395214616774012e-02 -2.5459325084634991e-02 -6.3122770215032842e-03 1.8611348998497121e-01 2.0372884141681821e-01 4.2802313603702742e-02 -4.1333979020019519e-03 -7.6996137691472108e-02 1.4570065373312410e-01 8.1694478786759357e-03 -7.0272203580708598e-02 -2.6191038742676941e-02 2.4690659184999231e-01 -1.6151294257862461e-01 1.6321158397884361e-01 -1.2610402984886079e-01 9.1766368700436238e-02 -8.9431057296392447e-02 1.0670729234503409e-01 1.1114667319609510e-01 1.4020119241787460e-01 -4.7534354123223398e-02 8.2884889152167782e-02 6.9899707636197517e-02 -8.2647177747048588e-03 -9.4193519257418645e-02 -7.7514231580471341e-02 5.3100796287985808e-02 -2.9142273890849110e-02 -1.2924240538011719e-01 -9.8541456251191192e-02 -6.5375785105414308e-02 3.2155596084619417e-02 4.6363259637592427e-02 9.2297312183041186e-02 7.7804696015527822e-02 -4.7757454876577107e-02 -7.9160883824835812e-03 1.3941054421285881e-01 1.7205124949546771e-01 4.5883568351704332e-02 -2.4644407304748681e-02 -2.6490492202577942e-01
-2.7251421183864370e-02 3.8790723971258351e-02 -8.5008916226404441e-02 -4.1192654592822809e-04 1.3821809195238821e-01 -3.0486261275982481e-02 9.8039988369526751e-02 -7.1540708200836134e-02 3.4736574547335343e-02 2.1782106499425621e-02 1.7346347136435730e-01 -5.9070074825604772e-02 2.1996693321659551e-04 -3.7620770257717873e-02 3.4175748138089199e-02 -1.3492887689813809e-01 1.8027323466536799e-01 -1.7218405610622309e-01 1.8772949472468631e-01 8.7908342322362026e-02 2.0260019086046039e-02 -2.0804876963865591e-02 -2.3471689285768399e-02 -4.8214607313195643e-02 2.9160760562457227e-01 -1.4884711161756770e-01 -1.5544763994387201e-02 -5.7642913142095529e-03 -4.0277047641583470e-02 1.3906684496930241e-01 -8.2337341159445729e-03 -7.2395044783780338e-02 -1.8918015208544900e-02 1.2595998795473820e-01 2.9446235496470761e-02 1.4127089404674770e-01 4.4747098831193870e-02 -8.8063483431179215e-02 3.0078559871785759e-02 2.6642708022874408e-02 2.5191512716217510e-03 6.9234999257216392e-02 -2.3339727666256082e-03 1.1292368088729490e-01 -1.2546640884798160e-01 -6.6793045863883960e-02 -2.1643731190308779e-01 -2.8726741462706859e-02 -3.9704293066416083e-02 1.0731219067485110e-02 -8.0155942791417370e-02 -1.4760751323585260e-02 1.0140634311759569e-01 4.0601903521101337e-02 -8.4017616798487196e-02 9.6134127469814382e-02 -2.6048850154905567e-01 -9.9177823390166731e-02 -8.9617646048156113e-02 1.3887606923995621e-01 7.4942883743606428e-02 -1.3836170835146560e-02 -2.1800583259398870e-03 -3.9240090142054131e-02 9.9240335313578211e-03 -1.0103137117411660e-01 -8.8222831023628268e-02 -5.4037341398019349e-02 -6.8747859433811898e-02 -1.2200848885802430e-02 -1.6403388258544641e-01 6.4860577564295212e-04 4.0808702065161732e-02 1.1723239633630640e-01 5.9603923863085412e-02 -5.7850684600993872e-02 -1.3658438597271799e-01 7.1175811672407573e-03 -6.2409186401335200e-02 1.0937235431783840e-01 6.5566228492873649e-02 -8.4604084790013745e-02 1.5839302597537969e-01 1.8791695427256269e-01 2.0234733338499081e-01 -1.8622089437394010e-01 -1.0711644849064800e-02 -7.9678631280518275e-02 1.8139075420863571e-02 -6.2007191180003349e-02 2.4324517780023001e-02 -1.3834424168598489e-01 -6.3629728631001414e-02 -1.1704017920056441e-01 -1.2952377369182561e-01 6.7220146107202769e-02 2.5742309255021991e-02 1.1038527122045499e-01 -6.5064333425890561e-02 -1.7529665439025441e-01
-6.9754184323069138e-02 2.0472892153521830e-03 1.0885089549348149e-01 -7.3979300266149114e-02 4.9392865951753497e-02 -6.6599715032652385e-02 -4.2314428332855272e-02 5.7034699971509797e-02 -6.2760013178446566e-02 -1.2545645721331949e-01 -4.2768497023160858e-02 1.2306470303560170e-01 -1.1177215350298830e-01 4.6705350180830961e-02 6.5499936577512075e-02 3.6237501050851613e-02 -1.2005431307780361e-01 -3.3807249496910760e-02 7.9402970783009078e-02 3.1364832257113930e-02 1.5402391925346251e-01 1.1745792303836830e-02 -2.7479317105099921e-02 1.2364893500248129e-01 4.7727410767325090e-02 1.7983761397744541e-01 -6.9217879524167886e-02 4.0429984135227279e-04 1.4959919289267390e-01 9.3047347582068188e-02 3.0976146828536021e-02 -2.4182785292975251e-01 -1.5164981526416310e-01 4.4985639993070502e-02 -1.2998678364708041e-01 9.2951999665443139e-02 -1.3588913928685570e-01 -6.0603012024314111e-02 1.8689905977342100e-01 5.5460260608369581e-02 8.7328011234114669e-02 7.6037001873538027e-02 1.2732597384582331e-01 -6.5643364916124769e-02 -2.3576975064885920e-02 1.5508921876060189e-01 1.1434526904835510e-01 -7.3431576833730125e-02 8.2177386979152917e-02 2.2185884233500229e-02 -1.6557296942472849e-01 -5.4742690511983223e-02 1.6499784962977781e-02 2.1411391058423750e-02 -8.2477568291182565e-02 -4.8863723522487218e-02 -1.8171642192413361e-02 1.5947252831466410e-01 -1.9723389790806980e-02 7.7543776582106150e-02 -4.1212257993711622e-02 -1.3031626697105289e-01 3.4722548134012488e-02 -1.6573840450648750e-01 7.9603945300014717e-02 2.2230090604888719e-01 -1.2885456122800501e-01 8.3771000138249882e-03 -7.9120551852160511e-04 -8.9518450941253991e-02 8.8786234786529014e-02 1.3910145882364131e-01 -1.0439229939502670e-02 2.2683997400602129e-02 -2.6512275975015140e-02 -1.3920621348532250e-01 2.5535341062831101e-02 8.8893390537604006e-02 -4.0584620960738449e-02 -2.4909890443697350e-02 -1.5446501930993661e-01 7.2749132145015591e-02 -1.7257378420510411e-01 5.1228250408951792e-02 -1.0543429367145429e-01 -1.1080839733301261e-01 9.2553787517141078e-02 -1.7717210283579071e-01 4.5906590069579546e-03 -1.3556226998824821e-02 -6.6144780100091574e-02 2.9514847876166671e-02 6.9518809572410398e-02 -6.6198078101727231e-02 6.1976125897356037e-02 2.1235228388754659e-01 -7.2668058503907604e-02 7.9380321214545857e-02 1.0527394328612560e-01 -2.2614429113317250e-01
4.8188884453557630e-02 -4.3937709045486592e-02 3.3033119625548113e-02 -6.7687531591746841e-02 -8.0053396840160787e-02 -3.8578216952722698e-02 9.7759035989167839e-02 5.4476426369051242e-02 1.2012764286491109e-01 1.8172653245515710e-01 -1.4413827662533121e-01 -9.1088133285213549e-02 1.6049607092796170e-01 -1.2534147777431390e-01 1.0223036288333701e-01 -4.0491604589354059e-02 -1.0136042727198780e-01 -6.8668218092197350e-02 -3.0197811097695610e-02 -5.4251111558908431e-02 -5.8560131168627273e-02 1.3979382044115221e-01 1.1412526435125520e-01 1.5843055939193590e-01 1.3453193214440051e-01 -2.2962565603086200e-02 -2.8046029978234740e-02 -3.0845619017459341e-02 1.3258871536770370e-02 -1.3155380040528800e-01 -7.6799547737071939e-03 -1.2603008175890279e-01 5.3167312519850393e-02 -3.3382762341971593e-02 6.0070762134733433e-03 -5.7546604770641822e-02 8.7118132584526858e-02 -4.8273625083486413e-02 2.5089177682894250e-03 -6.2188745297009927e-02 1.3392507206632590e-01 -7.6061905176665223e-02 7.3084277791030328e-02 -1.3592154001176651e-01 9.8472976713733312e-02 -7.9936142519906300e-02 -3.8374030793065457e-02 -4.5395464529719223e-02 3.5988719704823690e-03 5.6576166999938851e-02 1.8800554752408491e-01 -1.6293883004636889e-01 -3.5056557156902209e-03 -7.1570069103422271e-02 -3.0050875176197221e-02 1.0074455500379420e-01 -1.4043140178415500e-01 -3.5953706070379760e-02 -7.9855070083638111e-02 6.8039938699518868e-02 2.8737401474110760e-02 5.4796719326727687e-02 1.3304075632686141e-01 -6.5185525377653902e-02 5.0793983549647488e-02 -1.4926673562470660e-02 6.3490615276694001e-02 7.3052824928571916e-02 -1.7257967951088071e-01 -1.5141976808843430e-01 2.4142931148274621e-01 7.2322336369568779e-02 -2.3802088440386660e-02 1.4009747437235751e-01 9.6343862535799366e-02 9.4589102606058129e-02 1.9620956576108961e-01 -2.4786967629153160e-02 1.9790622138247169e-01 1.6993634057120949e-01 1.3159684197012039e-01 6.9954605328911387e-02 6.9937566694220528e-03 1.4564942428701791e-01 -1.8753482123252929e-01 8.5727584889058323e-02 3.6266068572177103e-02 -1.4278348239396719e-02 -2.2369841065198051e-01 8.9147805570031942e-03 8.7568398711907580e-02 1.1574422813837930e-02 -1.4358178406635341e-01 -1.0327945108273701e-01 6.8674872462625852e-02 1.9617958133475319e-02 -5.6141635478937968e-02 1.1937462193952200e-01 -5.5838101803947167e-02 -4.6715089710949807e-02
-1.5932865650622699e-02 -1.8418661655679869e-01 -7.9868629833855370e-02 8.6529566152951418e-02 1.6698442925359211e-01 7.6678302992190486e-02 -1.7249488382807779e-01 2.2020108114640100e-02 4.6550977693423810e-03 2.1292297310723862e-02 8.0058423067699877e-02 1.1286896427445441e-01 1.5311957875188209e-02 -2.1909098930818299e-02 -7.0053381837132125e-02 -3.5853885879752342e-02 -3.5259993757377157e-02 3.1140454699942460e-03 -7.5088351757611541e-02 9.5895494173595750e-03 -8.8551195911096989e-02 -5.4944344701818070e-03 -1.7521995411354199e-01 -8.5360154668674415e-02 1.3282920857121719e-01 -1.4002570537666280e-02 2.2047861857043069e-01 -1.0771681129220090e-01 -1.1794874376597950e-01 -1.2959087959132140e-01 -7.1017621542880965e-02 1.2514357199978801e-01 -3.7593827104689038e-02 5.6799040507032481e-02 -2.0996536491448500e-01 -6.7972067128636932e-02 -1.0331682801521010e-01 -1.8724970365802679e-01 -1.3812247018138851e-01 1.0682662009246280e-01 -1.9482023517618321e-02 -1.0272170307367900e-01 5.3531008432171692e-02 -9.9996742163260904e-02 4.6155691454274658e-02 -1.1365452288688060e-01 7.3065267511374349e-02 -9.4945243730096843e-02 3.7148265532706642e-02 4.7340050239424260e-02 -3.5934333417633899e-02 -2.9246848458390731e-02 3.8142280563629359e-02 -8.5638658807150797e-02 2.0875757505761691e-01 -1.1826233233728960e-01 -8.6534934752851206e-02 4.0470388104561383e-02 -5.5324056518944467e-02 1.5555491895842610e-01 1.6905518456592811e-01 7.3100823999291090e-02 1.3868158106343390e-01 -1.2494772806454320e-01 1.5072194086640531e-01 1.2758604281603669e-01 4.1604046740443497e-02 -5.9001697484144307e-02 9.9876367335013205e-02 3.5986608289690303e-02 8.4104059098031023e-02 1.3551750165924831e-01 -4.0906831884543957e-02 1.8860395496841941e-02 9.9164287262476142e-02 -5.1133987681462031e-02 -1.5820678451770340e-01 -5.6682738636016618e-02 -9.5395692839223278e-02 -6.4391181105506567e-02 1.7092860276884730e-01 -2.0205498310908170e-02 3.6257644803998908e-02 -1.7700203419001029e-01 -1.3241256694350200e-02 8.2574534821245410e-02 7.4431350400828364e-02 -7.7884302064683650e-02 -9.9948891479859817e-02 -7.1665476620654617e-02 -3.5925871128304497e-02 -7.5449093738254897e-02 -7.9532021541249484e-03 -3.4847050767516138e-02 7.9163895710140431e-02 -1.5431393668985660e-02 -2.0556619269047750e-03 -2.2572420148989561e-01 -7.8832080561980086e-02 -1.1940792076694970e-01
-2.4550848761814509e-01 -1.0492955704885371e-02 -4.3663123192455529e-02 -2.1968113835104000e-01 -1.8831544020003860e-01 5.3125553281003088e-02 -2.7338072517052892e-01 5.2648929487072872e-02 4.4552431334444823e-03 9.4742351222940058e-02 1.3751778460432029e-01 -1.0922666744928730e-01 9.4265915064334418e-02 -5.0840724487014231e-02 4.9898411524017083e-02 7.3374170674299286e-02 8.5748654646169611e-02 1.1016745552099370e-01 1.2951892069212381e-01 -7.5547533804710007e-02 -3.9551783165908072e-02 9.1650423091316879e-02 -1.1319544535387730e-02 9.1379180803459095e-02 -1.8628094139691641e-03 -1.2652794056529949e-02 -6.3770851778521334e-02 1.6868234384738590e-01 1.5217184064870080e-02 3.9395154090251010e-02 -1.5605077967049760e-01 1.5304813389353181e-01 7.7941720186162397e-02 -4.3884698433864201e-02 -6.7135358695096153e-02 1.5983039781457151e-01 -3.7290701605572733e-02 6.0039674516504632e-02 -1.8537730865689581e-02 -4.8652230521731357e-02 -1.5910489295165309e-01 1.5317843995363031e-01 -2.5788445537419071e-02 -2.1599107982811210e-03 -8.4868127088914919e-02 2.4236897597926681e-02 -7.7233085379936556e-03 -3.5095397333469221e-03 -9.0493692611834618e-03 8.0364956316641395e-02 4.8534867942372849e-02 -1.1324763436083669e-01 -5.3060531678511803e-02 1.4704562462579610e-01 2.9992755371991010e-02 -5.9715777644058797e-02 -2.4048991909130760e-01 2.6204618691358868e-02 -1.1567387575726749e-01 -8.8251376011829183e-02 -3.4335677739077669e-02 8.8927664073114171e-03 -6.5800499245165192e-02 2.1158159964458620e-02 7.4592098108296534e-02 1.1420850886551639e-01 5.9080514843944443e-02 -9.3424541259371566e-02 -1.5130985314858120e-01 -6.3680899347569979e-03 7.5983711138613427e-03 4.2997995192916569e-02 -2.1300833844284019e-03 -4.0885529292071170e-02 1.1049056818315919e-01 -1.5466328576352091e-02 1.1025785983047109e-01 8.5179005831601165e-02 -1.8704149649367360e-01 2.8176815131370690e-02 -1.0863613227054000e-01 5.0535937937616307e-02 7.5328121399788145e-02 -3.0604889004824099e-02 6.4828916814595752e-02 1.0312560186594580e-01 1.9595466405311271e-01 2.0920147009196391e-01 -8.1091695645192072e-02 -6.8761632181613686e-02 -9.2978486717015821e-02 1.5414998703342531e-01 1.0687884659790330e-01 -1.9798714268102719e-02 -1.5757718573720339e-03 -1.2886398133397059e-01 -4.5664238641047447e-02 -4.0495747248533838e-02 5.3580769707009902e-02 -1.0351040268573029e-01
7.8522237968508130e-02 -1.0144505700910290e-01 -6.5507838411639305e-02 2.4778109950737041e-02 -2.8538869359816111e-03 -1.2205460702748090e-01 4.5972810794591347e-02 -1.1531472100260590e-01 9.5599155513544490e-02 6.8663100052624229e-02 -1.2326265763207470e-01 1.0125905613456930e-01 -1.4948194065835920e-02 -1.8245965393172501e-03 -1.7802077450033990e-01 -3.4287485277143023e-02 4.5060558584555682e-02 2.1630692385141501e-01 -3.3653794468378052e-02 -5.3064308759727771e-02 1.7889198307856648e-02 -8.0248523728060822e-02 9.1029056464255464e-03 1.2004508198733730e-02 -1.8955336735271780e-01 -4.4490524403078290e-02 5.4490441506381597e-02 -1.6887391657038861e-01 -4.4387246758858259e-02 9.0082694269281130e-02 1.1779471299482860e-01 1.9785906238638801e-01 -1.1397808133030740e-01 1.4664888222640610e-01 -2.9386316194387641e-02 -7.6087222988148309e-02 5.4678390819848351e-03 -5.3860800931094063e-02 4.8778799537345839e-02 -7.2539276273191636e-02 -1.8187036315933339e-01 5.3511625310435247e-02 1.8820569322677960e-02 -4.0987719209488398e-02 2.5763538118122362e-02 3.9464408420867507e-02 -8.7311063510090936e-02 -1.7720696069972561e-01 -1.0666754802010840e-01 -7.6988457101369548e-02 -9.3772858308444878e-03 2.0100398618866371e-03 -1.4080294919144851e-01 -8.7604416062699850e-02 -3.5909679793008388e-02 -5.0034374996230591e-02 1.8422219234975491e-02 -3.4542406410015868e-03 7.6988857936089649e-03 7.1666204062975358e-02 -5.3643859297752873e-02 7.6736694683894782e-02 -8.2391225975301463e-02 2.0171128102817449e-02 6.5649292690493258e-02 4.8551803580525299e-02 3.0693187268012539e-02 6.8202064167204826e-02 7.2260900507175943e-02 -6.7636098320165809e-03 -1.3103476325293170e-01 -1.6064596817737140e-01 1.5432150064576231e-01 8.9260821433628443e-02 -1.9270279967335831e-02 -9.9677558200771940e-02 1.8229858122862311e-01 5.5152325940633358e-02 -8.3994653995929244e-02 8.6731768446817979e-03 4.8743753172804882e-02 -7.9420082374996329e-02 -4.4398136295925060e-02 1.8554090718387259e-01 1.0049130344172190e-01 -5.2565551145776268e-02 1.5577341314326729e-01 1.1045749711960780e-01 -2.7218253266888709e-01 1.0608052626635180e-01 1.3824652469643259e-01 3.4080980982963471e-02 7.5971539222925821e-02 -6.7969320366575131e-02 3.6278247212729382e-02 1.6585719992702169e-01 -2.8344982688449999e-01 5.4423497618166873e-02 -7.1387516192065346e-03 -1.1804242430905620e-01
-5.7588965860506887e-02 -7.7595510547856988e-02 2.2854103344536528e-02 2.1814327655603041e-01 1.6849704510110700e-01 1.9483935119976231e-01 -1.3691579838286770e-02 -8.6061850761567091e-04 -1.6211096934366759e-01 1.4312088047750349e-01 8.2762315551731624e-04 1.3803234604879609e-02 -7.6372637616177186e-02 -3.4036846596130388e-03 2.5606478106199759e-02 -5.4353096821072693e-02 -1.8840524335798789e-01 1.1956757534725460e-01 5.2893404127329943e-02 9.2906937223951672e-02 -7.6450258607064600e-02 9.4793803118796136e-02 9.5470083200222725e-02 1.3343196490729509e-01 1.0592133819805030e-01 9.3355609795191447e-02 1.6745449315307570e-01 1.3574572232240639e-01 -3.9674362687464992e-02 -3.0306590435884268e-04 -3.9068617842210806e-03 1.3291839713319331e-01 -1.6622492803929020e-01 4.4695685943606001e-04 1.3449239623111250e-01 1.0430389640401130e-01 -1.7298603887781719e-01 -1.5593569813637140e-01 1.5422911351372501e-01 -5.8800671159623577e-02 1.4950232256717930e-01 -3.6226075939890683e-02 1.1329179166025100e-01 1.6276796974395891e-01 -2.3827094930777538e-02 9.7047554084349012e-03 -1.7260205410596050e-01 9.6441203110279247e-02 -1.7823547094579811e-01 1.4736406034694349e-01 1.7099659145075891e-01 1.2394547501199110e-01 -5.0657765700196380e-02 -6.0056392839202451e-02 1.9496097781389572e-02 8.3637170451637710e-02 3.3436529155838987e-02 7.7158107995078606e-02 5.9146876599202917e-02 5.0084268710767162e-02 2.0300498292289158e-02 1.3350809659616281e-01 -4.3571416720353723e-02 1.7803229045450780e-01 2.1248512806865551e-02 9.8908069203161295e-02 -9.9094143027867329e-02 1.1166676749216510e-01 7.9996968010816696e-02 -1.5216770448300659e-01 -6.1949452263028153e-03 -3.6901527235881998e-02 9.3112298024051812e-03 4.2756472673000048e-02 3.0447655044192432e-02 3.4726442333506378e-02 6.5638394448494161e-02 -6.4993461742588896e-02 -1.1469996224996340e-01 -9.2035568433153525e-02 -1.3688260808690089e-01 1.2438501329311651e-01 -1.0477123138191911e-02 7.3434742401423475e-02 4.2180622358379133e-02 2.3843724422972858e-02 -1.1103708351463020e-02 -1.7476142289921660e-02 -5.2110384787918069e-03 5.8941112769143038e-02 4.4121378490912980e-02 1.5771545216250801e-01 -1.7831718034746070e-02 -3.5208790260322857e-02 -9.2196077785086622e-02 -1.4161032590062830e-01 1.0612294111099130e-01 4.1406439618992208e-02 -2.5663138224425119e-03 3.3545108630804320e-03
6.8502009265275762e-02 5.6494351289354511e-02 -7.3960258566650741e-02 -5.3264877046723877e-02 1.2760518453277600e-01 2.9794544960827420e-02 5.8027311011227016e-03 2.9349366113300918e-01 2.1691087413628529e-02 -5.2796310329445151e-03 1.1690797345429969e-01 7.0007170241545111e-02 -1.2794659415323401e-01 -1.4443700388520250e-01 1.7485496193870009e-01 -5.6172909719057751e-02 -1.2809664493879731e-02 -1.1634478910742249e-02 -7.6469543805649728e-02 6.7753598132600221e-02 4.4221358643934540e-02 -1.1109155400018590e-01 8.1871877688772299e-02 -2.4053889138822901e-01 3.4515349846882128e-02 1.0070212144092799e-01 1.4390254537070549e-01 6.1305975338066282e-02 2.3121661289319689e-01 -1.2314061162478800e-01 8.5982565077338882e-03 9.2362060812059707e-02 -7.2752740809969671e-02 1.7365469572188510e-02 -1.3401578318177620e-01 -1.2482976897967731e-01 -8.8846831278364870e-03 -8.2728964188111515e-02 -2.4788205589028989e-02 -3.4698307691663922e-03 3.4919100418890313e-02 5.3439219075725630e-02 -1.0239867528312389e-01 8.6276332135840211e-02 1.2648497444194540e-02 1.4845911132625450e-02 2.3068208630009460e-01 1.3557221227497920e-01 -6.3383040027921419e-03 -1.0286532574811839e-01 1.7158347719297379e-01 3.7331008179217161e-02 -1.4024815206845920e-01 7.3197043545728951e-02 3.7967697554958661e-03 7.2156535214951370e-02 -7.3950928731697507e-02 1.8573580900085351e-03 1.2650933385022181e-01 -7.6381728741258550e-02 -1.7018400164850869e-01 -1.2791324653564079e-01 -7.1074396389749897e-02 -6.3350527020151579e-02 1.4959602006139380e-01 -1.8855838369705970e-02 -6.8904905543242606e-02 -2.1692775815481478e-02 -4.6074054166624127e-02 -1.3879568750362520e-02 -6.9063343382873496e-02 -1.0369027073352410e-01 5.9069816497159797e-02 2.1684700015416719e-01 -2.8420889271432052e-02 7.9091543144245255e-02 9.4205798807169602e-02 2.6506885052862922e-01 5.0489760397476246e-03 2.9337123227037510e-02 1.1285457075492340e-01 5.6061716419428018e-02 1.3142426595383000e-01 -2.8148277263126170e-03 8.5630606522576258e-02 -4.3464151623633700e-02 2.4606343299181110e-02 -3.6434732513766659e-02 -1.3878132994071191e-01 -1.4039997994962791e-01 -3.0650993029981751e-02 9.4324585124694067e-03 -6.8274883937845740e-02 2.7124195789725849e-03 -4.4538310534164953e-02 2.3652159630172361e-02 3.5537429374567870e-03 1.7539678817223729e-02 8.9096848387003297e-02 1.0280951383026060e-01
9.5971305822470945e-02 1.9343024569574691e-01 -2.6192616636928089e-02 -7.8322788463233831e-02 8.0661253010839082e-02 1.3690102768080331e-01 1.3931582803816550e-01 1.3592664375794469e-01 4.7527030554718623e-02 1.4825906247485829e-01 7.6942005177331629e-02 -1.4509356195892581e-01 -2.0288117280257251e-01 5.1845007150276512e-02 7.7325419770527218e-02 1.0002679137241249e-01 -9.4648989387902380e-02 2.3088685054231110e-02 1.2813554371226591e-02 4.4980909430111717e-02 1.2639174343914511e-01 -1.1768489433271610e-02 1.5106132295042809e-02 -6.5990717299777074e-03 2.1018957506314200e-02 -3.1960941469959633e-02 -1.2879484542128969e-01 1.9515859774907721e-02 3.6263538993679012e-02 9.7350350071573888e-02 -4.2130667172042960e-02 1.8706211326214081e-01 4.2990986891147671e-02 -3.5712423641944407e-02 -1.8203195445321760e-01 2.7893356772892380e-02 -2.1462039680417691e-01 2.0158108715632350e-01 1.4896677642168230e-01 -1.0490856925144670e-01 4.0580942970457411e-02 8.9303228896163517e-02 6.8661798527577936e-02 1.3327247246294281e-02 5.0528800588602922e-02 -1.4067167434239461e-01 -1.1566980010509600e-01 -3.6967216010165477e-02 -4.7580556448120953e-02 -4.2437517820093008e-02 -8.1155480917781603e-02 1.1692992315661080e-01 1.3188729126258841e-01 -7.8978198462346494e-02 5.4748303256185703e-02 4.7006184614730773e-02 9.4290010627171975e-02 1.0487808650579231e-01 -1.9664055677019329e-01 3.2542475821062899e-02 -4.5464046879373693e-02 -2.2935895173510749e-02 2.6216249135634762e-01 3.0440845218825899e-02 2.3535862418552780e-02 -1.0289589274985041e-01 3.7036792767032659e-02 2.9675121835291592e-02 2.2385115555067531e-01 1.2797140375463209e-01 3.6421568513845717e-02 2.8815347323434021e-02 -4.1777656116252487e-03 -3.7471138656176593e-02 -4.4359541579805047e-02 -3.8193419765675037e-02 8.6241224599396017e-03 3.8454761805996197e-02 1.0385536203425000e-01 -6.3431411678008615e-02 6.0775236343172827e-02 -3.0498151364832610e-02 6.4967455479492328e-02 -5.9495744681328242e-03 1.5410995744815950e-02 1.3672161889456960e-01 9.2803424236355014e-02 1.4040708065140520e-01 5.6250424574868133e-02 -4.1676036104512162e-02 -5.4918877867971658e-02 -6.4757582918537948e-02 -1.9456283534558441e-01 -8.3507230811845176e-02 1.2063411487380719e-01 -5.0248178871312360e-02 -2.1619256583491270e-01 4.1529484412674060e-02 2.2526872122948821e-02 -4.8861377707903469e-02
1.2799555435876331e-01 -9.2103409477080928e-02 9.1677806773130290e-03 -8.3465735258273860e-02 1.9335095660366600e-01 -1.4528229996110681e-01 -3.8422288003990830e-03 1.3759284352943260e-01 -1.1375686713085791e-01 1.1378251089705080e-01 -6.3332880431426014e-02 -1.3403653396566820e-01 1.2962542711257699e-01 -6.6140992848706240e-02 -1.8263412017171010e-01 -9.0398628357440877e-02 -6.0963541551618879e-02 -1.0183910701207201e-02 -7.6877293574601170e-03 1.2307579452181810e-01 1.2443254166169671e-01 8.7826349741794693e-02 -1.6472698661965721e-01 -5.9525065988382572e-02 -1.3698015654956061e-01 1.9591086975806828e-02 -5.9381089801945237e-02 1.6257977816540309e-01 9.6616631393326241e-02 -1.0771668243265940e-01 1.3430796082254731e-01 -5.1832758067009016e-03 -1.1750733839962260e-01 -8.8517512315465743e-02 -1.6924544930124810e-01 -5.5935762406188902e-02 1.0947481062536669e-01 -1.3007406900449689e-01 -7.0676338860053652e-04 -2.5919475294971781e-03 -1.2150643961435820e-01 1.1564553015423111e-02 -4.5964589047160893e-02 3.1366245485949157e-02 -2.7623888481845191e-02 3.7497911424428397e-02 -7.6237311400222163e-02 -1.3639312915448640e-01 -1.6109219553544071e-01 2.0102142138055240e-01 -3.4216107798054091e-02 7.0848097294242199e-02 -5.1295040758595360e-02 4.7529782822850260e-02 1.5483722728282140e-02 -1.4230513265060371e-01 -7.9327680799310282e-02 3.1765656381595279e-02 5.4145486009753593e-02 5.5628621991059184e-03 -5.2891504767201912e-02 1.8599374591621112e-02 -2.9749410752670472e-02 1.5640393999029489e-01 -1.9803003023930341e-01 -4.1723492282110780e-02 4.5219737970720347e-02 -1.0310685021855470e-01 -4.6956044680841719e-02 -8.8174943772037200e-03 9.1093314606922160e-02 -1.2192771091300550e-02 9.8156426498836921e-02 1.8608313746923739e-02 -5.3000781525961667e-02 3.3373677312993899e-02 -1.4430068961175521e-01 -5.9658350392011027e-02 -3.5209932042285820e-02 5.8790775099543273e-02 9.1735116573532519e-02 -1.1637873518991249e-02 1.9522334979075628e-02 -3.0195194827997662e-02 -2.1637950196840999e-01 -1.5929880546615920e-02 4.9208410684588354e-04 2.0435150557761961e-02 2.1046944994592839e-01 -2.0092643295655460e-01 -7.5340527933898727e-02 6.6353942593449233e-02 -9.0520894607473458e-03 7.6380178549316641e-02 -3.5142214834078749e-02 -6.4379580809874756e-02 -1.2388800108226890e-01 2.4368825987594361e-01 -3.7665769858566067e-02 -9.2737653192967770e-02
-9.5491187663713548e-02 1.1634435745624670e-01 8.7051468476039714e-02 -5.3558306686057287e-03 1.1454811842482469e-01 5.4468888031817188e-02 -1.3041310158171471e-01 -8.8977202439879069e-02 7.7399934102609175e-02 -2.0057724400648680e-02 4.6677857923244713e-02 7.9563523401293731e-02 -5.1482547916199523e-02 1.8995048066075659e-02 6.8488511573632296e-02 -7.4323891851564849e-02 -8.6106846690516950e-02 -4.6433219284733283e-02 3.5544454733346569e-03 6.3108226860331879e-02 5.6638788284200013e-02 1.8915645202432510e-02 -1.5190215510068911e-01 -5.1149527835451687e-02 -1.9120437118881570e-01 -1.2567394472114671e-01 -1.4714799329852360e-02 6.1786482778756098e-02 -1.9560961584667200e-01 -6.2089185898326543e-02 -1.5745269327607481e-01 9.5469792460638039e-02 1.4193942326190459e-01 3.3748845342376807e-02 -4.5059669897730407e-02 -1.4612763116753760e-01 -1.6366694713050101e-01 1.6594819480368589e-01 -7.2083125744002247e-02 9.2333181321443594e-02 4.1941154908281507e-02 6.2759628419224806e-02 -2.6921391130606591e-02 -1.1835319663875880e-01 4.6675816218608697e-03 2.4400616075351010e-02 -6.3114056142108785e-02 6.3334127270210747e-02 -8.3995021989600280e-02 2.6279869723044781e-02 1.8225393062178569e-01 9.1014103366833007e-02 -9.2657857108254513e-02 1.9720566451150251e-01 -1.2378998359978260e-01 -5.2871380917052513e-02 2.7705850263056060e-02 4.5879097741926660e-02 1.1230943780018050e-01 9.7454346779717801e-03 2.6417149893530351e-02 7.3612236231735115e-02 1.1309105259814239e-01 -2.5786314923542442e-01 1.2395022797960099e-01 6.7377080208568418e-02 -5.9797584332696330e-02 -1.4449805041934860e-01 -6.1333436968124717e-02 -4.0310224578321847e-02 -2.5970243669351349e-02 -1.2488588089008830e-01 2.0337047775083819e-01 2.9229938519895929e-02 -7.1402030674651094e-03 6.0455733423573729e-02 -1.1867252188336230e-01 -9.7660064925021425e-02 1.2469007839531999e-01 6.9390386082015074e-02 -2.3069771143939929e-02 5.1695106416718116e-03 -1.4947828629374540e-01 2.2628949755740069e-01 -3.8030278560941141e-02 -7.4304982316989190e-02 -8.9976769305077975e-02 5.4585381280665562e-03 -7.6256759892634690e-03 1.4999909234403411e-01 -5.0925945461849843e-02 -3.0833113576353901e-02 1.6228522018041671e-02 4.7085555350683282e-02 1.2565879519226669e-01 -1.1333310635639010e-01 8.4621249216986660e-02 2.1514890000528211e-01 -3.8670321139733628e-02 -1.0247275592566890e-01
2.4870943029605480e-01 -1.8351765957801830e-02 3.3890366130061322e-03 8.8881523855493375e-02 1.0791062033764030e-01 -4.3783411783015057e-02 -7.8689948139889290e-02 -1.4681385375000319e-01 -4.2786254329087697e-02 1.1702314751033050e-02 1.2141572517229170e-01 -1.2112774538740841e-01 7.7449159004386078e-02 -2.0495047082271369e-02 1.4862709477787950e-01 1.1144024212834910e-01 -4.0845064810948670e-02 -6.1187855805490139e-02 -2.9916817104852261e-02 -7.5622214072351972e-04 -1.3406656725204880e-01 6.6050837320385289e-02 -9.2773237229069924e-02 -4.7289699195682891e-02 9.5275042855944674e-03 1.5932113076617660e-01 4.3688495673916507e-02 -3.3069209038036729e-02 -1.3109973270641800e-01 3.6785994165922571e-03 5.5934079691956469e-02 5.4428357117268088e-02 7.8584616631558468e-02 -3.2890847081812023e-02 -9.5552917116641295e-02 7.1190578780497435e-02 1.7179488748937879e-01 7.3612366802079665e-02 4.8504773904682538e-02 -8.2934760703759824e-02 5.7795892261554661e-02 1.0118083411579611e-01 6.3079766524650693e-02 -1.1328561417120300e-01 4.4272808815590953e-02 1.2682901746318870e-01 -5.8574501351186789e-02 8.0511635762252204e-02 1.3548684701447100e-01 7.5522941089675954e-05 -5.3272206118325567e-02 -1.7641202460024829e-02 6.8476178603843821e-02 -5.7598133151304999e-02 -1.6200397064588901e-01 7.2150136298273937e-02 -6.7720480981803596e-02 9.3922286098099064e-02 3.9895939942540273e-02 2.0932630561731699e-01 -2.5032765940486351e-01 1.4322100721230890e-01 -9.2099157052694988e-02 -9.2666441060724016e-04 9.3240757701617730e-02 1.2660978507494841e-01 -1.4802443154546091e-01 -1.8847541121674419e-02 5.3884746122148143e-02 1.4782705754494901e-02 1.2360617150450731e-02 -1.2644093342614121e-01 -6.5011629455456688e-02 -3.3759407156407177e-02 -8.9373638192078719e-03 -5.7170323086825528e-02 1.9028465348826639e-02 5.2980773035327153e-02 6.7860463251385103e-02 6.1490748470171420e-02 2.5457966496445422e-01 9.1139536395693194e-02 1.7286230224938921e-02 -4.9356996418517887e-02 1.5028603556456559e-03 1.4873598950686151e-01 1.3997495667958570e-01 1.8088675347635391e-01 1.5821950178469629e-01 8.8435488810650803e-02 -6.2683663496772707e-02 -5.5454079820212478e-02 2.4955352624007199e-01 -2.4246563445455071e-02 -1.1106264226082140e-01 1.1217357678761609e-01 1.2060869601372549e-01 7.4420300336243209e-02 2.1666669659167548e-03 7.1221624524706720e-02
8.5335158669303274e-02 1.5133237405488911e-01 -1.5123041015325511e-01 8.3052885602368468e-02 1.6358179385923380e-01 -2.4828555507025080e-02 1.8766163426998941e-01 -5.4586594556087558e-03 -5.4302342850686053e-02 -7.5175532946710782e-02 -8.1266382495082824e-03 1.6885177473431831e-01 -1.9812009879780479e-01 -9.8334234150730532e-03 1.0381261232000780e-01 7.8920428452622135e-02 1.5048561881094369e-01 -7.4251612191889374e-02 -5.7472141148764991e-02 -7.6427998833835997e-02 -8.2099533329113641e-02 2.6853599996841251e-02 -9.6676269895815167e-02 8.0109617659028742e-02 -8.2460438454364834e-02 -1.2066073415289870e-01 -7.6089613330103292e-02 -1.3508786971737391e-01 1.7050388247454429e-01 -4.3621768640607281e-02 6.6895618382842151e-02 -1.2658994734554949e-01 -1.3670744131985130e-01 -1.7560315602010840e-01 8.9529644317687757e-02 2.0773163864525199e-02 2.7977747562783421e-02 1.5579298806266510e-02 -3.2125463400240188e-02 1.5837664679166380e-01 -2.5988343971430999e-01 -9.4892789233286215e-02 -1.4088251921043030e-01 -1.9821959802093201e-02 6.7228909976977239e-02 -1.7695545311860611e-01 -1.3078934607100631e-01 6.0750078487232378e-02 -2.9012396007180630e-02 1.1474446684511500e-01 1.2034398946865239e-01 6.1480533584625408e-02 9.8847225786905836e-04 1.0561277835253841e-01 -3.3475414517736952e-02 -1.6529861427131139e-02 -1.9930028340056691e-01 5.3143867970093212e-02 -3.6289739843210080e-02 -1.4242194843061001e-01 3.7973978121854927e-02 1.1273185331411700e-01 8.7256815779515357e-02 -5.1787550706061322e-02 3.4890343515420600e-03 1.2877994360105709e-02 3.0663435510752640e-03 -3.2967476108446053e-02 7.6466090228689554e-02 -1.2606655763067989e-01 -4.6811048992299070e-02 -3.1054078898618529e-02 -3.0447214087450301e-02 -2.2578951736180089e-02 1.1624109457090059e-01 -5.7177535507206147e-02 1.3437830092792649e-01 6.3923121482805670e-02 1.2877486703661890e-02 -4.9355639073411367e-02 -9.2332173230487383e-02 1.6584881994769160e-01 -7.7730846277102736e-02 -8.7186039244890448e-02 -5.8979663006102002e-02 7.6490688112262298e-02 1.9731376139131071e-01 6.8221400902351695e-02 6.4928408328295356e-02 5.6419362184717763e-02 -8.3587606997350739e-02 7.1957394825760537e-02 1.7580866287913971e-02 -1.0017843111258360e-02 1.5696917652552510e-02 7.8058337869585909e-02 8.1769766092233756e-02 -4.1646490030235843e-02 -2.1451572052010351e-01 -4.5621959188403317e-02
-6.6793989283290028e-02 -6.6586182695780788e-02 -7.7445558335546019e-02 1.9523887544936131e-02 3.2834753592559211e-02 1.5770005590614949e-02 -4.6189169130980347e-02 4.4871347563866543e-02 -1.1654211217229700e-01 7.0173681827972345e-02 4.3769465219766643e-02 -3.2539098108651687e-02 1.0106660682945350e-01 9.5754341715394209e-02 -1.0906016859285669e-01 -1.4844815995349289e-01 8.3711770406315316e-03 -7.4664616576383999e-02 4.5231401754573450e-02 -9.1900865377334509e-02 1.2688948458682969e-01 2.3079978420724390e-01 3.4682626845822219e-02 -3.4673877673829533e-02 -1.1481537735987601e-02 -9.3092221509044448e-02 1.0054125743270489e-01 -6.0570984220967850e-02 1.0679960459319229e-01 -6.2224057721069773e-02 -1.8697213348788749e-01 4.7973539347566832e-02 1.0097693444389361e-01 5.0293338782637691e-02 1.2860647843507261e-01 -1.4191352158699791e-01 8.1173103632734930e-02 -9.5525546289112112e-02 2.3249881178696111e-01 -4.5127567528452393e-02 4.1461927786797637e-02 1.0205532324208431e-02 -9.7600492337744205e-02 4.4668551802200113e-02 -1.0497311403881010e-01 -8.1273200783606947e-02 2.2064078047205189e-02 -1.7300932486257009e-01 1.6354150388678801e-01 -2.3900920657271049e-02 -7.0869813668455156e-02 1.2797753055925400e-02 2.4914174933792780e-02 -2.3712653399593320e-01 6.7479982548593914e-02 7.2923147387846124e-02 -6.5748214101176830e-02 7.5269101885631091e-03 1.3872955583227599e-04 -1.6230029410645511e-01 -1.2763728907033420e-01 -1.0750303614664200e-01 -9.5872136984863927e-03 -2.5500791396188719e-02 1.5288470268593060e-01 1.0739553904135400e-01 1.2171956949957261e-01 1.1200587873777471e-01 -4.9600224618862113e-02 1.5899542676622030e-01 -5.7454469634434673e-02 -4.5890292553265488e-02 7.2522060435964195e-02 -1.5228952382352581e-02 -5.4778704723382797e-03 -2.5267497873266480e-02 -2.5066821864013850e-02 2.0882773165583551e-01 1.0181574114897690e-01 -9.8361448902150497e-02 2.4084502503122801e-02 9.6469844042322464e-02 -1.9101939751753089e-01 1.0056688057661320e-01 -3.1914876902270808e-02 -8.4571094317230491e-02 2.7698069726855779e-02 -5.9034105928113204e-03 1.8732805148351289e-01 1.9343180569988230e-01 -1.5201555283024690e-01 1.0129634852252930e-02 -7.2034394263250654e-03 -4.7546337344302740e-02 8.5538565575763500e-03 -8.6113291144435361e-02 -8.6641490584199400e-04 -2.1974094089022211e-03 -2.4778979585857930e-01 4.5347621185600977e-02
-7.3560303767068055e-02 1.7618603917973091e-01 -1.8118919387738469e-01 4.2338068780988641e-02 -4.6019343140057782e-02 5.7445391025573937e-02 -6.8643508104571149e-02 3.8613757290342297e-02 -2.0331354585469960e-02 1.0885099610090861e-01 3.1615412989431463e-02 7.5870863184688622e-02 5.0138949986587349e-02 3.5531591691591487e-02 9.8799936819620321e-02 -2.1527726976240450e-02 8.8426445196094536e-02 -5.0892524595073277e-02 -8.5866561107338091e-02 3.5303084627418317e-02 1.1200570411061110e-01 -4.9155799697166637e-02 -7.7231196020022805e-02 -5.4240417581953561e-02 -1.4677367340702441e-01 3.7737393975474119e-02 -6.2968589333013733e-02 -1.6360907421623819e-01 1.2687757765271479e-01 -1.0356647504814449e-01 -2.4197187258176009e-01 1.4392195791583939e-01 -5.1616424043027659e-02 -1.5015456276865821e-01 5.3823122051678642e-02 2.7553528749781689e-02 -8.9790246255116071e-02 -9.1827771038782841e-02 3.1521673352752612e-02 2.3558474634042550e-02 -8.8614737846803265e-02 3.8112699295268990e-02 5.1024985659766132e-02 -2.4613605745875500e-02 2.0353797855171499e-01 9.6629516534631841e-03 -1.6453425745361749e-01 -6.1676116787387266e-03 1.0073187807573240e-01 1.0372801267458830e-01 -2.0555348021896819e-01 -2.5683510575163793e-01 -1.4007337284502890e-02 -4.6925777213784388e-02 -3.0990339862442661e-02 5.2729368507098133e-02 2.4291022905741290e-02 -1.0407882740148770e-01 5.5890882623424532e-03 1.6442171209254419e-01 2.3688635468167480e-02 -1.8279930977474351e-01 1.7669284533256079e-02 2.4169187162892219e-02 -2.6959401078524858e-01 8.7874527412586029e-02 -6.1140439495883117e-02 1.4786903236186380e-01 -2.8336187000695370e-02 -6.1674527587457402e-02 3.8625700686411341e-03 -4.6546002665346108e-02 -7.0349172950766203e-02 1.8769860262337831e-01 -1.3821499569799650e-01 1.0651857869978290e-01 -6.8577497263573262e-02 -1.4206185131632870e-01 3.1522135876203207e-02 -9.8623065022736336e-02 8.8966980198305609e-02 -6.1908247693481210e-02 -4.4436320746276597e-02 -1.8365294913870539e-02 1.4749734275708470e-02 -5.1489283408186162e-02 9.7756883547771872e-02 -2.0773701460916751e-02 -1.3449034207425820e-01 8.4603301660830146e-02 -7.9905418856698694e-03 7.0884697856967896e-02 8.7372772917402620e-03 7.3773051852229973e-02 -1.1012589048945630e-01 -7.0967973056872344e-02 1.3479077228439751e-01 9.1615636896716104e-02 1.3878961518875330e-01 1.1693399783820330e-02
2.4043083632418871e-02 -1.3922657011329939e-01 -4.0065048647989612e-02 6.4912925445741732e-02 -2.3090395658180999e-02 -7.2779766597789827e-02 -9.0662416309748126e-02 -7.9118799594294645e-02 1.6361441207176861e-01 1.5557505967321050e-01 1.9628180164611281e-01 -4.9818425260635027e-02 -1.3325826765204890e-01 1.5440909071906860e-02 -6.0831682702554353e-02 -6.0168174984037259e-02 8.2738023601503119e-02 3.8517358537138731e-02 -1.0902334434983280e-02 9.1016057316811769e-02 9.9905631567698799e-02 -9.6325654750585382e-02 -1.1843615757650371e-01 6.0533163871824718e-02 1.0331177066175880e-01 1.4226527352167179e-01 6.6700665560590081e-02 1.1366097509302890e-01 1.2835083394888031e-01 5.4148418828016749e-02 -5.6617431927148132e-02 -1.1692818841139581e-02 1.1293290465601299e-01 -1.7639478466886720e-02 2.9267053353036360e-01 -9.6086850685646846e-02 -1.1404127617300840e-01 8.7090510313751729e-02 3.9267999750284110e-02 1.7744475314472579e-02 -9.8820443542792499e-02 1.0463557162561909e-01 -4.1452035883870770e-03 -1.1745138828152290e-02 6.9768281356653639e-02 3.4221370900435227e-02 3.3526017761717472e-02 -3.3572479691142680e-02 2.7971888721302431e-02 1.5351733512353319e-01 9.0997857213805405e-02 9.9097157399529161e-03 -9.4925734515354052e-03 -3.6982551204130819e-02 6.0939390700500889e-02 -1.2274067641110351e-01 1.4553910026480569e-02 -9.9828097670249277e-02 -1.1130939692910650e-01 -1.0284557357383390e-02 1.4805011269612589e-01 -1.3831256075926759e-01 3.4370377136143188e-02 7.1045805096886058e-02 1.0338411040332750e-01 3.2149526774339819e-02 -5.5405155776832513e-02 1.5429913031022939e-02 1.1236158505369241e-02 -9.5423095963903248e-02 -6.0720995991410877e-02 -1.5128778041410859e-01 -6.2930235370594169e-03 -5.9200350875955342e-02 1.6545927258547269e-02 -1.1284273352534679e-01 5.0238945101633507e-02 7.7248113073304120e-02 7.0149567412702257e-02 -6.8059968801260112e-02 6.3134241281054743e-02 -8.8635627824772370e-02 -7.6900893327940756e-02 -1.4548993932801400e-02 -2.7514987810463359e-01 4.9139675020386832e-02 -1.5671456439141851e-01 1.5060480347875060e-01 4.2422693371691508e-02 -2.2700313041271639e-01 1.7462724783183950e-01 -4.6318440117663708e-02 1.2103204663517520e-02 -1.1746698236121490e-01 6.1824964451887850e-02 2.3837461311689681e-01 1.7850637058506241e-01 5.6397727312735027e-02 2.0315443437275729e-02 6.8127418452281444e-02
1.3123832556987780e-01 1.1066685878013670e-01 -1.1821804482678951e-01 -9.1312408889460447e-02 -1.0337162111075010e-01 1.5780932374391940e-01 1.5137945632877850e-01 1.2155733453270050e-02 1.0996800546919561e-01 9.9313778270144121e-02 1.1252555453286840e-01 1.9282929198388889e-02 5.1765866681947097e-02 -6.5425311063150249e-02 7.5540417786044006e-02 1.8754137883573281e-02 -1.0057275684557580e-01 1.2294180350384289e-02 -9.2626642510801500e-03 -2.1571369579423141e-01 2.3390184403527520e-01 -1.1323259083387599e-02 4.6549297149727428e-03 3.4195950591658419e-02 8.3339663849601300e-02 1.3701968369139761e-01 4.8354745315935151e-02 -4.9715848082828029e-02 -1.8335025938458621e-01 -6.4838815105137546e-02 1.3548236488597909e-01 -1.0521902811917780e-01 1.1080029977881900e-01 9.5112328947510053e-02 1.0092625405517650e-01 -4.2002527964525603e-02 -1.0744674040837880e-01 -2.2253265467345160e-01 4.2611722092376044e-03 -1.3905225781391589e-01 -1.3183277759274259e-01 -6.0633878946865991e-02 -3.0037838976032312e-03 7.5401742009359604e-02 6.2581585367002396e-02 -1.0244988373828440e-02 -5.7785912343570947e-04 1.0036800287832920e-01 -4.1837682911310868e-02 8.0527909890442308e-03 2.6495672018247821e-02 6.1940664995405063e-02 7.7955103735513426e-02 3.5639984296685058e-02 -1.2356164422975890e-02 -2.3547422135104770e-01 4.4631958451099588e-02 6.5861313379477733e-03 2.6277526607734120e-01 -6.1699293188452541e-02 7.0940015252520791e-02 -5.5185060968866759e-02 4.7567681537497027e-02 -1.8464212988401599e-01 -4.7860825609910562e-02 1.3220616029890631e-01 1.7028826048253110e-02 6.6503038716327406e-03 -1.4682660387839061e-01 -9.4097097783060094e-02 2.7107512444372289e-02 2.5890811446721410e-02 -8.2205143608876430e-02 -1.0525173713336210e-01 -1.9283061189007411e-03 -9.2864763709321757e-02 2.1196432928497651e-02 6.7105101547562288e-02 -5.6305560617103418e-03 -5.2460442695387917e-02 1.7383170357736739e-02 -1.8197826780305629e-01 1.1991937932129861e-03 -6.2823755826103236e-02 1.1610896234848291e-01 2.1259208240579860e-02 1.0245175598235490e-01 1.5683042843969611e-02 1.5874484505290820e-01 1.9202468135220599e-02 1.0394701209867289e-01 -5.0072585850253440e-02 1.0722252298124040e-01 -5.1175221710336977e-02 -1.4262971508793779e-01 -1.8573508751538989e-01 -1.2877393342071980e-01 1.0637799124700280e-01 -4.9507969927074000e-02 -3.6698238923458630e-02
-4.4133884229834892e-02 -9.6170332853313986e-02 1.9992889954280590e-01 5.6780324207426708e-02 -7.8497692554482940e-02 1.7030745133516431e-01 8.7561215217239780e-02 -4.0169011016029842e-02 1.9114014286303639e-02 -9.2012398656527009e-02 -8.1159908247994933e-02 -1.0578050193861020e-01 -6.7910472213932482e-02 -1.6482456089565320e-01 1.5087056455435149e-01 -1.0147574355993420e-01 6.4407651232183144e-02 9.6481367669294063e-02 -2.8014500492607162e-03 -6.7416648210458771e-02 7.7506226542220114e-02 6.5866926598572989e-02 2.0500739051820199e-01 -1.7153346160159250e-02 -4.8137724718295957e-02 -5.0477747219573203e-02 -1.6574858851344670e-01 7.4732583799754032e-02 -1.2990595072377700e-01 -3.2600104383552882e-02 -7.1702511452930481e-02 4.1057259934919953e-02 -9.1224479019409818e-02 -2.0932505729470730e-01 -7.4363410696314802e-02 6.0776505427672982e-02 -2.0208859147641769e-01 2.0429997064035040e-02 -1.0221032900969421e-01 -2.7231603371847958e-03 -1.3032411735966809e-01 -1.1516703675039540e-01 2.9300338840290079e-02 7.0164792035676937e-02 -9.7247075020595302e-03 -1.0461869768754120e-01 1.3065898720965780e-01 -1.3492151374043471e-02 -2.5606287201413780e-02 -6.3802480462339108e-04 -3.1552977112349737e-02 -1.6641698329366991e-01 4.1723962678719348e-02 -1.2380647840674951e-01 1.2924215776380810e-01 -1.2436203569256220e-01 -4.2045576472887071e-02 -1.1327739765633120e-01 2.2416892770106439e-01 1.3584145270811940e-01 -1.2679097990594149e-01 2.4436068095622900e-02 -8.9163037972970691e-02 7.0459629377705432e-02 -5.0846159689117792e-02 -9.3491146953121758e-04 3.7069140193213237e-02 3.6187466492873438e-02 1.6576867558865940e-01 1.0995894000188780e-01 -1.3375609749652991e-02 -1.0408620209695840e-01 9.9050276136145976e-02 -8.4804279243251785e-04 1.2074517269519680e-01 -4.3794324006462181e-02 5.7704752001976480e-02 6.8456282345310288e-02 7.1580163727693047e-03 5.5323886422587377e-02 1.2537194535383390e-02 -1.0585311737111330e-01 2.1160974374444339e-02 1.1859524214339220e-01 -1.2394085588975480e-01 -8.0707655089308203e-02 7.3917657409912393e-02 -8.0715803753876589e-02 6.2708139080902017e-02 -7.5113477173278653e-02 -1.5800360671354849e-01 -1.5094261369144241e-01 8.1821790819529533e-02 -1.3098458724332049e-01 2.6328281490955629e-02 1.0879588255390581e-01 2.1693292632137839e-01 3.8587799591070247e-02 -8.6656420413496360e-02 -6.8510006850212773e-02
-2.3884872574257969e-02 6.1972323753119053e-03 -2.3039250596421881e-02 1.2139234756438549e-02 -2.3713756395300139e-02 -1.1490156842353159e-01 5.5531820594171269e-03 -1.9107510952715581e-01 5.5277446076426933e-03 4.2774932178670247e-02 -5.3491261379551500e-02 -1.2602843332777419e-01 2.2850102133363820e-01 9.0165048611047516e-02 1.6581475872177409e-01 1.0823846105320130e-01 8.1341408918655794e-02 6.1043290010296299e-02 3.6467822536378161e-02 -8.4028703528304563e-02 6.6946122999164762e-02 1.8231028837231650e-01 -2.0356141529710291e-02 -7.6867770813643044e-02 -7.0235150919583295e-02 3.5120866409393582e-02 1.2079595330750660e-01 -2.7629831370790180e-02 9.2447127699092010e-02 1.1044197585377760e-01 5.3972693885972388e-02 -1.3779983769585491e-01 4.6564222774015708e-02 -1.2859778798031149e-01 4.9111039247902812e-02 6.8969334611533539e-02 -2.0158399818086081e-01 -8.9830468203898450e-02 1.0098919705269641e-01 7.6932345157088286e-02 1.6391130799536840e-02 1.2270298168574899e-02 -6.4522411941220617e-02 1.4979476503399100e-01 -1.0564558604019191e-01 -7.1244472034138848e-02 -3.1551581618148861e-02 -1.9833140573199609e-01 3.4667688291622978e-02 -6.6042755207809806e-03 2.6499587819814779e-01 6.7073348403883043e-02 -4.5565911671805050e-02 9.7794056461890048e-03 4.8691920869592863e-02 -1.9059406220180170e-02 -3.5248718427583488e-02 -9.6191312648405566e-02 7.6544718917659266e-02 3.1571099998850771e-02 -1.9892604099177341e-02 5.9732482643076908e-02 6.5826664169965424e-02 -6.3315442909803746e-02 1.0759351197798460e-01 -7.5813151304956514e-02 -1.7952007002006259e-01 -4.2407342054299350e-02 2.2478591650722740e-01 8.0185213842425176e-02 7.0777255344525253e-02 -1.0606058369029420e-02 -1.3542346543533151e-01 1.3292983777732559e-01 9.7339612743340534e-02 1.0398368008405090e-01 -9.5771852333321653e-02 -7.5034906180592737e-03 1.0650377505128709e-01 -4.6185614757796187e-02 1.4120750386310421e-02 -9.5133921809713654e-02 3.9887934928377368e-02 -2.3709342503591199e-01 8.1124829010603389e-02 -1.8018533805104231e-01 -3.2179791228458987e-02 2.3920983378322269e-02 -8.5536682746316414e-02 5.0391529365698597e-03 -5.0105181661533500e-02 6.7147565469359807e-02 8.8089084539233892e-02 1.3329357763266381e-01 1.5832010124123450e-01 4.3959836383762253e-02 -1.1888455649435049e-01 9.6307253079024088e-02 1.5498386643743650e-01 4.5116278265578541e-02
-6.3339300627770961e-02 -7.6040609697576117e-02 -1.7478916644318339e-02 -8.1082405727898210e-02 -3.2536514175878509e-02 -8.0595217866857180e-02 6.5217942997665687e-02 -7.5997109454147616e-02 1.8451840507831979e-01 1.3569141573796509e-01 -1.1799669818701430e-01 -7.3970860235468644e-02 -2.3048191165227100e-01 -1.3847652989635889e-01 4.5831923843084356e-03 -2.8532299667787021e-02 -1.5409946964061470e-02 -1.3160365052864650e-01 -3.8125590166891578e-02 -5.7247507853887603e-02 -1.5131460823906320e-03 1.0695852406694770e-01 7.7172316478395800e-02 -1.9557584264085149e-02 -1.1844679912872490e-01 3.7435087215756800e-02 1.3161281612336639e-01 1.0579342682685181e-01 2.0329721293460540e-01 1.1538358465170220e-01 -1.8597256707985541e-01 -4.7039938444275550e-02 -1.9281806616297900e-01 5.2001361402318473e-02 2.6566675993794951e-02 1.1216471090586200e-02 -6.0929978404032969e-02 -8.9126524682401675e-02 -7.8297133536227911e-03 4.3880161317505550e-02 -1.5218054584864171e-01 1.2422468159861140e-01 -3.9448824167560827e-02 -1.5751793795324781e-01 -4.6004460395163821e-04 1.4628082186411040e-01 1.0545027881648100e-01 3.1865217902513607e-02 6.8101150858828910e-02 -1.3846358569321959e-01 -2.3001108677619581e-02 -4.1164429725695569e-02 7.4045320968131989e-02 -3.2771166863598253e-02 -1.0117002306897230e-01 1.5323419503958660e-01 1.3848205189359239e-01 1.3283574510232160e-01 9.2083047606172030e-02 2.0463398225934781e-01 1.0169645200010800e-01 2.0574059523784821e-01 -1.5778047382884741e-02 6.4695149115181108e-02 1.9246072881367041e-02 4.7699415268255017e-02 8.0467860964538118e-02 -2.0972891980660990e-01 -8.6369256958001586e-02 -3.7528196607253088e-02 -4.4431419878763832e-02 4.4015466266151562e-02 -6.6714908219426924e-02 3.2867566804340980e-03 1.2282412082332290e-01 1.8850774859409350e-01 -1.3319102656621309e-01 -1.3009774756130370e-02 -3.0726613032055680e-04 -1.2725293683559311e-01 -3.0016913474707970e-02 -1.3821041443033899e-01 1.4592760786003639e-01 -2.3318066516185430e-02 1.4750204696376329e-02 1.4053914800153579e-02 9.9845532141369167e-03 6.4095072877833600e-02 1.5212539369731121e-01 1.1313202040276440e-01 4.1360519290448247e-02 4.8362821591451242e-02 -9.4887721454295026e-02 -4.7049743094344808e-02 2.0810819143931140e-03 -2.4552452923859640e-02 -2.8863356938346341e-02 -1.4399068071010740e-03 -1.5988493474638460e-01 4.5962255666891383e-02
-4.6384749447087453e-02 -9.1110174727447278e-03 7.7961179199030506e-02 8.1429170171370205e-03 3.8395889600614810e-02 3.8707251476315270e-02 5.4169755809210511e-02 -1.1054035296896940e-01 -7.1914962304025790e-02 6.3865835701813742e-02 -1.1781503280290800e-01 2.2407482903272330e-01 -4.0824994759685360e-02 5.8557621064300139e-02 1.9530613856985419e-02 1.5714865049244120e-01 7.5164844657142738e-02 -1.1096704047762930e-01 -1.7500444669563289e-01 -1.5543016368770131e-02 1.1689385441995860e-01 4.5851785333154482e-02 -4.6792778529122121e-02 -1.5345517934647279e-01 2.9378347376914381e-02 -1.0681635947942700e-02 1.4246416166179690e-01 5.0586847071672540e-02 1.6858215958669209e-01 3.5077672335655057e-02 -1.0751600840694781e-01 -2.9364367730539829e-02 1.7212880827611010e-01 3.9453228337607373e-02 -1.1148908348884221e-01 1.9454059720451969e-01 -1.2030293998300780e-02 -1.7022100106045102e-02 -9.7521052705351108e-02 -7.4084180396321628e-02 -6.4658392412755811e-02 -1.7458430393877680e-01 -2.5505746027171750e-02 -3.5108746450281531e-02 -2.9928211957455148e-01 3.7101443502672400e-03 4.2112827140932452e-02 -3.8430187268507977e-02 1.2919421930567790e-01 3.8031434207815608e-02 5.4145722979333691e-02 -2.3190084732710722e-02 -7.2681345302415101e-02 8.8056841623536011e-02 1.2157620221519680e-01 -8.8865238362085555e-02 2.0821719584012141e-01 -6.8816903300714716e-02 -1.1320994246045669e-01 1.7351249808998981e-01 -4.7211195018404803e-02 2.0685509878188919e-02 -1.0351168516372911e-01 -4.6481998230565640e-02 -3.6623573997242601e-02 -7.9570537638627689e-02 -7.8314716800510428e-03 1.7790891624307520e-01 -2.0831671601949091e-02 2.4061028709170790e-02 -3.4851056586248187e-02 -8.8007884037578782e-02 -3.2549065028778287e-02 -1.0666668329267789e-01 -3.4301393328388878e-02 -7.6273775180109360e-02 6.1484880259634923e-02 8.7386194614801922e-03 7.0041594339470908e-02 7.3061041348354241e-02 -9.3777285635046458e-03 2.5958066477042507e-01 1.2405885540159770e-01 6.7425960665707191e-02 -5.9781147867811281e-02 2.7906587375338521e-02 3.0691202785135731e-02 6.6284081703722644e-02 3.6628217583755097e-02 -5.4070868949861593e-02 2.2066387133550161e-01 -1.2823494547048470e-02 -1.8616514789578872e-02 -7.3049046030486911e-02 -7.4540355145123166e-02 -1.7955515474629929e-01 -1.0328780963990919e-02 1.2163599420281709e-01 -1.0974785589129401e-02 -1.7886712132322699e-01
2.5615956841548441e-02 -2.8532767066389270e-02 5.9918535447568859e-02 -3.6039649130659913e-02 2.2435710783201980e-02 7.8726214500112829e-02 -1.5433254178921679e-01 -6.0655863822927550e-02 -3.0721139920970881e-02 7.1928284893990240e-03 -2.2448410776403051e-02 -1.0620781560037400e-01 -5.9262358574545267e-02 2.3476112105718381e-03 8.3217603523079192e-02 6.4102916331566479e-02 7.5904817244240169e-02 1.2978281372904779e-01 -1.7060603773279931e-01 -3.4647378920350760e-02 3.0678723001375901e-02 -1.7084641348971860e-01 3.2051219450962419e-02 3.5810448581035333e-02 -4.7978160666867463e-02 -5.9256358320509482e-02 2.5140598916463561e-02 5.5200509334755260e-02 -8.7626767193987126e-02 -1.5643925478659601e-01 1.8462067660383119e-01 -1.0962600203314400e-01 4.0987912054199660e-02 5.4248403377387608e-02 -1.6639224773302611e-01 6.5475396109675760e-02 -7.3781549319051939e-02 -9.4726504836600098e-02 -7.9398073844596156e-02 1.1888428074983561e-02 -1.0039553653788580e-01 4.6585640390047839e-02 -1.0167100328691769e-01 1.5220763623908029e-01 7.0299297359323248e-02 3.7388119901054277e-02 -1.7037571154811790e-01 4.8914403038095952e-02 1.5344284146241660e-01 -1.0831289882082229e-02 -1.7883488572360820e-01 -4.0147434608829607e-02 -1.2300246998081700e-01 -8.4979500147260453e-02 -2.2632594928060499e-02 -3.8599874675681119e-03 -1.6537218666322701e-02 3.9876686306862641e-02 -1.2785992921102479e-01 6.3845761106985860e-04 2.6326534928767312e-03 -9.7979673335968465e-02 3.2575162672336629e-02 5.4239134206410480e-02 6.1472422761524717e-02 7.0112618212094782e-04 1.0292898428821290e-01 -5.3048798673471627e-02 1.1108478575600030e-01 -1.1581397775795040e-01 1.6179508383946242e-02 1.3957769619468971e-01 -1.1632981890912060e-01 2.4539515520859420e-01 4.6034293424630127e-02 -3.0023495019030570e-02 9.0324953769366761e-03 2.2258484273887111e-01 4.9818852353322833e-02 7.7257884693367460e-02 -5.3911074596965779e-02 1.4031048590175930e-02 5.8805260887725253e-02 5.9379822141060648e-02 -1.4113342588528061e-02 -5.3720212080194899e-03 -4.1991488274778588e-01 1.0710100372317660e-01 7.6581861513137270e-02 2.2229625168770170e-01 5.0744080185832548e-02 1.4134295996194560e-01 1.2151124367390340e-02 6.9140350233768966e-03 3.5450548347261988e-02 -4.3605332927762502e-02 4.6007747734809708e-02 5.0171939252329677e-02 -1.4132412908351111e-01 -6.8141304215187021e-02
1.2385085059540001e-01 -5.0668884110147333e-02 1.0245940885263359e-02 1.0450754096926500e-01 -2.3947550977315291e-01 -8.4781874249863817e-02 -4.3840714558664992e-02 1.5781508756220711e-01 -8.3979088016122028e-02 -7.1292286069123856e-02 1.2065860467585281e-02 -6.9112204152657730e-02 1.1843090892718429e-02 -1.9813560812038639e-02 -9.7116448756716170e-02 -2.3065737739067771e-01 -7.6987982149025191e-02 1.4020124929492980e-01 -7.9207794182559396e-02 9.9744531448015289e-02 1.2239205514455551e-01 9.3637799191872401e-02 1.7308990252755469e-02 -8.4695161782196909e-02 1.6533512732261769e-04 2.2353699101166929e-01 -5.2931657714031091e-02 1.5157930739114291e-02 -1.0092535274149189e-02 8.6633758951330572e-03 -1.2117251808879040e-01 -7.7012653329249725e-02 8.5480920305992247e-02 6.9113873972086196e-02 -6.8443558209419289e-02 5.7026492941262837e-02 -5.8071779261960603e-04 1.1007118171032720e-01 -9.1367415196103377e-02 1.9636938526964320e-01 1.6645395353392781e-02 -6.2780973542723526e-03 -5.2001775773514924e-03 5.1997788230991861e-02 -3.9788485042700723e-02 5.5090309627894067e-02 -9.1711989782868417e-02 -5.5649723999660693e-02 -3.5975239698068623e-02 -1.3024982490847811e-01 1.4567537489353111e-01 1.0370227441009640e-01 -2.0554727700626779e-01 1.1073231705890529e-01 -2.1934758850889760e-02 1.0065784932373900e-01 6.9927269228933020e-03 -9.4848734842671409e-02 -8.7867012426959296e-02 -6.5213841079697771e-02 8.2345312860919201e-02 -1.4479951367457289e-01 -8.0744814847113752e-02 1.0912801899205260e-02 -4.9895339100972720e-02 -3.5411765797206618e-02 -1.6821181784521851e-02 4.6184748668029678e-02 1.0637809725619740e-01 -1.4762999594033160e-01 1.9130888651837669e-02 4.5387971162817141e-03 -1.5580905494291411e-01 3.8826989872801393e-02 9.7764655655952257e-02 1.6316106092792600e-02 2.4582575192042749e-02 -6.9386927976136589e-02 -1.0207018521065449e-02 -1.0285469983558440e-01 7.2465070990912095e-02 -4.7280995191389792e-02 4.1126133296821701e-02 -4.4142160020319142e-02 9.9489509886096214e-02 1.7986720106528800e-01 1.9656103153190671e-01 -1.8509474639326031e-02 1.0744141804421430e-01 2.4753448130583061e-01 -3.2907858182233338e-02 -1.9206646265614311e-01 -7.2291341574848123e-02 -1.1721634464461639e-02 -2.4141800333318069e-02 7.5396312792913756e-02 5.5624682849783308e-02 2.3686983244335279e-02 -1.3151622198549909e-01 -2.3787041598592490e-01
