# CEC 2013 LSGO F10 rotation matrix (100x100)
-1.2787376772103040e-01 7.1699344220433239e-02 -5.8282853005990988e-02 -6.7844264673276145e-02 -3.3220953053103180e-03 -4.7918204265472282e-02 4.9469841832141911e-02 -1.5959685768870471e-01 5.7914223948186967e-02 4.7831776443141703e-02 -1.8730205014438079e-02 3.6317659945390268e-02 -1.1018749428834010e-01 1.4039488321902910e-01 -8.5528260550339186e-02 -2.2665282215446719e-01 9.6519454676287295e-03 1.5447916168767100e-02 1.1020847659619470e-01 -5.2067784472847108e-02 -2.1515471502529229e-01 -2.0905281218104019e-02 1.5559934609500350e-01 -5.0112873639245423e-02 -1.2017698004122990e-01 -8.7620538445743773e-02 1.3184341160245219e-01 1.0186999787709870e-01 -3.7841054521453532e-02 -7.0604784029596065e-02 -1.1923400023730631e-01 1.2586927155607069e-01 2.2357981934588991e-01 -2.7015518012423460e-02 1.1932215424628470e-01 -2.5837408193930111e-02 4.9482256533205357e-02 -2.8505869993531410e-02 -1.6026650067039759e-02 1.0514287801598060e-01 1.2185429880957380e-01 -1.6349943839547521e-01 3.9378574784842621e-02 1.1803409736853340e-01 7.4397620008770315e-02 1.5846312726018380e-01 9.9125089952230308e-02 -1.3566470283566789e-01 1.0775445913052480e-03 1.8223294011990029e-01 2.4920553140806760e-02 -5.8901205622286026e-03 2.3850144518189420e-01 -1.0089632976119671e-02 -4.9682747264513383e-02 4.6288168643931017e-02 1.5076444511589801e-01 3.1751977273759183e-02 -8.8492370683488183e-02 1.3847109584118231e-01 -9.9534660547865819e-02 -1.3644288315794980e-02 5.7149248825902298e-02 7.1310970533476736e-02 2.0985638002068022e-03 -4.0639757298024659e-02 -4.1723717736987459e-03 -8.0497262655183976e-02 6.4329621297646453e-02 4.4136892242579032e-03 -4.2555400268692957e-02 -1.6744736644331380e-02 -4.3080230679252533e-02 8.5031792854687316e-02 -7.5559831208422162e-02 8.7616643283074558e-02 1.9775338191091330e-02 1.0659754109436551e-01 5.1376988623016477e-02 4.0891077890632808e-02 1.6439882704702569e-01 -1.2461494427809790e-01 -1.0330863582457781e-02 -2.1485287729735451e-02 -5.4510582761415301e-02 -1.3471318550294681e-02 1.3883999169752689e-01 -9.3970431745956692e-02 -1.6818255368371751e-01 -3.4081591518055003e-02 -1.0914295923262990e-01 1.3731179946271990e-01 8.4878941607667846e-02 -9.6531713676482916e-02 6.4490989992014150e-02 3.3661312523534680e-02 1.7129237626254029e-01 -4.9042288227858208e-02 1.8224528119304159e-01 -1.7982669493025841e-01
-5.2422022181120478e-02 5.6413091726760539e-02 2.2164760710608640e-02 -3.8543643013238607e-02 -2.5111084356429950e-02 5.3418749497971763e-02 2.2517698965556240e-01 -3.6354103250757518e-02 -1.6961900406277340e-02 -2.0671803054116190e-02 1.8135550444767809e-01 9.1992693326575101e-02 1.5640038563586819e-01 -4.5854896032861657e-02 2.0905094683831141e-01 -1.3338087634129719e-01 2.4664670450854669e-02 4.4734654431496977e-03 -2.3060568465502029e-02 -4.9256834149395808e-02 -1.3848717329146479e-02 -2.9830311303654842e-04 2.6408080959291241e-02 -7.0093909133536192e-02 -2.3236497428601750e-02 -7.9680150184187958e-05 1.1964489620162951e-01 -1.3567652276538969e-01 -2.9292129577559282e-02 2.5381786075304907e-01 -4.0459719030827949e-02 1.7143191911157610e-01 -1.8842558745561030e-01 1.3928135372943751e-01 9.3006750178604256e-02 2.1687779155611631e-01 1.3761897955597870e-02 -3.4605973615488788e-04 -7.2076119536606295e-02 8.6555421330713964e-02 1.2865161057241981e-01 -7.5040324575937123e-02 -1.1844382079389409e-01 4.3012897032049253e-02 -1.3315022872934820e-01 -2.8501229515419571e-02 -1.0739766884084451e-01 -1.1960539390452260e-01 4.7969955556239723e-02 3.0973302802670289e-02 3.6522873887651769e-02 -2.0140598233975640e-01 -7.0781441207534837e-02 -3.6284092689516857e-02 -6.7105807064017212e-02 1.7462016086080629e-02 -1.8345231726696311e-02 7.5265610925249124e-03 -1.1410793220131860e-01 7.0977909611418866e-02 -5.4247768642827959e-02 -2.3889872322300099e-02 -1.2791988125498040e-02 3.1332584120182222e-02 3.1653193811172447e-04 -4.0289758294046962e-02 -6.2526611733720094e-02 -1.8597066636056630e-02 5.0383521063824231e-02 -1.6608331454305161e-01 -1.3461867263860660e-02 1.1146067905112710e-01 5.4065121649017368e-02 8.1045770533816869e-02 -9.5685824225441765e-02 5.3234470832081791e-02 2.4720342221275612e-02 -6.8113375871520138e-02 -2.4759806253285700e-02 5.8116150584256690e-02 -2.6105160834110869e-02 -1.1560668788738449e-02 1.4693438491242899e-01 -4.9908239676992379e-02 7.6911808938837992e-02 -4.1290346218156700e-02 5.0289069332367722e-02 -8.3196755749941814e-02 4.6821438724365207e-02 2.2012928188086231e-01 2.8438379144111592e-01 8.4964544556734842e-02 -6.4070259208458491e-02 -1.1077769481556531e-01 -9.1176166024602462e-02 1.2980264445317929e-01 2.4547759454996682e-02 2.2252600202300410e-01 -1.7410153122166599e-01 1.3397395167184920e-02
-1.8265049918155810e-01 -6.4088837540493049e-02 7.2227058817711645e-02 -8.0075651050739341e-02 -3.1468747521265918e-02 -5.4266755770832988e-02 -2.9909265451446659e-02 -6.9998967443989410e-02 1.5193730998307661e-01 -1.2151670063945490e-01 -9.8834546883611707e-02 3.4225773181548652e-02 -1.5732054268287529e-01 1.0104486366989240e-01 -5.7491513373106297e-02 -1.5678734140391229e-01 -2.2932606342118531e-01 -1.0199697463795659e-01 2.2383623094628360e-01 7.2843296866560270e-02 3.0971261941302249e-03 3.5210280509120458e-02 7.2891353998409281e-03 -1.8725897524654051e-02 1.3193411432288901e-01 -5.2289351264373278e-02 1.2238681280602680e-01 -7.5059966650635759e-02 1.4830529530075109e-01 8.5889087982660817e-02 1.6929070799315979e-01 -1.7752706637439600e-01 -1.8649325195469280e-01 5.3579545863564903e-04 -2.0950877364275970e-02 -2.2162265483163111e-02 -3.0753865012693719e-02 -7.8021634569847675e-02 -2.1801860998483850e-02 2.5358694560738271e-01 3.3322898657189168e-02 2.1243662794760040e-01 9.6354027408529955e-02 7.9040209859233601e-02 1.6003661586153309e-01 9.9121554318416613e-02 8.6610765138562164e-03 1.0874326872193719e-01 -7.4172029641107626e-02 3.2545733724417998e-02 1.7307833595090311e-01 -2.3188708841490871e-03 -1.4725908465393500e-01 -6.8476143054967589e-02 2.7075125947379828e-03 -2.1978646990664860e-01 -3.5645592297418920e-02 -8.6789963353966201e-02 1.1498010377710890e-02 5.7906609809795132e-02 5.3439025283842763e-02 -1.8688800683682710e-01 3.1554684018912517e-02 6.8766918770202398e-02 -9.8673505850270071e-02 8.6305613129113043e-02 9.5992702014808085e-02 -3.9277594412202464e-03 -5.2520388561905752e-02 -1.6524823583315480e-02 1.0288847162343050e-01 -1.7172759044703521e-02 -5.3169990500757353e-02 -6.1202885970866157e-02 1.0041531969143640e-01 1.0048762660958560e-02 1.6715646027246331e-01 6.8679677421588287e-02 -2.1421111378985400e-01 5.9996549690215360e-02 -7.7690063826287806e-02 8.1581382400022481e-02 1.0129576586898310e-01 -8.1375212763049168e-02 -5.8434005882553527e-02 -1.5248556246051041e-03 4.3833545420173311e-03 -4.2926329526850257e-02 -1.5053258485629550e-02 -4.9461537004023892e-02 2.8133185081575380e-02 5.7319577443375062e-02 3.9426962237917897e-02 -4.1138631278246927e-02 7.0072892788923691e-03 7.3256210413505371e-02 -4.1532471070097436e-03 5.0147598584748113e-02 -4.8028630152539720e-02 -3.4746725481926782e-02
1.1861098569587140e-01 1.0294750951952580e-01 8.2027675445857109e-02 2.3408407688382340e-02 -1.1969717451998350e-01 -3.1342726007260763e-02 4.9567152666533533e-02 -3.2895517146102388e-01 1.7625116129074289e-01 -3.2964941573151779e-03 1.2022625896263719e-01 -2.7966970923421781e-02 1.6443174494697990e-01 -5.6271445920006657e-02 -7.9441584354768530e-02 8.5331442084541159e-02 1.1741739257873830e-01 -3.9173432068209807e-02 -1.8261139006836241e-01 5.3666989714870508e-02 1.9145974927378590e-01 8.3964483597765746e-02 3.1057271908764290e-02 -6.3265507463111728e-02 8.9325056680061993e-02 -1.2660213506690510e-01 -7.0415126866166272e-02 1.0710381074746050e-01 3.9633960493178383e-02 3.8838567111559592e-02 9.8717600494278732e-02 3.3053208008598803e-02 1.1157818996554440e-01 -7.8214776787375651e-02 -5.6223059382505859e-02 3.9907620993803912e-02 2.0261854824064032e-02 5.9998207484135077e-02 6.2059945243922422e-02 1.5649044111008911e-01 1.1250565123623830e-01 -1.0007336680053980e-01 5.9490452143078094e-03 6.8178631695122366e-02 1.3075518337182121e-01 1.8526399334753621e-01 1.2088907745707800e-01 4.7528247000942381e-02 6.8092785900594366e-02 -2.7230718861112099e-02 1.3745912015479931e-02 3.6630260543032610e-02 -1.0398484760893720e-01 3.3911657240130268e-02 -2.3952673884112770e-02 9.0454459653659863e-02 -1.0408808509096040e-01 -1.6673526755525930e-01 5.0126407139303338e-03 5.5243542718226582e-02 1.6790316854208669e-02 7.5024731589104559e-03 -2.6363465614945590e-02 5.8410130661673922e-02 -5.7458739370617143e-02 -4.2572592232225571e-02 -4.5741634113705673e-02 -1.1408840311688180e-01 -3.8526787952041293e-02 -1.9434757193412719e-01 1.0425496054641860e-01 2.0084351673366210e-01 4.9360633800856778e-02 -3.5179683638235697e-02 -3.5533367089759148e-02 -1.0674340142757470e-02 1.4720641803229070e-02 -2.9692335302830539e-02 -9.9966422280474587e-02 -1.7342096368701909e-01 1.0930619764444451e-01 2.0540132520972279e-01 3.3457183583608177e-02 8.4828502523955157e-02 3.3799472191967071e-02 -2.4050994167795482e-02 1.4927060493318640e-02 2.6197001762976180e-01 3.3779390461343858e-02 -2.2941115572955240e-02 -6.8068571086529125e-02 6.4787927278454144e-02 -1.0648890606112250e-01 -4.5331140730475963e-02 -6.9166166630966017e-02 5.3642945814250442e-02 3.4328195959697001e-02 -8.8341184642688239e-02 1.7898516126726260e-01 9.8942214609058457e-02
-1.2857984946531251e-01 1.5154771771931430e-01 -1.3597219230886801e-01 -6.4537367473145903e-03 -1.6586759691743211e-02 4.4504159543656011e-02 1.3225144750576460e-02 2.4986183304619169e-02 -1.4823676954828649e-02 9.7661248354613039e-02 1.1187496570951611e-01 3.7635022370084200e-03 -2.8243285139427660e-02 -1.8823645927032279e-03 -1.4609252893358071e-01 -4.3353740034419067e-02 -3.2554701650592023e-02 -7.4944305544024481e-02 -1.5731752227954990e-01 3.4378080158671432e-03 -2.2201663681089129e-02 -2.7549074733603262e-03 -3.2297927673416681e-02 1.8123126355030071e-02 1.6827792055981880e-02 -1.0418659652411440e-01 1.0548507899976280e-01 1.1222657735895940e-01 -1.5698682826843799e-01 -2.7907338820429020e-02 2.6017468065468902e-01 -2.6797757666081942e-02 -1.4410673403224879e-03 -4.1903287345835483e-02 -1.0338557039873709e-01 1.8255328504968110e-01 -1.3973646369909731e-02 1.8762133928989160e-02 -1.2748929970954030e-02 -1.8341898664340889e-01 -5.6238777171213783e-02 -6.9642571288289809e-02 2.4276372144191621e-02 -2.0145949994519849e-01 1.4855873136406819e-01 5.8360496376878970e-02 -1.1106829706060780e-02 2.8254324951825061e-02 -1.8279236445254379e-01 4.4764408361602837e-02 5.1487052464049528e-03 -2.5689788542561310e-02 1.0204793286214731e-01 -9.9222275247372246e-03 -1.1429809498205069e-01 1.7066274781950960e-01 -1.9912547787856290e-02 -9.6636614279917765e-02 -7.6396680176713208e-02 -1.1516754987587380e-01 5.4883704972460937e-02 -1.1796925935164899e-01 1.0298657763995910e-01 -2.9027542267345378e-02 2.4468931045275460e-01 9.8196119573387267e-02 -2.5916747697006162e-02 -1.2361678750563210e-01 -6.8284329472637151e-03 1.1261315709538380e-01 -1.8470379422408170e-01 -4.1654126239346889e-02 3.0819530474210030e-02 1.1341309401311801e-02 1.5285812200777291e-01 -4.5730406298741408e-02 -9.5492096107044084e-03 -6.3200942646742905e-02 -2.4328633230867391e-01 7.0012691227412036e-02 -4.2604472856959414e-03 -4.9937804084131284e-04 -9.5433465044156743e-02 -1.5873662649504791e-01 -6.7888706629201795e-02 -2.0497998791048139e-01 6.7484799695391673e-02 5.2895709579442772e-03 -6.5193404667018603e-02 4.1751748941874292e-02 1.7729367577981790e-02 -9.5096272178106997e-02 3.5231102514955120e-02 -1.6055050454844311e-01 -1.0899223134232300e-01 8.7431483590112810e-02 -1.8109493426020490e-01 1.2804731273393680e-01 1.2575404697271260e-02 5.7817243601116550e-02
-1.6040608350372128e-02 -1.1092103126826970e-01 2.5563034021269540e-02 -1.3882741567227930e-02 -7.7356920374399188e-02 1.5852623053553111e-01 1.1309554940406200e-01 3.5907205014321909e-02 -1.9121874804893590e-01 3.6594475767906809e-02 -1.5635519575557189e-02 -1.8468499556447009e-02 1.0426292798636190e-01 7.6106170137153276e-02 -6.7045069119012715e-02 2.8753993636121789e-02 3.4973316570292762e-02 6.4009608368684676e-02 8.4464593971196791e-03 -8.2718898760009332e-02 9.3492554802657116e-03 9.6892481916388690e-02 -1.7562953923253280e-01 2.3275490958292941e-02 1.2821103331781489e-01 2.8563434548610801e-02 5.0662396209695378e-02 -2.1586309412879121e-01 6.0477510143132497e-02 3.0563243301413872e-04 -2.0762248215632381e-02 1.6659755289978359e-02 2.9753025619122721e-02 -6.6872041319840951e-03 -1.6394750203371469e-01 1.1775706672252351e-01 -1.0728888439173601e-01 6.0932995564188748e-02 2.3274623372397421e-01 2.7257102957059998e-01 -1.9201817007859151e-01 -1.4972023956554670e-01 -6.6048950387366925e-02 6.5812595977242858e-02 -3.5852084053771431e-02 -1.0691077764111230e-01 7.1846863586197351e-02 -3.6111012968675318e-02 1.2226571316061439e-02 1.0407970468464910e-01 -9.0889363019476394e-02 1.5948787746769369e-01 1.1551913892044460e-01 8.3000081450733038e-02 6.6655220193207826e-02 7.9427317577510231e-02 -1.5268543884367239e-01 -5.1708286630891012e-02 4.7423241961544026e-03 1.5868703887754750e-02 -8.0151629529563000e-03 -5.3665181771438988e-02 -4.2878243815686938e-02 2.8420230264329702e-02 2.5674701614253888e-02 4.4469606428400532e-02 8.6481086385707645e-02 -1.0514155298629270e-01 1.4862652899280870e-01 1.2635022740362201e-01 2.6570181334888610e-01 -6.4518526089948874e-02 7.1124545775510514e-02 -1.5619398236786829e-02 6.9384532789391759e-02 7.9975742150479409e-02 -4.1680586875805972e-03 1.3501912265457319e-01 -5.2593483846896022e-02 -5.6894005387444893e-02 9.8849875723981458e-03 -1.4932191007724049e-01 -1.3517241098971819e-01 -3.9545027978840248e-02 -2.3640778903849510e-01 -7.6851728214036921e-02 4.4199838927309540e-02 1.6257854840386701e-01 1.7216663273583559e-02 2.5822505180715199e-02 6.7482022008478401e-02 9.8464994149105745e-03 -3.4862240777582168e-02 -6.8780736849628335e-02 7.6444329042350073e-02 4.6264661854137419e-02 7.9232608424546991e-02 -6.9482596449673122e-03 -1.3015915661365121e-01 -1.6440761312482130e-01
-1.2491427532661691e-01 -1.8300404375317000e-01 -2.2876304956652278e-02 -2.0212181299452701e-02 -2.6008240341136940e-02 1.2466743881406251e-02 8.8366248120706703e-02 1.0452469905425681e-01 -9.2554190216850116e-02 -1.0436944094775349e-01 3.1577556888117947e-02 -8.8285675287047297e-02 -7.1028866738664279e-02 2.9616793590712599e-02 -1.2597039384102721e-01 -2.3194694274787040e-04 7.4706205212304200e-02 4.3115540400838682e-02 5.5775101818143873e-02 -2.6928484307400379e-04 -5.5477188559383959e-02 -1.0991192868682879e-01 -2.2033013708345520e-01 -2.2188933647013690e-02 1.5116937028452049e-01 5.8742863761722379e-02 6.8913507147443986e-02 -6.9210751919250302e-02 -2.3577703756436461e-01 1.0474156181626570e-01 -5.8705404214476120e-02 1.9043867246099999e-01 2.2531914447446052e-03 -4.7146242005081378e-02 -3.5748848638743218e-02 -9.3767996358950112e-02 -7.5868376420556938e-02 5.7746996986993968e-02 -6.8017935974761801e-02 -8.5065774398390817e-02 6.8414562464980760e-02 -6.8089300482622392e-02 1.0700024757634340e-01 -8.3841775676405994e-02 1.0149662220565280e-01 1.1189390656320899e-01 -4.2805679581402146e-03 -1.3235017449699080e-01 4.7254913213299513e-02 -2.0843259827616541e-02 -7.7681410579107962e-02 6.7292134987532684e-02 -5.9058787848580083e-02 -1.4586662654403640e-01 2.3188094604917500e-01 -1.0415485415756570e-01 -1.0859987462551460e-01 -1.5338554371042909e-01 1.3954291421799439e-01 1.2146554800963490e-02 -1.5777079385520701e-01 1.5800901862896330e-01 -5.5441812507878094e-03 2.0294574298447159e-02 -8.0149748920694264e-02 -5.6910404763225342e-02 -1.5989798719288439e-01 8.9014583330433411e-02 3.6101524864876507e-02 -5.5533401780702110e-02 -9.6892115554809588e-02 -2.5604631508908630e-02 7.1056075256691054e-02 1.9911132227586219e-02 -1.0052402474501400e-01 6.9938419296661156e-02 9.7769471182500844e-02 -3.5092726998052721e-02 -6.3090865871877233e-02 9.4374949784003070e-02 -1.5953791739099329e-01 7.7008399395956953e-02 8.5467788863879360e-02 1.1449680713683121e-01 -1.4689310856505361e-01 -1.4939912226770069e-01 -8.2007894658101974e-02 2.4683282998108551e-03 -2.2610400427330080e-02 -1.2953092908876210e-01 1.2060739782726730e-01 8.0419236800900712e-02 -6.7639960405418351e-03 -3.2259028447219833e-02 -1.0430485341275410e-01 2.1518013735809079e-02 -1.4263239675200701e-01 -7.3980605705742608e-02 2.7032140834350571e-01 -2.2193981206484470e-02
-3.0589715414387330e-02 9.8652050357827259e-02 1.6561924093121591e-01 1.9400008935059429e-01 4.9211921190432148e-02 -1.6264440888183490e-02 -2.6364966783768831e-02 9.5717553285308898e-02 -1.7303271887117411e-01 -5.5063480837000273e-02 -1.3251877485757879e-01 -1.6759263840577701e-01 -6.7746097206956096e-02 5.9480744671113653e-02 -2.5705608236101107e-01 1.1389153149875800e-01 1.2620887648885410e-02 -1.0155859685006570e-01 4.7761423154577723e-02 5.9806024968942897e-02 -6.6862159039395630e-02 -8.5171608342305652e-02 -1.6901901527534349e-01 7.2531644042190216e-02 -2.0466395902636489e-01 7.1221250936173278e-02 -1.1050601138520220e-01 -8.1829448019823586e-02 1.2607129255312161e-01 8.4569924642914948e-02 1.6798381873958881e-01 1.9855444088560081e-01 -4.0215922118256607e-02 9.9541900741377309e-02 -4.8041448977213068e-02 -1.1834277166468210e-01 1.2419509234857350e-01 -5.0679356110549717e-02 -6.4686891591594686e-02 9.5633992692386871e-02 5.7470990520050863e-02 -4.5729060117090962e-03 -1.6466048138411929e-01 6.6604412645511313e-02 -2.9495976824981798e-02 5.9866112821748078e-02 8.6611358895182289e-02 -1.0505247568047950e-01 -1.4048072265462841e-01 -6.4835989963662757e-02 -2.8432486305851172e-03 2.9396019042577069e-02 -1.2947072218573560e-01 2.2927854456854819e-02 3.5775656855141620e-02 1.1873149859510840e-01 -9.7164296192832553e-02 8.6930104448253581e-02 -4.2759157214192170e-02 6.0123887408008260e-02 1.0855127169135340e-01 1.1012655555007529e-02 4.2924787221967728e-02 5.6739018884624660e-02 5.4136803943998058e-02 -8.0657958427592068e-03 3.8500155367751920e-02 -6.9099658386162305e-02 -1.0230546159360250e-01 -1.1983166908347010e-02 -1.0410758577638921e-01 1.3785896115538441e-02 3.8629205291308170e-03 2.1680374719435860e-02 -1.5040609119236281e-01 -1.0953830444438760e-01 7.3862160684540559e-02 1.0393260977391899e-01 8.0799329907773193e-02 -6.3758047361332337e-02 -2.3304350977547258e-03 1.0568937791228160e-01 3.1594537461964042e-02 -1.5841814949643071e-01 1.7416303247249981e-01 -1.4605951196445069e-01 3.1083396061158432e-02 -4.2466841712473037e-02 2.8453853434350440e-03 8.6372910200485042e-02 9.6320078928464926e-03 -1.3678398434791100e-01 2.8988464014101351e-02 -2.1162224566064511e-01 -3.2336245350892738e-02 5.6106598488078467e-02 1.6575418397470421e-01 -1.4529166106342831e-01 -1.1783738482901060e-02 -6.4877612660629719e-02
3.0266941854142772e-03 -6.8714891773100500e-02 2.2180642669082731e-01 -9.5342837946236672e-02 -6.0583222832689479e-02 -5.1129849734622472e-02 -1.4680211737250480e-02 1.1958436414862959e-01 -1.1736144501942911e-01 -7.2783722865905440e-02 1.8500015744959750e-01 -8.7989038728941316e-02 1.8412085058708970e-02 -1.2682287259213279e-01 -5.5151644068395858e-03 -2.0893068910043011e-01 -8.5038175594718685e-02 -2.9381664269453661e-03 1.2458292447001250e-02 1.1690918669110990e-01 6.3356839569975953e-02 1.7134610488228921e-01 2.8518050109872340e-02 6.5118200604395826e-02 -5.1119481005346161e-03 -9.2420599282287311e-02 -1.6619688327761931e-01 2.1690512618188992e-02 5.0209008206364023e-02 -9.5599599365530752e-02 -6.2321492812377553e-02 -9.5176753141698142e-02 -7.6480639072836976e-02 1.0270785501451749e-02 5.6392565280614412e-02 6.2040004883331546e-03 1.8659615469967170e-01 -2.2853411293941631e-01 8.1606364953519406e-03 4.8669229406915503e-02 -2.6974943532402641e-02 -1.4472412084215319e-01 -9.0447556730069739e-02 1.0435005690520260e-02 1.9409668890698531e-01 -1.5856302933199490e-01 8.2925391568055964e-02 -1.4053419665924119e-01 -5.9027787514241148e-02 -2.6323147368757009e-02 4.2100864232033783e-02 1.1009164483808360e-01 -5.7910083309342358e-02 -5.5008184712605650e-02 7.1336997042600450e-02 7.8634340437553754e-02 5.3148185238320753e-02 4.7674616634473463e-03 -1.7386752169390791e-02 1.5548349452917751e-01 -7.8170407986920501e-02 2.5847467495606441e-01 2.8956459991630350e-04 1.0342430040668139e-01 1.0535353189061999e-01 1.9497832352368519e-01 6.3155228043457967e-02 1.0223096650474769e-01 4.4246022163411773e-02 7.1192455903864790e-02 8.9670011931599735e-04 -7.8484590065109119e-02 -6.5409063976590839e-02 6.0287208029344936e-03 -7.5152797685354961e-02 -2.0071821265261459e-02 3.7093056384333259e-02 -5.1337839225134997e-02 -1.7785151364937871e-02 -1.6093604603072559e-01 2.7067390212558731e-02 -1.4643278086155819e-02 -6.9152639735717128e-02 5.9141720474183451e-02 2.1809245721770319e-02 7.9112939063959685e-03 2.2102443518092211e-02 2.0391890712281261e-03 -2.5121926444291391e-02 -1.0446652639152260e-01 -1.7611183980320921e-02 1.1301475097608040e-02 2.6748650400530500e-02 -2.8320628667551591e-02 -6.6823039447607424e-02 -4.7133109082298723e-02 -4.1226297474842598e-02 3.6836439218010392e-01 1.2165600952575990e-01 9.7922698696349217e-02
5.8130943771510617e-02 -6.7018810907174750e-02 -5.1863807696692882e-02 -7.8480491181180917e-02 -3.6375246471975133e-02 8.3676931592233036e-03 -5.7038917231715350e-02 1.8673955406998921e-01 1.9203232062636261e-01 -2.1635926261163591e-01 -1.1745481953500029e-02 -1.2099506371513470e-02 -1.2504882580571400e-03 1.3619908336869971e-01 3.0539337028210729e-02 -5.8638923324076879e-02 4.4058369392057928e-02 -1.4950963142793500e-01 -9.9042857216598626e-02 -1.7306351619934759e-01 1.3419245561443379e-02 1.4956542226235170e-01 -3.4333438790342410e-02 1.0638955697011870e-01 7.2587201352212263e-02 1.0915778966974370e-02 1.7941984208170541e-02 -7.2085267587654739e-02 2.1117752681459139e-02 -9.0270901363188383e-02 9.9868183855504666e-02 -6.7356330820025423e-03 -4.1760912210248677e-02 2.8700244015979530e-02 1.7645166241294261e-01 2.6849555905918321e-01 1.0664511503644010e-02 8.4160512357249181e-02 1.5811303024509279e-01 7.1213079935647017e-02 -1.0653232719389399e-01 1.0467390638198271e-01 3.5599804732295341e-02 -2.8799702627858847e-01 7.9521317953518897e-03 7.6394154132366901e-02 6.0335946936530958e-02 -1.6762775849206310e-01 -2.1843552585881519e-02 1.2720915812538140e-02 -7.2677679260151076e-02 3.9172757290872884e-03 -7.6462522814967723e-02 8.2748388624084152e-02 -7.0405902764397357e-02 6.3881599043532092e-02 4.6861688437252382e-03 -2.8144552077073410e-02 -6.8762243732961761e-02 1.3004770518936920e-01 -1.0768217494437490e-01 2.6239666711463199e-02 5.7949560018445638e-02 -1.6442442936002041e-01 -8.7055104127028507e-03 5.2232406651135689e-03 -9.5344875909544307e-03 -2.6346157656596651e-02 -8.2668795861378985e-02 -7.9419242260049521e-03 6.5072608293566564e-02 -5.3502002667790968e-02 7.9449019195915585e-02 7.3478840879856256e-03 -5.1860442036397759e-02 1.1045621490804590e-01 -1.0846349802338860e-01 9.7927249417432957e-02 1.6795239031581491e-01 -1.0765233937631090e-01 -3.2680297509554403e-02 3.7861601541325313e-02 1.7513698787937990e-01 -1.9363752946884280e-01 5.4415473553766552e-02 1.2679129289677571e-01 1.4779952636883101e-03 -7.0779969424128869e-02 -1.6451817892600801e-01 -1.5199390184447039e-02 8.3929571830415883e-02 -3.1292796971355397e-02 1.1057594910551180e-01 1.6733744841604122e-02 -5.0740676491482138e-02 -1.0475854710481670e-01 5.5228298083503033e-02 -1.6251358221762699e-01 1.5906978557591461e-01 1.4170562603892359e-01
1.2314297773927070e-01 1.4271995219029890e-01 -1.8415918816639160e-01 -2.3890973395410409e-01 6.8981070508756681e-02 5.6234991532762270e-02 -1.3416604604466290e-01 6.3808832874278812e-02 -7.1052876858666347e-02 3.8917567389777863e-02 1.2513705191146909e-01 7.3042816805280047e-02 -3.5744261294023999e-02 6.8400298784897118e-02 -5.3676432895865607e-02 9.1078116907381910e-03 -4.7657778183992590e-02 1.1294350470217200e-01 4.3786535807548099e-02 2.0324223679687989e-01 -8.1665167243237316e-02 1.3448827407254660e-01 -1.4283172594761639e-01 4.6464398744860753e-02 -1.9136745496860341e-02 -6.5731516993598638e-02 8.6218148952266094e-02 -6.3321112430841417e-02 2.0561994488681101e-01 1.1846490051652769e-01 4.1698756043572961e-02 8.0881763274265744e-02 9.3176151976610999e-02 -4.6880154888895263e-02 -2.5676567816533061e-02 2.1564693728454251e-01 -6.1672420356920204e-03 3.9038863490115927e-02 2.2108784656346650e-02 -3.3612848257857507e-02 1.1693009040099650e-03 -2.6952929740071591e-02 7.1455447173111281e-02 9.8650924128846157e-02 -4.2232824098584493e-03 -4.8518558859680302e-02 1.8324484470469890e-01 -1.0786069745128451e-02 1.8943688121779809e-02 -1.0985436018537020e-01 -3.2455931360307208e-02 -9.9155730635260078e-02 -1.6528812787461610e-02 9.0278421246298993e-02 6.5353760745777603e-02 3.1076329480548989e-02 5.8817236581328043e-02 -1.1351144704245540e-01 -2.3956321436464641e-02 -1.9005882159882731e-01 8.4474392590920572e-02 1.2346063371138349e-01 1.0002667616988450e-01 -1.1698446570554391e-03 1.0965328352250061e-02 -1.5544598412331539e-01 5.7241732822679213e-02 5.5853677833588862e-02 -1.4757852699385621e-01 -1.8340210815396041e-01 -4.3529157636471381e-02 -1.2113699540880320e-01 5.0556745973325067e-02 -1.9614786558581529e-01 -4.5333002800498352e-02 1.6414593538709419e-02 1.1143913976506420e-01 -3.2064673713736329e-02 -5.8184488999940359e-02 -1.3510362970033801e-01 -1.0576595765794460e-01 -6.6010402875751245e-02 4.0493225935218313e-02 1.7077597331280059e-01 3.3602212253491373e-02 1.8846438750296621e-01 3.4347611071446502e-02 -1.9117923905109840e-01 -2.6632878255315751e-05 -6.8483828364212948e-02 -2.7185138329320391e-02 -7.9761661697332842e-02 -6.0970625109086858e-02 -8.6229763428579423e-02 1.7014615716717690e-01 1.1844970191763431e-01 -5.1306317396992783e-02 1.0868267351897550e-02 4.1031628044965983e-02 -1.1519404262436310e-01
-1.7399405196092892e-02 2.2328202924282781e-02 -6.9577723056876664e-02 2.9365153200381709e-02 -1.6937059206210331e-02 -1.6572109368001051e-01 1.0611687444730460e-01 5.7982778618501013e-02 1.5889240314510809e-02 3.1960629584918139e-02 -2.3659037350475899e-02 2.8490046030827079e-02 -1.2943584178896250e-01 2.7391242416223680e-02 -1.6317500381636200e-02 5.8270054026840060e-02 -2.7111266869896478e-01 1.3153182595652069e-01 -1.3757472065325449e-01 -1.1954822179216180e-02 -1.2766434921552020e-01 -5.3023377943120731e-02 -1.7011496870604689e-01 1.3398271111068591e-01 -1.7018723600223321e-01 -1.1297964520359910e-02 -1.5676225895975099e-01 2.5529215933246407e-01 7.7858168937480196e-02 4.9087207324514291e-02 -1.1862229397532099e-01 -4.8106894703797642e-02 2.7888339365252250e-02 2.3650039114420832e-02 9.6443278391940793e-02 -2.0425749347860581e-02 -1.3980983225478180e-01 -8.0097286383708791e-02 8.1648900529721954e-03 1.2150486964704270e-01 -8.3839172595295927e-02 -2.0884575323207941e-01 3.2253270607556367e-02 6.6815470624192991e-02 -2.7100843242385238e-03 -1.2189475844287000e-02 6.9596610558060115e-02 -1.6771310773306139e-01 -5.4416583535236637e-02 -3.6036143205831067e-02 1.6814666450843571e-01 -2.7231798166943488e-02 -1.3029255531102649e-01 -8.8755357633114387e-03 -1.0568100325207359e-01 1.0672989141668809e-01 -5.3056290586613188e-02 2.7356888721846901e-02 1.0890060096024040e-01 -5.2141938643731282e-02 -1.4683983603589759e-01 -1.0037068497687580e-01 2.8043325812476792e-02 -1.7438890293521911e-01 -7.0883027815583727e-02 4.7537429210003420e-03 1.0746508244025089e-01 -5.4796321873449072e-02 1.2902384974010700e-01 4.4338400136685642e-02 2.7632239219630969e-02 7.3330357889184850e-02 5.8471373513855973e-03 -1.1383669146393040e-01 8.2266633611115622e-02 -7.0129823194855792e-02 -1.2209752522716710e-01 -8.7564290085649268e-02 -7.0556663559999580e-02 -1.2199645154801070e-01 6.4723446300943956e-03 -3.0461529923748391e-02 1.3244176119853979e-01 -1.8449379240431649e-02 -5.0861415772337652e-02 5.7242098700818207e-02 -1.1516874145431330e-01 -3.9637018736849348e-02 1.2179227479535480e-01 7.2500391497948541e-02 1.0012354626299030e-01 1.9382600768642799e-01 1.6056568065190541e-02 7.9269472429000454e-02 -1.7093781939208841e-01 5.9545848734185572e-02 -1.7958917275027750e-01 -1.3058513722980769e-01 -9.9575072995505528e-04 -7.3745838011766873e-02
1.0082140503286680e-01 -3.2318924665479982e-02 5.4494410138926780e-02 -1.8865553795666390e-01 3.2809304596388977e-02 -8.9982318400071828e-02 1.3283075357757670e-01 1.0452243022431169e-01 1.0379002769634341e-01 1.1605225709047159e-01 4.8415493817699252e-02 6.5710041698704688e-02 2.9035259119820439e-02 6.7978077327597058e-02 -1.6464722658420980e-01 3.3660222033263590e-02 6.5231435236589294e-02 1.4501523272383651e-01 -3.2621473183142152e-02 -2.8650604978658779e-02 -9.5630197480624565e-03 -8.2256716534439514e-02 1.9210449946708931e-02 -8.0429356639820496e-02 -6.4717158920394480e-02 8.7205957156706079e-02 -1.1551102094974849e-01 1.0097673694638770e-01 -1.8169443720063139e-01 8.0920204687430927e-02 -1.9729694220738558e-02 1.3840151410886700e-01 5.3084474639269227e-02 -7.7733324750456190e-02 -1.0035467671236850e-01 3.9643613538100829e-02 2.5246103949969928e-01 -2.7785883937293948e-01 -9.2540446485364053e-02 4.7937724649921029e-03 -1.9299476379801981e-02 1.9712618711698640e-01 2.1370247420500521e-01 1.1443880076859381e-01 -2.9924325688779140e-02 -1.7805498655793439e-01 6.5499123974661483e-02 4.4380334691037061e-02 5.9130543998980559e-02 1.3456278168508301e-01 -1.8904504279213641e-01 -4.5111994924534847e-02 -5.9533117558828938e-02 2.4660341614853198e-02 3.8402926509141302e-02 -8.3155314562727886e-02 -1.1092751006045420e-01 -6.8017616106849574e-02 1.6261936867748562e-02 -2.6432838442260270e-02 -5.7532477969687502e-02 -1.8837610014640689e-02 4.1801202276237993e-02 -7.9225231847012176e-02 8.5880422896844902e-02 1.0444983271689930e-01 3.3403490398752060e-02 6.9999595705386011e-02 3.4774359910647777e-02 1.1891551798840660e-01 1.2009552790691751e-01 -2.1472831650999362e-03 -1.2172929353116931e-01 4.6253474780244171e-02 1.2520467706980390e-01 -2.6079698483425132e-02 5.3019315458540411e-02 -3.2175995017034158e-02 -3.0953598661263369e-02 -3.8631581904509368e-02 3.3694829228612380e-03 4.7447640371113799e-02 1.8807705180911741e-01 -1.1872339856144810e-01 3.9173402666165619e-02 8.3408105276875311e-02 2.3055651947414280e-01 8.9560926583699824e-02 -2.0326789429316419e-01 3.5921184611440442e-02 6.8249551900693248e-02 -5.7683618951653692e-02 -1.3085924238327520e-01 5.9182635042108692e-03 3.7315948040029510e-03 7.0661186960577188e-02 4.3675458564807160e-02 -9.7265025744509917e-02 -6.0385173904303938e-02 3.6401741922473543e-02
-2.6429784830502161e-02 -4.0943327399667447e-02 4.3042886327621543e-02 -7.5198116055594458e-03 -6.4283627166388566e-02 1.1010688582910250e-01 -1.1630687428065629e-01 -7.8603949676552154e-02 1.5872580175440790e-01 -4.5846707070055143e-02 -6.3074154680648489e-02 2.5722486046523101e-02 -2.0648824007430761e-01 -3.3569255263291201e-02 2.3282348357247410e-02 -5.1831001586537979e-02 3.8688836913578932e-02 1.2977632054454991e-01 -6.3252689183898869e-02 -2.8159515334259221e-02 -2.4647226437910261e-02 6.4878700625136718e-02 -4.4297405575301711e-03 7.8350766838881730e-02 -1.9055584496811761e-03 -1.4614847573763459e-01 1.5034909427744350e-01 -5.2999400033441620e-02 -1.5180209295956129e-01 -1.6087370178931759e-01 8.4786617312791926e-02 1.8377580385788481e-01 9.5181293109005957e-02 8.3787708507918154e-02 1.1557967610480190e-02 -1.4573597043045380e-02 6.3308889994008605e-02 -7.4299967402938830e-02 1.9537791796300810e-01 1.1928538386456550e-01 -6.6577847474486737e-02 8.3091839801057131e-03 -8.7440864978206939e-02 2.3447216012988811e-01 4.6089147210959927e-02 -1.8594795194500049e-01 -1.9621520253163441e-01 5.8157241515264677e-02 -1.5008100169412580e-01 -8.6151220519408447e-02 -2.7623872026817840e-02 -1.6311143557881469e-01 -1.3599167859126959e-01 6.1404574063346262e-02 -4.1614792263509011e-02 8.8647238286441110e-02 -8.6939389730997518e-02 -5.0331223418080738e-02 5.1490179859925558e-02 -3.4721406959325733e-02 -2.2284955897886091e-02 -1.0144397982967360e-01 -9.8941196478909629e-02 -7.2248912347489924e-02 -1.0433998354316940e-02 -1.8901591536543860e-01 -2.4206815011019880e-01 7.0991681089713390e-02 1.3318976847222139e-02 9.2881026897218930e-02 -8.1202260987875141e-02 5.1252444684047743e-02 -1.2184534251173459e-01 -5.0074769835820522e-02 -8.3444060729204447e-02 -4.8835653281299893e-02 -8.1886728421240160e-02 1.3022254911319370e-01 5.7089777002071559e-02 -3.0608837020553298e-02 7.8657598446215712e-02 3.4307642083749333e-02 9.3711650957057357e-02 8.6054771179303697e-04 2.4774183812008049e-02 -8.4397087293850162e-02 -8.0996615015719101e-02 -1.5114640431235320e-02 -1.1729303041659400e-02 -2.2235229040310819e-01 2.2088641872296869e-02 -1.4109196180883080e-01 -1.3718374094769489e-01 5.2495507779576928e-02 -6.5636696392521635e-02 -6.1476850327032227e-02 -9.2454405615040355e-02 1.4692171684689079e-01 -2.6602215951632969e-02 -1.5449196517502831e-01
4.0972108637589683e-02 1.0046631222664500e-01 4.6217183795602509e-02 2.4824618913129759e-02 -7.1932817734146962e-02 -2.0495068593314129e-03 -1.0063830120075930e-01 -6.5057302811559317e-02 9.8344158210343938e-02 -2.5298132737076720e-02 -1.8275934338095451e-01 2.3085097432958761e-02 -8.3421548187752090e-02 1.3969744444585969e-01 8.2702253783899338e-02 -8.9616524682580204e-02 4.4596580878320580e-02 7.9003472940291142e-02 4.4831534000197043e-02 -3.2338358338910608e-03 1.3660335775201491e-02 -1.2391734926294340e-01 3.4723661703362239e-02 3.1841001885978902e-02 -1.7283835275364649e-02 -1.4412016410970521e-01 3.5513284389541870e-02 -1.1938866014426760e-02 -4.4083054550055172e-03 6.8652212707130567e-02 -5.6488036985312413e-02 2.1330279505634549e-02 9.5391066714094433e-02 9.1518301426307333e-02 8.9745555301443247e-03 1.7058286464147790e-01 -5.1578083267749590e-02 -1.3707802635510741e-01 -1.1074871938282060e-01 -2.4142830721458161e-01 8.4056091177385592e-02 2.0681904854302720e-02 4.0894138366300563e-02 7.7588963418355444e-02 -3.7877037933497663e-02 -7.2929581150631667e-02 1.6631102381674909e-01 -1.0268142976382320e-01 -2.6981498343344072e-02 -1.5005458535462651e-01 -3.8989226996154709e-02 1.9991026481778401e-01 4.1639480504313507e-02 1.2900319164610030e-01 1.5088488948131801e-01 -5.9812225404760513e-02 -1.0801590377784070e-01 -5.5996073559371112e-02 7.2733591142427820e-02 8.7227465895707429e-02 -6.9410602724639212e-02 -1.6147381184965121e-01 6.6568602547867686e-02 -1.1949615612864110e-01 4.6567231560974288e-02 -1.4428535540556250e-01 1.5515878279604139e-01 5.5790831620009619e-02 3.3022833357560878e-02 -1.2069692183241890e-01 6.6842457818647380e-02 6.2758358201245345e-04 1.4876635521015860e-01 3.5329875165612201e-01 7.3048179383741002e-02 -3.5264007205803367e-02 -1.3306185768160551e-02 -4.2846690163364093e-02 -4.2617878865358907e-02 -1.2683620064121040e-01 -8.7224033801838491e-02 6.9120459386247640e-02 -2.1789085355265531e-01 -1.3890238557196771e-01 3.1506833542902242e-02 -2.1897585649453519e-02 -1.6226550375863841e-01 9.6994435133453655e-02 9.9368335135069125e-02 -1.2301122723083870e-01 1.0686010118959340e-01 -8.0980968198838179e-03 9.2789745592179562e-02 -1.9057575685981779e-02 6.0782909132500616e-03 -3.8427609618468687e-02 6.5092296957247817e-02 1.4655375055679301e-01 -4.6233850077141918e-02 3.1404538573657069e-02
7.6350994868796707e-02 -2.6287787181405169e-02 -6.1547444622255323e-02 6.3374697625257409e-02 -1.5644518233436841e-01 1.3649472084641659e-01 1.5828171572989030e-01 1.4124716346939159e-01 2.6617896631094491e-02 -3.9778448658292991e-02 1.2119476232815941e-02 -2.4069363234352700e-02 -1.4447528904778209e-01 9.7177292148366914e-02 -2.4280172008157731e-02 -1.6756230847634770e-01 1.0395886347695529e-01 7.1453130337044632e-02 -1.2303643434253909e-01 -1.9538298076341248e-02 -1.8244862171646969e-01 -2.1831801201725759e-01 3.1981868974994138e-02 2.5350695159556170e-02 2.2983007899169419e-01 -5.1657035962802009e-02 6.8540277452267609e-02 1.7202089927078981e-03 1.6060600623562801e-01 1.6722514841779271e-01 -5.3357917976011887e-02 -1.5101914155865681e-02 -6.4766778378035988e-02 -2.0750105214730749e-01 -2.0058328270709271e-02 6.5354350097733022e-02 6.4048724406710941e-03 -9.8106204953260015e-02 1.7220793414300131e-01 -1.4768560848803390e-02 5.7443867899459537e-02 3.5197619742950312e-02 -6.6697958122220971e-02 3.9155483402546813e-02 -2.7376908560410591e-02 5.7967899647120387e-03 -5.2718047778134512e-02 -7.3244209157913354e-02 -3.5016918569049909e-03 5.5216409359292402e-02 5.3263691548475961e-02 5.0523031544410249e-02 4.3748888602933557e-02 -4.3457379071552373e-02 4.5830722623146657e-02 4.8624823401864622e-02 1.3249742531859721e-01 8.6882421250728842e-02 4.9783743796445901e-02 9.7338229271210688e-03 7.1052020698837412e-02 -1.6642054505814179e-02 2.6433421801439492e-03 9.5331985748325007e-03 -1.8110511401939650e-01 7.6169486510405213e-02 1.2858191605678190e-01 1.5702866755057832e-02 -2.4726312752551169e-01 2.7879011157530820e-02 -1.3692769212359501e-01 1.2596216113283221e-01 -2.3109380383862579e-02 -5.5441740735613997e-02 7.0350342673542898e-02 -1.0989175820778641e-01 -1.5624774396710580e-02 -3.0696562252566079e-02 7.5290603348729945e-02 -1.0211048725776781e-01 3.3414730745641177e-02 -1.2291405167313900e-01 -8.2219146929222067e-02 8.9034053443199035e-02 7.9025814661331212e-02 -2.0953829659736001e-01 1.7772426242356289e-02 3.2673450618510819e-02 -5.9599068950046290e-02 -6.2275848580485897e-02 -8.2097689610831137e-02 -6.9143509991393765e-02 -1.7027149503257460e-01 1.9428745901547001e-01 -9.8397272749371656e-02 1.5643900280249609e-01 8.0511047507219921e-02 -4.4551740658368207e-02 -4.1579894185810803e-02 2.0358154126179831e-01
-3.8105584282221001e-03 -1.3978101159076681e-01 -6.2830553221551427e-02 1.0496240119188860e-01 8.5607064848122513e-02 -6.5340187250348500e-02 6.2971254740200558e-02 -1.2299186129763461e-01 8.1342254611440512e-02 1.0074956971692781e-01 -5.7727729696708488e-02 -1.5886200840844009e-02 -3.4386551493406602e-02 1.1920097952128390e-01 -9.2106514561944686e-02 -3.7295087876507843e-02 2.8832604868398011e-02 1.7053193987344339e-01 1.8830746895348981e-02 1.0928971740721420e-01 2.1914953250985431e-01 1.1373929508720840e-01 3.6956656192912080e-03 -6.1042867787133928e-02 -3.4714111162800147e-02 -5.7069071912055278e-02 2.0762721307883519e-01 -4.6390225307176326e-03 -6.6437028295745257e-02 -1.3973374687362489e-01 1.9272012412156270e-01 -1.2925770428147759e-01 -1.4560228390357211e-01 -2.9106952715727542e-02 8.1011886299081383e-03 -8.9829030030683498e-03 1.0472100448421640e-01 -1.8918961608855811e-02 9.1864326608621736e-03 -3.0320433644106221e-02 -1.6657506719082539e-02 -1.0308806360811500e-01 -7.2579255125745243e-02 -2.8135771753717991e-02 -1.4679656913458711e-01 -6.2683213482399816e-02 6.5231699450913935e-02 -4.1917377907001313e-02 1.4669576397101930e-01 -4.9248327599018968e-02 4.5987049709720257e-02 -8.5483595115393510e-03 -5.5828491692427741e-02 -2.1988552218149899e-02 1.8578730100736779e-01 5.7397575718376337e-02 1.6343077196237610e-01 6.5254496980280269e-02 -1.4415309316692099e-01 -7.7915984925688214e-02 -1.1932626650791200e-01 -8.6068531559998357e-02 1.7581101862783069e-01 1.1539910904675960e-01 -4.9303540498856678e-02 5.6638479514752961e-02 -3.4368219828624369e-02 -7.3036014459150672e-02 2.1146899747886080e-01 -8.9307681898242088e-03 -1.1524127499494689e-01 -7.3965974916466518e-02 -2.2030883493807280e-01 -2.3859054068045230e-02 -7.4685076246233358e-03 4.1884241325969303e-02 6.8780343591471130e-02 -9.2190000908668676e-02 1.0730655963457869e-02 -2.0292382796560771e-01 -1.0265054696220820e-01 -8.0154012906216099e-02 -3.6196499717951913e-02 -6.4078265686727809e-03 6.6270519961623128e-02 -1.1810626918016880e-01 -7.8475449028826319e-02 -2.5059759158765980e-02 6.5196043281301047e-02 6.2241919628074377e-02 2.5657637272440148e-01 -5.0460529502003679e-02 -6.3862036120279478e-02 1.1348521468797300e-01 9.3663996654973644e-02 -4.1457791262765963e-02 9.3024988577044262e-02 -1.8999367605821271e-01 8.2794696392925887e-02 5.0256023001178443e-02
3.4723059916480517e-02 5.3029053435724128e-03 -1.9418387071129189e-01 -8.1518596965930185e-03 7.1138850762944725e-02 -1.6947170261412031e-01 -5.0879517954541029e-02 8.0429649719659532e-02 -1.1372414766101790e-02 -1.9326833395147869e-01 6.0272630335958838e-02 1.6351897443170571e-01 1.2455894568880729e-01 2.2263565086834459e-02 -2.5323732192875221e-02 7.2835097007227567e-02 -1.2275514200967300e-01 -2.0476100071548101e-01 6.2689668522557751e-02 -5.1084160439207937e-02 1.3856481992164321e-01 -1.0820887993284701e-02 1.1215724012341180e-02 1.6780966040445119e-01 5.4307104888969483e-02 -2.3870258305488608e-02 -1.1451163200129971e-03 1.5569581300898769e-01 2.9742947363539520e-02 8.0298150243772695e-02 -8.3685189231832643e-03 9.4178549022553515e-02 8.5699507449478421e-02 1.0214637914658650e-01 -5.4273595135557420e-02 3.8818023806922793e-02 1.7046819446830799e-01 1.9734859291786949e-01 -1.5658250251435059e-02 -3.0440023863494699e-02 7.0723873956945210e-02 3.7855648075241330e-03 -8.7183342688217966e-02 5.4674412392158471e-02 -3.9132813966595043e-02 -1.2398463509233711e-01 -1.1871377837483300e-01 -4.0255893210837168e-02 -1.4429493723900100e-01 -3.9154322182812958e-02 1.0579568934229421e-02 2.0761835747849171e-02 1.3702279519776969e-01 1.1418447309338640e-01 1.1508456110634600e-03 1.3690948551830409e-02 -1.0605718840609391e-01 7.5122861723097789e-02 4.9269209080597329e-03 3.7346681405233499e-02 8.2170528397253646e-03 5.1542620108515708e-02 1.7179723530153171e-01 1.2886983864294091e-01 -1.0436567755771629e-01 -3.9666057687276692e-02 7.1257830099457561e-03 9.1978929559686465e-02 1.4202870649900201e-01 -6.4302303594034507e-02 1.6990281041253669e-01 -4.0833334300313502e-02 -2.3364352184341761e-01 -5.6792750658879947e-02 9.7515392125578262e-02 -1.4972574130420729e-01 8.3447030524835722e-02 5.6078833005596483e-02 -2.6766379544783639e-03 1.8483010161259700e-01 1.0980099868367460e-01 -2.6540591882737240e-02 -1.3713748488504471e-01 4.0067681645551037e-02 -2.6817955285856829e-02 -4.7488430965730008e-02 -1.1064945658562310e-01 9.9233289921534344e-03 -1.0511134186432830e-01 -1.6454974262562319e-01 1.3948970374470859e-01 1.7289245117541180e-02 -5.0249850510297768e-02 7.0526243630367344e-02 -1.3972800228310561e-01 2.1017675331042171e-01 1.0096209705289960e-01 -4.2225437769380057e-02 7.2418590132694763e-02 8.2813888248070455e-02
3.5281043536950732e-02 9.7314825409949263e-02 9.7181147778751989e-02 1.2515141307825881e-01 1.0157727604738920e-01 -3.7520079877798478e-02 -4.6806026816147817e-02 8.2715368006898327e-02 2.1143088475224259e-01 -1.2122743207475710e-01 1.0885319861663920e-01 -1.6737404445846599e-01 -7.6357886109542014e-02 -1.1872937118871110e-01 -4.5643272728068417e-02 2.2193530577359490e-02 6.1491624186994817e-02 -3.7875213964448533e-02 -8.4750231995411485e-02 -1.8802335867062511e-01 -5.8518959406103667e-02 2.9428618130878010e-02 -2.2300956439679599e-02 2.1285534883012411e-01 2.0267994722233129e-01 -1.2305155309765720e-01 5.9243807367450142e-02 1.2059333571749550e-01 5.1847322385842373e-02 4.0880560496550852e-02 -7.2400761075808173e-02 -1.0317467973202740e-01 1.0287103072201741e-01 -1.7004719696892151e-01 -8.2344863354550490e-02 1.7755401436048091e-02 7.0607004123331374e-02 3.8194605755855503e-02 -3.7659400756668543e-02 -1.0187931635824750e-01 -7.0854280411271522e-02 2.1126300250610450e-01 -4.9109971048183640e-02 9.0088194408015659e-02 -2.6318267826494862e-01 -8.6546510032212878e-02 3.7995796942462912e-02 -2.1240697840162449e-02 -5.6002180114216017e-02 2.4951153001833860e-02 3.6223257152707827e-02 -7.9923902196619268e-02 2.2136917065299341e-02 -6.9345230894928209e-02 -3.7518063626885353e-02 1.6120540660888649e-02 9.8787072189211442e-02 -1.0383327935177220e-02 -8.7331503400759680e-02 1.2245419205098150e-01 -1.1567249121134950e-01 -4.6666101924132612e-02 -1.5499502102634949e-01 1.1599257663646870e-01 8.7052386575803498e-02 6.1456341008923873e-02 -3.7980321675972332e-03 4.1715073549340710e-02 5.1766645537102030e-02 5.1420615836297832e-02 -3.6005832559001479e-02 2.1631691939624571e-02 8.9920159485258506e-03 1.1093695019177040e-01 -1.0048513539466200e-01 -3.4812051890171031e-02 1.5163084160941059e-01 5.2239765445596983e-02 -1.0157086842653019e-01 -7.5411827547495272e-02 -6.5564420134083645e-02 5.1384508393207823e-02 -2.4138064219072150e-02 1.9750112226797609e-01 -2.1891430277703319e-01 8.2505209883610320e-02 9.0486630757064354e-02 -6.8158007116405211e-02 1.7687445732182780e-01 9.9241908235999557e-02 9.5151283095631409e-02 1.2162402999941460e-02 2.3172120825228421e-02 -1.8892886591390121e-01 -7.0915317148092490e-03 -1.9413592868017669e-02 -1.3695006852928050e-02 -1.1132615783261671e-01 -7.3317239270915364e-03 -1.4944157435093181e-01
6.1590111847527863e-02 -1.0036968513986980e-01 8.4687991294709955e-02 7.2407146738874939e-02 4.7909940382719000e-02 -1.8644754946433631e-01 6.8576424903331740e-02 -5.6304463704254487e-02 1.1140098631950110e-01 1.2410856376141959e-02 5.4209701696245900e-02 1.1790807269455141e-01 2.8349922356570471e-02 1.0145070853636200e-01 -1.9468743732603291e-01 5.8481279898134092e-02 -2.4315098646666089e-02 2.1462900855060141e-03 1.5896128390866900e-02 -1.0013488060197330e-01 -1.7749765622981889e-01 1.2316180385724899e-01 -2.3314907282815589e-01 -3.8397895879380223e-02 9.6015426559131992e-02 7.1765465350600516e-03 -2.8780516541202929e-02 2.1675723292702110e-02 -2.5285105204143909e-02 -1.4496626706408691e-01 -1.3299995729123751e-01 -5.3803791620776517e-02 -6.2782085145268285e-02 1.3571216991859281e-01 1.3776575645690591e-02 1.1920666262936580e-01 5.0108184003373163e-02 -6.6285707580254413e-02 2.5377151206744209e-02 2.1093345485238859e-02 1.7198774081886750e-01 -9.5084151770534905e-02 -6.7431786877977420e-02 -4.9593452125666140e-02 -6.1608481596841187e-02 5.5986199736066382e-02 -1.6740606355442531e-01 7.7819424712563687e-02 8.9181985748427173e-02 8.3515181721078094e-02 -5.1747627667285530e-02 5.5950867381574773e-02 2.2621596149130469e-02 2.2266091345536340e-01 -3.6283656378805110e-02 -1.2635931220307681e-01 -8.1431285135677517e-02 4.6958203497969399e-02 3.7296967135723259e-02 -1.4763294390120810e-01 1.2865255438710371e-01 -1.3250242803884061e-02 -1.6986659379943961e-01 -5.1933744268084217e-03 1.4990357693628040e-01 3.6407543047594873e-02 1.3147342293285841e-01 1.7137693294617371e-02 -7.6570999356455643e-02 3.0512151131816920e-02 -1.4943284032551399e-01 6.3853930238800344e-02 -8.5120415390129281e-02 6.7442313115549615e-02 1.0375551126561200e-01 1.2656806849511951e-01 -1.0308816929539349e-01 -1.2005120780194910e-02 -2.5519337297261271e-02 -5.5160795240682632e-02 9.6445779722316976e-03 1.3176561438613521e-01 3.9634360911330373e-02 1.7238505413606969e-01 -6.1068240761490443e-02 -6.5331708690542681e-02 -2.5886664721748831e-01 -2.1312712100335171e-01 -3.0238763157507419e-02 -1.1581427720771810e-02 -3.0511486827741359e-02 2.8823175225781039e-02 -4.1537889209691529e-02 -1.5955324064345719e-01 1.1721994911270010e-01 2.7309428779191680e-02 1.4753640378215430e-01 9.6323775360615108e-02 4.3472317787907132e-02 9.7109658302080709e-02
1.9241035884780619e-01 -4.4940076250391276e-03 -4.4780332454506008e-02 -5.6154151177369473e-02 4.7119777839116188e-02 8.1972591936527641e-03 -1.4517834165462060e-01 5.7794332069360126e-04 -1.3592424654074220e-01 -9.5914080328008244e-02 9.4641191441058869e-02 -3.8689869056945873e-02 8.3685039615678067e-02 -1.5679625772271161e-01 4.4964104033680292e-02 -1.3323167258810109e-01 -7.5285032202355426e-02 1.7631941420813391e-01 -1.0563318170602740e-01 4.2576952651667832e-02 -6.7275487122448921e-02 1.7436308343984910e-01 -7.5970346968481928e-02 7.7933976551682424e-02 -5.4823993242565219e-02 8.7111877444324304e-02 1.2252708550643440e-02 -2.0115926598514780e-04 -1.4848705619678090e-01 -2.2941352915723461e-02 -7.9972499905268973e-02 1.9212793314364271e-01 -4.9146854582963848e-02 -9.6528546399757525e-02 7.5722797678713372e-02 2.2662151709221989e-02 -2.7722191659056811e-01 -1.6343732650529641e-01 8.7615201005097815e-02 -3.5504860111172772e-02 3.2232525164768072e-02 2.3832643915938562e-02 2.5121379730848801e-02 1.0952456347926370e-01 1.0461979605351659e-01 7.6110824104276109e-02 -2.6555900276811199e-02 1.7927220050579920e-01 3.0636112288294031e-02 -1.5176975115597929e-01 -1.8556386414963499e-02 -2.0931509782079871e-02 8.4624313386823177e-02 -5.2121643648016969e-02 -1.3122993757293960e-01 -5.2875515049256312e-02 1.9944432168930829e-02 1.3484619671360240e-01 -3.0217230687955229e-02 2.0540754723186561e-01 1.7859224128031501e-01 -1.6669059847561099e-01 -2.2371078040635761e-02 -2.7336377038106138e-02 -1.9103236469835978e-02 9.1336278039816032e-02 1.0859319463615760e-01 2.0854600462982691e-02 1.1799916890290760e-01 -1.5160835700502909e-01 2.7836001027546731e-02 -1.3881046957402340e-01 -3.1734398448730383e-02 3.9649478170824870e-02 2.4573222204353842e-02 -6.2538987588639655e-02 1.4239104924893259e-01 6.0980177354026957e-02 -1.2042066427749430e-01 1.3295799247550630e-02 2.1880047633112180e-03 6.5697875334074923e-02 2.5535972995745968e-03 -2.1170748547824730e-02 -4.0267231929297112e-02 -2.0190965528379670e-01 7.7163832317926357e-03 -8.1499609033380244e-02 -5.2424210126462333e-02 5.6255410464815150e-02 5.4645231119593449e-02 -6.3488922332295250e-02 -2.1942830553245529e-02 2.4749661619422891e-02 -6.9447261486188600e-02 -1.9165108367675501e-01 1.2860170865258641e-01 -1.9154760427483239e-01 6.7647972178140378e-02 9.6710447641624689e-02
8.1347378268737003e-02 -3.2723894146263532e-02 5.5419372565080539e-02 -5.9869072544607133e-02 -1.9855313620693000e-02 1.8174475520116730e-02 2.4314491013490140e-02 -1.4125243013467989e-01 -1.7381724160545110e-02 1.0560031581206621e-01 -1.5609814829447249e-01 1.6245923384322911e-01 -9.5560594078279090e-03 -9.1292063908855844e-02 -3.3784210936706389e-04 1.2810260557712760e-01 -2.2109961131871711e-01 1.4348022152042189e-01 -1.7053221893072651e-01 -7.7010401052739791e-02 -1.3883677704010630e-01 -5.8378553656989053e-02 6.0129725901453553e-02 7.2314822361675177e-02 6.7628727741569430e-02 1.7627455777571960e-01 -3.4192532785368261e-02 -2.9031391241059329e-02 1.3574499381646529e-01 -5.5954229467552888e-03 1.3453340083175211e-01 -1.1794806714616170e-01 -6.1805400405157140e-02 5.2539620466172943e-02 2.5007401391959019e-02 3.7855848974616343e-02 5.2158287210358097e-02 1.2907942578425041e-01 -7.0495310059754041e-02 -1.2920786593711209e-01 3.1853801266245117e-02 6.6788868656991768e-02 -3.8465402182101253e-02 1.9454945515634019e-02 9.9870395721621971e-02 -4.6241769558015670e-02 -1.1291082411480390e-01 -2.0154818784512049e-01 -2.1340643319577801e-02 -1.8604863561246410e-02 1.1049282542902070e-01 1.0564575714664000e-01 -3.1709823572052792e-02 3.7996961168560550e-02 7.8530636668424039e-02 8.1291764915080292e-02 -5.5404219978435552e-02 -6.1791608642208937e-02 -3.5286447870682188e-03 -8.5808451689863164e-03 -3.1466252807391352e-03 -2.2134820488479291e-02 -1.3302948992433899e-01 1.2719265826363971e-02 -5.7433678857209187e-02 -1.2069003320458940e-01 1.6848406127935681e-01 -1.1850668653075611e-01 -3.5785388433919149e-03 -1.1500496331090730e-01 -5.4448451968508983e-02 -9.5258903229363978e-02 -1.5823751201724801e-01 9.2962035487404421e-02 -1.7120232481831621e-01 2.0316889442693631e-01 1.5989989836048921e-01 -7.6429789681153812e-02 7.9158389890127759e-02 3.2709814327373528e-02 8.7320679310466387e-02 3.2192620076951950e-02 -1.4254973488575840e-02 1.0246452942048161e-01 -1.3229693253015820e-01 -5.3930665416839232e-02 2.3004611700194719e-01 6.6278116928897471e-02 -2.7977868277746271e-01 -9.2316867072169181e-03 6.9583377049778933e-02 -8.0199776516359733e-02 -3.0862635698998841e-02 -2.6810638619597919e-02 -6.1781306764411938e-02 -1.8270744711608469e-01 -1.0443859298733529e-01 1.6757379998203280e-02 -1.6195031794885819e-02 -1.8377810418150651e-02
-7.7315559968086672e-02 9.6364351412676907e-02 4.5414331032550492e-02 1.0686844497852011e-01 -1.6518054179788261e-01 1.1160228008239199e-01 -6.6306149662654079e-02 3.3671457252714233e-02 6.5096996574090196e-02 4.0384892131193381e-02 9.4133843713501725e-02 6.6888565576740139e-02 1.7291361401225089e-01 -6.1496476016272852e-02 -1.7162007186825132e-02 -9.7227949963400284e-02 1.4185470269276060e-01 -1.9672436285333980e-01 -4.5471629527265488e-02 -5.9639820794981993e-03 5.2109485537540148e-02 -3.0829947376305729e-03 2.9613858596076729e-02 -2.1628967931777979e-01 -6.0073596184900477e-04 1.1386544091523830e-01 -1.4110585563242690e-02 1.3643036623141030e-01 6.6919390721620703e-02 -3.8167601766613053e-02 -8.4597716419855140e-02 -8.8722342043760644e-02 4.9663966216575192e-02 8.3998596811222584e-03 -8.5156816032330815e-02 1.7628408869253331e-02 -1.0614916569479830e-02 -8.1843604723966887e-02 -1.1375672552632130e-01 6.0756112269584557e-02 6.6334599000312397e-02 -8.9767175887935535e-02 -7.1977645845209774e-03 -6.5993846032150767e-03 1.6732514811642330e-02 -1.0775026044467420e-01 -2.8621232559018259e-02 4.9743344534563597e-02 -6.2687036313617855e-02 4.7356304237949107e-02 4.1358545280338763e-02 3.5085470429127852e-02 -6.5009193692570647e-02 -2.4613771276346320e-02 -6.6428294818660902e-02 1.0111305267059910e-02 -1.5418577898897140e-01 -1.7658567389878710e-01 2.1311217396628671e-01 1.7664876683825950e-01 -1.3749803803000571e-01 -9.0297041567405173e-02 9.7689729787483939e-03 9.6522575090796967e-02 8.7685997018133680e-03 -1.2356769918094260e-01 1.7083681778302851e-01 -4.5336035138542521e-02 -9.5138556991270967e-02 9.6767298257261301e-03 -1.0016359850136020e-01 -3.0349536919045889e-01 -3.5515570509574157e-02 9.0376743691136211e-04 -4.9512289557017378e-02 2.4650177442991649e-02 4.2846316342406661e-02 6.2377923877608293e-02 4.2273820797620078e-02 6.7525081090905352e-03 -6.4208263205374094e-02 -1.3041577477333940e-01 -2.3917916563826368e-02 -8.6680577524320873e-02 1.1554105328439960e-02 1.2222719745670661e-02 -1.5081488283713759e-01 -2.5393681587523148e-01 -3.1080860319381608e-03 9.8805682814704185e-02 4.0091513273374998e-02 -1.0836240859734680e-01 -2.6700080005408772e-01 1.3247503752528730e-01 4.6829680762388887e-02 -3.8740126383632813e-02 -1.0632108969511660e-01 -1.5310698154932961e-01 5.6929628005919747e-02 -1.0670231313723590e-01
1.5357998490477520e-01 2.1610443982526699e-02 9.4115534315998787e-03 1.5769602714436430e-03 -4.6832291558302923e-02 4.5525347856501933e-02 -7.1724077628612298e-02 -1.0824796193812600e-01 -1.7399669024463130e-01 -5.2388449884328649e-02 -1.5069524344475180e-01 7.1348133239612314e-03 1.8129411588870031e-02 -2.6328693816527571e-03 -1.2265146314686150e-02 -1.9092354570223469e-01 3.4719143321466119e-02 4.6142945484247688e-02 -1.7698594665596021e-02 3.2360858266031779e-02 -1.1743049376282050e-01 9.9124779647527084e-02 5.2289412808354682e-02 4.1847106974319120e-02 6.9446755459345061e-02 -3.4136821052191513e-02 -1.8891465425417131e-01 5.2933889118423179e-02 -1.8542721739119021e-02 5.5926062099989210e-02 1.8649171925441910e-01 -8.9027689618521293e-03 4.4374430314965581e-02 9.3819736912676505e-02 -2.3129157029892621e-02 -5.7618405334159087e-02 -3.9676237368770698e-02 -7.5845383856151513e-02 -7.7936382130606635e-02 -4.6704753584195992e-02 -1.0351876509547819e-01 -8.5611075459759461e-02 4.4587106347287637e-02 -2.0290432844110029e-01 3.0870271570175231e-02 -1.2274157179946250e-01 -4.2397742380052200e-02 -2.2196110698859330e-02 8.7309244501206223e-03 1.4274964808232851e-01 1.4579143142507840e-02 -1.9855118745385071e-02 4.6273805090901461e-02 -1.4464162991421911e-01 -1.2668113748805271e-01 -1.0744365579534471e-01 1.2853598895734220e-02 -7.5306038823167568e-02 -1.8369210987725201e-01 -1.2112799136015820e-01 3.6427537838767662e-02 -6.7778324632070619e-02 -9.9724232383879684e-03 4.5297915371969220e-02 -1.0111381813981360e-01 1.2328546268897890e-01 -7.9180162443673222e-02 -3.4262415910642011e-02 -2.3054831257169960e-02 -1.0732546268077441e-01 1.7697010736522481e-01 8.9627431518051817e-02 -8.5369794064464002e-02 2.7878834835865768e-01 6.2205310117240092e-02 -9.4155444488496456e-02 2.0415947351085220e-02 1.6689086176412160e-01 3.0058897280397551e-01 -6.0227707537285090e-02 -7.3617135906860295e-02 1.0336258779309750e-02 7.2086311201059294e-02 1.1680984856109110e-01 5.5331312630117818e-03 -3.0004746211475700e-02 -1.3740292375273569e-01 -5.1246299617190440e-02 1.5186163326134480e-02 -2.2821797033590451e-02 4.1276328583771567e-02 2.3145445608734709e-02 -1.0389905675027319e-01 -1.0440786763566411e-01 1.1120024148608811e-01 2.1615425094635071e-01 -2.3789575581633160e-01 -7.2532368034666117e-02 4.6088867937510179e-02 -6.1831115793841963e-02
3.2763125304386249e-02 7.4625146705824985e-02 -1.1483533627823170e-01 -1.0672602122898720e-02 -3.3333535062444353e-02 2.9029827243289957e-01 -7.8668293125295316e-02 3.0577653654459719e-02 -3.5328267880223613e-02 -3.2369814863000779e-02 3.5840836372913909e-02 -5.0056078212708188e-02 -7.4459526684361538e-02 2.3172918117384249e-02 1.1254545990753390e-01 1.1080386106545870e-01 9.6378326252089197e-02 9.9738408136432095e-03 -6.1346423279381619e-02 4.4068209805678681e-02 4.4519498058119618e-02 1.9963027384215241e-02 -5.0962974124390978e-02 -9.3733481437295818e-02 -2.9998424757853009e-02 -1.4020502994571230e-01 1.1426585295781109e-02 1.6153910804091001e-01 -7.8812733997897053e-02 1.5296859255259940e-01 1.9278854196684760e-02 -3.8036148995139120e-03 -6.9125746403734922e-02 -2.6105089874615631e-02 6.6631786756052067e-02 -1.9698744311527830e-01 -1.5869128253375619e-02 1.6826438531088531e-01 -7.1631765203732253e-02 1.1088337102554670e-01 -6.4607159150387181e-03 -9.7833210815112731e-02 1.1398533895800821e-01 -9.7995836985740239e-03 -1.5504233979352189e-01 1.3276927477502040e-01 -7.2965075634472229e-02 -2.8813391224511947e-01 2.9727719773741081e-02 -1.8490747113234321e-01 -1.0305354556147869e-01 1.1172696570179790e-01 -2.6882048202959599e-02 1.0092015732232350e-01 4.3948406296136069e-02 -1.4862721582852631e-01 -2.4544399617181668e-02 8.9330183064502799e-02 -1.2626633227572371e-02 1.8543681288882730e-01 4.5062267358686320e-03 -6.8263082677248718e-02 -7.4770865210033413e-02 -9.2356417567806982e-03 -6.6575677399105498e-02 1.5160426205753180e-01 3.0925129238651618e-02 3.3968523607316607e-02 5.2935920641981153e-02 8.7997977081743242e-02 -2.0709354456707040e-02 2.1725964518680640e-02 -2.4314277125609560e-01 -1.9451240945851721e-02 1.0662242953611260e-01 4.5075866919988397e-02 1.2765944254880731e-02 7.6644806950844826e-03 -9.8371559935589062e-02 -1.2512913097374731e-01 1.5975761871934521e-01 1.4904739133090461e-01 2.9343785657984900e-02 -9.7329788526539007e-02 -8.8431003515973744e-02 7.4342603314138320e-02 7.3185333864331766e-03 -1.2758370975773220e-01 -1.1943054715446171e-01 9.9022787426746375e-03 -7.3398517868017835e-02 -1.2041861604368030e-01 -2.4464230963044419e-02 -7.3718570752285856e-02 2.1718753676888031e-01 5.4811666718631039e-02 -1.0934605783384860e-01 1.3027000757564591e-01 -5.5223733979965432e-02 3.4527316757510772e-02
-1.0880528080963101e-01 -6.2606959210873671e-03 -6.0426973779265931e-02 -1.0851895099313979e-02 1.3870277580196619e-01 1.0591659999433969e-02 4.3080569600968011e-02 2.5158372619954031e-02 5.1494667941711109e-03 -2.9777386146370138e-01 -5.9720958970377769e-02 -1.2676442319426290e-01 6.9158405706668577e-02 5.1843625729381303e-02 2.1869783195153800e-01 6.0763137563331598e-02 -5.8844749961874977e-02 -3.7760362500867582e-02 -1.5525177363214471e-01 -1.3793693856805969e-01 4.2693864031959107e-02 3.0696408134719327e-01 4.7351394238335863e-02 -2.4368158063689371e-01 -8.9901394173306171e-02 -3.7328631851946598e-02 -4.6975251925984923e-02 -1.9665925221188018e-03 2.8710098766740581e-02 2.2351606867247010e-02 -1.1107867550144800e-01 -2.0861930803780421e-02 4.3939744689709181e-02 1.7324918229738102e-02 1.9637863493512129e-02 -1.2469535963949570e-01 1.2093118575962870e-01 -1.1554005245552110e-01 5.5267555625898593e-02 -4.6971325212611201e-02 5.7020031027883902e-02 1.1255284255091400e-01 -2.1291768750745590e-02 1.8761701511467280e-01 -5.3975940649529243e-02 6.1359791782762289e-02 3.7977404061363289e-02 -5.5749239251591913e-02 1.9193346079703719e-02 6.9706689291970922e-02 -6.0853214926261230e-02 1.2038946964093129e-01 -2.8091090115290221e-02 1.4785787703095610e-01 1.2519225621594940e-01 1.5661464581968751e-01 7.5049074408935851e-02 -2.4592468851541929e-01 -5.1869175302021887e-03 -1.3900465438163889e-01 1.1956339339485790e-01 -1.1146672139670130e-01 6.3771596555465521e-02 -6.7499742767552648e-02 -8.8152094505874981e-02 1.6075386221187721e-01 -1.0892118074462481e-02 -3.6348477883836473e-02 -4.5265024117693868e-03 -1.8192065348346682e-02 -8.2845790413952312e-03 -1.0791325605977150e-02 5.7818776905781487e-02 1.2018445152235069e-02 5.4833138422677521e-02 2.9802686527099512e-02 5.3047543427092447e-02 -1.8207777322076191e-01 7.6661830778011267e-02 9.0283641480703600e-02 -9.0838281689736886e-02 -1.0317576280126579e-01 6.9412642841937249e-03 4.9627261849610582e-02 4.2397589297489567e-02 -2.0847928155161191e-01 -4.1915627073868172e-02 -6.8408685110175990e-02 -7.3598697604052590e-02 -4.3456527369151308e-02 -1.1055959911300740e-01 5.6058303905751070e-03 1.4093473017080520e-02 -1.1311943278337031e-01 -1.0165127293332350e-01 6.9170059816064501e-03 -1.2073894926586630e-01 -5.3818884698903537e-02 -5.6349848538421413e-02 -1.1303558438656609e-01
1.2805576702344809e-01 -1.1376866759984600e-01 -1.2099418278298139e-01 6.7232598308515981e-02 1.0862663674936660e-01 -3.2384106807518909e-02 1.1756995624721980e-02 -4.0556186884165311e-02 3.5534594164880390e-02 5.1562374408165058e-02 -1.3335106693741480e-02 -1.1961107155437090e-01 2.8538233374226771e-02 4.5394333841624827e-02 1.1669887280228949e-01 -1.0962008250903280e-02 5.1258001019011387e-02 2.8555782489951591e-02 -2.3508516701360650e-02 -3.1504545466495407e-02 1.8138226575520491e-01 -4.8602160697130317e-02 1.5690677783305480e-02 -6.0372346921828787e-02 8.7890417445693869e-02 1.0352129521819370e-01 -9.8289035723320997e-02 -3.4287278889940973e-02 -5.1892703727215612e-02 -1.9402867386284631e-01 3.7719314865232202e-02 -1.6962871263362149e-02 3.6460375079530691e-02 -4.7989504167370627e-02 4.4920837348235390e-02 6.2957737047250759e-02 -1.4730740874238149e-01 -8.0394810202138491e-03 -3.8621685955175067e-02 4.9502634953718663e-02 9.7070203471386979e-02 -8.1156958980103472e-02 -5.0007727995910620e-02 7.2890173450106663e-02 -3.6535558152141288e-02 -1.4011938029556231e-01 1.1842344585590460e-01 -3.8088303318310202e-02 -1.4952011305589050e-01 1.5569655819764389e-01 1.8388527639111661e-02 -9.8906112503958810e-02 -2.7546145411863582e-01 -7.6671423192477883e-02 1.5645035031262661e-02 3.2996890504271112e-02 -3.7692192894439938e-02 1.6288957290443470e-01 -4.0151153479915887e-02 1.0502282718211410e-01 6.8933955865136303e-03 1.3398699637233860e-01 1.8247966066249169e-01 -1.8464100330017330e-01 6.7264295986401393e-02 -9.9250082289049826e-03 2.7495685726082769e-02 -1.0544542128291970e-01 -6.0649308339360171e-02 -1.4021124049085151e-01 -1.7220352341219780e-01 5.1257437727032836e-03 -2.3716337777002269e-02 6.5644870758088739e-02 2.5735755027095152e-02 -1.0687092322729250e-02 1.4688715876017019e-01 1.9574848544625462e-02 2.0803585904894499e-02 6.5622078420787613e-02 -5.9587136737760588e-02 1.3288199531024861e-01 -1.1042964837137710e-02 -5.4414306722998490e-02 -3.4334469181785798e-01 -1.8251042772961749e-02 2.6571422714253570e-02 -9.5301719706546467e-02 -6.0152010862990671e-02 -1.6380132943917780e-01 -2.1309473213905500e-01 7.2949172069315796e-02 2.4575287812625409e-02 2.8966302917739679e-02 3.4153486884629852e-02 2.2306798797216440e-01 4.5049730021646223e-02 2.3402696810958669e-02 -1.8564409321877540e-01 -1.5689041182553660e-02
-2.3513709189303750e-02 -3.8434093338102958e-02 -3.7681230509925820e-02 1.0377450093543120e-01 3.4458343121634080e-02 -2.1310906783281189e-01 4.6613796752427633e-02 1.4620729428046351e-02 6.8841152802387520e-03 7.6181509693636615e-02 -1.2870631825718429e-01 -2.5943739275171279e-02 -1.1099457958166251e-01 -1.3255592151251910e-02 -1.0552580915285900e-01 -3.7693174692461473e-02 4.4165867631040107e-02 1.8126033605792499e-01 8.0226893115230957e-02 9.2280815000187172e-02 9.9119557955745605e-02 7.8587250701923045e-02 7.2123019145554620e-02 -1.7022465049914091e-03 3.2867389615638461e-02 -5.5586495589448608e-02 -6.7539536500877614e-02 -3.1508865627623693e-02 -8.7648102467341657e-03 2.8354977599440969e-02 -8.8241724598558058e-02 5.4118826350115591e-02 6.1855473974534038e-02 -4.3621677772997941e-02 -4.6580037709172489e-02 -2.1769005978199470e-02 -1.1886966003608961e-01 1.5606273828346079e-01 7.0780773281062748e-02 1.5778563502728989e-02 -1.1306316642585010e-01 1.1710668115206441e-01 1.1615935646751541e-01 -1.3502860669691991e-01 -3.3984102039282420e-02 -1.5489942335428949e-01 -2.4235244853812060e-01 6.1318573879305997e-02 -4.4523937080412038e-02 -2.0829621536787360e-01 -8.2759341234114187e-02 -1.1477621556252910e-02 -8.0665551190529747e-02 1.1538592868494070e-01 -1.3609542979722139e-01 7.5965235415605875e-02 -1.0396759889810550e-01 1.5924223353073540e-02 1.0342799824206170e-03 2.3381752289035840e-01 -1.4510697270475059e-01 1.5167315458808440e-02 1.6910375680383710e-02 1.9643344299262699e-01 -2.8262457421940980e-02 6.0957437809986248e-02 1.7408435588851030e-02 -1.8924046701093909e-02 -1.3646587577240771e-01 -1.5943321482059811e-01 2.9244602296222631e-02 -4.5680455338771027e-02 6.8812462942071925e-02 8.7436849063932016e-03 1.8026394021500389e-01 2.3497964410060909e-01 -1.0143109965027659e-02 -2.3307706769097250e-01 5.8080717558468567e-02 -6.9725521067952101e-02 -2.2217605648080928e-03 -1.1030201646986940e-01 -1.8777772864682150e-02 -2.8683214357545211e-02 1.4969221440143660e-01 -1.2058170804595621e-01 1.1750141732570089e-01 -9.0113008184876345e-02 -4.6934910051768331e-03 4.4562361449471143e-02 -1.5270089102555329e-01 9.0846593802720463e-02 -2.0470416405416660e-02 -1.3567197214721441e-01 -9.9428951336176657e-02 1.1328746715249360e-01 1.8322732384009440e-02 6.5966878739510570e-02 4.5495653875391347e-02 -1.2073949754435800e-01
7.0046197851962214e-02 4.1374234312649971e-02 -6.2837691429778658e-02 1.1041848760779790e-01 -5.1405357120664102e-02 2.0366258696392911e-01 1.2367395090604789e-01 -3.1649526987480039e-03 1.7097430753710641e-03 -8.0123172871623301e-03 -3.8970477391766060e-02 1.6236302049149101e-01 1.4188565349911570e-02 -2.7189191369903151e-02 -7.9034418798279937e-02 4.0656133457582462e-02 -1.5022421536561499e-02 -2.1279169607584740e-02 1.4709244723352660e-01 8.8626681882762633e-03 -1.8752470572905029e-02 -1.4182798946227179e-01 6.1581493658978477e-02 -1.2619502377425099e-01 -1.9083936222721240e-02 -1.3259740234744161e-01 -1.6734156611510859e-01 -5.9964553067332872e-02 5.8728342050723354e-03 3.7132318760101257e-02 -2.9611623086955041e-02 1.1936441515690320e-01 -1.7775451992980940e-01 -1.7890531681804139e-01 -1.1570878065192620e-01 5.1731564172630827e-02 1.0306147170508879e-01 -1.7644482080654991e-01 1.0558794840553530e-01 1.2962208844571150e-02 -6.0386186114701638e-02 -1.1202924156001720e-01 4.4522879483344331e-02 -1.3646811413051390e-02 -1.3596564255430479e-01 -3.3597610512291702e-02 -1.6044046033549170e-01 4.0007953245794543e-02 -1.5428783859177420e-01 -1.1248664478898660e-01 8.7047636034258830e-02 -6.1197067467357327e-02 -1.1335666615351750e-01 7.8008615248693944e-02 -4.1812486779044367e-02 1.2141673799452959e-01 2.9978132216703750e-02 -1.1796182843890730e-01 -7.3682248659732150e-02 -3.8174563836793643e-02 2.6375212270401710e-02 5.0484381943625617e-02 5.2438588220030953e-02 -2.6008439330160119e-02 -1.1635081151138370e-01 1.4403078234014249e-01 8.5053231321432984e-03 -1.5693815918918030e-01 1.4633411725302020e-01 -1.2357646390243840e-01 -3.5067133293595620e-02 3.4692972951388713e-02 -1.6974302794668081e-02 1.4722891887454129e-01 3.5469678905234198e-02 2.7215363384869441e-02 -9.2172130913127093e-03 5.5904665475503268e-02 -1.1581141053491760e-01 1.5060116852874519e-01 -1.1629333629044500e-01 -5.4233429013704169e-02 7.5972353628239696e-03 1.0304688838722680e-01 -8.5412085035603630e-02 2.7552807803968749e-01 -1.0903281658097110e-01 -1.9085507990495850e-02 -4.6903179266719837e-02 -5.1825747992627597e-02 -9.0576684609295438e-02 -1.0482408654882761e-01 2.1098834865459981e-01 -1.9037912243309380e-02 -6.6085716919516910e-02 -1.9874581356518589e-01 9.7386548090235531e-02 -3.2352941141916759e-02 1.8635783929846761e-01 -2.5875558537376390e-02
-2.5589762210605618e-02 1.6757594061107681e-01 -4.8572019763998983e-02 -8.0229362371667789e-03 -1.8827912832005139e-01 2.3726653660975380e-01 -2.4145786062782081e-02 -4.0123492469740169e-03 1.0098043790006669e-01 2.4496381240209661e-01 2.1118601908144879e-01 -1.2817315351231950e-01 -5.6683073482540550e-02 2.5282497052485749e-02 -1.6045419795809501e-01 -3.5302222913154803e-02 -9.9558405799385602e-02 6.1914983309421613e-02 -4.9634850559128661e-02 -1.0859205175974790e-01 4.5195533586179663e-02 5.5806852605743237e-02 1.6228166584130910e-01 5.9407977405268667e-02 -2.8408536414663382e-02 1.7238808454892349e-01 -2.3096833364106350e-02 -1.8074658247924921e-01 -2.8338806059239208e-02 3.3748600934517592e-02 -1.9124367734810719e-02 -1.2813035111706619e-01 -1.6059310089156020e-02 6.5739834551005252e-02 -9.5590863347486593e-02 -1.5539099098580239e-01 1.7676317382624051e-02 2.6456710841963670e-02 9.3965502135742132e-02 -1.0396771978022660e-02 1.0500697710147110e-01 6.3833960971497974e-02 -6.6372205535387363e-02 -5.0344432850387560e-02 1.4358417763937450e-02 -1.8965208439378539e-01 5.8900409604138747e-02 -1.6465554367711788e-02 1.0020050812884580e-01 -9.5916138165519180e-02 4.2510697773190463e-02 -1.5458020083690860e-01 1.1160364358927900e-01 1.6822196092211980e-01 1.0536923951314510e-01 -2.7260404107977070e-02 2.3690256027455029e-04 1.2641451278676580e-01 1.0671302355992590e-02 5.1693456595857973e-02 1.0820239766179120e-01 2.6979575302209378e-05 9.3389447562479341e-02 -1.8882446549296261e-01 -9.4153546263607238e-02 9.1747209023849405e-02 -8.4271981995233790e-03 2.8736025235555279e-02 -8.8074364980367137e-02 8.0093707465590386e-02 4.8081606219311207e-02 3.2293787912317448e-03 -1.3511538289698500e-02 -4.8431013914759626e-03 -3.0649847855449149e-03 -9.0725847041175315e-03 9.1530620910720686e-02 -6.7328428012969024e-02 5.4336453170368178e-02 9.2141176200986191e-02 -1.2778168309291051e-02 1.0891589181603070e-01 -2.1798718645409412e-02 -5.6558509718591131e-02 2.0720504374189291e-02 3.4695140585124101e-02 -1.8936854708837719e-01 -1.9264913596351411e-02 -2.8479393000231501e-02 -4.1915490154393650e-02 6.6783269959920788e-02 2.9590539733678811e-01 -4.2361115359651799e-02 -1.9132196969419349e-01 -9.1546748415585216e-02 -2.3043248355153100e-02 -1.2325397560536910e-02 -4.4506655729606548e-02 1.5398455191984969e-01 -7.8427142677973322e-02
3.3016681624982662e-02 -2.0660257009206082e-02 -1.4445730996247869e-02 1.0649902062988800e-01 -2.0045938255443250e-03 -7.6932913372648265e-02 8.5360118232942102e-03 -8.0671567532055538e-02 -5.1202275487305160e-02 1.5225384955673690e-01 9.8854198912258408e-03 -3.1756230959684462e-01 1.7891198773332859e-01 1.9018025833618121e-01 -3.9442872025226533e-02 3.7910075812825572e-02 -3.0903697770689142e-01 -6.7195444056268469e-02 1.9283431066793311e-03 -1.2110064625081200e-01 3.3760892438664758e-02 -6.7361070610304538e-02 1.4921645871154060e-03 -4.7549067927498578e-02 5.8993388804521360e-02 4.5063880041395880e-03 1.8108032384117639e-01 2.1530400553440309e-02 -7.2725150173907321e-02 1.5050058063091060e-01 -9.8797152215506570e-03 -1.6003160260344731e-02 -1.8189475093881451e-02 -8.7909322377664981e-02 9.6734247412452873e-02 -3.7766789539180758e-02 -1.0841353727621010e-01 -2.6179019952755379e-02 1.3231731774346700e-01 9.9247367398734174e-02 1.0055850049070980e-01 2.8809892868995681e-02 7.4287681827570021e-02 -1.5462556945475820e-02 3.8113994394669351e-02 -7.5566707402017638e-02 1.9433902515617371e-02 -3.1438982213074352e-04 -2.2005859694469451e-01 -4.2501486979631947e-03 -1.0645901503621530e-01 4.0640583957079188e-02 3.3503866769698513e-02 -1.0149466766428961e-01 -1.2290562200528550e-01 -6.0099248486852573e-02 -3.3253520941585631e-02 -1.7055880385429820e-01 -3.6535577661346670e-03 5.2871697265707653e-02 6.9473019799606406e-02 1.9525731508343809e-02 4.2580120790149993e-02 -1.2086269158652201e-01 -6.0671944252399697e-02 -3.8127573124684691e-02 1.2336407759120951e-02 -1.0254636513353101e-02 1.9365251139935610e-01 7.7059792785538109e-02 -5.6413631666542709e-02 -6.1965955560699053e-02 -2.8951541955605179e-02 5.4802140195547577e-02 -1.9894680428772009e-02 1.5315773645757050e-02 -1.5541007125915751e-01 -7.6493602883980411e-02 1.6676552950118889e-01 -8.1448653335889094e-03 -3.0715092440245610e-02 1.0578783552880219e-01 -1.1857786838885490e-01 2.2285780476445180e-01 1.9815286467602150e-01 1.4322283239159800e-01 1.8147906232474190e-01 -1.0839495038470920e-01 8.0344379467969795e-02 -7.6347368569872578e-02 6.5990379969544904e-02 -1.5045365234589220e-01 -8.1998697415959110e-02 -4.5741123966861648e-02 4.8584836030529807e-02 1.0067106434406409e-02 3.1986316430499422e-02 7.7721886120596273e-02 2.3901677617333798e-02 5.5089597720620602e-02
-9.5669067884696628e-03 1.0136223578256190e-01 -9.5624331038090662e-02 -1.4875112223794329e-01 -2.6373748498126270e-01 -1.0066963706286790e-01 4.5824457046277710e-02 -7.6161052572005047e-02 -1.4261373787913051e-01 -5.8847266888362788e-02 -1.7250254182234540e-01 3.4735661040193539e-03 -2.6428518446636873e-01 6.0142399285925449e-02 6.3176240576306469e-02 3.5260535686901788e-02 -5.5452128562763228e-02 -6.6422209556482023e-02 -1.0412076484223010e-01 -1.8343415924444961e-01 1.6133336919613639e-01 2.7889337143530139e-02 -9.0324245421155386e-02 -4.5246339493074147e-02 7.9641125097790075e-02 -4.7929839541652544e-03 -6.3168886318704362e-02 -1.5029592240035591e-01 -4.6917019686064182e-02 -1.6526600717925340e-02 -9.1303663698631951e-02 8.2626428898667642e-02 -6.7228278202597747e-02 2.3171441908999779e-02 -5.9797997124207650e-02 -1.3521061256160610e-01 -5.0799458120754287e-02 2.0932500595561530e-02 3.3575175287737960e-03 -3.4834922739601398e-02 -1.4534072820259680e-01 1.1547552369944029e-02 4.4806121419537451e-02 1.5581263081387270e-01 -6.0202192168663821e-02 -7.9282666687634604e-02 -6.5993539759417658e-02 1.3059621289598430e-01 7.4602948700279462e-02 2.0263958618708261e-01 -5.9833547233110608e-02 -2.2871438731840020e-02 8.1196961743911680e-02 7.6516614515218975e-02 1.1144675060685821e-02 1.4471846530307089e-01 7.1101627332516071e-02 -8.5483781679078927e-02 -1.2812763442060501e-01 9.1971918206522670e-03 -6.9976397482438141e-03 1.1210532558313920e-01 5.2202289261299162e-03 1.4307365586353840e-01 1.1144913224381660e-02 -8.4044100545242098e-02 2.0996985860044379e-01 -3.6297076875574819e-02 1.7445816753342999e-02 -2.5157911119329430e-02 -1.7780489471339581e-01 -1.3497051171556651e-01 -2.3790495028849831e-02 4.9762736704309973e-02 -4.5635462671129098e-02 -6.9540324444014701e-02 3.5814703121586383e-02 7.5673485432836779e-02 -7.8560581612265118e-02 -9.8627774677938207e-03 1.2249606126708540e-01 1.8821238256809289e-01 6.8503195448123472e-02 -1.0483797788621570e-01 7.1667295580122373e-02 9.3147700942382117e-02 4.4963301434537993e-02 -6.3285307438080834e-02 1.7664823775396241e-01 6.1459542352091848e-02 3.2233367067991903e-02 9.0522892949490855e-02 2.1076171109977119e-02 5.3767036450352287e-02 5.8424995236391671e-02 6.7520633135472533e-02 -8.6709460786965786e-02 2.7316390058527030e-02 1.2580802817256570e-01 2.2476094245918241e-01
1.0664121971169201e-01 -2.5375107483413278e-01 -6.2181866562683402e-02 -1.2279478576241290e-01 7.0858861033001541e-02 1.5082884974691210e-01 2.5477165297329552e-03 3.2111858599536719e-02 -7.5054195480229929e-02 -1.2523065927051219e-01 2.4348806044012739e-02 4.7537223693469247e-03 4.2468215187347717e-02 1.4325220831574151e-01 -3.1329493101952971e-01 -8.2960503380973410e-03 -5.4027746998679252e-02 -5.5075883766581783e-02 -1.4727579849068881e-01 -6.2332808766749299e-02 1.3914291060659609e-01 -3.8290068979089653e-02 7.6092923338922772e-02 1.0537291673065260e-01 -1.4692073620687471e-01 -1.5459899272334340e-01 -7.2841877500805022e-02 -9.4286760761871855e-02 -3.5858166794830552e-02 7.7554057047232672e-02 4.6089736639947677e-02 -5.0476494491800153e-02 -5.7539978595653053e-02 -1.9465891350152881e-01 1.5039318742111790e-01 4.0189582202574542e-02 4.2726791419779163e-02 3.6494017542481397e-02 -1.3159455171181589e-01 -9.1541283358958891e-02 2.0353093411530820e-01 -7.1290197381596226e-02 -5.5670263829779291e-02 -5.3561972292555061e-03 -2.9293142613711801e-02 9.1248452074757305e-02 9.1384706856838336e-03 2.1001853582920280e-01 -2.0721702893301022e-02 -8.1538266157066538e-02 -1.0971885581887860e-02 -6.5823607841777071e-02 6.4920091719267478e-02 5.6951406614059702e-02 4.9696611537331237e-02 -3.0723461776533151e-02 -1.8554406968792730e-01 -2.3139276810407571e-02 -1.6017845109629769e-01 7.1980794009278939e-02 -2.4414750085444071e-02 -1.8312609450072839e-01 -6.7427529780041323e-02 8.7297779996319935e-02 2.8162574967022711e-02 -4.8796997018006653e-02 1.4638424798197960e-01 5.0288504919198201e-02 5.0179419066280713e-02 9.9395595232017631e-02 -8.0980443058677160e-02 -8.0654404500912942e-03 5.5690481770193041e-02 1.6540593270523150e-03 -8.5948129455945294e-02 5.6752502041307759e-02 4.2393879501071742e-02 1.9602050190101531e-02 1.6930579772897419e-01 -1.7269634828273279e-02 4.3689749581834129e-02 -1.2126194725088700e-01 1.4801470686097010e-01 -5.5500185262269451e-03 -3.9767292268218860e-02 4.1203519700922911e-02 -1.7598535319013710e-02 5.2761683182770323e-02 1.3389202558685409e-01 -3.9295934200957510e-03 -1.5791230729909239e-01 1.3217550609585699e-01 -8.4222869957277860e-03 1.4244296898230821e-01 -6.3087965982884922e-02 1.5656935676631720e-02 -1.0716681748547099e-01 1.0647713146797090e-01 -6.7239933680277572e-02 -1.1440260828260050e-01
6.7267265112796862e-02 1.6688256152398040e-01 -1.0247328293885639e-01 -3.4263954023135597e-02 8.3682274033719025e-03 1.0033572389702469e-02 -4.0925750458570109e-02 4.5219152992441808e-02 -3.5727715791568387e-02 7.1423088474005261e-02 -3.5829377298394860e-02 2.1826181878017581e-01 1.4581998249630851e-01 1.6771408328060269e-01 7.1872112598299773e-02 1.9190445165288662e-02 8.9627671260567698e-02 1.1097581448747670e-01 -3.7335769826773411e-02 -9.1947654478262641e-02 -9.9008682039587445e-02 -1.5337331111952879e-01 -1.4182062315509089e-01 -3.6933163072632239e-04 -8.0345528601067112e-02 -8.4650450148794881e-02 9.9525192429299622e-02 1.0944126572339261e-01 -2.2951023236655259e-02 4.0911372915584547e-02 -6.9560466753877850e-02 -2.2055020266009309e-01 -5.9376848766319809e-02 1.1914532949689470e-01 3.5366878333644151e-02 3.9566826624836534e-03 -7.4118077725791723e-02 -3.9437226578002541e-02 -2.5429121189757399e-03 1.2698480424496550e-01 -1.2136052202772510e-01 1.9044988007424479e-01 -2.9208892765170909e-02 -1.1846490799208230e-01 2.5785551487867570e-02 -7.3189679452022052e-02 5.4751967707776072e-02 -2.3748973454575909e-03 9.7016540663110495e-02 -1.8602131437550969e-02 1.5236310668811631e-02 -6.1311494305769799e-02 -1.4764242976489050e-01 1.3847601240756879e-01 4.4044239690563328e-02 -1.0850193570424300e-01 3.7510658028443569e-02 -1.6303633011727989e-01 5.7827839193278871e-02 1.1926629411343510e-01 9.1308366318132786e-02 8.9149481616860912e-02 1.4468197470822439e-01 1.2767182941885730e-01 1.0842538852527180e-01 1.2541608833156800e-02 -1.0384140237048380e-01 -3.8757504577129731e-02 2.1727820127570549e-01 6.7655837826749818e-02 -6.5988084167065544e-02 2.3453885636480780e-04 -1.4248562777373099e-02 -3.6618440763507322e-02 -8.0051006015831372e-02 -5.3169404530494693e-02 1.8278337386580881e-01 1.8982642057773549e-01 1.4680746070498910e-01 -2.5703400259019311e-02 -2.3513623549970771e-02 6.3287480745381236e-02 2.0977900810587830e-02 9.0715319639297437e-02 2.6820056210887240e-02 -2.1386721115044741e-01 1.3047303497487041e-02 5.7402460356330100e-02 9.6308381235882520e-02 8.3278268183503090e-02 -2.5718787891840250e-01 4.3406234611114550e-02 4.6073845288539458e-02 1.1479414611397461e-02 -1.7236033635244280e-01 -3.4917497471501420e-02 4.5449554417645047e-02 9.7836305286706712e-02 8.5551946026944034e-02 -1.0821076305386181e-02
-8.1621245095250039e-02 1.4050270889874741e-01 -3.5975225092861843e-02 1.3145106851981231e-01 2.9117225722158319e-01 7.1555424455502475e-02 -1.6466443131315631e-01 1.0381196900703600e-01 -2.8379126915620879e-02 5.0586775394975872e-02 -1.3299215977823009e-01 -1.1676655884894501e-02 5.9349910644538928e-02 1.8643180345101570e-01 -3.0125511913362681e-02 -1.4499141379424321e-01 6.5079999720408135e-02 9.9573325948568284e-02 -1.4515663749228400e-01 -1.1773510098106500e-01 -4.3494520680411479e-02 -5.1805336709454759e-02 3.6349153069144220e-02 5.4122499201678900e-02 5.9895469425839780e-02 2.0355483970661739e-02 -5.9245367364771477e-02 -4.8769653632481258e-02 9.0318920917811088e-02 -2.7090817213449597e-01 -6.6909520010414433e-02 7.0064293675250328e-02 -5.4228095948476128e-02 9.6644997381811301e-02 -1.6397137888208360e-02 1.4393467210872370e-02 6.4856023398023405e-02 -9.7789055962416212e-03 -8.9069792598917945e-03 -1.0070297803486970e-01 -4.2327604234070920e-02 -7.1082041744866944e-02 8.8447494761105999e-02 6.4892928809711856e-02 -1.0948215067059600e-01 7.8640004601036165e-02 2.6937762212585200e-02 1.5927906885457099e-01 -4.8743564259732374e-03 6.4030928192667660e-02 -8.0549749097763218e-02 2.3780820936810869e-03 -1.9916577588871831e-02 -6.7436265842414841e-02 -5.5487284287260387e-02 -1.3043419318623459e-01 -4.2298925982766619e-02 -2.6936940403332131e-02 1.0946064548295500e-01 1.1999290883827210e-01 6.3557529848063135e-02 -1.0656176324895340e-02 -6.2683460885991416e-02 3.0122437420811620e-02 -1.3585980364601530e-01 1.4613233765961919e-01 1.0057022442084580e-01 -1.9099276692514269e-01 5.5242162523350118e-02 -9.7138424245698254e-02 2.8223614048510259e-02 1.5692264103211151e-01 -9.2572495127976676e-03 -2.7020740786193381e-01 -1.8725005400489281e-01 1.5191144968737670e-02 -5.1490673543541209e-03 -8.8742148460573364e-02 -5.5779273965846518e-02 4.0491696263064689e-02 -4.8818001743983777e-02 1.0947780626735969e-02 -4.6571769360113757e-02 -7.5523575489780073e-02 3.5857776032171419e-02 9.8964407693100401e-02 1.2000315037922610e-02 1.0969313871156530e-01 -6.6440809804565418e-02 -5.9266070394849530e-03 1.8540195334929940e-01 -5.4584419832071022e-03 -7.1791347565905009e-02 1.7001383161828851e-02 1.8857987091272579e-02 1.2149593168089000e-01 -8.9138393856904252e-02 2.1217776866867599e-01 1.7786204049310281e-01 -1.1639640047010839e-02
-9.5786948331397004e-02 7.9564755919538988e-02 1.2416658656112850e-01 -2.0228660672181059e-01 4.0749070683174779e-02 -3.9933639045727061e-02 -8.7575566793455698e-02 -5.8739074339474479e-02 -2.2202873356355061e-02 -1.9491761307167171e-01 -2.0225077250546741e-01 -1.1429541733293800e-02 -4.3839333566127153e-02 1.8704522642864211e-02 4.8410153172454541e-02 -3.5476792181991193e-02 -4.6822194896919127e-02 2.0617654479265141e-02 -1.1096247933221730e-01 1.0300475796660420e-01 -3.9329302679825442e-02 -1.2767113803966809e-01 -1.0039972986535139e-02 -9.2593297972240599e-02 -1.7029487230063509e-01 2.0556749332839179e-02 8.7887537314699934e-02 1.1765353448690180e-01 1.5765954031170381e-02 6.3752736602156398e-02 5.1728533986500569e-02 3.7117587890737269e-02 1.3530861028616339e-01 5.8486508021853290e-02 -2.9555567062832561e-01 1.4622185471239760e-01 1.9292883127158891e-02 5.4219393028441309e-02 8.0048992347104150e-02 1.1312171878269030e-01 3.8151245058627603e-02 -3.0644481059413600e-02 -2.4887354030890191e-01 6.6124277643968164e-03 -5.8950302533353080e-02 -7.1532830062087202e-02 -3.0808566888559138e-02 9.7659673228060948e-02 1.2559452500742041e-01 -1.0776422516745350e-01 -1.6655018346956561e-02 -6.4956192936548557e-02 -2.9645530955308062e-02 -1.1184790049561920e-01 5.0057918113299307e-02 -8.1697438094096714e-02 -1.2722993693950391e-01 3.8322009986214753e-02 -2.4989699878448951e-01 1.2635543057356149e-01 -1.0637107871285260e-01 2.9172748220894641e-02 1.0231540539415100e-01 -1.8109161766002779e-01 -1.5059553942397590e-02 1.7796571010141260e-01 4.6193154532805682e-02 1.9543148760519029e-02 -1.0058864596710999e-01 1.4449905599419069e-01 -5.2934953098923557e-02 -2.1413689897921709e-02 6.2833301356307561e-02 -3.2201238719057168e-02 1.7018491455106990e-02 1.2694126821887511e-01 -1.1655340577612620e-01 -8.1843093604410388e-02 4.4631172454254603e-02 1.3532460314585101e-01 -3.5071327097477567e-02 1.0154675959797831e-01 -1.0961105790720160e-01 1.9091965241152620e-01 -1.3743703014200001e-01 1.3787428085894581e-02 5.8642963620613954e-03 -4.4994651300317937e-03 -1.7241178654516531e-02 1.4179791508012030e-01 -2.4307689616745780e-02 3.9592643752084022e-03 -4.3508935485444371e-02 8.5778622366272525e-02 5.9587426093651058e-02 -3.3004586889008543e-02 -1.9961346614619971e-02 -7.1950028757845601e-03 1.3645014654303009e-01 1.0403515653057940e-01
4.1619439201306438e-02 -2.5435490084205631e-01 -2.1338223690701130e-01 -1.3295268079754541e-01 6.3403340808484893e-02 -2.2353066975321211e-02 3.2780412577837273e-02 1.3052503514909769e-01 -5.1244101257349121e-02 1.0337287945305300e-01 5.1543038578607078e-02 -1.5690543320324349e-01 -8.6448011681570895e-03 -1.3368712852402390e-01 -1.5178838703524841e-02 -2.2155786368547259e-01 8.0501586418777166e-02 -1.4709005211614909e-01 -3.7312604099953628e-02 1.2022779984864319e-02 -3.3557355737066960e-02 -1.2782451942499709e-01 -6.7518802404907721e-02 4.1393034067296913e-02 -3.6631558785338983e-02 -2.1983858850169159e-02 2.2236217277116030e-01 9.8330456144353914e-02 1.6877150498676990e-01 1.7787726933028401e-02 -3.2385914879496332e-02 -6.1970755483420258e-02 7.0422815202308503e-02 5.7524281043291742e-02 -4.6716470951989990e-02 -8.4445754095625006e-02 -3.4119962796012253e-02 -7.3601192865379750e-02 9.6853230007393502e-04 -6.6583048817091831e-02 -3.7018991851800867e-02 -5.0529591369830033e-02 -1.3773432961362059e-01 7.3635585188823446e-02 2.7116569016687211e-02 1.5918630458399509e-02 -1.5724889107715981e-01 8.9485082143706290e-02 -1.9833684791348088e-02 1.5895210813807351e-02 -9.7456835244013981e-02 9.3291664646727043e-02 -5.6175499760202231e-02 9.6718445649850091e-02 5.0594217014291391e-02 -1.7138914084918341e-01 6.2660106803987509e-02 -1.6252748196032821e-01 -1.3434667346468310e-01 -9.1022429051735521e-02 -9.9984336986986833e-02 1.2782732695455321e-01 -9.8721302462591275e-03 -6.0684598354672319e-02 3.1686194680938633e-02 4.7060161201058617e-02 -8.7020198496131698e-03 -2.3218600937003200e-01 -7.7631383718827149e-02 -1.8886278528612299e-01 6.0120918882743152e-02 -6.4373150708238744e-03 -1.4580505797797369e-01 3.6903386274913547e-02 1.9343506555860330e-02 8.2049222520616145e-03 -4.2359895125233277e-02 -2.4927285976963760e-02 -1.6941510435715509e-02 -5.7741100192954073e-02 1.3821177678350571e-01 2.1635251192402749e-01 -5.4954987940385010e-02 -1.3345874855921769e-01 8.7263868373185977e-02 9.9878582547090269e-02 -8.1269668890327981e-02 7.0213159781091702e-02 5.1897655269160332e-03 6.0837502652436842e-02 -1.3867942457694930e-02 4.1787175813287412e-02 -3.0347713750402568e-02 -6.9948326080719422e-02 -1.5258464182309911e-01 -1.5946169146862521e-01 1.8421905199258459e-02 -5.9342505203830491e-02 -1.0518360325269591e-01 -1.6882163342540740e-01
-1.1005396148097930e-01 -6.1532236749920102e-02 -1.5142881825116181e-02 -8.0194594946719905e-02 -1.3104881911637880e-02 -2.7490555265776359e-02 -3.8572425825658392e-03 2.1281312753330009e-01 -5.1947579592700743e-02 1.2680118878727581e-01 -1.0622554946756750e-01 -5.4947843265296621e-02 9.5852322929824749e-02 -7.3224193906272966e-02 -7.5499806877174336e-02 -1.0993253567541859e-01 9.4114804850414402e-02 -1.6194168579678719e-01 -5.6882200309416799e-02 1.4443456615644179e-01 -1.5326590271391330e-01 1.9020462445602160e-01 -4.1607586783453200e-02 -2.1208318611467381e-01 -8.4180105560786589e-03 1.1038427427207510e-01 4.2931720840303417e-02 4.6480856705554761e-02 -8.3757012887267557e-02 -3.1548024114358808e-02 1.5136778777852270e-02 9.2591817603126306e-02 6.8246947875203294e-03 6.2065738882700380e-02 -1.5049355112446200e-01 -7.7971982060068779e-02 1.0165747309380930e-02 1.1971344093342169e-02 5.2348016853523721e-02 1.4858081340134751e-02 9.5733041041805522e-02 2.0286276786307400e-01 1.5197020989447621e-01 4.2303032257246867e-02 -1.1299729387888750e-01 5.3602468143435618e-02 5.9751045848398771e-02 -1.1793940079141991e-02 -9.9631575864902469e-02 -2.3053583375870421e-01 1.6711733253536651e-01 -4.7021846774287418e-02 3.5579258928986057e-02 -2.4447205198119500e-03 -1.3965338149446641e-01 1.4332443085904559e-01 1.3137079007092040e-01 2.1518884614782781e-03 7.8012528140043178e-03 -3.4214933668063510e-02 1.0822636069122661e-02 -7.9023440048939190e-03 6.1015876994307709e-02 -4.5918558010987834e-03 3.1764648734902659e-02 -1.7425387593353300e-01 1.5315505215954700e-01 -4.5298752107901380e-02 9.4172973014995789e-02 6.5066021731422535e-02 -4.7098423779110363e-03 2.3466393623980891e-01 -5.9984606031633490e-02 4.4702644553587072e-02 1.1817891558626890e-02 2.4804126776450999e-01 1.4370845648723901e-01 9.3192729486915274e-02 1.5534085496310121e-01 -1.1649468970819581e-01 5.8188117034602173e-02 2.2009881343201351e-02 -2.1564414704594598e-02 3.5500246033290557e-02 -1.4650789986073881e-01 6.6447551331558677e-02 -7.0198366419140901e-02 1.1107990936259740e-01 1.0571987630764160e-01 -7.9326109233480560e-02 6.0753814938720042e-02 7.4593798094897301e-02 1.9356309402210909e-02 6.1214663822523670e-02 -5.3658589412143930e-02 5.0641640588933438e-02 -2.8497574637598590e-02 7.1887410531207646e-02 -4.3160742639153760e-02 1.6607582845116931e-01
1.3717198885281981e-01 -1.2780196108753589e-01 -7.6017086899106842e-02 1.3419692386776830e-01 7.2461522050580304e-02 -1.4237146328116400e-02 4.7559398250681527e-02 -1.0318161826305530e-01 6.1434571899344668e-02 6.3343129143479976e-02 8.3923074337955372e-02 1.8133441604023179e-01 -1.1604960308687021e-01 -1.8252761957792590e-01 8.7136879163627112e-02 -8.8668603961399819e-02 -1.1431904890698950e-01 -5.1514414658247000e-02 -9.6642795420079142e-02 1.4243923920375870e-01 -6.9204017681463323e-02 7.3531497278614966e-02 -1.4549701894279271e-01 9.2542753090592400e-02 -1.5255071006680930e-02 4.2433715454859890e-02 1.0317294639254709e-01 -5.0996224543872912e-02 -4.5888457157195688e-02 1.2905085047053980e-01 8.7057993150889842e-02 4.6508048890014010e-02 1.1878108765141350e-01 8.5472622329725148e-02 1.9585487142424021e-01 -2.0609838769474079e-01 8.2830801235987045e-02 -7.2569528297471320e-02 7.6807054426239904e-02 -1.2074256423996690e-02 2.8097364035024781e-02 9.8784387329333020e-02 -1.7634218455269950e-02 -4.7739336003593799e-02 -1.8354996720893521e-01 -9.1455808687823048e-02 2.4008577746114090e-01 1.1831019676319780e-01 -5.2619878818641747e-02 1.3650355942452510e-02 -1.3789333916095001e-01 -1.0305858456429000e-02 -6.6532907528715435e-02 -8.4074385980188057e-02 6.9320872628660435e-02 2.1415937615387740e-02 -1.6242035017789061e-01 -1.2059969867934170e-01 5.9945932681276598e-02 6.5187577789269105e-02 -8.6891674307940481e-02 -4.3708774373491917e-02 -5.6905506678803508e-02 2.6517402445490390e-02 -1.6175545397046109e-01 -7.3134356733537019e-03 -1.9832164441517520e-02 -1.7978364113583711e-01 -7.8709857242377418e-02 1.1368953660583320e-01 -7.0591005692144937e-02 -6.4203394371137645e-02 2.4843677433856060e-02 3.5432804358906221e-04 -1.1505101120526299e-02 7.2633480947979336e-03 -1.5915121969192640e-02 8.6325297176325338e-02 -2.6002206801941409e-02 7.9112199869586036e-02 2.1424010832751791e-02 -1.9508579811667781e-01 -1.3056028923539501e-01 -1.9517692143120800e-02 -9.4654379942296033e-03 6.4192798229841544e-02 -9.3551511872714210e-02 6.3559848002912672e-02 -8.7316321242235581e-02 1.3933596166925569e-01 -1.0316611187141590e-01 7.7415447072218313e-02 9.9916185855291953e-02 -1.4190335621715339e-01 7.9444940694941069e-02 6.1572054465540822e-02 8.4408317491429016e-03 7.3564565628171152e-02 5.5139761675112128e-02 2.5973328284028208e-01
5.5005306405350222e-02 5.0548053756579413e-02 -4.7944322433399952e-02 5.6874706017737503e-02 3.9172295442597690e-02 1.1012923123867360e-01 -5.7487771043859583e-02 -7.1264732942664250e-02 -4.4650406643647923e-02 -1.2785607736953561e-01 5.9178956061679954e-03 -1.0139500270724369e-02 1.3187229439633169e-01 -1.3455768993997990e-02 -1.4373298832459100e-01 4.6924558046655143e-02 1.1662967579404469e-01 7.3351714185299552e-03 1.5806945410102660e-01 1.4111894895008670e-01 -8.0037312334867369e-02 2.6628207304744321e-02 5.0559184053710203e-02 1.5259107788402740e-01 -6.7290457992943392e-02 2.7053000933937699e-02 7.0045180665822479e-02 1.5471934239665620e-02 -1.0539212796176900e-01 -3.7096337877699337e-02 -1.0674227138573419e-01 -1.2618083456998411e-01 -1.8394926346320739e-01 -8.0503680612254921e-02 3.3007699750926843e-02 -2.9575965868013539e-02 -1.6717586573662749e-01 -7.7426996107590011e-03 4.1778766711075069e-02 2.9418875678933129e-02 3.0585348818350878e-02 1.0123205927560371e-01 5.0884778922568874e-03 1.3441913543443831e-01 -2.7558558126895571e-01 -2.2955763327481619e-02 1.1048792705270361e-01 -4.0756056484659312e-02 1.7722818546479699e-01 1.9915155944007409e-01 1.4744923062577470e-01 9.2930979182084775e-02 -6.5522076784969310e-02 -1.4334543012135670e-01 -8.4391567700823525e-02 1.6337587654759930e-01 -9.3035770835041942e-02 -4.3279117742432621e-02 -1.3412315349428400e-01 -1.7650782667757639e-01 -1.1671467306877480e-01 -5.6209209601636992e-03 -7.3728412876965202e-02 -9.0033590812587563e-02 5.7419958602017733e-03 -1.4605729812154730e-01 5.5534306175678907e-02 1.1721504469564810e-01 -9.7967396638278345e-02 1.4497236911096389e-03 1.1443118947089451e-01 -9.7333409117510997e-02 -1.4759694615399449e-01 -2.2029990470811701e-02 8.0662339288367274e-02 8.4912272989582968e-02 -1.0655593743874740e-01 -1.5255380046376280e-02 5.2456437465863226e-03 6.4403942626171176e-02 -6.7297426743120944e-03 1.6425688367562050e-01 -1.0777831803185900e-01 -1.2580010382797899e-01 6.9440295581118208e-02 -4.4417037267507432e-02 4.6534319816781307e-02 -2.0509532339857379e-02 -7.1656212820893336e-02 2.0769083245651102e-03 -6.2326710933199032e-02 -5.9195878448612363e-02 5.1939272996738596e-03 -1.4391096381675060e-02 -2.2134355489686100e-01 7.6221969549820009e-02 -3.3894542377999382e-02 1.5932860596767129e-01 2.1352630471358439e-01 -3.2724062185294063e-02
3.9773500003503484e-03 7.1269704602634321e-02 -5.5770780990175850e-02 -1.5117501164321101e-01 -2.8631056607264501e-02 4.1783496860188847e-02 6.7484721470182585e-02 -5.8425201525363818e-02 2.6870720578267941e-02 1.4902013921405480e-01 -1.9313553121732920e-02 5.4202265978646382e-03 -2.3591537836620251e-02 5.1499175143569297e-02 -1.5400008569364720e-02 1.2535206748436881e-01 -1.6643588295632651e-02 2.2593464886830641e-02 6.3991496851099824e-02 -8.4303755196539709e-02 1.9149568916748930e-01 6.0649704640382641e-02 -2.1865993527040120e-01 1.1311305365183159e-01 3.2124271648541758e-02 1.0137984808862691e-01 1.4189145918460919e-01 2.2891424175755870e-01 2.2195708266802450e-02 -2.3646124620712170e-02 -2.2700506284361660e-01 3.8526235951727120e-02 -2.4434779730658751e-01 6.3897414857529228e-02 -8.0604422163281619e-02 -3.9315264894373550e-02 3.2760011341939671e-01 -5.5186229098008167e-02 1.5265279303269660e-01 -1.6335895639544010e-01 5.3612298833777459e-02 -5.5501372068702537e-02 1.1829846562965640e-01 -3.9999370901562303e-02 1.1217756782467780e-01 2.1211778934887151e-02 4.6378327371855432e-02 2.5614363653659392e-03 -2.3698705551434239e-02 -2.4273965336917461e-02 1.8079241472754842e-02 -6.0489225566059353e-02 -7.5222526086351493e-02 -2.4027402989802821e-01 3.2625872439194022e-02 1.3699078029201780e-02 6.3032987904503610e-02 4.7457613180047660e-02 -2.1813175746850849e-01 1.9695291392435599e-01 -2.7016953882592700e-02 -5.7134057210162251e-02 -9.7973223775419865e-02 -6.9943853994898957e-03 -3.2194987493520760e-02 -1.1257474354779960e-01 6.0048558275560403e-02 -8.9408110726549764e-02 -9.6738918988655720e-02 -6.2196046584551648e-02 2.0582379187459651e-01 6.8382582939864281e-02 1.2979261317901569e-01 -2.5173195454498320e-02 2.2419806851584151e-02 7.8089230215971084e-03 -5.6308493982768652e-02 5.3933321828111357e-02 8.4703005060882769e-02 7.1073377426344925e-02 6.1495891259642612e-03 -4.5464538482435639e-02 -2.7929418535129352e-02 -2.0959975308475029e-02 -1.6803674651578539e-02 -1.5729377024667179e-01 -9.1507526604015801e-02 -8.5190061415549440e-02 5.0866373016630953e-02 -5.2215243476318833e-02 -1.2043146769741531e-01 -1.1788322979388660e-01 5.0984788177610818e-02 -3.5178068353945789e-02 5.1522085142082737e-02 -3.1325564490506087e-02 -7.5478805761089507e-02 2.0202594395903701e-04 -6.7996706460611497e-02 -5.1984232022848527e-02
-3.5121252090558108e-02 -4.3415908916536322e-02 5.9104127650386681e-02 -7.9264310737943544e-02 1.3826458387081189e-01 5.2132629507625858e-02 -8.7649694803882641e-02 -1.5078180769120270e-01 1.0014632129597180e-01 -4.6280099296909247e-03 -1.2980411773367631e-01 1.5622741868861739e-01 1.4288183853340769e-01 1.0427083493505621e-01 4.5767457594017369e-03 -9.0414942273179075e-02 -4.0972336353028063e-02 -1.4718197612112499e-01 -4.0616748564946348e-02 -8.0978566419381197e-04 -1.4850862754111929e-01 -1.0078407835113670e-01 2.7202980844490058e-03 8.4645069864925163e-02 -3.3653775580512899e-02 5.0055855704315692e-02 -1.9611539368987280e-01 -5.2502108956412982e-02 -1.1188673640708290e-01 -9.1681785687561704e-02 -9.0912813983192356e-02 -3.7782255905491273e-02 -1.1521243034718009e-01 -1.3253331522406950e-01 -9.5974757809235575e-02 -6.2551410407705385e-02 -5.5755204783546980e-02 -4.5418381011626492e-02 1.2017723155775149e-01 5.4063320336381698e-02 1.6696040842078830e-01 5.5032744386779679e-02 -1.1083632183748240e-02 -4.5178684081987462e-02 -2.4993506390388030e-02 -1.0387988336005190e-01 -3.6386040770436973e-02 -1.8545857854762111e-02 -2.7540403664832098e-03 -1.6311682008875050e-01 -6.2404410210750112e-02 1.3453121552577049e-01 2.0928908906826690e-01 -7.9936450183990065e-02 1.5494816572574319e-01 8.5021227975623365e-02 9.2019248257296474e-02 -6.9246237920071382e-02 1.3520632585617590e-02 4.7718416209952749e-02 -3.6144391580024478e-02 6.6089212099293457e-02 1.4510971926026200e-01 9.8154664223047486e-02 -7.1514057859985061e-02 -1.0876934727843469e-01 -2.0952666659645150e-01 -1.2085564960151030e-01 -1.1290440082163471e-01 -6.0901631838886250e-02 1.4394376911330989e-03 -8.9340905073421920e-02 -3.0717068190410811e-03 -1.1881069253155430e-01 1.0453376933875989e-01 -2.1915634710535861e-01 -1.0069391503145821e-01 -9.7147325926809164e-02 -1.5205515198329249e-03 -1.7031408579371490e-01 1.0067046438283039e-01 2.7499277509562110e-02 1.7777246297011079e-01 -6.1284729781668643e-02 -2.0580454374947851e-01 7.1253784183788376e-03 5.4253630762427077e-02 -1.0332234966585620e-01 1.2695175856739371e-01 5.3978350768320763e-02 7.0916446339513814e-02 -2.8864666568189239e-02 -2.2195308599120011e-02 -1.9223608949235590e-01 -1.9623012612881220e-02 -3.2117873864185333e-02 -2.3489930385688741e-02 2.8561900593797498e-02 -1.2795760938153289e-01 6.4063118041537997e-02
-7.8944212815244830e-02 7.1534448410077056e-02 -1.8399724021128099e-02 -1.6352627990359778e-02 9.0583774573119141e-02 1.0490110042347971e-01 -1.2442040077282870e-01 5.3654011763510347e-02 3.0026873629643930e-02 -1.0299273203259290e-01 7.3328073793945403e-02 -6.7346751130307553e-02 -9.1934312237594601e-02 1.8368546531366211e-02 -7.1711501960116136e-02 9.3543340241201839e-02 -1.3846863166174650e-02 -3.7506267045671393e-02 7.4635052337961735e-02 1.3162962866794420e-01 -1.8684592271086059e-01 -9.6222695127056279e-02 9.8772662871246864e-02 1.1196455542639190e-01 6.5223846700528831e-02 7.1909942847701594e-02 1.6074341060672240e-03 -3.3364982513067021e-02 7.1415827618627453e-03 -5.8681569012245187e-02 6.5018641163102991e-02 -2.0472736639102601e-01 -1.2031124618420480e-02 1.3954536310259691e-01 -1.0302550346807660e-02 -1.2115380702909810e-01 7.6654559637163749e-02 -3.2604345259961628e-02 6.3819039746486131e-02 1.0894592744070321e-02 -1.7277082902230380e-02 -1.6157769862608870e-01 -9.5133686367626105e-02 6.8703693281486580e-02 5.5670082781433990e-02 1.0480328287167240e-01 -3.1224229843928839e-02 2.7580684112944769e-02 1.6556232206945881e-01 -1.0473704371635740e-02 -1.8558087271203361e-01 -2.5327026912888351e-01 -2.1097062009578652e-03 4.1536516997286242e-02 -8.0699671566971332e-02 9.3595215196079801e-02 3.3610160842121171e-02 -1.9918097245722391e-01 1.8605024904823370e-02 1.9530894441312921e-01 2.1811586277918710e-02 1.4924287654593851e-01 -1.5109014228394069e-01 -9.5265499656388780e-02 2.4930787485461021e-02 -1.0714874241454700e-01 2.7714038606792338e-02 -4.5005182387401067e-02 2.2312180357925840e-01 -8.2438520466850143e-02 5.5038257056818418e-02 -1.1329618634782410e-01 -6.2400158606803766e-03 2.2620177746671449e-01 1.4070432809785879e-01 9.1993660743163258e-02 2.3278468076903210e-02 -1.9603309840720931e-01 -3.4601765232405927e-02 -9.1527830057358747e-03 -4.9717649454849688e-02 -1.2199049470197169e-01 1.3139776590615859e-01 -1.4436953068643630e-02 -1.1784800431051019e-02 -3.4007891193123273e-02 1.5349647741786810e-03 6.4877854260671303e-02 8.1410829591865880e-02 -7.5324832591966998e-02 -4.7411049695794398e-02 -7.4766563399674218e-02 -2.8491214103422660e-02 5.2570852708936473e-02 -1.1224311020476149e-02 1.9142483869369381e-01 5.4677928367267023e-02 -1.1212517180550280e-01 -1.2226647662277570e-01 1.9561620124479839e-01
-1.3203961148202309e-01 -3.6370160950161309e-02 -1.8884083930091011e-01 1.1325687332201970e-02 9.5355427723150699e-02 -7.7681640373024663e-02 1.7139931514231341e-01 -1.6803190878662810e-01 -8.7724453152694740e-02 -2.3138879247419081e-01 -9.1717814775600565e-02 -4.9917457044356912e-02 6.4762630436251231e-02 -8.0147698842554446e-02 -1.2014437093390599e-01 2.0195646774487121e-02 8.4575788674798202e-02 -3.3960170161551007e-02 -4.7617070786585584e-03 -1.7093469138415701e-01 -4.2908621917266437e-02 -1.3198610632959401e-01 6.9155299473907472e-02 -5.3941220746285913e-02 -1.6949907437730749e-01 -1.0521698894891780e-02 1.8788698872474922e-02 -4.1500103832410887e-02 -1.3632725269190940e-02 6.2291397625800909e-02 -1.7534911172206821e-01 -1.4120109761913821e-01 7.0804098276932431e-02 -8.3343782203019440e-02 1.2503124868220991e-01 -1.6989278440790130e-02 7.1670133272787817e-02 -1.1253140655354149e-02 7.2922678706399471e-02 -8.1629513760137065e-02 -1.7915178280073679e-01 3.7353626859640332e-02 -2.2801998774033910e-02 -1.0820570682947681e-01 2.0793243696795280e-01 -1.3787193468891421e-01 3.3375204204956287e-02 -9.2666622196245663e-02 6.1513823099712941e-02 -2.2296311337497160e-01 -6.1458177026903378e-02 -1.0534072572897420e-01 -1.2591853269631570e-01 -1.4216825046489559e-01 -9.3660221448556361e-02 7.6538953539325327e-02 -4.5842600546752543e-02 -1.5748201735840541e-02 3.0338892023288860e-02 -1.1460141121374830e-01 2.0853678816377111e-01 -4.4178263771479168e-02 -6.5208774237934128e-02 -5.5123177555670727e-02 2.0016111042180571e-02 -2.6517031793995650e-02 -2.0727182242059841e-02 -2.6197229768523091e-02 -1.3018793700496331e-01 2.5878633491320611e-02 9.5453536838066580e-02 4.0413293225022968e-02 -9.7378476281336890e-02 3.1481279840645852e-02 -1.1215537298595550e-01 5.2550901811589543e-02 1.2907574760568030e-01 6.8280590797506951e-02 -1.5759845470390971e-01 -9.6906844696329972e-02 -1.4719341432352911e-03 -2.9562329476050950e-02 -9.4658904320942858e-02 -1.2197641520784951e-01 -8.6123564264991209e-02 5.2091689094302507e-02 -1.6707305233754410e-02 -8.0387158390726632e-02 5.2878264970748642e-02 -3.5852687306189929e-02 7.4292428712739972e-02 8.3726606050893382e-02 -1.8673983949217171e-01 1.5590033988503300e-02 1.8275478888570451e-01 6.0098929113819527e-03 1.3617451087962709e-01 8.2559510782515166e-02 6.7253048185351300e-02 7.3315763839288992e-02
1.5030677701436060e-01 4.6292513253087038e-02 -1.7288460777223319e-02 5.3710702589009313e-02 -7.2641567920815470e-02 5.0225181139711528e-02 -7.0389091405149004e-03 -7.6273447218486889e-02 -1.2021131619147871e-01 -7.8236682105423908e-02 -1.4281627648277179e-01 7.6494331312457434e-02 7.2743237142578993e-02 3.5901014723265789e-02 -8.2661766892880489e-02 -1.0309434146568520e-01 -6.6719072771732529e-02 -7.4612468853235622e-02 -1.5031713589343029e-01 9.8862564487670737e-02 1.4018324845664390e-01 -7.1446492643818485e-02 -9.1008102647063147e-02 -6.0945605465364198e-02 -4.5677165541935752e-02 -1.7939001395145329e-01 -2.1815849114070539e-02 -6.9248830520269422e-02 7.0055151139917574e-02 -4.1836890409273193e-02 -1.8245470834961690e-02 1.1204890984802680e-01 -7.7423050315164374e-02 1.5051787408475720e-05 -2.6503404831454198e-02 5.1771780837798008e-02 1.9211779565645640e-02 -8.9562063296792324e-02 1.2358549287323910e-01 -1.9731513335931850e-01 -5.5819506810598073e-02 9.8785319119455525e-02 -9.4298376937183397e-03 1.0420188192118381e-01 6.9842374935403975e-02 4.0561512604584717e-02 7.5751867304485590e-02 -2.0341741250748721e-01 4.0701297119924248e-02 1.8398752556884171e-01 1.7663545558124011e-01 -1.4253471432708739e-01 -1.2459186184426920e-02 -3.2689799289725943e-02 -8.6591446400984415e-02 -2.1837403887396900e-01 1.8761442394358899e-02 2.3211330351304699e-02 1.6501472699485870e-01 9.6066457965358648e-02 1.5665025589084811e-02 2.9497022271109431e-02 -1.1012004947544519e-01 4.8544287626821822e-02 1.0251448434094650e-01 1.8829475130623798e-02 -2.4200646250318031e-01 6.6670238534579984e-02 1.8950779600207929e-03 9.3534107392521881e-02 -5.6916033628012827e-02 -1.3034898256188959e-01 -4.8905675646778703e-02 -1.1333028845072381e-01 1.2517129268320520e-01 2.7341112120777677e-01 1.9648244687992651e-02 -1.8264280450608841e-01 8.0256361913417784e-02 5.8556059100122709e-02 1.4998176622661691e-01 -2.3601490065104039e-02 -9.7481607729047723e-02 -4.0208066311506863e-02 -2.6401926589000889e-02 1.1608707622762020e-01 -7.2380270354413190e-02 3.5593987241146770e-02 1.0376103328201050e-01 -6.8541025812627734e-02 4.2010887986370489e-02 3.1413439511444853e-02 2.3886791290650949e-03 -1.7485808052209989e-01 -4.1324326135831112e-02 1.8314192406947410e-02 3.3173315542893281e-02 -1.8016313135661091e-01 -1.0487720637176920e-01 3.3664062510360290e-02
1.0442528973403491e-01 8.1928690557343375e-03 1.3510851846103530e-01 7.7579079530842379e-02 1.1476012468388649e-01 1.7884557989243779e-02 1.7673422268022401e-01 2.9752695005146219e-02 7.7844241310079304e-02 1.4494212376363099e-03 -1.0547126486699990e-01 9.3212199331147327e-02 3.0241374369751241e-02 -7.8275453837356138e-02 8.0122452810290803e-02 -7.8004958152172010e-02 -1.4759695210111390e-01 5.1893869690104143e-02 2.6216004205684731e-02 1.8459173889569570e-02 -7.7799639031086512e-02 1.0838379520845701e-01 8.5939323588951871e-02 2.0261608236042111e-01 -2.8064512291860140e-02 5.5483995204277228e-02 4.2573631163163657e-02 5.4929447064254573e-02 -2.9201644296203899e-01 1.3255293799705900e-01 -5.4172305365114103e-02 1.4071496733763081e-02 -9.8961104308755321e-02 -1.5174566941653861e-01 -6.0587237953323388e-02 -8.8941977043198145e-02 -1.2046938838345699e-03 4.7298009483794324e-03 -3.9186685979902033e-02 6.3868068669174868e-02 -1.0120705345873930e-01 1.3070087148133680e-02 -5.8126763728618899e-02 5.4464321926906579e-03 1.5764988475085520e-02 1.9501706201962560e-01 -2.6099195091973480e-02 -3.9327753550040437e-02 -6.3048944009604563e-02 4.8465321855952967e-02 4.5282052043447027e-02 -6.1896134378202933e-02 2.8245724013542001e-02 2.4686946199093759e-01 9.7944471127196758e-02 -2.1066256393369578e-02 2.7793242037440890e-02 -2.0238294782600880e-02 -1.4185818485050751e-02 5.0516357976708531e-02 7.5311027217388679e-02 7.6865797905346728e-02 9.8699740309060160e-02 1.7514735837583860e-02 2.1961011753342369e-01 2.1517291422980721e-02 -4.3323680071385158e-02 -2.4044380166173410e-01 -1.7280352887921591e-01 7.5168981515883596e-02 1.2104477653780260e-01 -9.6687693713794570e-02 1.5759201489052491e-01 1.7006515030030631e-02 -1.4597578346411161e-01 9.1218941375863200e-02 6.9446237239098152e-02 -6.3903391905475546e-02 -1.4383639157018720e-03 -1.1114393379078210e-02 4.9170914843763347e-02 1.1700052413004970e-01 -1.2817201584174229e-01 -1.8602380673973691e-02 5.6134882628889098e-02 8.1889349540613179e-02 -1.2753688305451000e-01 -2.6674297227758659e-02 5.1560255755503492e-02 -9.7133680571943395e-02 5.1815957007535690e-02 -1.0891191210196040e-01 -7.7408028872295448e-02 2.5772268339198989e-01 9.1636739092360128e-02 2.0286044271370601e-01 -6.3244379857846880e-02 -2.6723175038483659e-02 3.7649384577991399e-02 -8.5205698934752078e-02
6.9646412210603442e-02 -4.2686108713576483e-02 -5.5795647265433942e-02 -3.6501800909380003e-02 -7.1961547550929955e-02 9.9873292789990728e-02 -6.0058401725231948e-02 -2.7767998366346979e-02 2.2357798415550958e-03 -2.5436053606189730e-02 6.2725496285755716e-02 5.1057440949604259e-02 -1.4166737374158819e-01 -2.1458238821518389e-02 2.5686007517854658e-03 3.9566251922089388e-02 -1.2795215188020390e-01 -1.6959049087529851e-01 5.3643191142609077e-02 -5.8745886436522003e-02 -9.7709741509691861e-02 5.9777081670718699e-02 7.3320522200401611e-02 -1.5302350088175479e-01 5.4081785617173833e-02 2.5527275979896021e-02 -7.3027682282580705e-02 1.1465076142732870e-01 6.8396100731733661e-02 -7.4905618741919450e-02 -1.7845847832286721e-01 8.3211312190196077e-02 -1.4073667349982729e-03 -2.7598905198320329e-02 -6.8689908263015922e-02 8.8588955626831833e-02 -1.4612674428870739e-01 -7.6979228414718770e-02 -5.6490601899612539e-02 1.2573842294572499e-01 -1.0613205373539671e-01 -4.8435643137652772e-02 4.5089666950216302e-03 -1.5676106522722291e-01 -9.8165020055559271e-02 -8.5155777104677338e-02 1.2917095903363771e-01 -4.0969649252724068e-02 -1.0820530260039640e-01 -1.5902373727258740e-01 -1.1401244342915820e-01 -5.0403596940401807e-02 -6.0611409107352132e-02 -4.0977911293285603e-02 1.1471357143588520e-01 -1.0716829109694610e-01 1.4036790132735669e-01 9.1529898591722295e-02 -7.1400079549428536e-02 -1.0041223641038560e-01 -8.7722826230768991e-02 -2.4471689201404609e-01 -9.2845222579943279e-02 1.0804082467367900e-01 1.8559700647918251e-01 -4.4835774647678663e-02 8.0929343143940052e-03 -6.4108559119209652e-02 -6.3633238837750928e-03 -1.6931525402463381e-02 3.5972410085715931e-02 -1.2520404633878829e-01 -1.5650712069665951e-01 -4.2814924948839449e-02 -2.7134856062148699e-01 2.2223941600711759e-02 -9.1234051072623196e-02 -2.1503655216795500e-01 3.3044303414254697e-02 1.7693330831725951e-01 -7.6005905582773009e-02 6.0817778374006641e-02 8.3769405349210319e-02 2.1678925410816841e-03 8.0709429945627145e-02 -1.2838281185921521e-01 1.5643363993821720e-02 2.7853944814108439e-01 6.4964312227478907e-02 -1.1553072429335050e-01 -6.1447498358097027e-02 -2.2145211762743889e-03 -4.1474927915448850e-02 -9.0024487647550569e-02 5.5543322772705359e-03 1.4449384220144049e-01 9.2232562065826390e-02 -2.4983551058574818e-02 1.4993754955947821e-02 6.8755182274071569e-02
5.4258122049374073e-02 -7.9670067878907472e-02 7.4984615159293069e-02 -2.3466033915004031e-01 -2.2168525513448788e-02 -9.5351907522431126e-02 -1.9965728938225949e-01 -4.3233538974425008e-02 1.1417675496563820e-02 6.3261103560768930e-02 8.5666643285966890e-02 4.0567852340599127e-02 -3.0332248794096512e-03 3.0182853078763231e-02 9.5739779772440248e-02 1.7452371214675591e-02 3.2378406667478238e-02 1.9339107959162069e-01 2.1849669621551389e-02 1.0856758537962920e-01 1.5632325718541529e-01 -2.9478248496965821e-02 -6.2470080063677290e-02 -1.0513643456625971e-01 -1.1655027082039410e-01 2.5395352225949509e-02 -2.4401975985293471e-02 -1.3871211704291189e-01 1.6233744904182140e-01 3.7424494318086143e-02 -8.0118122044887621e-02 1.7580695302326151e-02 -6.2048802948118653e-02 -1.3257037154710360e-01 -2.6752261076066299e-03 -8.9194292282056165e-02 1.0195053064782489e-02 2.1514896540779721e-01 -9.0676118726160090e-02 -2.0003760099847750e-02 -8.3152348616655325e-02 6.3996797504847103e-02 -4.2484357955775168e-02 -9.3824839858166101e-02 -7.0424888194534727e-02 1.0136359049890280e-01 1.2367482540055770e-03 1.9809356881215670e-02 -2.0737606620924220e-01 8.7593416561475707e-02 3.4605555195490398e-02 -8.3714946759300704e-02 6.2837188934851185e-02 -5.5545858332091358e-02 -2.6726093726473801e-02 3.2025445204212919e-03 6.1171640401004403e-02 -2.3181947446572279e-01 1.3052184037557579e-01 2.1726716448168169e-02 1.8337687642251639e-02 -2.1829202982499251e-02 -9.9765681371625906e-02 -1.7660023785561321e-01 5.6727826292482478e-02 6.5710295761059981e-02 3.7271981897082258e-02 -1.0526136828622119e-01 -9.9638606583249398e-02 1.5652500065964400e-01 2.6914249865726079e-02 1.1127657434676780e-01 -1.4261253959782669e-01 1.7627092011314319e-01 -5.1782501910818513e-02 -1.2514552100170340e-01 -5.8233845463211739e-02 -9.8447886137288526e-02 4.4215094835077982e-02 -2.7207956835559120e-02 1.0037436306401309e-01 -9.4248162596227106e-02 4.0927107881784143e-02 -4.2864439758519057e-02 -1.5526456214296050e-01 -1.0912237713911380e-01 -7.7536292176801580e-02 -9.0118375060880523e-02 8.4973027236198040e-02 -3.5570622738770332e-03 1.2537958847781519e-01 -1.0765711710430970e-01 1.2060817851424981e-02 3.2245881801879259e-04 -1.3086758137957871e-01 1.1556673134510460e-01 2.4025643439938990e-01 3.9795651813929543e-02 1.9202009013343821e-01 -5.8327124857692300e-02
-1.8307917698004531e-01 2.0078487236907169e-01 9.5633867413234139e-02 -2.0646251314405742e-03 -6.7443840218004092e-02 1.2857687802203999e-01 7.5268329775785958e-02 -1.9081472366818830e-01 5.5554674725527442e-02 -1.7416321455357091e-02 -3.1910924758949161e-02 1.6391744802859119e-02 9.3135746344151421e-02 -2.4305347805740809e-03 1.7253011407136729e-02 -2.1048364085936819e-01 -9.5871582776074105e-02 -1.6797199957715750e-01 -2.9009171899025559e-02 1.5104757274995781e-01 1.1596473933321030e-01 -2.0325554866906650e-02 -1.2447341467406681e-01 2.1034617466013980e-01 6.5498617400298165e-02 1.3913305306208590e-01 9.2593479241960229e-03 -1.4256156432700759e-01 -7.9562716501610217e-02 4.2061302725109738e-02 -8.9214671438676271e-02 4.6494240337717228e-02 2.2424908429882781e-01 -1.0489726359144860e-01 5.7289429830567867e-02 -1.3033071729303519e-01 2.8563228728690129e-02 9.7209571046690271e-02 8.9011972342881496e-02 -2.5181670747895268e-01 -4.5156680052598139e-02 -2.0006318629895801e-02 -4.6898187186842202e-02 1.8932164522466641e-02 -7.1078156766365017e-02 -4.7862581753228141e-02 -1.0135769040439770e-01 -8.2444341833782298e-02 -6.0154776434572538e-02 -4.0120947387059958e-02 9.4892134365192910e-03 6.8671593231205821e-02 -1.3603928311064550e-01 1.2360884918929870e-02 -2.3100777283665670e-02 -1.2809131822070749e-01 5.3235375532171898e-02 -5.3201325361077252e-02 1.1884768923386010e-02 -1.2628837153421271e-01 -3.3514874415265343e-02 -3.1598591841579357e-02 1.7554467013827259e-02 -6.2596453108296826e-02 2.2403704388666790e-01 1.0785401218116319e-01 1.9183142907492651e-01 2.8857729431557021e-02 1.5351626578144301e-01 -8.0650764906591746e-02 8.7846422059173982e-03 4.4021121540993219e-02 -6.4590444494120880e-02 -1.5206218295742710e-01 6.5458254775373481e-02 1.3800055235984330e-02 -4.1241122111766587e-02 3.9942297305975150e-02 9.6539932419955898e-02 -7.6550408023616040e-02 -1.4195086447319460e-01 -1.2298051683724540e-02 2.3802559290872691e-01 2.1538859913369259e-02 1.0702384962062020e-03 -7.7001251700870715e-02 2.0994629379947151e-02 4.0914398218232832e-02 -9.2106303034375017e-02 6.1290059728655540e-02 -1.1505575348054660e-01 4.1377609532317399e-03 4.2835736511959648e-02 1.0886852824761740e-01 4.7982976583124511e-02 3.2193285554685633e-02 1.4743923747944140e-01 1.2893118989319040e-02 1.9351902399031399e-03 -3.1127017658477890e-02
-2.4965510791359662e-02 8.6850018858644958e-03 8.3313150804825098e-02 -2.1947069808933331e-01 6.8186597029887011e-02 -2.0869042361492000e-02 4.5242704309958262e-02 -2.2021688633503640e-02 9.2528371326261058e-02 1.3448887551347660e-01 -1.4651814421826809e-01 -1.2971325372098610e-01 1.1813331280303239e-01 -5.9297890922056361e-02 7.3637466098886634e-02 -8.8795148098951088e-02 8.4620574882135646e-02 3.3689117851748017e-02 1.0588136277974070e-01 -2.2525949809167151e-01 7.6516453560862466e-02 1.6643621155974311e-01 -1.1556294731899069e-01 9.0917416850006871e-02 4.9208385735084572e-03 -3.8933856290822938e-02 2.6276443930584051e-02 5.1111862474170301e-02 6.2840390605602453e-02 1.1449401504257610e-01 6.7700819467202480e-02 -8.0881401213535056e-02 -8.1391430692620517e-02 1.3230147145709520e-02 -7.2189807992022501e-02 -7.3382191065546498e-02 6.1726160242265328e-03 -1.6201747721275719e-01 -1.1980032815419590e-01 -5.3390545657083892e-03 -1.3942443090625170e-01 -1.0411429449868270e-01 -5.2135669275752167e-02 2.3045326355116979e-02 -1.0016667100137500e-01 7.2511573102232080e-02 -5.7624887814115263e-03 -1.3565621371142161e-01 7.5464855369005462e-02 -1.7891348033750001e-01 5.2040721205390189e-02 1.0158087143176921e-01 1.2859430517576129e-01 2.4892056252622571e-02 -1.9947203024169549e-01 -2.3644244599759869e-02 -1.8297852918873750e-01 6.9478626243279523e-02 -1.1484443527269480e-02 -1.8996624890876501e-02 2.6343798806180360e-02 -1.2307467996107930e-02 -1.3036778339725349e-01 -7.1189885785869281e-02 -4.0339912269896742e-02 -7.9387742293671654e-02 -1.2249136421126640e-01 -7.7423230087453207e-02 -7.4981114098561313e-02 -4.6757394637752768e-02 -3.2069753267049189e-01 -1.5853382452006440e-01 7.1996260279433262e-03 -6.8297318862090978e-02 1.5887796572009549e-01 -1.1199799879542510e-01 8.0356566627171735e-02 2.4826253981230940e-02 6.2032619315807183e-02 1.3767893835739639e-01 -9.6067250748424052e-02 -1.3073484634928409e-01 8.2422870826481032e-02 -5.0492260959799752e-03 -1.1077723865616149e-02 9.3490819296083688e-02 6.7196389777060106e-02 1.8974954150690099e-01 2.0207550052989951e-03 -1.2467814412973879e-01 -3.1256998495384963e-02 4.2423049590344639e-02 -5.8566204588352218e-02 1.3174225027284690e-02 -3.9285164304504419e-02 9.1062727642965510e-02 1.4117079992094331e-01 1.6471672471455010e-02 1.1978539186944530e-01 3.4727160713273857e-02
6.6470861487433518e-03 -3.4817640243891078e-02 1.5976330252056731e-01 -4.6929538874328852e-02 2.5138708447150281e-02 1.0307387549718310e-02 1.7720456710057569e-01 -7.0590124291723580e-02 2.0907404304894769e-01 -8.0140316440927804e-03 8.9335980872378595e-02 -6.0005460796492598e-02 -1.4197237916872971e-01 -1.2455293252797971e-01 -1.6005535278240479e-01 -2.2036667293086711e-02 -1.0501800534844290e-01 4.7414163522100650e-02 -1.5810586160510309e-01 -4.4487501859063472e-02 7.2726133124303094e-02 -8.2368472247650218e-02 1.1447660972447429e-01 -9.9899255014008079e-02 -9.6201260867851149e-02 1.3772836004644431e-04 -1.3033861114060300e-02 -1.0747602794361899e-02 1.4440020867811501e-01 -4.7452234475155439e-02 1.4672706861221480e-02 7.1650813374486991e-02 -1.1664348496550410e-01 6.8396392688466326e-02 1.7206431062104711e-02 4.7155665167141973e-02 -1.9807943164823461e-01 -8.8882237591423024e-02 -1.4485884225464640e-01 -7.8894823148071350e-03 -5.1370046305844623e-02 2.9086659163401869e-02 2.6198748962455210e-02 3.1280267267118578e-02 -1.7202883617904111e-01 5.5858934459712482e-02 -1.6843896594958599e-01 -4.7795785657527720e-02 5.5667292881140751e-02 -8.7154953859592127e-02 -8.4861368219509042e-02 5.7187649445163788e-02 9.1193719353779248e-02 -4.2881881790361787e-02 2.1175727061665151e-02 -5.7504780269247671e-02 -2.7523134977530629e-03 -1.7834377604437571e-01 -3.8675897908350972e-02 7.3272480490121042e-02 1.2297102738259810e-01 1.7996272433311400e-01 6.2016481191368357e-02 -9.6557864573051988e-02 1.6782246477201601e-01 -1.0347045321905320e-01 -2.2968063943544580e-02 8.8538405245668916e-02 6.9618304946888518e-02 -9.4804651985791993e-02 1.5304515110786510e-01 6.8576902370976398e-02 -1.1057567038687260e-01 -2.3131114198648270e-01 -1.9631041433734089e-02 -8.7102924692300271e-04 -4.2805072122988543e-02 2.2655543315364779e-01 8.7127891340812808e-02 5.2156572007083096e-03 -9.0761519887102432e-02 -1.6374156680283661e-01 -2.2800303530617819e-01 -8.0968660268265866e-02 -4.3568530396298447e-02 -1.0315114111626690e-01 1.2359047799295329e-02 -1.0045954422923400e-01 3.4340036389869218e-02 -5.8508951431013291e-02 -4.7917661637253389e-02 -2.3198408603679391e-02 1.2748865843840601e-01 -6.4964690929507962e-02 5.2934295867719847e-02 1.0343157303079600e-01 -1.3329057853144449e-01 -8.6872985915142392e-02 2.4091132789132150e-02 1.0793019127441900e-01
7.5533220202215021e-02 1.5144020531810120e-02 -3.5689111142885477e-02 -9.1494045930060400e-02 8.3576955574474018e-02 -2.4882903696629901e-02 7.3504941811346966e-02 -7.5406635386805310e-02 -4.5978974164299809e-03 1.4362769857254890e-01 5.3602087616649863e-02 -1.4773252324281319e-02 -3.4941349614042258e-02 8.1981325060448385e-04 -1.8177340921028361e-02 -1.6304873885698301e-01 -1.2630538220546059e-01 -8.0752671320192496e-02 1.3758504613030989e-01 1.1720659231809540e-01 4.4496992995822472e-02 -1.1226637837505800e-01 -8.8694592597186733e-02 -1.0356669724121700e-01 -4.1400629272204621e-02 6.8480253966639107e-02 -1.6276740419209029e-01 1.0304246490265270e-01 -1.4335620076360911e-01 -1.0288535842694420e-01 3.0842482445544539e-03 -1.1807390022062141e-01 -2.7292062887416351e-02 6.1677276382353548e-02 8.3734381868015503e-02 2.5550950685165419e-01 2.8770121504722392e-02 2.4496109179448650e-01 1.6804113348887240e-01 -4.6036701031546390e-02 -6.6873343300678137e-02 -4.0111470877630957e-02 -1.4260712557434579e-01 2.3752827678789570e-01 -1.7606471600739640e-01 5.1036004074087177e-02 1.0219667747429660e-01 -6.3352332745467796e-02 -3.8226658887011773e-02 -9.2202231008938471e-02 -1.6284040276218920e-01 1.3009198790230231e-01 1.0387751172191840e-03 8.6111141579222911e-03 -1.3580181618650799e-02 3.2811092063080340e-02 8.8088357805712086e-02 -5.8428986841094509e-02 9.3951250423532889e-02 9.3692993328751514e-02 1.6893154543172839e-01 -7.5428890332025567e-03 -1.1617848837864320e-01 1.4006329028531031e-01 -6.5597434489670564e-02 1.1556954077597850e-01 -5.4112893545570043e-02 5.0899651190974851e-02 -1.8358096515210470e-01 1.0851289970088659e-01 -2.9842659924890349e-02 7.8786438480701382e-02 -2.8974396811456249e-02 1.6829869555762350e-01 3.8103506512362322e-02 5.7077719695093877e-02 4.0519375130666391e-02 1.6364712118646371e-01 -2.3490385391337579e-02 1.2795587441126210e-01 -1.4788744708555571e-01 3.4229782476776383e-02 8.3800899926082181e-02 -5.4280742583072167e-02 1.2083579956401611e-01 -2.7890834387367669e-02 1.0696578461661790e-01 9.1564340705215831e-03 9.9773474586113062e-02 -7.8568446110178797e-02 4.9671944982003197e-02 7.3387545922793271e-02 -4.7341349315920267e-02 7.3008728100815767e-02 -5.2894128013483463e-02 -6.6761763440648839e-02 -1.7077637750468549e-01 -8.8487028176001362e-02 2.1852453974310970e-02 -3.9963226424760558e-02
-5.1940584272085158e-02 -5.7507548403363418e-02 -1.6003652500863760e-01 1.4190165827303340e-02 2.2648353568512389e-01 7.5216531858710526e-03 9.4622929722917443e-03 2.1472078432970970e-02 8.0661898259769646e-02 4.5284710630432858e-02 4.5016618458598563e-02 9.8516921807186394e-02 4.9878443913290722e-02 5.4257138062223112e-02 -6.8957694873029954e-02 4.2217329408968128e-02 -6.2790363859952132e-03 9.4092276424473695e-02 9.6945658773863099e-03 9.8002265037333697e-02 7.6650169126771667e-02 1.6289531534221491e-01 8.5460105736395814e-02 -3.5640146758251022e-02 1.3859912515594791e-01 -6.2803595110627886e-02 -2.2378927705166439e-02 -3.1134756648821749e-02 7.7108697770279346e-03 1.4637883072198929e-01 -1.0846289495813330e-01 -6.5142874364385137e-02 1.4558805307160261e-01 -2.1880092159927769e-02 -2.0445114546798249e-01 2.4240104746380001e-02 -2.9640390040018508e-02 2.2097046498290581e-02 -6.4675877826826669e-02 7.8040744363483711e-02 5.5525533588696253e-02 3.1561757776976028e-02 -1.2584556599115479e-01 1.1746168591801850e-01 7.4315147498571002e-02 -8.4960976295162874e-02 -1.4915896663464520e-01 -1.8942343021292260e-01 1.3860731949733560e-01 -3.6687173081236001e-02 1.4467836242355890e-02 -1.7793053809251491e-01 3.1287226372528502e-02 -2.9512681846783989e-01 4.4941860194223721e-02 -3.7087413036322688e-02 -5.5421656837706203e-02 2.3344654806079019e-02 1.8743016739803561e-01 -8.3801440653124754e-02 6.7366165907824432e-02 -4.2731713183396157e-02 -5.4493680638026891e-02 4.5873860781574183e-02 4.4632114653515138e-02 1.5532885540064340e-01 1.6202486329081761e-01 -1.2426272646450810e-01 3.9130799302034537e-02 -1.1269877447797271e-02 -1.1309454765841860e-01 -1.0230323975499440e-01 1.5366787410041180e-01 5.9260148150000407e-02 -7.2380449110156619e-02 -3.1564947992740962e-02 -1.6609898043746740e-01 2.0143574694863051e-01 1.2351235636759630e-01 -5.6025886149757329e-02 1.3206452303842889e-01 9.3407205861557319e-02 2.5729525234199749e-02 -1.4231846186065561e-01 1.0924243155283300e-01 -2.1408700274213959e-03 1.1433281909467191e-02 1.6194807522572290e-02 2.4839937371033079e-02 -1.2599283759069699e-01 2.7164883497896950e-02 -7.2068514417418142e-02 2.5822677703060470e-01 -4.1986124619190962e-02 -2.7750284999423960e-02 -2.3761572015419861e-02 -8.6826881778214515e-02 -4.0950073914996721e-02 1.3844421734683730e-02 8.5225304110347733e-02
-8.0000786257228458e-03 -1.7347898073576859e-01 1.6935686858200519e-01 4.2035889000625652e-02 -1.4469080896723869e-02 -1.2055072116258510e-01 -3.0499075911684079e-02 -7.1703809329150270e-02 -4.6214121272075782e-02 -2.7591839108232218e-02 1.1907994775305721e-01 3.6727144307196910e-02 -1.1049520166932569e-01 1.1986405966321420e-01 -9.4181137576123286e-02 -9.8792428423386952e-03 9.2098833315122752e-02 2.3854074483805959e-04 3.4832064460780653e-02 2.9919285055321609e-02 -7.4703035500377227e-02 1.3574601974256811e-01 2.8315808785238181e-02 -8.2482833106412926e-02 -1.0130216595316810e-01 2.1965257675664021e-01 1.8878375302987201e-02 -8.8195535389960680e-02 4.5695432365025428e-02 1.5075344766300869e-01 -6.0860254262497637e-02 -1.6619656459851809e-01 -4.0245278401925252e-02 7.2187203082265169e-03 -9.4448258067838381e-02 4.7655033543371181e-02 -3.9651743941574127e-02 3.5757341675758607e-02 1.8898304050167461e-01 -2.2462305503481109e-01 -1.6811531046550451e-01 -1.3888033710696000e-03 9.2383306713477553e-02 7.1083611607494476e-02 -5.2933967808200470e-02 8.3581087203696280e-02 4.0758909100360820e-02 -1.5977720797946940e-01 2.0135001145098690e-02 -1.9376311449374240e-03 -4.8495058134453879e-02 -9.1025208977961347e-02 -4.9624710251023392e-02 2.1548797036216169e-03 -1.4433238194211309e-01 -3.0432851030052919e-02 -3.2934218565037809e-02 -9.3162094760475281e-02 -9.7711114255224704e-02 1.6285616159100391e-01 7.1220903362246915e-02 -1.1393947078463899e-01 1.9099443008781880e-01 1.8664847589079989e-01 2.0212755383342822e-02 -4.3593356097238599e-02 -5.6371198535171772e-02 9.2462684253217464e-02 1.1422968151387330e-01 -7.2296670060787188e-02 -1.5723630405216771e-01 4.3617024655875233e-02 3.4591476157417492e-02 -1.0252209483579520e-02 -1.0626731293425309e-01 -2.4987603483093171e-01 -1.8349847371141359e-01 -4.4830703918324617e-02 -3.0065045345274950e-02 2.8826622474698992e-02 8.3563409806810166e-02 9.9983475813080841e-02 -8.5575819274366013e-02 2.2116223850693440e-02 -9.6252954884723504e-02 1.3852358240941251e-01 -1.4434563812484949e-01 9.3316839039878099e-02 -2.4943997058068529e-01 2.5883538969776718e-02 -7.1704960910197874e-02 3.8270847559981141e-03 -7.4649967469254230e-02 4.4972875094346013e-02 -2.6610794872294990e-02 1.0254236652636341e-02 -6.4994782444586563e-02 8.7865679006205073e-03 -9.7426462958277282e-02 -6.3302237336144887e-02
-6.3829748804248382e-02 -1.9384001975716489e-01 -1.6212803047424010e-01 1.4822882367739831e-01 -1.0534512527429150e-02 -6.0337044223277521e-02 -1.6271997560402329e-01 -4.2601322118447131e-02 -5.0697294943987649e-02 -4.0165338625475867e-02 -7.3868379438256859e-02 4.3117374077609842e-02 -7.1478231005722417e-03 -7.1184867306109414e-02 -8.3866860807699950e-02 -1.2870307594869709e-01 -4.9989014433473929e-02 -2.3495127007427421e-02 -6.0032063646503542e-02 1.3420213181761989e-01 1.0602664116225199e-01 -2.3589254017514528e-02 -1.3315455379151800e-01 -4.2482599936511968e-02 1.2875975877252291e-01 2.4532109544495369e-02 8.9423740795793088e-04 -4.5444395917997378e-02 2.8965957374582119e-02 -7.9098629616281210e-03 -1.5593524758838001e-01 1.1338829273016490e-02 6.4435762435516852e-02 -1.0574114555211519e-03 -1.5337220733066359e-01 -4.9299919038383017e-02 8.0378671514429997e-02 1.1421855126405591e-02 -7.0938926329059113e-02 5.3788700020038820e-02 7.7565777627033899e-02 -1.4940667253295961e-01 7.5422064012441850e-02 -9.1454864922037304e-02 -6.7921065426421054e-02 -4.3797351219720081e-02 -3.2500279366466808e-02 -5.2557364330165543e-02 2.4001959494995209e-01 3.2000733108303210e-02 2.1533722065609839e-01 3.6326609652733668e-02 -4.1438647228568243e-02 2.5117363799803261e-01 8.0812155202915417e-03 3.5516161020491700e-03 6.9591299233449450e-02 -1.0191826830810970e-02 -7.4640111479341159e-02 1.7048385512244441e-01 1.2223592442531719e-01 -1.7250551067838901e-01 -5.4802298824220448e-02 -2.0640938645537940e-01 1.5920039829359561e-01 -1.0563009193422250e-01 -1.6216976874792169e-01 -5.1849267770787487e-02 -3.3230736450867243e-02 9.9434682626481335e-02 8.2823998398780976e-02 7.2824847885114660e-02 4.7796107319275027e-02 5.5881153662113311e-02 -9.5288816224954914e-02 -2.0402665820554350e-01 4.0988756230700307e-02 4.8961746054928992e-02 -5.9113356398641917e-02 9.5106323060426285e-03 -1.3097639714053391e-01 -8.4037335403317856e-02 -2.0207456771315149e-02 6.1609462161680929e-02 1.1254298399899920e-01 1.0611878554529169e-01 3.0151770439148501e-01 -9.4478330595546930e-02 -7.4487192088824788e-02 -2.5892248920839050e-02 -3.2209250297010350e-03 -3.7086701857188551e-03 -2.1926269616167341e-02 -1.1762342752471790e-02 -9.9791332478516376e-02 -1.0477459461246209e-02 -7.6803847054387198e-02 2.2712517155711761e-02 -1.0800197913927849e-02 1.0350117640533010e-01
7.8444484993742847e-02 1.1189513883648870e-01 -4.6035941820153246e-03 1.8940940673582481e-02 1.8510417822986211e-01 1.7038521639413200e-02 -5.5791054808216389e-02 -9.8706595991179022e-02 1.6428489910423680e-01 -1.1323178155873910e-01 8.0173173832306793e-02 -2.8661464596891760e-03 2.6565230386655130e-02 -1.8399571634129221e-02 2.3764475687109099e-02 3.3597321083331723e-02 -9.9925335442151604e-03 -7.7036241003302766e-02 7.9489988206540588e-02 2.3519499072063941e-02 5.3259275139320120e-02 -1.1103769336320890e-01 -2.4714334203332580e-01 -2.0228320660805249e-01 -2.1191310475742031e-02 9.0270062810217683e-02 -4.2732329840921610e-02 -8.8958621620381623e-02 6.7697003600474120e-02 -9.4488540490301753e-02 -4.5619786659859878e-02 -6.4546908115368812e-02 4.8925558363882828e-02 -6.3665371638502416e-02 -9.7483571033493682e-03 -7.4151309220374259e-02 -1.6682837306331791e-01 -1.7121889466524301e-01 -3.5142903248810843e-02 -1.2794957073420010e-01 3.3137085682861411e-03 -6.4532324812147561e-03 8.6537563684596391e-02 -9.4343108828585820e-02 -2.9503841049122400e-02 -4.1907101591188427e-02 -3.2906655765173237e-02 -6.7378325583225943e-02 -1.2327271202870529e-01 -3.5981162796628878e-02 1.2955766301073909e-01 -1.5380275302075419e-01 1.0469718474230680e-01 1.2806646269618899e-01 -1.5522067316178050e-02 -4.9330617192247239e-02 -4.9013509623907540e-02 1.4416009007356449e-02 -2.7489076736669688e-01 6.1404759787922732e-03 -3.9369230741858142e-02 1.9363022874144309e-01 -1.2312962230798599e-02 -6.7624435069553058e-03 -2.2212468774072239e-01 2.3858584754154550e-02 4.4008332369730563e-02 -6.5848477990802260e-03 -1.1398528526352980e-02 1.8102187139924630e-01 -1.2970876812783231e-02 -8.7276649366297976e-02 1.1166820855157870e-01 4.3656352675735720e-02 -3.9094751506661661e-02 1.3693905546750701e-01 -5.1040973461607728e-02 1.6722593656457480e-01 -1.6386815390516499e-01 -1.3569374441423490e-01 1.5217306181402221e-01 -3.5268822894882167e-02 5.2633522350541272e-02 6.2375859051596393e-02 1.7278943583517539e-01 -1.8962675309388449e-01 3.2256576220331498e-02 1.5370963912493421e-01 -1.1763858547947120e-01 -9.8626498974463003e-02 1.4640318352750481e-01 4.5042600635796029e-02 -3.6990229189607517e-02 5.3927533357772957e-02 -1.7936915487502000e-03 6.6782239348514807e-02 -5.5591319722325748e-02 2.6695712149129219e-02 -7.9719548335279125e-02 -9.9722132683376416e-02
5.5111874310303177e-02 1.1542866167681231e-02 8.3036070929044234e-02 6.5268369703126133e-02 -5.2806884846205639e-02 9.2101108738273790e-02 3.7756510020694523e-02 1.0998050658269130e-01 -1.6950724289656280e-01 4.4399267338998183e-02 1.4051450816750599e-01 1.7026812910680700e-02 -2.0227251275646781e-02 5.7065469276453687e-02 9.5620609787534519e-02 -7.2306830691122398e-02 -1.1541180704432891e-01 1.7541945282773119e-01 1.1636452681265300e-01 -6.5752258882363759e-02 3.5864929273435930e-02 -2.7089203326377199e-02 3.8415113242866103e-02 -1.2306318416975920e-01 -7.2451080076022661e-04 -6.3783778676684957e-02 -8.6643350721507015e-02 -4.1383841308426803e-02 1.4883673887840660e-02 -1.1075005594462400e-01 -8.2552164110716517e-02 -5.6588977947306059e-02 2.9611369415120442e-01 1.5691334476355540e-02 -2.6005549164878919e-02 -1.3599190783584300e-03 1.4808068043869541e-01 -7.4867990729493045e-02 6.7057412959758048e-02 -2.2573865733224781e-02 -7.5808801746210991e-02 1.1351361213217490e-01 -2.4069610375068540e-01 -1.5832607324033479e-01 -1.7109787997318759e-01 2.5275853239977047e-01 -9.8961617809396191e-02 -3.3291423548241730e-02 -5.8708649535368980e-02 2.7066774157083640e-02 3.7268374878748130e-02 -3.2386816451384650e-03 4.7859491894322377e-02 -1.9362879690635171e-01 -1.3594501433088040e-03 -4.6668904283004832e-02 -2.2246147857492429e-01 -3.4668167096622238e-02 -1.4444181150139171e-01 -2.4907735181101589e-02 1.2880180365012589e-02 -8.9940948893997757e-02 5.4729987713345717e-02 6.7522207573299284e-02 -1.2773131549196671e-02 -3.0406661615553321e-01 -2.4321049108779171e-02 -1.2801236263334631e-01 3.0424950000970240e-02 5.7182527899089813e-02 8.3769409556181840e-02 6.1162695169847282e-03 -9.3465141667403422e-03 -1.1047643300683140e-01 1.2970816790789949e-01 -2.0103190859553820e-02 1.6738606350998650e-01 -1.0299704288989420e-01 -8.0520359070067105e-02 -1.2819008890544251e-01 -4.3764629695722153e-02 1.6434035108018419e-01 5.0847711641878159e-02 -2.6812050519227000e-03 5.8589743657423893e-02 -1.3069257624814800e-02 4.4122364268646692e-02 -1.4268135339402621e-01 -3.9587676959897768e-02 -1.1861645374381929e-01 -1.5411130970789839e-02 8.2244169190081234e-02 5.3633518214372428e-02 2.9726424225388931e-02 -5.9492929256909520e-03 -6.7088405693025058e-02 -2.5054853055356090e-02 -2.5040643124375300e-02 -1.6662416182066202e-02 1.0744134168831500e-01
2.3635057656471180e-02 1.6760802595669219e-01 -2.8443686091806961e-02 -1.5169396533741919e-01 5.9873937391437322e-02 7.1567070266689344e-03 -1.1016652789759289e-02 -2.8094728892693859e-02 6.5119609602871734e-02 -8.3203078869659400e-02 1.4690897998285110e-01 -3.8377090238760382e-02 -1.4547190591448590e-02 -1.1230301453422840e-01 -1.6496434076030880e-01 6.4904341278736004e-03 -3.0544757674581560e-02 1.7400324828218561e-01 2.3446485266369099e-01 -5.5895763110523349e-02 2.4162563909716949e-02 3.2568546515537453e-05 5.8402430666593418e-02 4.9252855447933848e-02 6.5713850548216254e-02 -2.6212230451159529e-01 -9.7692632011859126e-02 -6.0453721270107272e-02 1.0210769161070560e-01 -7.5015862547909207e-02 -1.3207180757163031e-01 7.9929612676586076e-02 -1.8162766963280279e-02 1.3330019441574281e-01 -7.6626983518286423e-02 -1.2462269498766849e-01 -1.3652433621404730e-01 4.1428045984759250e-02 2.0443379831508449e-01 -6.3779020759928293e-02 2.0290384950306409e-01 -1.9964318727692661e-02 8.6854463251991920e-02 -4.2593069419655502e-02 9.0490618401183165e-02 2.6641215591467121e-02 2.7384502901570771e-02 -6.5357828548016769e-03 -2.7916251187100191e-03 -6.1568946161477733e-02 -3.4721279661708869e-02 2.0961540444326959e-01 -1.7544327141161509e-01 5.7836074022071228e-02 -9.5328096932743966e-02 4.0800120198228387e-03 4.6696634024503752e-03 -9.5277675490036795e-02 -2.6479735738400560e-02 -1.0482577099316030e-01 -1.1184813029598220e-01 -2.4570433661140721e-02 1.4998168835230511e-02 5.5080721670583727e-02 3.5456647668189387e-02 3.7024818516792617e-02 -9.4554738783729719e-02 -1.2781882800816921e-01 5.2245628676871204e-03 1.7795771025828880e-01 -1.0964516243109890e-01 2.8658824260533611e-03 3.3482822677451771e-02 2.9056435653406380e-02 -8.9241997611225643e-02 -3.6931926855756490e-02 1.1995669436677310e-01 3.4787772075192949e-03 2.0627897805070861e-01 1.0055830529783530e-01 4.1562455857467869e-05 6.2937885727954543e-02 -9.4714517211349783e-02 -5.4357244894379549e-02 -6.2976364151477920e-02 3.5944212339381207e-02 9.3018037807778460e-03 -3.2655948628501907e-02 -1.0840257633618400e-01 2.1308114541887491e-01 1.4586347338063771e-01 1.0773910019618610e-02 1.5899505828119120e-02 1.8621858833182300e-01 3.0814070320695490e-02 7.2762581525903411e-02 -1.3047812387185730e-02 -6.1807077644370399e-02 -2.0177221574220161e-01 1.2027158367722671e-01
8.2642640458145539e-02 -1.1057282579672149e-01 -2.5386059961417209e-02 -1.4549492726678739e-01 2.7023109569581070e-02 7.0393383688209701e-02 -2.5062596137516251e-04 -1.9133648871024439e-01 -8.7917432173620445e-03 1.8061067151066820e-01 -7.0057119004860224e-02 -3.4192079235017818e-02 -7.8761081170503802e-02 -1.9740225800953370e-01 -1.1504670409579690e-01 -5.2624674300318378e-02 8.0748044415449166e-02 -2.0959860609131731e-01 2.6113942790017899e-02 6.1065188263742850e-03 -1.7106358153570461e-01 5.1766074681671867e-02 -2.2591595670432570e-02 -8.3036143784885705e-02 -7.0351106972167163e-02 -2.7888008420873589e-01 4.2464214802681401e-02 -8.7894665164901631e-02 3.1096868568858099e-02 -1.4509996691429081e-01 -1.2938783503260970e-01 -5.3628064443652410e-02 -1.7718927118139039e-02 1.5791170784782468e-02 -6.1797804170428700e-03 -4.4244950855431717e-02 5.0454820791429739e-02 1.1669817753156940e-01 -7.5653903664272687e-02 4.6833124360934938e-02 -2.1450985413958630e-02 2.4866939118808190e-01 -4.5045650658224863e-02 -9.4668361549028156e-03 3.8644996963557138e-02 -4.4045231048006929e-02 6.6511070687658394e-02 -1.9165852686590759e-01 -1.4597002335674791e-01 1.3748603745418539e-01 -5.9528808418937158e-02 -4.9757996945978253e-02 7.3061240970327050e-04 7.0891390264396670e-02 8.2878333084557859e-02 -8.9472050488176302e-03 -1.7959137856769311e-01 2.2739586943869880e-01 -2.3758904487738861e-02 1.9425615739680109e-02 9.8466338637298603e-02 6.0133559833088053e-02 -2.8773354292985179e-02 -5.3380786115153171e-02 -4.9826297361366463e-02 4.2031711295553727e-02 7.1373296227024721e-02 -5.9762960455634053e-03 2.4827466566059850e-01 -1.3252155494225429e-01 3.5970795536820983e-02 5.7438492945284858e-02 2.3519149057831029e-01 -3.6623269867144523e-02 6.4550258986448714e-02 -9.6608469609336750e-02 -4.9947913336694960e-02 -1.1028747395039550e-01 -3.4348154411219418e-02 2.3522337017220511e-02 -9.1814349110832597e-02 -2.0945995661707129e-02 2.9106767970295131e-02 2.8850847129497151e-02 1.0717212616271850e-02 -5.5997640048995767e-02 -7.5745937749011538e-04 -1.0382548756402010e-01 -3.5512401576426578e-03 1.1509687814766600e-01 2.6564215436440369e-02 -1.3359839712344751e-01 -1.1926276826196559e-01 1.3094299316964070e-01 -5.7570790902869519e-02 3.0670196337660660e-02 -9.5190106750344922e-02 -4.4813803309197507e-02 1.0747185309348579e-01 4.8717566289801367e-02
-3.0182582522965760e-02 2.7528125611919821e-02 1.7832676052113850e-02 -1.5354091474503259e-01 7.4020846195224310e-02 -1.5771756054038660e-01 1.9708977186343329e-01 9.9956383553875927e-02 1.6940568601215139e-01 -1.2231377292418480e-01 9.6112510845923677e-02 8.5693420954853841e-02 1.4536239574547691e-01 7.3163140196162310e-02 8.8495554345538491e-02 -5.6258904292810871e-02 4.0230312646121459e-02 -1.3150695968637400e-02 -1.1173786905627719e-01 1.5344676587162570e-01 -1.0450626448841829e-01 -1.9159982366103881e-01 2.4383854420664861e-02 3.8790532873912518e-03 4.4610389066474791e-02 9.8342840511333324e-03 1.0393799739335929e-01 -1.4828000295320001e-01 1.3079955766692630e-01 -1.4923599445879879e-01 -3.0697612897434109e-02 3.4781125168863489e-02 -1.2827055820246419e-01 -1.5651115134929419e-01 -1.0733858162053241e-01 -2.0543514971395341e-01 8.0541617069412649e-03 7.0313921488114772e-02 2.3742679406611209e-02 7.7978582600808116e-02 -1.7028581639430571e-01 -1.7977463873606639e-01 -2.1714603815752511e-03 -7.2015374805171187e-02 -5.0882181721691080e-02 -5.1806077951675307e-02 1.7594196066258211e-01 7.7386135703847933e-02 -1.1789147088400589e-01 -2.1667841600762301e-02 -9.8332077085744735e-03 3.9679192792044307e-03 -5.2867997491163319e-04 -1.1831782096276101e-02 3.2554140442362649e-02 1.1262674318138551e-01 -1.0936112236872469e-01 9.1034259275712570e-02 3.7292983619175039e-02 3.9875459108773131e-02 5.3309244916896453e-02 -1.7585860591079089e-01 -9.9682057857949743e-02 -2.3534606795137549e-02 1.0224243814392089e-01 -4.4719788428552919e-02 -2.8880398719494531e-02 1.3001967974962461e-01 8.4370834356019220e-02 -1.0188530440144510e-01 -6.3142834282791688e-02 1.4117827504826401e-02 1.4571179649314620e-02 7.1831152781504370e-02 1.4466099059236859e-01 -4.0761746102406571e-02 1.6634731560825919e-01 -4.4706755661044359e-02 1.5291673172126069e-01 6.3866688958990767e-02 1.2856016483841090e-01 1.4845664957593149e-01 -5.6591542718244382e-02 4.1179265750890197e-02 1.9391077124926909e-01 -1.9976369221657200e-02 -2.2779813393426732e-02 -2.3789352056270911e-02 -7.5620934715060692e-02 -4.7608783397947121e-02 2.3924027947353391e-02 6.0232259928421142e-02 8.1064173156060973e-02 -7.0704745722699122e-02 1.8843189526413329e-01 -8.8350840066596742e-02 -1.8424576061284931e-01 -3.1765153618695391e-02 3.5714892946229752e-02 -3.6492354191932627e-02
-1.0328305101851561e-01 -9.3688128884437422e-02 -3.0051605868713790e-02 -1.1661450579308230e-02 9.2077169836753514e-02 1.4947611548239870e-02 8.6199717082432847e-02 7.3102630951340147e-02 -1.1234824279411840e-02 1.7741547766671509e-01 -4.3737684041206842e-02 3.5604951486057933e-02 -4.0043536914284673e-02 6.6186515480322880e-02 -7.2576320147306903e-02 -1.0989880680165230e-01 -3.7863691508954973e-02 -5.2184839906248576e-03 5.6684139199062740e-02 -1.0723924247019710e-01 4.5788714678592517e-02 -2.9557504926726549e-03 1.8178883288290951e-01 1.0848733134032189e-02 1.4957514609435640e-01 7.8614617548522184e-02 -1.2522536641912849e-01 3.1019165447016939e-02 1.3885781019571691e-01 1.1904064246864859e-01 -7.7699616389353798e-02 1.5086811040738621e-01 1.9177497999554130e-01 -3.5670448727647207e-02 3.6910617836441929e-02 6.7341133919737464e-02 1.1133578759564611e-02 4.2567334965291657e-02 9.9652615083198649e-03 -2.0479123254877461e-02 4.3596522145450137e-02 1.0822839668682950e-01 -4.3626233675969163e-02 -3.6825219673826612e-02 -5.4983415496955512e-02 7.5898461787695257e-02 1.7376980698371750e-01 6.9169846639384788e-02 7.4897267131049924e-02 6.2769316220341797e-03 1.5959793940220221e-01 1.0691312466130549e-01 -2.2401964842970731e-01 8.2069938367717560e-02 -1.0131604691977260e-01 7.4241320835396724e-02 9.5442934738175795e-03 5.3761866901023423e-03 -1.0276418293397040e-01 8.3573898041001723e-02 1.8587398704301469e-01 1.0540434902556380e-01 -3.5918878879155132e-02 -1.4852006246570210e-01 -4.4306813293044242e-02 -1.2598652769772340e-02 -1.7714670709791810e-01 1.1188334814956299e-01 7.8145551398667051e-02 -1.8089277735357259e-02 -4.6828871509634988e-03 -2.5111762243497437e-01 -1.1700954040687750e-01 4.6037908562850817e-02 4.1567755010299988e-02 1.7800316018115499e-02 -6.6633792605236372e-02 9.1460242949198032e-04 -8.8636696458866057e-02 -6.9779355606584374e-03 1.9718603656918490e-01 -5.8755958966099650e-03 1.1955884678353990e-01 3.5589544136860010e-02 -3.2443680836858398e-02 -1.9988725999088691e-01 -1.7797296317838010e-01 1.1125674070881320e-01 1.2701950601623979e-01 1.6674648545432311e-01 4.7783714656039818e-02 -1.8997022688572909e-01 5.4599745128289918e-02 2.1501304469529858e-02 1.6538993246889211e-01 -2.0943916505091361e-02 -1.3318191050255879e-01 9.1121112550335503e-02 8.0854072477725455e-02 -2.6002183468370989e-02
-3.7142209732046932e-02 -2.3736054172938961e-02 6.2030463456949271e-02 5.9541018409560068e-02 1.0964032062829240e-01 1.0605291593528440e-01 3.1452547408466862e-02 -2.4333589541255099e-02 -1.4213336459122861e-01 -2.8853345176660009e-02 1.0190788159473541e-01 1.0421688251185640e-01 2.2394344650554471e-02 1.6852205767668729e-01 1.2885011343289709e-02 3.4850723813574493e-02 -1.0120412868687031e-02 -3.3434134734326118e-02 2.0230413671069131e-01 3.1307881167895138e-02 1.2270565150748231e-01 4.8858088827849033e-02 -3.2993398985289912e-02 4.8011041358512916e-03 -6.8909127018853253e-02 2.5929278527283679e-02 -5.9939952648378918e-02 1.7045698257277589e-01 1.6332768251128310e-01 6.9793448571631195e-02 1.3518675580600351e-01 -2.8097547456219559e-02 1.3728297246325821e-01 -3.0973534041394618e-01 3.5249897729965132e-02 -8.8411189702149950e-02 -1.4507644462540339e-02 -1.0269846718616170e-01 2.0093868586109110e-02 5.8276952208592497e-02 -1.2849181058237430e-01 1.1047381050292700e-01 -3.8339387795277360e-03 9.3736401522418952e-02 1.7795243776293521e-01 -1.8265275917552840e-01 1.4661837903961550e-02 1.4472736602716450e-02 3.4274341479346319e-02 6.5759625724936918e-02 -1.1708628332538690e-01 -4.3026778168425948e-03 1.7346191200193820e-01 2.1467545154505721e-01 -2.2534752920191560e-02 -2.7755766588549322e-02 9.0024828469173424e-02 6.1703243946359489e-02 -1.6002980153073811e-02 1.1370362993137000e-01 -8.7912154300990045e-02 -1.1914710474561019e-02 -1.7247503070440151e-01 -8.7336422266915736e-02 4.6006146072328023e-02 -1.6598512159977710e-01 -6.0437639681015967e-02 -7.7698313450516310e-02 -2.7007112984132779e-02 -1.3761003109671119e-01 -1.4251510557596239e-01 2.4075469032541361e-01 -2.2105113117793580e-02 -5.6067968893712683e-02 -1.8093461953159879e-02 1.4138440707949229e-01 -6.6012999288530758e-02 3.3438562181748711e-02 6.8770612128862998e-02 8.3599437919198119e-02 -1.6095615188368681e-01 9.6208180884207795e-02 -5.2179369237715087e-02 -5.3859215965411877e-02 -8.4103426471274639e-02 -1.1396600697716160e-01 -6.0927864817051702e-02 -6.9839134788196144e-02 -3.3889119660989210e-02 1.0833121396007310e-01 1.6455323918708509e-01 1.9554291402685119e-02 6.4120809066378362e-02 3.9691192142314258e-02 -2.5237556541894201e-02 -2.6071496210356711e-02 -1.2169236000515450e-01 4.0668912595257511e-02 2.2790126255352410e-02 1.4929823769492351e-01
-2.3599186358935931e-02 3.1093798902880929e-02 -1.2637636429740659e-01 -8.4758336744828536e-02 -2.3529099903496470e-01 1.0119710152915530e-01 1.2107814294408330e-01 2.2497977257280469e-01 2.1419997825986359e-01 -6.6697413231986399e-02 -1.2777531397858891e-01 -2.2210508854334191e-02 1.0610642189320139e-01 -1.5174260548674751e-01 -6.0608051106735499e-02 7.8696942122346569e-02 -1.2933345613827191e-01 -2.2922349852448828e-02 1.2705791125461191e-01 3.2783947930588732e-02 7.1828525135690449e-02 -1.8333901110144490e-02 -6.0376744029799638e-02 4.5635952068045570e-02 -1.5586494944560511e-01 2.1779847831781711e-02 -1.1240290189556430e-01 -1.1997532831764771e-01 -1.2632967709084869e-01 -3.1304453093481260e-02 -1.7621283421428111e-01 -8.9045474630266797e-02 7.2986671786499924e-02 6.1968810168218098e-02 -7.2750459323753347e-02 4.1734027108314649e-02 -3.0031372669781571e-02 4.8843036563179142e-02 -8.9445878774979198e-02 -2.7531027233708288e-02 -1.0346534998066891e-01 7.1759671199568081e-02 -8.1613534682480587e-02 5.0514492396738032e-02 1.2321450363824391e-01 1.9588589762019659e-01 1.5041055329848799e-01 1.7968400903745810e-01 4.2205994081980093e-02 9.2561777026513581e-02 -1.8094358681377071e-02 -7.4409493627900003e-02 1.6348679606003530e-02 8.3580535452095726e-03 1.2448133293425451e-02 -2.5632998557727760e-02 -2.9174339935365029e-02 9.4453258002562643e-02 3.1291670722927198e-02 7.7936420966265102e-02 -5.3205920261679307e-02 -1.1243141631118350e-01 3.9462896455835707e-02 1.9567382922049830e-02 -1.1757592394789609e-01 5.2116252981571499e-02 -1.1170461457735070e-01 -1.0106638644301960e-01 5.8493121939314826e-03 -1.7539811260193169e-01 -1.5993668516355461e-01 3.7586879678602303e-02 -2.2263510328030189e-01 4.0143355304787361e-02 -3.5640290645543360e-02 9.3322409549465579e-03 -1.8897487542322899e-01 7.7348049820534864e-02 4.9284202832652113e-02 -2.2644427424953761e-01 -9.8220185376786381e-02 -5.9213963783341553e-02 -1.3979361906627299e-01 1.6523870497710361e-01 -1.3048422097711459e-02 -3.6017589610543528e-02 8.2840553945429649e-02 -3.4128571245558370e-03 -8.7358086376920205e-02 -5.1038890286468509e-03 7.1514336363802819e-02 -7.9372734916257695e-02 2.2748981252279539e-02 -1.1153007328995369e-01 -1.0782830534943741e-03 7.7018041146550253e-02 -4.5586406072327890e-02 8.5562573087146140e-02 -7.5447615175768923e-02 -8.9040116785768638e-04
4.4053939846731137e-02 -1.6361781449393251e-01 -4.0446887293950448e-02 7.3849701752552205e-02 -1.5697681296318211e-01 1.1671182371015069e-01 -7.2559580353544775e-02 -1.2236432987817940e-01 -1.0555722830457340e-02 -4.2573940168730839e-02 2.2464736717492881e-01 -2.5407248747901109e-02 1.8067004508519661e-02 8.2789184474016120e-02 9.1016398533525444e-02 2.7796330831031231e-02 3.2708373858700769e-02 -2.6981889389755261e-02 6.1855587766747730e-03 8.5971953493159309e-02 -9.5486268702469013e-02 -7.4893035421283116e-02 -1.4598850016597190e-01 5.2053079661875189e-02 -9.1849091114991427e-02 -2.8612872312493941e-02 -1.1765715516729169e-02 1.4574395537931889e-01 7.6597817456891773e-02 -1.1486680420405200e-01 -1.8648798986530480e-02 4.0958822962846447e-02 -5.7668828246673118e-02 8.4132474306738963e-03 2.8369252157697578e-02 5.8043980400230948e-02 7.8022128016907236e-02 -1.3640691473234150e-02 -6.7073150268601367e-03 -4.7838655796718713e-02 -7.5836209070832966e-02 3.0367664368811609e-01 1.8047940223174210e-02 6.2077196947231628e-02 8.8810754389138893e-02 6.9208515630459932e-02 -2.7847922945665582e-01 1.1426730983076640e-01 1.3085602408994301e-01 -7.9030167516197430e-02 8.7448361894841453e-02 2.0551252203505971e-01 -5.8372866389917212e-02 -1.1699708824228530e-01 6.6043302688669994e-02 2.3608209528118571e-01 -1.2463960421052109e-02 5.4255294073301742e-02 3.9782621973986187e-02 9.7821640227949092e-02 7.1960469243016287e-02 -5.8975942232357666e-03 9.6629376541164699e-02 -1.2228369300976340e-01 8.9935015468162141e-02 5.7805642458456187e-02 3.4377296139825732e-03 -9.3949105454355378e-02 7.7669682317590902e-02 7.6019208740405464e-03 -1.0503586531303249e-01 -1.0528580586977750e-01 5.8078311528139581e-02 6.2383710682183527e-02 9.5737241806767275e-03 7.3718168581495833e-03 -3.1606155088492030e-02 -4.1855258609342820e-03 8.3166922935546492e-02 4.7066313589767740e-02 4.8314829569003964e-03 -4.9442355956504829e-03 2.9252392986160010e-02 4.2919217695585522e-02 7.0323889434463646e-02 7.6341963786454581e-02 4.0545383031413078e-02 1.2951986223614240e-01 -1.8008830901199431e-02 -2.5476216923904980e-02 1.5666241418123891e-01 1.8670273443218399e-01 4.4938429162543599e-02 -2.4547871724581970e-02 2.4303695471659501e-01 2.6887085037337261e-01 1.1308785075932300e-02 6.7528368145568360e-03 4.8872529845137007e-02 -1.6132429872649379e-01
-4.3688977815682262e-02 1.2857666857577779e-01 4.4259369973694070e-02 -1.0411721477110550e-01 1.4623659731651009e-01 1.2948712813409369e-01 1.5751740731186331e-01 -1.4010030595967390e-01 -2.4401945159464691e-01 2.1339389701770479e-02 -3.8028257420823393e-02 -1.2595892255561289e-01 -8.3764737099183556e-02 -5.7206731018739118e-02 4.0795291061065157e-02 1.3305875342220060e-02 3.0012585933710631e-02 7.5925481225941399e-03 -6.4360560775873196e-02 9.2192287650052038e-02 -6.4569910860054452e-02 -8.0328435349199256e-03 8.2787499998623212e-02 -2.2463080964729432e-02 1.1583309612262151e-01 6.8165486016837806e-02 8.2318665783212355e-02 2.3349362829790121e-01 5.6312001155620506e-03 -1.3300575140793319e-01 -5.3609919234597389e-02 9.1823138682072730e-02 -7.3601525726610967e-02 -1.1103830819025110e-02 3.6741337294516667e-02 -1.4672736890842870e-02 1.0535783253985180e-01 1.0287175419554211e-01 5.2791907106908752e-02 9.8398720645067939e-02 2.4086202039680319e-02 1.0153792648477469e-01 9.6944236503534759e-02 -1.7512616551267751e-01 -2.4202731461518991e-02 -4.0259015186184938e-02 8.0719629164478668e-02 7.7193571549762516e-02 3.6386320993539292e-02 5.6735631459062581e-02 1.0546506062801871e-01 -7.4780193517003379e-02 6.3500531270140825e-02 1.4257879932600809e-01 1.8603652340410740e-02 2.1272096881488160e-04 -2.8666451702998819e-01 -1.5916969008022841e-01 6.4361752217372238e-03 3.0158368351784391e-02 3.9753140903029907e-02 -4.2423816104652512e-02 -3.4274464831739800e-02 4.7392373494590648e-02 1.8176021909174261e-02 1.2956021675098089e-01 -2.9380578083586989e-02 1.2238695192127630e-01 -8.6343721633286574e-02 -1.1973374392271090e-01 -1.3618206567712471e-01 -1.1676691795873220e-01 -1.1844771328216561e-01 8.7587668125084887e-03 -1.0442597174864210e-01 -9.9995607954505170e-02 -1.4888117645853560e-01 3.8441473543731418e-02 -1.3595071047483970e-02 -1.7851256921486780e-01 -7.9733191818270890e-02 -1.9237345323674840e-02 -3.2984411904831923e-02 2.2306972483309088e-02 -1.5256600548927060e-02 3.3940200288543963e-02 -2.7074188480577119e-02 -3.7293885230229383e-02 1.2643143355456810e-04 -1.6111640897864790e-01 1.2413626617156780e-01 1.5950441851177560e-01 2.3586110565896271e-01 1.0112736664542760e-01 -1.1566532223829340e-01 -9.5557324521495859e-03 1.3337984772790579e-01 -5.2308491516957913e-02 -1.9682335860054470e-01 -1.2710851365743160e-02
-4.6897677089641557e-03 6.0245578786947751e-02 1.5414023692522349e-01 -3.4331211962087991e-03 -6.6814462802310209e-02 -5.5773811809619551e-02 -1.5625622612595411e-01 3.3350292697225108e-02 3.8908579972393179e-02 -4.9191763109092221e-02 1.1073983906995290e-01 -1.2727885942351591e-01 -1.1637892652499850e-01 2.8834560114057428e-01 8.1584096626663591e-02 -1.6651365740658469e-01 -9.4976283248127957e-02 1.4189648356883849e-01 -7.5344903897844817e-02 3.5624075532992509e-02 1.4054932590373621e-02 -8.9305024251356696e-02 -1.6900263506827889e-01 -9.4267210024584311e-02 1.2355652352269731e-02 -6.7417174534761662e-02 8.5997946499176151e-02 3.1470583990560998e-02 -1.6169526573112561e-01 6.6165073380236222e-02 -1.7460534987481219e-01 -1.0650229542295300e-01 -5.4098942774644783e-02 -9.8791874281560457e-02 -1.1051091776871150e-01 -6.4796024495340263e-02 1.1546187057736921e-02 1.1625997206236000e-01 -1.8527613870740889e-01 9.2373888405651965e-03 1.3826360899269521e-01 6.5574387773216877e-02 -1.1401612586984031e-01 -3.6808084666205380e-02 6.2247797198573873e-02 -1.0534378886845580e-01 4.0759736209003708e-02 2.0909331283584000e-02 -3.5415733447341148e-02 2.4929408609252648e-02 -2.3303023177344510e-02 8.5216804473177019e-02 6.8117898823597282e-04 2.7193485455516701e-02 -1.5909357042013539e-01 1.9662823419293729e-01 -1.2164046174252910e-01 1.4657224116024720e-01 -4.0803630492128463e-02 -1.6720274959491091e-01 1.0747294927771670e-01 6.9289399431807328e-02 -6.8660485270667510e-02 9.2940937977241345e-02 -6.5960399375375618e-04 3.5362157090273863e-02 -1.5408103282596489e-01 -7.4708582068712850e-02 2.4940837330820771e-02 -1.9992576798478101e-01 1.3212357666375341e-01 -2.7944332966094571e-02 -1.0146451920430380e-01 -7.0873751400773836e-03 -1.3755502008296919e-01 1.7110505099365109e-01 -1.6281873995548510e-02 7.6117963905946606e-02 -4.6131417679587200e-02 2.1148576095034819e-02 -2.9627423572167771e-02 -1.7381096993047229e-01 2.7709714625624118e-02 -1.0350985049659781e-01 -2.4525831084012500e-02 1.4720548342248921e-01 -1.2342403813356680e-01 1.0804242572828331e-01 -8.2662608696101023e-02 4.4765267769780411e-02 -9.7219101719139278e-02 -6.2860127320268730e-02 -3.9148829510059491e-03 -1.4080812935676460e-02 -4.0075507127009823e-02 -3.5859878958669149e-02 -5.4989646593800602e-02 -8.9896536886705791e-02 -9.8103669193251225e-02 1.1154883588390320e-01
2.6759498844996132e-02 -3.0565650579081980e-02 -3.7991230226502602e-02 -1.1122537186059700e-01 -1.3199989029255230e-01 -2.4682727784659020e-01 6.7543298622118483e-02 -1.2921295406715461e-03 -2.8738694994405799e-03 1.3731485358181289e-01 3.0430886513185689e-02 7.7106452909095791e-02 -3.6695252823516572e-02 1.1679920196471280e-01 1.2094713342063100e-01 2.9373857360721067e-01 1.3024214566496381e-01 -1.7203610682244291e-01 6.0963064679709293e-02 1.5661670419083090e-01 2.7614691592098991e-03 -1.2870256777210121e-01 1.1829553083950239e-01 1.0568665845205399e-01 7.5710830006791574e-02 -7.8257257900003388e-02 -4.8374651845659929e-02 6.3195746848863157e-02 -9.2846787589956487e-02 2.5545657978828660e-02 4.3279935949156648e-02 8.0498806963555519e-02 5.5295673695372721e-02 1.0270537738104371e-02 -2.3046687074906039e-02 -1.1596942848589881e-01 -1.4671848095352691e-01 -1.2234130045453560e-01 1.3971763976801491e-01 -3.0040594462756941e-02 3.3916771994591761e-02 6.1878813863050157e-02 -2.2783018435264049e-01 -6.4173080880100229e-03 -8.8443960298084420e-02 5.4130189519730268e-02 3.2784728449996033e-02 4.1797813987737707e-02 5.6080374940812659e-02 -4.7866901225066096e-03 1.0307106899827810e-01 9.3709241382739436e-02 1.6529937858213290e-02 1.5517801397389831e-02 -1.0916905547473631e-01 -9.1216713454863471e-02 2.9919390945872829e-02 -5.3302502273900328e-02 -1.5130382456307800e-01 2.7494552553304099e-02 8.6320415760338734e-02 -3.8736220964399402e-02 -9.7052962197794870e-02 -3.6142784293546809e-02 -1.0281587311760199e-02 1.8097683525788211e-01 4.2230199062307683e-02 -2.1748272074840090e-03 9.9681961427245044e-02 -6.5843359743046710e-03 -1.5460102115730510e-02 -3.2250164170324912e-02 1.2568273581854711e-01 -1.0525963785938980e-01 -2.2316214573126861e-01 4.5328600184984288e-02 8.1410322706319732e-02 -3.8824252953279917e-02 5.0531668571227810e-02 -1.1337335753245111e-01 -1.1739655159499821e-01 -1.7673290741461320e-01 1.9506708524036520e-02 -1.8473241675449389e-01 -8.5744960229902023e-02 1.9196279716658250e-02 -3.6660215216381208e-02 -1.0349825554869280e-01 -1.0302045583692331e-01 -2.1606571209517969e-01 7.9795417180280617e-02 -6.1240475104261342e-03 -1.7718060352218770e-01 -1.3276255015956409e-01 -3.0782409885426031e-02 -5.0464079442823467e-02 -6.9122296530650759e-02 6.4369469353201397e-02 5.0046728163065986e-03 -6.5475180539057657e-03
5.1559318341126467e-02 -1.1433854609695621e-02 5.8405703350966197e-02 3.9396998340739432e-02 1.3501945206220661e-01 5.7628252008242092e-02 7.2015212641682202e-02 4.8030684427267378e-02 -1.6977247754397570e-01 5.8461756455662990e-02 6.8062837753922190e-02 1.4520511347957049e-01 -1.0867625962245030e-01 -1.3761137945812291e-01 8.7176162613233701e-02 -6.8225768896473887e-02 2.7959843067613930e-02 -4.9801441791662612e-02 -1.2005172583121830e-03 -1.0594226720739581e-02 1.2877685334987740e-01 -1.6946751115231889e-01 7.6412686826144313e-02 7.8538557998671987e-02 1.1356955933300730e-01 -9.4246158922746640e-02 2.6895880825337410e-02 -1.2980438685927670e-01 -7.9797079933139198e-02 -8.2194205258971684e-02 -1.0034975428066580e-01 -1.5046790102175561e-01 -3.7486706494126117e-02 7.0242241083682447e-02 2.9608759721022421e-02 -3.0352034602577609e-02 4.9688631723612688e-02 5.7946863798372328e-02 -2.1380914339628421e-01 7.4837873635196062e-02 -1.1737785678530380e-01 -1.2612455441177450e-02 1.0110158474381360e-01 1.5184489223464809e-01 1.3055590889105489e-01 -5.8944691466790780e-02 9.6917930653754092e-02 1.2072471472956510e-02 1.1756316262653781e-01 -1.0156609530365659e-01 -5.4152126611893309e-02 1.8921810888537380e-01 5.4294271030889817e-02 -2.5339976782124740e-02 -2.2112660719979910e-01 5.2863420961512420e-02 -3.3729744399559843e-02 -8.5769170420780610e-02 -1.3183724081671980e-01 1.9641556095759329e-02 -5.0685400446206459e-02 -1.3519833897452829e-01 2.7537972523497750e-01 -1.1489427539560160e-01 -9.9560478474092461e-03 -9.5623051282434021e-03 9.4930533587896188e-02 4.2251246696500683e-02 -5.6666429984156053e-02 1.0956935682287550e-01 -8.1787715255937227e-02 1.2157624466470490e-01 7.9764502463450654e-02 -9.4576610624052176e-02 -7.6093953872579237e-02 1.5409747888834319e-01 -5.6582336382541808e-02 1.6836720593730570e-03 7.3852380031521052e-04 4.1314775303322469e-02 9.8396416464377010e-02 3.3223864651445403e-02 1.5176980487138730e-01 1.8291133904503529e-01 2.0301937212852769e-02 -3.7243671663063423e-02 -1.3098671655493890e-01 -4.0485963092204230e-02 -1.9416044027941370e-03 -1.1022498754528090e-01 4.6719266216126203e-02 -1.6714740988949409e-01 -2.8719059177657220e-02 -2.1323123397298649e-01 -6.4203189434387450e-02 4.4438974832549202e-02 1.0033405721786751e-01 -1.6709262058318899e-01 -2.8228959879087731e-02 2.7798444430852200e-02
8.5811121779813246e-02 -1.1572240098643761e-02 1.3492379140940280e-01 7.1053801970248034e-02 5.8467917166791037e-03 -1.1286062249693700e-01 -4.7196207386684487e-02 7.5966792155955601e-02 -1.1993034281144350e-01 7.5578838112483157e-02 1.8492383154023250e-02 1.2488476143261490e-02 -7.6835335979336436e-02 -1.3253021373033511e-01 8.9901132770967770e-02 5.5584230758885869e-02 3.4179823640439672e-02 -5.7092321561558579e-02 -1.5902617667498861e-01 -2.1062344952445980e-01 1.3747326646486330e-02 -1.0365060340876470e-01 -1.6903363427582491e-02 -1.4661158103246349e-02 7.1554688422245896e-02 -6.7169197636218134e-02 -5.9732755366804599e-02 8.8353617697900108e-02 4.9648064127242181e-02 -7.7951214775741753e-02 5.1346490241620758e-03 -1.3601995329758029e-01 3.7413395855400509e-02 -1.4049613891789309e-01 -1.2593070938239309e-01 -9.1383796426357092e-02 -4.5151678074561268e-02 1.0614993623943640e-01 1.9287869312563710e-01 3.0294488264893431e-02 6.1810133823076249e-02 -9.8593796075044676e-02 1.0226692278086140e-01 2.2252980047976939e-01 7.5448040962949561e-02 1.2644336196244479e-01 6.3223592497855835e-02 3.1386023413288569e-02 -2.7131191404401300e-02 -1.2943188168942421e-01 5.2576434885974903e-02 -1.4857036495279219e-01 -1.7816298006955500e-02 -8.0538732593208498e-02 2.4494974698522179e-01 -1.4272510584216941e-01 -1.8049778248643900e-03 1.4364214943500030e-02 -7.2293208388208921e-02 -1.0100374843291481e-01 1.1604725118935330e-01 -7.3602468171456506e-02 1.0739886569957120e-01 1.7026968565858721e-02 8.9357852692614273e-02 -8.1408470196067714e-02 -1.1378349261323180e-01 5.6535044320423562e-02 -5.9228916427272616e-03 -6.0963644636686312e-02 2.9571579677944371e-02 -1.1977874353597261e-01 -1.3640158535252319e-02 1.2975660984439630e-01 1.3323709030726799e-01 1.6341343453374771e-01 -5.8924311936221427e-02 1.3216569247273169e-01 9.0425824454753306e-02 -3.7868137593134378e-02 -1.1910159522437130e-01 -1.4824171980597781e-01 9.3120903253068293e-02 -1.0332078867997251e-01 9.0044397868100215e-02 5.6025479551658229e-02 -3.0415101268769781e-02 -5.4727231888223510e-02 -1.8447327425503290e-01 1.8773153945364890e-01 1.0916465176133019e-01 -1.0553201813925651e-02 6.3514653045668099e-02 -3.1631960162603300e-03 -9.6110628150131730e-02 1.5008272909515480e-01 8.9227191122766100e-02 1.8817093062176529e-01 1.1799800336136310e-01 -4.5715073727091568e-03
2.9844932684472031e-01 6.9101057024208296e-02 6.8108898839016496e-02 -5.7124126074044303e-02 -1.7377057236549111e-02 6.7806578284631575e-02 6.5507285996690631e-02 7.0699844536822681e-02 2.9920014520770179e-02 8.3600842745970724e-02 -1.5027186721036079e-01 6.5172121177500777e-02 -5.5787881736846810e-02 1.5514446686123559e-01 -3.7859962116900098e-02 6.0915122841972508e-02 7.3608988723287361e-02 -1.3215769986702211e-01 6.2653830629964047e-02 -2.1570053798058399e-02 7.8080205737661806e-02 3.9795265146707677e-02 -3.0839909776449709e-02 7.1983364298766062e-02 -1.0420183378794290e-01 1.4425444086709099e-01 2.2732034173268981e-01 -1.6241453755582680e-01 1.8443795820470640e-01 -7.1407350437402969e-02 -1.4597617111853470e-01 -7.6342420447119193e-03 2.2784371920316621e-01 4.1786191982476822e-02 2.4378775217693260e-01 -5.8133367127335273e-02 8.6595677067547519e-02 -4.6929026252759957e-02 -9.2071389540587731e-02 1.6176379037182759e-01 9.1073988772343781e-02 -1.1471023647663260e-01 1.0724865267810620e-01 1.3012465136972890e-02 -3.0177991346976820e-02 -6.8534303305079931e-03 -1.7660648391038339e-01 4.2647448968412972e-02 -3.5441338123596622e-02 -1.3906844639503951e-01 1.1058250027375199e-01 5.3358579508807388e-04 8.6196708376396855e-02 -1.4607553143514090e-01 -3.0159856949089691e-02 1.2905529574373181e-01 6.0746892149834440e-02 -5.9817380572829801e-02 4.3994987484558309e-02 -3.5716381545958152e-02 6.5003892724360232e-02 -5.2478447087632357e-02 -2.4330059263713151e-04 7.7873406389789596e-02 1.0339407423734739e-01 2.3086974023404910e-01 -1.8831504708031210e-01 9.1685690729449779e-02 -1.7447592115514970e-02 -1.6258252820189429e-03 8.1584758736023884e-03 -6.3020298916652229e-02 5.8282312309596282e-02 8.5256594397699531e-02 2.1828727665030960e-02 6.0483755172807192e-02 1.5591362863255650e-02 -6.0033775091439728e-02 -8.2212789234768366e-02 -3.8906125594378567e-02 -1.2769255665735649e-01 1.4704223123324689e-01 -9.5938066485968518e-02 -6.0542951909001328e-03 -1.1857805836898200e-01 9.9549413670154008e-03 2.3616285029868640e-02 4.6353532786247868e-02 -5.5737181423599000e-02 6.1187123615725827e-02 2.1706371337910941e-02 -1.4494023345730880e-02 -4.4325310734966851e-02 6.0726937700909957e-02 -1.2010650523586119e-01 7.6429441786057387e-02 -1.6011700128566930e-01 -4.1574039168867177e-02 -1.0940651660205390e-02 1.0510070057261460e-01
1.2979115057268981e-01 1.0312873727439430e-01 -5.9640105532877449e-02 -4.3984771849629289e-02 1.0485289299150639e-01 -5.2761879322815543e-02 1.4060424211147890e-01 6.2230697082745878e-03 1.8906275497622669e-02 -5.6282924135993950e-02 -1.4273718088693160e-02 1.0725315872415150e-01 -1.0747385927745221e-01 -3.8193031112287119e-02 -8.3420699407910723e-03 -4.5903189833312118e-02 6.4443588125039197e-02 -8.1518818463363063e-02 2.0020161053642922e-02 6.2706275390522509e-02 2.8946754313462251e-02 8.8864866615809154e-02 -5.2694781815126553e-02 4.1706226083734081e-02 4.6900320887910286e-03 -7.6776402877409222e-02 -6.2004617128650220e-02 -4.5329617366457547e-02 -5.7395359596338173e-02 8.8169172738774892e-02 1.3928488821699081e-01 -1.2069747836979680e-01 9.8403233382610821e-03 7.5562926217188284e-03 -2.9289529247897272e-01 5.2529934826928040e-02 7.9666967847130288e-02 1.5362685328256230e-03 3.4968274841749398e-03 7.2483539071401121e-03 2.7094041474743320e-02 -6.3458694499810911e-02 1.7240830193424339e-01 -1.1675898073431850e-02 -3.9592078603833368e-02 1.8931218881604699e-02 -1.4008341527704540e-01 -6.2184449758178511e-03 -1.5787007447747300e-01 1.3834429998040471e-01 -1.0114646040369039e-01 1.7186154390864819e-01 1.1196191977407990e-01 -1.7676065550512399e-01 -4.8782755508425132e-02 3.5348447828580952e-02 5.5685739248024071e-02 5.9433526858401482e-02 1.0381952099934810e-01 1.0937588809577810e-01 1.6568395801091099e-01 -1.7783849042066990e-02 -2.9951847521037789e-02 -2.9372363906452320e-01 -1.4252569267881920e-01 -1.1666676537637950e-01 -9.2409153201008121e-02 6.6343177541405965e-02 1.0568209673946480e-01 3.2884157681264840e-02 1.0630948972856239e-02 -1.4652216038791580e-01 -1.1628517749598979e-01 -2.4095965508724209e-02 -3.0418962520825260e-01 9.4523216950242697e-02 4.9977161912925150e-03 -1.0724186474565320e-01 -1.8624247155330689e-02 -1.3930916396466211e-01 -1.1097594433313140e-01 7.1339644217527198e-02 -7.6418337601002230e-03 -1.7927541215641531e-02 8.5273113683247220e-02 -7.5180531099919831e-02 -7.3919841546442808e-02 -2.0077584918132350e-02 3.4711182558010797e-02 1.4657427964965200e-01 -1.4803546971999609e-01 2.1757460985866969e-01 1.3589992695362251e-02 7.0387617727717677e-02 -2.6499050553574460e-02 -3.2562899271078131e-02 1.1086290532419990e-01 6.5415389096369694e-02 -7.3001011071423982e-02 -7.7768946590007035e-02
-1.6199735089844369e-01 2.2834490398629840e-02 -4.8544301619212922e-02 -8.7962387471850322e-03 -3.8527614176508880e-03 -5.9940229013858107e-02 7.1821413545513232e-02 4.8357780388170492e-02 8.6808038972783094e-02 5.3891193801120008e-02 -6.7016975327603368e-02 -2.1185384732202531e-01 -7.6771603342649111e-02 -7.1141051542315564e-02 7.7194884765245053e-02 -8.1310263764673048e-03 1.4104479338236250e-01 -4.5056416935987789e-02 -1.3240676233565279e-01 2.3792426364363639e-01 1.5135995556674089e-01 -1.5451235404330749e-01 -7.9514265286644153e-02 1.2489073814374980e-01 5.2287267393872419e-02 -6.7594812942082744e-03 -1.3670079423454909e-01 -2.1161196623858909e-02 1.4300809987414881e-01 5.8939844133935312e-02 -5.2024142674014897e-03 1.1518022214155120e-02 -2.7864644148071140e-02 9.2246186675647400e-03 1.5021474242643371e-01 1.8180408016671731e-01 -9.3281368652138971e-02 -1.0623654344099610e-01 -2.8754580272873941e-02 5.1150699939038459e-02 6.6408057572850968e-02 9.2692288149705607e-02 1.4706264355573781e-01 8.8458119776805552e-02 1.6425285919090239e-02 -9.4762716153938605e-03 1.8480456075904740e-02 -7.9817716266764108e-02 1.0771535517815070e-01 -1.4649129223563290e-03 -6.8892609005867994e-02 -1.3804711910330669e-01 1.9662864073595329e-01 2.2368900569980629e-02 -3.2550229934293948e-02 1.0332396373737830e-01 -1.0775392151476090e-01 4.8078713347257343e-02 -2.8925582366667420e-02 -5.8569204910387869e-02 1.0787640978208490e-01 -4.2789969277383703e-02 -8.2097411320829206e-03 2.2179545507061760e-01 1.1823459787821150e-02 -6.4953454591644144e-02 -7.6662545127516718e-02 -2.9427477968852228e-01 7.4119127778225394e-02 2.0848021601664041e-01 1.5685637772446151e-01 -8.9846177701415106e-02 -8.7881361765002164e-02 3.4481239615898142e-02 -2.0767258534984269e-02 -3.9085462753512552e-02 -1.3641639257076409e-02 -1.2922460779230119e-01 9.8827575057013783e-02 1.0165812303623691e-01 -1.1175471332464670e-01 1.4400454619549211e-01 7.2726675614375846e-02 1.2288457145970311e-01 -5.1346942009318032e-02 -5.0285098266636179e-02 -1.5585098902825589e-01 -8.6360648420619232e-02 -1.4383585466121709e-01 -9.6099825803830641e-03 -3.9102142489753397e-02 -1.0237462137046330e-02 4.3451233671975287e-02 7.8609136231514734e-02 6.6321617524783535e-02 -1.0083949359098950e-01 3.2862141450638253e-02 9.2270864446660897e-02 5.2731999814587052e-02 -3.4619014885994059e-02
-1.1854141080147870e-01 1.5902508143061461e-01 -9.1291004768494804e-02 2.0291663564310801e-02 -2.0246407896679659e-02 6.7323936666471998e-03 -7.0957072345471064e-02 2.1959556417977810e-01 1.5884053806217341e-01 1.1273509784839080e-02 6.2465900299390052e-02 1.0147146692534370e-01 -1.5593981518055300e-01 2.4617045126855589e-02 1.6833357652445060e-02 -1.2928577316526449e-02 -9.6730167002409537e-02 -1.0263194645410220e-01 5.9396567903248362e-02 7.7829861702303813e-02 -7.3293667029775340e-04 1.3647508244829659e-01 6.9794552558555045e-02 -7.2548095525599862e-02 -1.3340348045392919e-01 -4.5411952803863682e-02 4.4857014483473900e-02 7.4124171177184561e-02 -2.1356734088071930e-02 -6.9826327202901356e-02 5.3079665767202577e-02 8.0081685078298867e-02 -4.7773519104588609e-02 -2.1241086949900259e-01 1.6889577717216689e-01 -8.2689510998270307e-02 2.2013530685631760e-03 7.0259975668936464e-02 1.2954686694777111e-02 -2.4212768724401229e-02 -1.0319656981454280e-01 -1.5173248396477310e-01 1.1954898203534900e-01 3.5916220960406191e-02 -4.9146445113649809e-02 -9.1341305048198249e-02 -1.1815721492069679e-01 -2.7161853015467551e-02 1.3212947512353110e-01 1.4305841697963570e-01 1.5322042718579039e-03 1.3130895118168581e-01 -1.5653218129010829e-01 -1.0951914085612180e-01 5.1765968635035728e-02 -1.4427154730746369e-01 -2.5594144452053691e-01 3.9556508457867040e-02 -9.8617615281544696e-02 -8.9226228055291380e-03 3.2415083951200391e-01 1.0514824833815049e-01 7.2868023432657872e-02 6.4105302788776228e-02 3.6511382499068677e-02 -1.0630215452950860e-01 3.7079917887217179e-02 -8.5667415484315265e-02 -7.9964581424441572e-02 1.0373889429349621e-02 8.3672632590493269e-03 -6.2525934923772066e-03 1.0916886321487659e-01 1.1315784974303890e-01 7.8127264780256112e-03 -1.1222770416839729e-02 -4.4117534289499209e-02 -3.6459579608994999e-02 1.4741277248734239e-01 -5.5860860092160639e-02 3.2296002974893608e-02 -3.5520352312951128e-02 -3.1413011695902757e-02 1.2134217706507711e-01 -1.5572605885935351e-01 -3.2575224751268020e-02 6.8480976066267421e-02 1.3811686373950541e-01 9.8678682166058587e-02 2.6640462732245969e-02 1.2966606798874220e-01 4.3164585830235927e-02 -1.4665044405730809e-01 -8.5936617169152435e-02 -1.2016866403707080e-01 -1.3132980940344019e-01 1.0850893885457040e-01 -9.3788890193331163e-03 -3.6479564797871553e-02 3.7000723147942637e-02
-2.7529054533973990e-01 -3.1999627647264613e-02 -1.2080570206202269e-01 3.5307978780873862e-02 5.1217968945584037e-02 -4.1209826763333637e-02 -1.1240025545285910e-01 1.2140117027306019e-02 -9.8218901637898461e-04 1.4577746322104099e-01 6.2591347154541538e-02 2.2803565761573949e-01 1.1301866055814321e-01 4.2839816818296468e-02 5.4064251595534088e-02 3.5259969258538547e-02 -8.2249932860088595e-02 5.0667718329273611e-03 -2.2256173791629790e-02 -1.2431547554970800e-01 -8.7328925542030686e-02 4.9047539386609697e-02 -8.1091720563697238e-04 -9.3569871151513315e-02 1.5317891677849529e-01 -1.0037353583162420e-01 -7.3017204430770713e-02 -1.1355075490558780e-01 8.2941523421568478e-02 2.8929605832513378e-03 3.2554729699655997e-02 1.9460286056418200e-01 -2.1654454244955351e-01 1.9141816873098610e-03 1.3690863672498599e-01 -7.4163276078531723e-02 2.8874869686941390e-02 4.8538919229263802e-02 -1.6644310210987820e-02 -7.8134558939399884e-02 -5.5400271691525477e-02 5.1535555313359557e-02 -1.0276403999274880e-01 2.0489702160752729e-01 7.5018735468421652e-02 7.0437261292393659e-03 3.9280605988009580e-02 -9.6663781632948915e-04 -4.1449436973442340e-02 -1.1395299516556720e-01 5.5078423096766693e-02 -2.5358128940608151e-02 1.6330567250583719e-01 -8.7699384903307878e-02 -4.4624615737085489e-02 2.8646201460844969e-03 -1.3504104574716930e-01 1.8923405653208460e-02 -1.2244010269121949e-01 4.2190910111985919e-02 -1.5412409628543289e-01 7.8355491685407730e-02 -1.8491336044890460e-02 -7.5645279053086073e-02 1.0809695121292470e-01 7.5991979279583566e-02 -8.8988180112138895e-02 5.1424283162981962e-02 -6.9247659071427534e-02 8.7028526532689748e-02 5.3269359921829240e-02 -1.6776468495843390e-02 -9.6777555533891030e-02 1.2439283133445120e-01 -5.7338172146692193e-02 -9.5322846762449458e-05 -7.1950973015755787e-02 -4.4600714744651116e-03 -6.0303377657488763e-02 -2.5103576484221851e-01 -2.5730500058188738e-01 1.3818645409186159e-01 -1.2226355808857541e-01 4.5737356512108533e-03 4.5249470866993727e-02 1.3524255328521121e-02 -3.2374118572797650e-02 5.4470295427402199e-02 -6.3633272281220329e-02 7.9957643753020405e-02 -2.5662477409912637e-01 7.0462242766576741e-02 -9.3932630341153567e-02 8.2173454998120884e-02 2.8959115295011232e-03 6.4866662252240498e-02 -3.0492580713926500e-02 -1.7552519033673089e-01 -8.3101298142449591e-03 -7.6471208658258280e-03
-3.6351790690255670e-03 -1.0583738803972320e-01 3.5941506663071381e-02 7.3542497087097453e-02 3.3394622165424263e-02 1.4543253904440279e-01 2.1172205046844561e-01 -1.0653100459461480e-01 5.5588077871757569e-02 -8.8928381192060965e-02 2.2134546501439101e-01 9.7452608925335096e-02 -2.2983295339756629e-01 1.5364107836777510e-01 2.0808360038154519e-02 -3.2132270002731902e-02 1.6594510610938199e-02 -1.0706849422638630e-01 -3.3830649597954912e-02 -1.6257475913647651e-01 -2.5426336093542182e-02 5.4039471617234991e-02 -2.2668484890788171e-01 4.2582519733796238e-02 -3.3684168388654748e-02 1.7321309053117781e-02 -7.4886601925440832e-02 1.0254364727019120e-02 -6.9255865622674884e-02 -1.1985413806005230e-01 1.1501558162710020e-01 1.3244886393984320e-01 7.4619637674381692e-02 4.7472928000015409e-02 -1.6408475488093521e-01 -2.2994610284318720e-02 -3.4332820644347173e-02 1.0875384818519440e-01 -2.1395651915666281e-01 9.7692512169806379e-03 -6.1341710758220827e-02 1.1499663220045791e-02 -1.4940193789830410e-02 2.1342730005114129e-02 3.6979124365645613e-02 -1.8966708169425282e-02 2.1610941457532629e-01 7.0123523121814677e-02 1.3341230870363241e-01 -1.7882300423058889e-01 1.7474041545064950e-01 -7.2640410944679101e-02 4.0617596781551291e-03 -3.7847833357400940e-02 -1.8417641055308320e-01 -8.5391555529659227e-02 8.3405324757146293e-02 -8.3703095798595750e-02 6.0920859169205921e-02 -6.4265637164286751e-02 3.6833914321558241e-02 1.0695118237685100e-01 -2.1454829323921711e-02 5.0487538771120999e-02 -1.4095163902554700e-01 5.7492992269079508e-02 3.8449715998608247e-02 -4.8157934545177111e-02 2.0631000702665280e-02 -1.1079321066065561e-02 9.8382662747433305e-02 -5.0711525954285012e-02 1.1415618761976680e-02 7.1745537935331810e-02 1.1507971256042980e-01 -5.7967649678902181e-02 5.7867054876199484e-03 -1.8646862455444371e-01 1.9791491695592589e-01 -3.4847785659155501e-03 -3.9952122311438824e-03 7.1643329446835505e-02 -1.6102484468610739e-01 -5.7127072855695307e-02 -9.9542024124779681e-04 7.5968856857377932e-03 1.5303799080811220e-01 -1.3484681851491659e-01 -3.2753188276832122e-04 -1.3620924131590070e-02 -2.5533129850434110e-02 -8.6825535137137339e-02 -4.2391460837893573e-02 1.1694147673555901e-01 -6.8795115861565448e-02 -1.0921216431954420e-01 1.0706735335624321e-01 1.2793948868641400e-01 -3.7161994510135271e-02 -6.1679138710112477e-02
9.8151416419548602e-03 4.4945116868174463e-02 -1.4519581107469090e-01 1.0143045090387010e-01 9.2479270510156322e-02 1.0827603120753740e-01 6.0641426231286918e-02 -1.5544233407428790e-02 1.0919810517772410e-01 7.8757028442240515e-02 -1.3022086474080661e-02 -1.5909071787810419e-01 3.9911167906582841e-02 5.0346404004256674e-03 -1.0994872840098620e-01 -1.9658058437446169e-02 -7.4736690172332587e-02 9.1305848121984182e-02 -6.0391830457335198e-02 9.3199153737190857e-02 -9.6538061720176441e-02 -4.4393163665383803e-02 -5.9688106415045503e-02 -2.2281300613764141e-01 -7.1452294551725267e-03 2.2149931914000349e-02 -9.7993608299204546e-02 7.2182815912246304e-02 4.4069060950618827e-02 1.6397310914962671e-01 2.7569759873308120e-02 -9.3505925812973956e-02 -2.0429746909987539e-02 1.1753163613132740e-01 4.7066791754697052e-02 -1.1398014713040840e-02 5.0186802745893010e-02 1.1137918720687449e-01 -8.3315182164614129e-02 -5.0671424870963683e-02 -2.3724629138637160e-01 -5.3086886648748013e-02 -6.6609647922850224e-03 1.7403466111721411e-01 1.7929182378758991e-02 1.4967071277576660e-02 -7.4550764963641991e-02 2.0172299799507981e-01 -1.3410538011006559e-01 7.5093511259562748e-02 9.4371294942735690e-02 9.6613018777023801e-02 1.0190469511761099e-02 4.4894287045566882e-02 4.0801788683028882e-02 3.9102004936302330e-02 8.6117661822719571e-02 2.1157654896775020e-02 -9.6122393252012550e-02 -2.2406981369198900e-02 -1.8350578748969451e-01 -1.0599077509081201e-01 -6.8939705520134384e-02 2.9203243370132852e-02 3.0680550950873041e-02 2.9876297406589959e-02 -1.7755816512416719e-01 1.7451124755193090e-01 8.6111708372477135e-03 -5.4697736297190470e-02 1.3112844922359379e-01 -1.8400330549251481e-01 3.0115021421933108e-01 -8.1319730504402998e-02 -5.6831807737036159e-02 -4.4092998914434203e-02 4.3385559586995082e-02 1.6690231521492790e-02 1.5812905624033599e-01 -4.1607197006886108e-02 6.3816174591618952e-02 7.9732643308520756e-02 9.1507947607278456e-02 -5.0441218055216848e-02 -1.7142597875219120e-01 -2.2268427945067251e-02 -5.5468254326052353e-02 -8.8577476527239157e-02 -9.1303099030468252e-02 -9.2141978026114957e-02 4.9959876165713443e-02 1.6813913490346409e-02 -4.6166185956494347e-02 -1.8860964026128180e-03 -5.2758822989456954e-03 -3.3070492385221702e-02 2.0088974744778179e-01 1.2342933793660760e-01 4.1538298058581398e-02 2.3664380741138799e-01
7.2072475352709789e-02 -1.5736348738793710e-01 -4.7165697171545728e-02 -3.2238664090036888e-02 2.1002405215426789e-02 2.4391139093306621e-01 -1.9776875831478000e-02 1.3160259963347380e-02 1.7361951185333779e-01 7.7778347977274596e-03 -1.7856532530022570e-01 8.2541328505268616e-02 9.7766798193304139e-02 1.7519702327146600e-02 -4.9216770072111130e-02 1.0929572253910290e-01 -8.2976070118550516e-02 1.0253674348322070e-01 -1.4369424369887720e-02 1.4520778712746580e-02 4.5218767016129362e-02 -9.2031890084483370e-02 -1.1727079662933430e-01 -8.0225685132048405e-02 1.6818489448651469e-01 -1.4919258819833589e-02 3.3551259713243860e-02 9.8816210998719053e-02 4.4571549282038783e-02 -7.8630241742565735e-02 1.2241707243344430e-01 7.6215434890300138e-02 8.9516389781427341e-02 2.7942431920327668e-02 -5.2973489300964072e-02 -2.4399185752118940e-01 -7.1338541186320117e-02 -5.9232579814425833e-02 -5.0944388118349974e-03 2.5151889247236350e-02 2.8003337909624771e-02 5.7628224074015633e-02 -8.5235203889625508e-02 2.0938912734866380e-02 4.3357457558297403e-02 1.2451258356143630e-01 4.7387243227008560e-02 -1.9280854341363071e-01 3.0335055407195162e-03 8.9381685646817130e-02 -2.6785086113348122e-01 -3.5906330045197672e-02 -2.6071011935718060e-02 -6.6037587477425871e-02 -2.6699924858962693e-01 1.3423756176740759e-01 5.4389822613893787e-02 3.0800183010278408e-02 -5.5046643318338591e-02 3.9460510748301883e-02 6.5736998316415218e-02 -4.3475112452787411e-04 1.9298688369702269e-01 1.0763941070119711e-01 2.0267313311017851e-01 3.7806676153541448e-02 1.0685002937800170e-01 1.7266090704154541e-01 -1.6890513221358269e-01 -4.9930660954762299e-02 9.8538564150273109e-02 -4.5941074654375517e-02 -1.7853496041471951e-02 3.0698479203677020e-02 -3.8854590574937363e-02 -6.8072735086305985e-02 -1.0426150018026199e-03 -5.3224939779986387e-02 -6.1758324066578912e-02 5.8530485323301497e-02 -4.9444419869488852e-02 -1.1403064450167240e-01 1.6704733177805960e-02 1.0444724391102210e-01 7.1810981383230360e-02 5.1669058210284100e-02 -9.5058534214345333e-02 -1.7020672955001009e-02 3.9032829397417597e-02 8.2021901743893261e-02 1.3946157820996230e-01 1.8791200569053770e-01 1.6040391433834551e-03 3.7347861389272048e-02 -6.4431932201012301e-02 -1.3814205356986081e-01 4.9285775547279642e-02 1.7450456203459899e-01 7.1921327792040888e-03 -4.2589184599646550e-02
9.3362681260850885e-02 -8.7061825532329218e-02 7.8616719083948169e-02 4.9394201822061272e-02 9.9207570686163343e-02 1.0866430997372591e-01 -2.4511079606215840e-02 -4.6462339875129460e-02 1.2958027656929899e-01 -7.6103291343108989e-02 3.2534784984323668e-02 -4.0932671664608809e-03 -3.0388181722707200e-02 -3.1625584916846500e-02 1.6977795304969320e-01 -5.2892920926076857e-02 1.1328734491623690e-01 -4.3294854133281303e-02 2.4702326798722540e-01 -2.1985437055441849e-02 -1.9619290640876990e-03 -8.9756625747760443e-02 1.9254642225164102e-02 -6.6028862835211991e-02 1.3564222945161269e-01 1.6426586833974641e-01 3.8048532345926790e-02 8.3351952659189710e-02 3.7631960700701239e-02 1.7203034120669089e-01 -2.3833935533132702e-02 9.4460596701186242e-02 -7.0352197243939110e-02 2.4279394452925340e-01 -1.7281646710639670e-02 7.6592137581733676e-03 -6.6283233765603730e-02 -4.0799889005426387e-02 3.0600441448707050e-02 -1.7492630663437159e-01 1.7582922888270229e-03 -1.0668879812543020e-01 -3.6103784659022413e-02 2.9982757464284450e-02 2.0080137614218449e-01 -7.5500840267134842e-02 2.0892293643415629e-02 6.9079190934864351e-02 -8.2140755524812675e-02 6.6261289064673892e-02 -6.8723790242994978e-02 -2.3771877402821530e-02 -1.0792832209251479e-02 9.0529390019078657e-02 8.4414485117210322e-02 8.6857308461077767e-02 -1.2457804671475940e-01 9.1167223176391463e-02 -6.8355423107162944e-02 -6.2760534727472631e-02 2.1487153064673159e-01 -1.5796407163262530e-01 1.5705993148055979e-02 6.0872188460400947e-02 2.4430056583504878e-02 3.0634851813986911e-03 2.3857524429221181e-02 1.6746398067397920e-02 6.6337470437306992e-02 1.4245478086673591e-01 -2.4730477472096581e-02 5.2068146213565238e-02 -9.4839603929998809e-02 -1.3433294295805109e-01 4.5094110960524472e-02 1.0108185146420720e-01 9.0350970841607987e-03 -1.2624541637274661e-01 9.9591034680364302e-02 -2.5034970997910971e-01 5.9376571709724942e-02 -3.3691948857874361e-02 -8.0023090829286197e-03 -5.6622183216876218e-02 -1.2274903106407301e-01 1.2141549238837750e-01 1.9909254052131231e-01 -6.0467879719211859e-02 1.6233749993264460e-01 6.9727437061610997e-02 -5.3029754873174302e-02 8.5716142860441449e-03 1.3343375472816299e-01 -6.6545224021827424e-03 -1.3026792721106681e-01 5.0020010767626508e-02 -9.4642487105746825e-02 -9.4010672813168300e-02 2.6112516634117261e-01 -2.7969016223885881e-02
-6.5555377547299579e-02 -7.0599143708049220e-02 -2.2673604841579299e-02 3.5547849049872647e-02 -1.4155207285940200e-01 -9.7810092009075460e-03 9.5122510793993996e-03 8.9745209199113898e-02 -2.3399388202792120e-02 7.5607189363334201e-02 1.7946512607283562e-02 1.8031283392997349e-01 1.6546126801906019e-01 -4.7473275991344377e-02 7.2600339785801785e-02 -1.2309984729691840e-01 -1.1886351915243700e-02 5.3339675804709490e-02 -1.3105288122035960e-01 -7.6706964118423787e-02 -4.9932131037242963e-02 -3.7059250952343789e-02 4.6187835166154871e-02 8.6926170906950831e-02 -2.3110159535653729e-01 3.6321801278345958e-02 4.1558053112088107e-02 -1.4104433934955070e-02 1.7667452131151690e-02 -4.3244855061678307e-02 4.3535111882622782e-02 -6.3087634922009320e-02 7.9674432811342955e-02 -1.6190565288802129e-02 -1.4552492455551111e-01 -2.3985759884611348e-02 -8.6972317382627312e-02 1.0624908580775751e-01 -1.0977874059664230e-01 3.4428748879671150e-02 2.0030843120587821e-01 1.5766518657977010e-02 1.4460094390333489e-01 7.7915213404469302e-02 7.6967019398203787e-02 -5.9808454474401300e-02 -6.0399057918257108e-02 -9.1081981326605235e-02 -6.0571449983020109e-02 7.2841859570776671e-02 -1.5789247019624661e-01 8.5519157325223017e-03 -2.3123004992874030e-01 4.7694195238460919e-02 -6.4848775563136993e-02 5.4850164277392713e-02 8.4451595786130804e-02 -6.5017287029492929e-02 -2.9400686566020368e-01 2.4952062672212311e-02 8.1897864088427738e-02 1.0230430512894731e-02 -3.0464589267370129e-01 1.6593357864087260e-01 -1.4366109989949860e-01 1.0196974818676660e-02 -1.9769754096018600e-02 9.9572816771425848e-02 -1.7366011545400468e-02 1.4240907330997030e-01 -4.3944767692599307e-02 -3.4961406457092378e-02 8.3492036898475994e-02 -9.8612839257014473e-02 6.6081676825435753e-02 -7.4498271039089903e-02 -3.5477906179340567e-02 -8.5255979531986548e-02 -2.7705858581564002e-02 -9.1117785381521002e-02 -2.1055503142052601e-01 6.2126905526353367e-02 -7.9676371009758315e-02 -6.3395281290925573e-02 -1.8153214772249519e-02 -8.9998711152731049e-03 -5.1540567617467573e-02 3.0245365910761719e-02 2.9921843095753211e-02 -1.9465202391564659e-01 7.7696720654701942e-02 -1.4860810395124930e-02 2.1552214575481429e-01 3.7543108003352519e-03 8.4756886601850059e-02 8.3507025931628814e-02 1.2631835315507500e-01 -1.0053743624021100e-01 4.6599262183377392e-02 -1.2972236014097930e-03
-1.3332982220531470e-01 7.0755241440075181e-02 -1.3948670116642090e-01 1.9737278658760199e-01 -1.3558087892279611e-01 -5.5421838689178493e-02 1.0956930442834600e-01 -5.7205348419776883e-02 -1.7114714989519200e-01 -3.4561255690948679e-02 -4.5533420314049118e-02 1.0222651313819189e-01 -6.0924540862755713e-02 -8.2152272475866886e-02 3.0490299082808741e-02 5.1323895505648379e-02 8.1667416353955469e-02 1.0157961136321550e-01 1.1488635816996100e-01 -3.5826817832105610e-02 4.6335913474650409e-02 7.5105261670477541e-02 8.7027013773817215e-03 -2.0022483261571140e-02 -5.9813788833189607e-02 -6.2583297555992151e-02 2.8616468191831390e-01 -4.7645808255841617e-02 5.9412620735879051e-02 -8.6195489370226794e-02 5.6440614349840372e-02 -1.3796276756998810e-01 -6.4624326384723499e-02 -9.4133546306096438e-02 -1.0942198785115430e-01 6.2021869849911558e-02 -2.8135286819988229e-02 -1.9801391156220821e-01 -1.0465180347435260e-01 -1.3258288488938300e-01 1.2279697455287410e-01 -1.4715917662430991e-03 -1.1236510604720910e-01 5.0620311095557237e-02 -1.0383594281905879e-01 8.3500961323441120e-02 1.5112934993885141e-01 9.0441604927884889e-02 -1.9334777537283451e-01 -1.5384079508925089e-01 -1.1646904451472530e-01 4.3240090950591593e-02 -1.6669747632730519e-02 7.9835764786270316e-02 -6.2241858329171167e-02 -5.0620024193502727e-03 -2.8172532449665031e-02 4.4122842926913368e-02 1.3364300073252899e-01 8.1846776683897629e-02 7.6449055741549449e-02 1.3186677861453130e-01 -5.1360871049050821e-02 -6.0357971733102792e-03 7.6489818763142328e-02 7.8738284389791094e-02 -1.5610317988721740e-02 1.8039194756372039e-02 -7.7078579546136991e-02 1.1861587136889810e-02 2.1657001117944261e-01 -8.6874026317808342e-02 -1.8262627043881839e-02 -2.7530132166089468e-03 -1.6395708008241621e-02 -6.7132866075042208e-02 -1.6019509001820870e-01 4.7119081304214053e-03 1.8290645097067140e-01 -2.3933680276902309e-02 1.2689560537720460e-01 5.5503508394029531e-02 2.6281690283645770e-01 1.2158232611544600e-01 -1.4276774101995021e-01 6.9143071954502859e-03 1.2091141629487630e-01 -1.5172024551023190e-02 -1.0778530039015860e-01 -9.1309330811697696e-03 9.5914313562518061e-02 1.1294073862907690e-01 4.6808502214124359e-02 1.2762013535091840e-02 -2.4079865944619090e-02 5.6126281273775717e-02 -1.3503380740947490e-01 -5.5804288835714942e-02 3.0852745124227431e-02 7.3861444908228990e-02
-1.0865721843813680e-01 -3.6679940690818813e-02 1.5875528896890961e-01 -4.1569134339316451e-02 5.3588007063870478e-02 1.3879471481258771e-01 -3.5607589682333518e-02 1.8939610301705731e-01 3.1606844557915577e-02 6.4800579690992274e-02 -6.5654874932543933e-02 6.8776602278512677e-02 6.3878303941737102e-02 -7.2480099224234010e-04 4.6718317076993317e-02 2.0793102647642270e-02 -1.0059350432263180e-01 -4.9872290518570700e-03 -1.2195060984861220e-01 8.8068480758827644e-02 1.2261820065888671e-01 -5.9233370255134671e-02 -4.3684139137367801e-02 -5.1614758115399312e-02 6.2381758719598938e-02 -2.0370365384357739e-01 -5.2568440926837490e-02 -6.4195702252612855e-02 -9.8226630436889492e-02 1.1155293860863290e-01 7.5437151394414273e-02 -1.0290879579690090e-01 4.4787328798472879e-02 1.6614348995656569e-01 7.8109706892368236e-02 -2.4537355277387232e-02 6.1864731683385563e-02 -1.4834679084163299e-01 1.1111395403482791e-01 1.9781008136651821e-02 -1.8092858848357578e-02 3.1999649851379042e-02 6.8364030477037666e-02 -1.3021006964418050e-01 -6.6265363944908215e-02 -8.7110855885027191e-02 1.2374790254659410e-01 9.7270559854715888e-02 3.6395107441134729e-02 -1.3120494166327051e-01 2.1363096131662589e-02 9.7690257264435143e-02 -4.2567271558642462e-02 -5.1851098776050333e-02 3.1558512181620660e-02 4.0997198296424181e-03 1.1703161305925221e-01 3.8870632568818668e-02 -4.7704952754642142e-02 -7.3861231784525638e-02 1.3247882601596930e-01 5.0811433461310153e-02 -1.9766781939109629e-01 7.8601481692747568e-02 5.9741740686654547e-02 -9.0118696001300763e-02 2.3714459858512189e-02 2.3756567214886459e-02 6.5044573765602492e-02 -1.7024012527585580e-01 -5.5826666409212987e-02 2.1608942313581372e-02 5.2276534351451513e-02 8.7762655367483289e-02 -6.0689591172294867e-02 7.1896400304219468e-03 -2.4313729397232819e-01 1.5970946242759661e-03 -1.1090929746334380e-01 1.0117281709904200e-01 2.1477059422414940e-01 7.7293768478367234e-02 -1.1361977800750581e-01 -3.7598327338532023e-02 -8.9682671065161618e-02 -4.6990087399230739e-02 1.3403898605817161e-01 -2.1837397763511271e-01 -1.0615680229523709e-01 -1.4067178019734740e-02 1.6560133119649139e-02 1.7465555052075860e-01 -7.7263983282567630e-02 1.4089111296486689e-01 -6.9945695326959115e-02 1.8559181540695219e-01 8.4264340624611647e-02 -1.8997982410775710e-01 9.1815697692180370e-02 -1.7143411057936700e-01
-2.2046386997138459e-01 -1.1016758278186860e-01 -6.0350872373926522e-02 -1.0363857216370490e-01 5.4270505527301151e-02 1.8890429375548540e-01 -1.8936600500955480e-02 -2.3339964054557449e-01 -2.0141210886073371e-02 -8.8733602037750700e-02 -1.9263423320206079e-02 9.7118304695867935e-02 -8.6044385005397142e-02 6.7566690073743163e-02 -1.3595402637648480e-02 6.2056241800823593e-02 1.7341847341479991e-01 9.8012259722394940e-02 -1.6477907690952120e-01 4.2861186934838078e-02 6.1140633937172312e-02 7.1579594014206799e-02 2.3970645360211301e-02 1.3365820770102549e-01 1.9353131311568409e-02 4.0017511218076562e-02 -1.0825208333181080e-01 6.5878129261164015e-02 -3.4022573412443712e-02 1.8220963518295399e-01 -2.0634069087072410e-01 -1.4798615814902821e-01 4.1220614465629697e-02 1.1000253270503960e-01 6.2550397631716034e-02 3.7770966789485647e-02 -2.0419805986375349e-02 -3.8089850243109492e-02 2.2572657802363359e-02 1.7024671460893470e-01 -2.3568338416346628e-02 -4.8053503374843362e-02 4.5196693727382463e-02 2.4760713229465539e-03 -6.9914885033742644e-02 9.1653239910219189e-02 -1.6559274549346711e-03 2.0468740773246580e-01 -3.2610495475310708e-01 5.0368218427405888e-02 4.8424671526871778e-02 5.0692688333720412e-02 -4.3105181893702153e-02 -4.0832083474514891e-02 -3.7438942209198849e-02 -1.1371287887511190e-01 5.5124390317479538e-02 1.6515811974482811e-01 -1.2606318798854630e-02 -1.1299089498604380e-02 6.1609047847088691e-02 2.5702901856418331e-01 6.5867467161590004e-02 4.5784994175940751e-02 1.0125675802466710e-01 -1.1722768763697169e-01 3.7322178145922653e-02 3.7115005354537121e-02 -1.3841478976383921e-02 9.2500645038361293e-02 -9.5387552949072127e-02 3.9269884782298550e-02 -8.5903152193986063e-03 8.6946343497919631e-02 8.0248962069635055e-02 3.4612238798847512e-02 1.0135025416822530e-01 -7.0275410657240939e-02 4.5634696512500551e-02 -3.4109690401591383e-02 -1.2789423459181989e-01 -5.3999346750553387e-02 -9.7485716531675731e-02 2.6085654602602979e-03 1.2816236372876891e-01 5.4306722922433943e-02 1.6707201551680261e-03 9.0532922758255238e-02 -1.0292329251470329e-01 -1.1147760729893100e-02 1.7104032793278190e-01 -4.6073925890264607e-02 -8.1832521189067267e-03 -1.5732641269568201e-01 -5.4296051009992609e-02 -9.3801411067461038e-02 -4.7472311688508517e-02 -1.3021359251993481e-01 -1.9702612685470661e-02 2.8909015408748399e-02
-1.5445818374214729e-01 1.3089434009738990e-02 5.6798894347563023e-02 8.7078574587197158e-02 7.5022915719334726e-02 1.0624905538522179e-01 -4.6609624735271617e-02 -4.2975825797456138e-03 -6.8161267456840424e-02 4.2192114304559450e-02 -1.9758363890721351e-03 -2.5690597102898689e-02 5.2030792633245927e-02 -4.7859886276428107e-02 3.9358595919997880e-02 -7.1287193959327561e-02 -6.7365471305448468e-02 5.0972087138884516e-03 1.8163122196950959e-01 -6.4799591692416766e-02 1.7871419478094649e-01 -6.2466536480734712e-02 -6.6424857735201681e-02 2.8331474341317697e-01 -8.5289373796029244e-02 6.8334404181785921e-02 -1.6945071509869292e-02 9.3027078645046432e-02 1.0444436878570081e-01 -1.0007991287815450e-01 -2.4478551461096211e-02 1.3463780670548031e-01 -9.6347025303903475e-02 -1.5155741080679340e-02 -1.4361089113860059e-01 1.4591576210647589e-01 -7.3422044899325009e-02 4.4106978266701423e-02 -1.0292292859534070e-01 1.5835864570072150e-01 1.9761018772993769e-03 1.3767622386451031e-01 8.5628586310757052e-02 2.8973859468352139e-02 -8.6125625291436622e-02 6.8350725353691202e-02 -3.4019453701397549e-02 -6.0896770291407908e-02 -6.5697375328831353e-02 5.1592544049385812e-02 -1.2122487138765860e-01 -9.9665039732261318e-02 -5.5272819128552517e-02 -2.3776301929775610e-02 1.0413894887829610e-01 -1.1230921933193140e-02 6.4272685531692825e-02 -1.1536664739591240e-01 -4.0309351991413292e-02 -1.6289444652569540e-01 2.8928561590088830e-02 -9.8285657824966954e-02 -7.5391157073866413e-03 -4.4156477730846577e-02 1.3971324884756411e-02 6.1229076230239599e-02 -4.7660695114500898e-02 7.3058976362288308e-02 8.8280105056095390e-02 -4.7788701708707082e-02 -1.0618749445915210e-01 1.3842047034035051e-02 1.0780857550465210e-01 1.6944930485052509e-01 -1.6709113926980271e-02 2.6395346576735000e-02 4.0060748728507192e-02 -3.8865284292842292e-02 -1.2210163669192789e-02 -1.5147283106770459e-01 2.5911202241751602e-01 -1.7206770102432661e-01 -6.3201948635704844e-02 -3.8475245909263098e-03 1.3645784690598101e-02 1.0049227856715951e-02 -5.5558377173996379e-02 -3.6425083874360741e-02 -1.2127210605288920e-01 -5.3175451937368223e-02 -1.6349820248255631e-01 2.2636675194876471e-01 -2.8212710150733278e-01 -2.7422371829897259e-02 3.0471282381445499e-02 -1.3041570430377139e-01 -8.7536386802368749e-02 -3.9363738914331849e-02 4.7184135174995687e-02 2.2449696330405791e-01
2.0205309899485650e-02 -2.2817885864142479e-01 -1.8837117329209449e-01 -1.4929292203832950e-01 -1.4371441708020530e-01 -1.7887673655827289e-03 -2.0277749898692171e-01 -8.6257238285638430e-02 4.3187984580683472e-02 -3.5781615990229783e-02 8.2232006479166078e-02 -1.1606139672541110e-01 3.4430756506921872e-02 7.0710587820905113e-02 3.8637775661412389e-02 -4.9323030075611833e-02 -2.5953980740814661e-02 2.9589043483721631e-02 -2.9515822224758072e-03 -6.2648861124533758e-02 2.2780551926631809e-02 -7.5984899986674709e-02 2.5536644792928659e-01 2.0030866825375271e-01 -6.4181519535427264e-02 7.0240441517092439e-02 -3.7687956448286632e-02 9.0439318123424220e-02 1.9470582209263270e-02 -2.6532867921591971e-02 5.2834730931593667e-02 9.3341121470010335e-02 -6.8290083428995743e-02 6.1256663143524098e-02 -1.6455013548133510e-01 -1.2967508363481831e-01 8.2838718550834939e-02 -1.2089107733336490e-01 -8.3084422074828176e-02 -5.9467542360711993e-02 -1.3734262756124641e-01 -1.0796721243173700e-01 5.8073840489196614e-03 -1.6625150620335240e-02 -1.6492036764605530e-01 -2.8438703257361739e-02 8.2006300739107085e-02 -9.1623611144253228e-02 -8.2271515660754982e-02 -5.8430190729733293e-04 1.1191237108244050e-01 3.9018467047765679e-03 1.5721086776496949e-02 4.4019553273505797e-02 -2.3372006530916090e-02 3.9256754756618238e-02 -6.5211158930066362e-02 -6.9595155214183940e-02 2.0045838332419599e-01 -5.2023010982567702e-02 1.2219974892723610e-01 -9.4011766152742905e-03 4.1508150210301062e-02 1.8020284028587791e-01 -4.4163412483968233e-02 7.1409233609577780e-03 -5.5669310662734901e-02 9.0806506138045792e-03 -8.9781611512875902e-03 1.6891578102163220e-02 4.4742025103480937e-03 4.3221080734928287e-02 1.9735299420711011e-01 -5.4207496422059742e-02 -9.7673756811136464e-03 3.1072296225659951e-01 -1.5790604805581870e-01 1.4327995910159580e-01 -1.2344576433290190e-01 -3.8661776088293888e-02 -9.9897989491537276e-02 1.5540356107099179e-01 4.1403279409151429e-02 1.2741956342958721e-01 -1.3128062029686639e-03 -1.5719073309174189e-01 4.4448741196685800e-02 -1.1414572417666460e-01 -4.4213311457222473e-02 1.4756800508060089e-01 -1.0557694615273790e-02 9.8726632121765752e-03 2.0630255442247059e-02 3.5746852131464127e-02 3.1422008551365642e-02 2.0476672778449979e-02 1.2560121094855850e-01 8.1189511947029648e-03 -9.0283498163751447e-02 6.8769724810816321e-02
6.5797399138296436e-02 -7.2110974661621488e-02 1.9063333645283551e-01 2.3175551312574591e-01 -1.4258965850421931e-01 -1.4233081376123381e-02 1.1526730686524930e-01 -4.1425683972849417e-02 3.8007994054711620e-02 3.6016490475755348e-03 -2.9604586174505530e-02 -4.7299385397274622e-02 2.4992576247695689e-01 1.6380511479690041e-01 -4.7282540574691931e-02 2.2274107158976389e-02 -9.7642375748903013e-02 -4.7322422994823948e-02 -6.3577476157210502e-02 1.7373611166784461e-01 -7.1378692151150808e-02 1.3888369091549341e-01 1.1357618803212470e-01 9.6363188732973851e-02 -1.4547840680631949e-02 -2.7589646127153261e-01 1.2341311473620729e-01 9.5477828645337437e-02 1.8953641421184711e-01 2.1464904667926381e-02 -2.0081371801249440e-01 1.2161438002773731e-01 -9.4961855961648214e-03 1.9358147715827489e-01 -9.0750737774225806e-02 -5.3580007942087553e-02 -6.0001071334959841e-02 1.3446440477052779e-01 -6.4140207172953878e-02 -9.5417000854021078e-02 -2.0032369786996290e-01 -4.5248149227904523e-02 1.0903481890611530e-01 -1.3320364039895990e-02 -1.0579932151056451e-02 -5.4460486554244847e-02 7.3735599272809607e-02 1.0991494874219521e-01 4.3625854583825910e-02 -3.3282919886025407e-02 -1.5137720181164821e-01 -8.4735013384535277e-02 7.4901355177525816e-02 -5.4944643742189797e-02 6.4760102631547342e-02 -4.4788892002527780e-02 3.5549398200307288e-02 3.7041263689621073e-02 -7.1605757375012138e-02 -1.4800734418199160e-02 8.7646967652262098e-02 1.3178019333433330e-01 8.6776154002242353e-02 -1.0640092379706530e-01 -1.2323951552428190e-01 -4.8605782392374702e-02 2.4642802790078761e-02 -4.6044939659788432e-02 -1.2780762605185400e-01 1.2053407423983860e-01 -1.0298459465143490e-01 -3.4657067617107323e-02 -8.2717487028447709e-02 9.5266654685398966e-02 -1.6223457487169420e-02 2.4465258289907772e-02 7.8192742697342749e-02 4.2084313908028158e-02 -1.2107192744376311e-01 3.4268042777204889e-02 -5.1330107148668383e-02 -1.0910173936059329e-02 2.3177138322091589e-01 -9.8095683461525543e-02 -1.0388374779880449e-01 -6.1949699303865000e-02 4.3762225258303422e-02 -1.6963822248452210e-02 -7.0573119840458956e-02 -5.1178732411794457e-02 -1.7632974277878089e-03 -5.3861490371045874e-03 2.9479219349382080e-02 8.9368290048767937e-02 -9.2573896287793278e-02 -8.5518981392840004e-02 -4.3755242179028930e-02 2.3474873345570239e-02 -6.4036184871112109e-02 -1.2053567989036269e-03
-3.1958457963628013e-02 -6.8337788523203907e-02 8.4049688148303062e-02 6.3062100442118274e-03 1.6505150373892111e-01 4.5235744285297653e-03 -8.9819006763404652e-02 -1.1670361204306109e-01 -6.9439354986537027e-02 1.4486297261962139e-01 6.9246154875775442e-02 1.1387339649881190e-02 -1.2964137229513381e-01 9.2573083570384587e-02 2.0138952613760980e-01 3.7929453635637392e-02 -1.5368808063728190e-01 -2.0143438385155199e-01 -4.9618889568302890e-02 1.8746096371059940e-02 3.9337172548624616e-03 -7.5665885847010214e-02 1.1477718968461210e-01 -1.6439092107829761e-02 -1.0949984527285940e-01 -1.0272760700323411e-01 1.6291314627252980e-03 -1.3915811583835111e-01 3.4458123661281169e-02 1.1695627951292840e-01 -5.9603320495147487e-02 1.4626308447677230e-02 -1.2895167879128091e-02 -3.3046881145614583e-02 -1.2578989586397610e-01 5.0366335459379102e-02 7.6522078166441077e-02 -8.7527996097311725e-02 6.6416899163572921e-02 -7.3577315930813764e-02 1.8562714679553401e-02 -5.4899487851437632e-02 1.8029425500911719e-01 -1.1975415762063370e-01 -2.1341536651555131e-02 2.3862433070911809e-01 -4.5331016760380358e-02 3.0953905465799680e-02 1.4553155604780130e-01 5.3359563178727178e-02 -2.0172655960751470e-01 -9.8488509052529566e-02 -1.6510529647174610e-01 8.6744398620773142e-02 -9.4631587674992856e-02 1.7166896175266741e-01 4.7272969743457028e-03 2.0502358015492470e-01 1.3155838039356141e-01 -7.3234719822494507e-02 -2.1533979998474390e-01 -1.1085149377199670e-02 -6.2399706374635440e-02 -2.0089780114964231e-02 1.1929279825954389e-02 6.4936354138024191e-02 4.4149465721552678e-02 6.2141812817438670e-03 -5.1386159813055242e-02 -8.7409064188134072e-03 5.5323439054507539e-02 -1.5124883505744571e-01 -5.5414016366654453e-02 -5.1122769713159141e-02 9.6385830213921775e-02 -2.7156045626609511e-02 1.3501556512632851e-01 2.6870987562573712e-01 1.1758015070075239e-01 -9.9176785074088683e-02 -6.1636056870082938e-02 9.9063848147219788e-02 -1.3675478557012641e-01 1.0384530123307990e-01 -7.8624935352749309e-02 -8.3263933045700206e-02 2.7968856780262990e-02 9.8336032588058168e-03 4.8773586332575183e-02 -5.8441241203957918e-02 7.5545179762530140e-02 1.6176735608931250e-02 -1.2223151563146280e-01 -4.7042155673923579e-02 -1.4872325640821860e-01 -2.3997608099293820e-02 1.8387193865221771e-03 3.1277515102346103e-02 2.9150022457146232e-02 -3.6675876635311612e-02
3.1379678260318900e-02 4.2454228404295642e-02 -2.8030528492718832e-03 5.5965842426486709e-02 -1.9476557052565710e-01 -1.0818279625001670e-01 -2.3092490341557781e-01 -3.6444028660505633e-02 -2.1436768015692859e-02 2.3604795642813311e-02 -1.2189194131601300e-01 1.7568137978889500e-01 -4.0812768941231217e-02 -8.1117768263158724e-02 -1.7526459774962161e-01 -2.4207041517027739e-01 -3.1183932525412780e-02 -1.2576462494482030e-01 7.6798734364209253e-02 -9.6801145344552822e-02 1.2024225215186950e-01 -6.4528027096492149e-03 -4.9940264632234117e-02 -7.9414521116166426e-02 1.5711425814804131e-01 1.1961902299141861e-02 -4.9294205638556743e-02 1.9989364834299619e-01 -4.7320810979622818e-02 1.2751623082270591e-01 -6.5889417463943722e-02 -5.1609206737048108e-02 -8.2571095003398445e-02 -5.0651421984174438e-02 1.2595730424628970e-01 -2.0731867961846340e-02 -3.5198735203605433e-02 -3.9816479337763860e-02 -4.1581186331937213e-02 8.1518536928280858e-02 -8.0068976011969939e-02 -4.8403546624713092e-02 -7.6107100969936281e-02 -2.9146444294792320e-02 -1.1100642828667330e-01 9.4571624769740487e-02 3.8825385357335762e-02 7.8587564625147890e-02 1.0444867621652811e-01 -7.3905779362265556e-02 -1.9969373695568490e-01 -1.8202181909974641e-01 5.1384557527582211e-02 -8.2046076552485928e-02 6.7382736659787945e-02 2.1601801141175250e-01 -7.0537733457200782e-02 -6.1077154413363872e-02 3.1441303652450757e-02 -1.0638627705134530e-01 4.5066345569337633e-02 9.8879512256041940e-02 -6.0843971200344640e-02 -1.5171244645739679e-01 -5.3711833022308732e-02 8.1821960200817209e-02 -1.3166511198194730e-02 9.6308882034914001e-02 6.0098232533965401e-02 -5.5115605308388793e-03 -5.3181196796946918e-02 8.2470787609515511e-02 1.1715277539229800e-01 -1.2741460705510979e-01 -1.7354112650813120e-02 1.4666293008119930e-02 1.6467764494010240e-01 -1.3579243701084029e-01 1.3152114411540719e-01 -5.6739841487532812e-02 6.1875897258207781e-02 8.3414802791641679e-02 -1.0827961141558851e-01 -1.5052739287628980e-02 -3.4536978268465163e-02 -6.9457382897501890e-02 7.5297448341449308e-03 -4.5122638398890783e-03 -1.8820017522667840e-01 -4.8977579023111806e-03 1.2852384069963249e-01 -4.4671994136331973e-02 1.4547469741398700e-01 3.1446986460586197e-02 4.8448950102444141e-02 -3.5372087072955583e-02 6.0806259557028237e-02 2.5492754535211160e-02 -1.7631789467470829e-01 -1.8400516546686521e-01
8.8845804703579834e-02 -4.0642282115247251e-02 1.1529888208642621e-02 -7.5092497826735841e-02 4.3491755637163412e-02 -1.8014309764415440e-02 9.3842986253162841e-02 6.4053908533551099e-02 -1.4827996852156380e-01 -9.3105248640010574e-02 1.6371888623039690e-03 -1.2901974184895701e-01 2.9726237061313589e-02 1.7144643658406639e-02 8.4516498528302134e-02 3.7634224133696742e-02 -1.6534391705761711e-01 -6.0299185280925406e-03 1.5106252342236109e-01 5.1625615673327810e-02 -2.2055871151711651e-02 -6.8953406183262095e-02 9.8858841622815165e-04 -2.4600570742075979e-02 1.6103839616449289e-01 -2.3473360440688981e-01 -1.7039414328763072e-02 8.7467657824399497e-03 -1.5786853264066891e-01 -4.1109873669578793e-02 -3.4026570370477932e-02 -5.8111042551317237e-02 -1.5239228292274030e-02 9.6661783060595183e-02 4.8565242096028527e-02 -1.3368925618824070e-02 4.3733616395236347e-02 3.6703155868681440e-02 -1.4938160628487149e-01 2.0288536059275171e-03 1.0702966962132140e-01 -3.2069047883845833e-02 3.6310965966182288e-02 2.6862953794859569e-02 -9.2417145354939514e-02 -8.8873205331577873e-02 -8.8328837769427543e-02 -4.2863726869871530e-03 -6.7066438656103983e-02 6.6705591772023946e-03 1.2500387228886209e-01 -2.6596831741644777e-01 -2.0235532712158059e-02 6.0488625139251753e-02 -3.1699293694137438e-02 6.3582137901000368e-02 1.4133226216953029e-01 -1.3243159191949361e-01 6.8292365910626651e-02 1.2294415733911419e-01 1.0400267716673930e-01 -1.8206056828258078e-02 9.4820465924704608e-03 -1.0903091696286860e-02 2.7690180514990999e-02 -1.3229903026782019e-01 9.1442046387054277e-02 7.8810868936290204e-03 -1.3532783674844051e-01 7.6085395422372743e-03 -2.1448064889764550e-02 -1.4384027184520660e-02 4.8625785014348742e-02 -1.4833312433738999e-01 1.2016194491404041e-01 -1.0706541790344200e-01 -1.3163633307469080e-01 -4.8899597333831816e-03 1.1743682678615180e-01 -1.1212892280462650e-01 -9.9358383393089472e-02 3.5604251088542357e-02 -8.0403094279891396e-02 -1.2000796121416341e-01 -1.3406163130384791e-01 -9.1666682251524842e-02 -3.0931782123255220e-02 3.1245587335486841e-01 -1.8393183292776721e-01 1.8151091664438249e-01 2.2633382771594480e-02 5.3270759800953867e-02 -1.1740134160511710e-01 -9.7894848996644232e-02 2.0756320773092921e-01 -1.6614664356351799e-01 1.0969125359814690e-02 -6.4769858142094211e-02 1.6124190598205340e-01 -7.0243786953357354e-02
1.0833566512718799e-01 3.3047213554011072e-02 -1.1557891507686090e-01 4.4841323895641779e-04 -8.3781904159442672e-02 -5.8443251521658947e-02 6.5870127381961546e-02 6.3727458941176618e-03 -1.0061602329499419e-01 -1.6394545996180901e-01 1.5512694157950890e-01 1.8134796635482890e-02 6.8820942322239051e-02 1.5264942132508699e-01 -5.5537133720971799e-02 -1.2564093060402659e-01 -9.5704132328559399e-02 -6.4829559441553733e-02 -1.2716655799086851e-02 -3.6099457849797338e-02 1.1172155729563869e-01 -1.2303557195873920e-01 1.1715521866801611e-01 -5.0125055125117217e-02 -1.1091429905568381e-02 1.0453010172874989e-01 2.9968610386938471e-02 -4.5556171985712407e-03 -6.4075778227704910e-02 -3.7128929081409988e-02 1.3202427766454469e-01 -1.1477674409436329e-01 1.5448637074102141e-02 2.7321949212483582e-01 -4.9204702294316907e-02 -9.7939087617203352e-02 -3.7690410282027352e-03 -2.7547869589572019e-02 1.5804215926073281e-01 1.0392188803774950e-01 -1.4627862484378530e-02 1.2544850743015781e-01 2.7186755769731402e-01 1.8600254699443480e-01 -1.1726615086486000e-01 4.7318448652995400e-02 -3.5019838601006457e-02 -7.2793590790459481e-02 -1.1692953637630401e-02 -8.6209109138198306e-02 2.0076912437812941e-02 -1.1787737333273750e-02 6.6755724770029279e-02 1.2027569259122250e-02 -4.9407503347941938e-02 -9.7231422958634933e-02 -1.6932096320682799e-01 1.9635102828274301e-01 -9.9242171520937412e-03 -1.1557667138507000e-01 -1.4047068371226371e-01 7.9236903247639615e-02 -1.1476938181902500e-01 -5.4595093897680351e-02 1.8319577392768671e-01 5.0409502402893602e-02 -3.5412663557647821e-02 -1.2873194556283929e-01 -1.4063042235962331e-01 -1.0975714412261690e-01 -3.0435526283547780e-02 3.7788671757065052e-02 6.6009527417256367e-02 9.1258384322521716e-02 -1.1936962998026340e-01 -1.4884146631448519e-01 3.9126356864575357e-02 -1.2825141191702291e-01 -4.9609276005881303e-02 -1.2123958408547481e-01 5.4776426519221287e-02 -2.0790653188998270e-01 3.2097958269078887e-02 9.5295078312453332e-02 -8.1155668775087342e-02 -1.1094061455146390e-01 7.3690832269969284e-03 7.7296614338116737e-03 7.6237746766456629e-02 3.4251385747089767e-02 -2.0505466738599230e-02 -1.4822961166753770e-01 1.0598972970139230e-01 6.0621993572279792e-02 6.3057388382558088e-02 -8.5009984542481168e-02 -5.1445613272395337e-02 8.0845255091954536e-03 1.3094153991953339e-01 -5.5240727684005210e-02
-1.5425296574655861e-01 8.4256521725720568e-02 9.5444708858730964e-02 -2.3945109047239019e-01 -1.7238548277158511e-03 -3.8064492445767872e-02 5.9549484952745819e-02 -4.5333027103676433e-02 -1.5095662717012981e-01 1.0720400750508401e-01 1.1821685828981010e-01 3.7630599097557053e-02 1.1864124137877620e-01 1.7898298303407559e-01 -9.4925627922749251e-02 6.9637292821977193e-03 8.6148281801585111e-02 -1.0538181728091810e-01 -9.8019228027563694e-03 -3.7660699229298780e-02 -9.1275113209558556e-02 1.1055368020889191e-01 -1.0748463084440120e-01 9.3454670135007301e-02 1.5230343857120701e-01 -1.0172413365000310e-01 -7.4310015404659174e-02 -1.2921460756493570e-02 -2.7816888110192870e-02 -3.5748134757974628e-02 8.9416476119080518e-02 -1.1877826396869760e-01 1.3904710498841269e-01 5.5107042875657521e-02 7.1534598793086102e-02 -7.7875124384218203e-02 -2.4390260399057700e-01 -1.4036361158764371e-01 -1.6516008893694209e-01 -1.5067772669343441e-01 -7.8877147685598711e-02 -2.3066678490266900e-02 4.3163965557730437e-02 8.8404511939915512e-02 -9.5510558029356957e-02 5.2401618519097908e-02 -1.4539678776554910e-01 -4.9891435183934624e-03 -5.3632921030158369e-02 2.7075061363496841e-02 -8.4365404099230449e-04 -1.2238940628198811e-01 -2.2368563895576091e-01 1.9402136504799768e-02 2.5156353325533182e-01 1.7736996157454751e-01 -5.3882221908894960e-02 7.2603511632833809e-02 3.0215827007576000e-03 1.3506697927072800e-01 1.4093469725484529e-02 -1.6568152134301400e-01 9.7681442894611212e-02 -2.5429189480743099e-02 -9.2361270783226312e-02 7.2416945445523614e-02 -1.3019000248712970e-01 -8.8397613363281318e-03 -1.5776137798232431e-01 1.5822860188812519e-02 1.4423677769220600e-01 6.5876131207597055e-02 -1.0041838449406790e-01 1.7232248637921659e-02 -6.4804915420679204e-02 7.9737078396077882e-02 -7.4586477818100488e-02 -3.0283349540508101e-02 -1.6853165980162829e-02 9.7502883676393634e-02 1.1366683303389050e-01 -8.1036236207167961e-02 -1.0839734596732030e-01 9.5375349342069093e-02 5.0796027003019557e-02 7.1062437171308196e-02 6.3541197243033851e-02 -9.2633368451878431e-02 8.2914571063812836e-02 -4.2773312317939842e-02 2.0618191981287580e-02 -5.3924941069674361e-02 5.3206857123760429e-02 5.2665551695465468e-02 -1.2617992518138880e-03 -7.9245052360644982e-02 8.8617953567853888e-02 -5.5684011831774502e-02 -2.8596983516542950e-02 1.0827807351702620e-01
2.0918971945606150e-02 -1.1881340154511270e-01 -1.8768608818506800e-02 -1.7799087599017230e-02 -5.5177181530871977e-02 1.7318899209043589e-01 3.9651289417707722e-02 8.3428260526857451e-02 7.8928427622871923e-03 7.0780975580812727e-02 -1.6558905990976910e-01 -4.9180748517778282e-02 -8.4191258504549948e-02 1.5413510669641889e-01 1.2147357243328120e-01 1.8064797102877020e-01 -1.3909155232160580e-01 -1.3280464457381061e-01 -4.5675172405064059e-02 2.0811544437963059e-01 -3.3791078180788733e-02 1.5305633605366531e-01 1.1681256502666910e-01 1.5217016026339960e-02 1.0584562428811720e-01 8.3850071927389691e-02 2.9136117526369590e-02 5.1640847925226781e-02 -8.0627930191998751e-02 -1.7264444581372179e-01 -1.3493193627676850e-01 -1.1480125197698070e-01 -1.2925159360974591e-02 -1.0965788481668901e-01 -8.2578112277654145e-02 2.0218852394554801e-01 -7.5774819286236458e-02 -8.4291596145302600e-02 -6.8628118045614209e-02 -1.3086666273361469e-01 9.6722918561317327e-03 -6.4224054522880672e-02 -2.0917282296893758e-02 1.0895409628434589e-01 9.1630272263951248e-02 -3.5053275345803339e-02 -3.2262170654429892e-02 -5.2230716618619479e-02 -5.0109584513894828e-02 -9.8649892917956852e-02 -5.1812667661165221e-03 5.9621244086043032e-03 -2.1032841998633488e-02 6.6217530001230112e-03 -8.8419583165094059e-02 -5.8340100617404321e-02 -2.0135915509636859e-01 -1.2234247036684660e-01 -4.2532378347038963e-02 -5.9478763602423899e-02 -9.9305771437668361e-02 9.4306599357275991e-02 -1.1320129044260099e-01 -1.9847077219719650e-02 -5.8190951582573813e-02 1.5143347705903049e-02 -1.6795601067222141e-01 5.6013921104997012e-02 1.4706660847116540e-02 6.1642425191605912e-02 9.2060824515471248e-05 1.9010081929964290e-01 2.1043123682590870e-02 -6.7113709789745320e-03 -4.7782595383502290e-02 -1.3818105886286669e-01 2.6416616768932022e-01 3.6470940867139763e-02 3.0808109505653901e-03 7.3874721489435692e-03 1.5615022370501261e-01 -4.4126922847587499e-02 -5.0736956270928023e-02 -3.1745421359628233e-02 1.3291999673567870e-01 -4.2274317942102249e-02 -8.6218039112115966e-03 -9.0290218499044575e-02 -2.6397321907236770e-02 2.9016420872407789e-01 6.3926325801079323e-04 5.5070669594227378e-02 7.6525279944222493e-02 -2.6050953328978811e-02 7.1012429202727198e-02 1.1062743189701391e-01 1.7208953331609689e-01 -3.7680744082343252e-02 9.9631476324065021e-02 -1.7209114995102011e-03
6.9989111709151619e-02 1.1061636625868911e-01 2.7707015617495830e-02 -1.1067008301667010e-01 6.2694314798100725e-02 3.2875357764831320e-03 1.1635874991589960e-01 3.1267612182189278e-02 -1.0776180413475479e-01 -2.1024672484929749e-01 -1.1901976218003140e-02 1.5600258273986711e-01 -3.1153933369748490e-02 -3.1640615973386591e-03 -1.3539829636541781e-01 -4.0243270495902719e-02 -1.3536088127953561e-01 9.3311109831485703e-02 -7.6240765994723417e-02 8.0356146059792063e-02 1.3915533360494420e-01 8.3245730932183341e-03 1.8860525954232971e-01 -9.6850695757170729e-02 1.9275748009800270e-01 1.9726870809980240e-01 1.7676668621049660e-01 1.2373533038012940e-01 6.7823600815759513e-02 -8.3080822411992036e-02 1.4543777522476370e-02 5.6948726404877213e-02 2.5337600605001301e-02 4.5962589647425181e-02 -9.3176384463524570e-04 -3.0526517069632511e-02 -1.3833184345631061e-01 -4.2006533023758461e-03 -1.1579741628502280e-01 -7.7980591111214206e-02 -3.1220870104721070e-02 1.1285662818439850e-01 -1.8366944135348461e-02 -3.8969380139568993e-02 4.1663925576264110e-02 1.1510929063728430e-01 3.8523064262175132e-02 -2.8324670117299961e-02 -1.5212829321543371e-02 -4.7235369019644043e-02 -1.9596573628465851e-02 7.4443692097879918e-02 -3.8296894740542639e-02 -7.4556809298935746e-03 1.6207365273734750e-01 1.7153346998388999e-01 5.0653327274811213e-02 1.4309618701425711e-01 1.8024151948332089e-02 3.1660913113096212e-02 -1.1258090096170400e-02 7.9646617362573405e-02 -1.4780444778857019e-01 2.0808244206207971e-02 -7.0856433881898009e-02 -2.2137435306917280e-02 -6.0537288060669221e-02 -1.4672844682353331e-01 1.7772613497965589e-01 1.4068848345372051e-01 -6.4554521436591475e-02 4.8841544883947999e-02 9.5845179194511868e-02 3.6034779360980942e-02 1.4408054270674889e-01 -6.6432702529842957e-02 -1.3730128708987779e-01 1.3601091809842480e-01 9.3626573571933339e-03 -1.9408163490760931e-02 -1.4691621858942411e-01 5.2851686559622191e-02 6.3322503749669246e-02 -5.0106961328622891e-02 2.9383804497342389e-02 1.8558156823688010e-01 -8.8535861480040584e-02 -5.5870587537730013e-02 1.5193031288422820e-02 1.8945866780588381e-02 -9.0034804872999766e-02 -1.5595062101281920e-02 -3.0593947294415352e-01 -1.4289305788903761e-01 -9.5947089343225059e-02 1.0153152383627779e-02 1.4879463896820450e-01 9.4594708675290157e-02 -1.7855645308258301e-02 -1.0981346469308820e-01
2.5558271184078041e-01 1.1700336585033680e-01 -5.1906892898512171e-02 -3.3676317084283883e-02 8.9212064731304580e-02 -3.1697152163896640e-03 8.0700121617793732e-02 4.5349651025798209e-02 2.5530368243750431e-02 9.1599910547196614e-02 -1.0920907874950750e-01 -5.9459216978079169e-02 3.4482141940022228e-02 1.4287624692199380e-01 6.1668677845273662e-02 -2.6988244178325999e-01 1.3489787389870381e-01 -7.6032395854363624e-02 -3.1202677275022201e-02 4.5359976930206183e-03 4.9910916120648359e-02 7.7699844649194647e-02 2.7401326458764901e-02 3.4608973499067372e-02 2.5158654006425690e-03 4.7882919978113251e-04 -5.5504716152402253e-02 4.2177463411853043e-02 4.2099623067670462e-02 2.5033001399323289e-02 1.4126813869044279e-02 9.1281267602552323e-03 -1.2553680055245001e-01 -9.8950945942544277e-02 -4.4470671795623397e-02 -1.1284743823398970e-01 1.2379358668177760e-02 4.1524824333169903e-02 3.0331217160928781e-02 1.0363668990142631e-02 -4.0178839931665787e-02 3.0901278158504100e-02 -1.6070285410465379e-01 4.6476199700357247e-02 1.5135142094876791e-01 1.6344708584552059e-01 -9.7136117780566036e-02 7.9000617796488579e-02 5.5468495926092640e-02 -1.2025460405228031e-01 3.1372675806936888e-02 -6.8537692696810690e-02 -1.9783548139814919e-01 1.1354405045173230e-01 -3.5365102560213003e-02 -2.0693635610362561e-02 -6.0405181046346200e-02 3.3487729510816723e-02 8.9209043773177760e-02 -1.5200336682026269e-01 -1.3234739680484511e-01 8.8147794140033320e-02 5.2518332023203752e-02 5.8130176924364389e-02 -4.6011036876959052e-02 -2.0831537644177181e-01 1.3733641222216311e-01 1.3118342890849011e-01 1.0941620820918270e-01 2.1394748345245421e-01 9.4214898015141921e-02 1.4129514213027329e-02 -3.3026131902614483e-02 1.4201128366119620e-01 -1.6414841741984809e-01 -1.1000496272589010e-01 -2.3181594167290051e-01 -6.6345814000660697e-02 -1.1685517452843031e-01 9.6679905338630703e-02 -9.4118074455558282e-02 -8.3111067562577523e-02 -7.0479355403101532e-02 4.0475063688149449e-03 -8.9272413387907187e-02 -1.0700220123354059e-01 1.4468442393278441e-01 -8.1085595475751143e-02 -9.5296704000323293e-02 -2.1640173757418470e-02 1.4806657273974091e-02 1.1582774913196980e-01 2.8134002894196770e-02 -2.0367368710676470e-01 1.1919477007056389e-01 -1.3550960276501069e-02 -6.9354602931481463e-02 -7.2508062287625422e-02 -2.6845636337560091e-03 6.4937276837398181e-02
-1.5030328732161399e-01 -1.3637127099558069e-01 -3.1037359745157991e-02 -1.1380370043318809e-03 -5.3232387376422802e-02 6.7021271256659234e-03 1.6067908133329881e-01 -5.8651742003679307e-02 9.1144171207004979e-02 8.6498488557508468e-03 -4.9242645402829223e-02 -6.1970596946625843e-02 1.1254767232742589e-01 7.9974188815699288e-02 1.1945926002798379e-01 -1.4718549801981470e-01 2.1051849125106419e-02 1.4237967993965470e-01 1.5380474402130281e-01 5.0671078872332872e-03 7.6638824987301096e-02 -7.1025253720567894e-02 -4.1148484920661831e-02 -8.0265330285017415e-03 -8.7648198873495439e-02 -8.5306810969011923e-02 -5.0474976056061403e-02 9.4033345219173961e-02 -7.4540446826119447e-02 -1.9496382539791210e-01 1.2817859527510561e-01 1.3553810880747559e-02 1.3043632752850690e-01 -6.9423663376661001e-03 5.5986128723685233e-02 9.6594451718662756e-03 -1.2176492714422810e-02 1.4921004347788440e-02 1.1806981586639520e-01 -1.6256952191736219e-02 -7.3275254772452184e-02 -1.7987178149184609e-02 1.0133304253841451e-01 -6.8461219318727465e-02 9.8924868188487083e-03 5.9554916184268912e-02 -4.7127306780868593e-02 -1.0029371038809250e-02 3.7411013464283042e-02 -8.4653920386067588e-02 5.8200918636424383e-02 -9.9904158355010167e-02 1.0714468816874401e-01 2.1293168423359560e-02 1.5195042674418199e-01 5.4274756588522113e-02 -4.2180044681064009e-03 1.3699889934095211e-02 8.6650567599824892e-03 1.2509774854809600e-03 7.9059876504771587e-02 2.8907826864024631e-02 -1.5716447796416780e-01 -3.3562577664479808e-02 -4.8262199464006297e-02 -1.5124052873209840e-02 2.5028211106078468e-01 1.7776018758720341e-01 -2.2647943136085209e-02 3.0969460803748579e-02 5.4341610638699557e-02 -1.4001066509175880e-01 1.8026499741147051e-02 -3.8715723332197402e-02 -1.9970076640962081e-01 -8.4329069563198480e-02 1.1351013951714881e-01 1.4367316457937819e-02 2.4879005975211761e-02 5.1688983903406059e-02 2.8362610163704741e-02 8.2724120871650153e-02 -2.7936375926597729e-02 9.3483481890641096e-02 2.8651538160607111e-04 1.7175292701523981e-01 -1.4162829311432301e-01 4.2789470244140003e-02 -3.3757460523897602e-02 2.2589732271310400e-01 -7.7446694952582856e-02 -2.2910696860491780e-01 -1.8876960661660940e-02 -2.2880448277911039e-01 -2.6231634581162322e-01 2.1238068928910711e-01 -3.4963208898045203e-02 -6.7121613222989096e-02 -1.2086569093239670e-01 7.5439606672088322e-02
-4.0283181539902957e-02 -4.9897964735407883e-02 2.3392982273586460e-01 2.2567474313429509e-02 2.4033866848529949e-02 -2.6175617282778271e-02 -1.0821658320834160e-01 1.2401009716193140e-01 -8.1987692697172536e-03 3.7043521384680341e-03 6.4894787887205763e-02 1.2562619635088401e-01 -3.9726478948290733e-02 8.5549282791269166e-02 -2.0170808425752260e-01 4.8879818776563208e-02 2.5201793043125958e-01 -8.4133513438906776e-03 -7.6027740830131502e-02 8.4273792252872459e-02 1.6877408840191030e-01 -7.5579745144418703e-02 1.2134877512374249e-01 -2.9485739285629729e-02 -1.5021203938314669e-02 8.4645303802893691e-03 7.9230450000763536e-02 6.1219201708568913e-02 -2.0125453709981900e-01 -4.4078224803826567e-02 -1.0976669263163480e-01 7.7566762848160539e-02 -7.3214373479987424e-02 9.0291782243265589e-02 1.2930802610704070e-01 -6.1188643251529906e-05 3.2095793858085879e-03 3.9595000402604032e-02 1.9571765408605519e-02 2.0123626520825721e-02 -1.2711205304657230e-01 1.9707786914008121e-02 -9.4148971534914028e-02 9.3283093082250579e-02 1.1018579649613219e-01 2.1230850797462151e-02 -1.3294130214186350e-02 -1.8046054099965350e-01 -1.9300627483813609e-01 -1.4914748505143330e-02 2.4994467840357130e-02 -2.9333666052476288e-02 5.7383204043611109e-04 1.0837076984993881e-01 -4.8677024945834417e-02 -7.5776105850022757e-02 1.2500444945317341e-01 -5.4572256481823130e-02 -4.4043851815895513e-02 -1.4255895721501879e-01 2.0804628181974181e-02 -1.1317892052826030e-01 -8.3553477198953716e-02 -1.6560272691357669e-01 -2.0497875926233941e-01 2.4503731846821108e-03 7.2056080638887243e-02 -1.6513608938684110e-01 -8.2376983495581174e-02 -1.0671224677686000e-01 6.9202416347064366e-02 -2.9001828213110148e-01 1.9389704678733001e-02 -5.4817514855924662e-02 6.8831338413726573e-02 -9.9074615107510533e-02 3.8317595810353461e-02 6.0764247891958938e-02 1.8731873854281381e-02 1.8361179716132360e-02 -5.3515879776682498e-02 3.6320338466477413e-02 -5.7103600963289029e-02 2.3829123603122720e-01 3.9080107686605429e-04 -2.1100026491103409e-02 1.1553180247146060e-01 2.2630923364248580e-02 6.3647539865030744e-02 1.2644642124767910e-01 3.2348230782369841e-03 2.1146227022945979e-01 9.3763416348503700e-02 -3.1803940587621288e-02 6.5880609550260760e-02 3.7177414246399393e-02 -3.6577911502017439e-02 4.2142680037564849e-02 -6.3429283886229232e-02 1.1174659817353701e-01
2.5664554254795611e-02 -1.3620079566974511e-01 2.2976207674164659e-01 -1.7894518958471001e-01 -1.3304542224115160e-01 1.1264363519025999e-01 -1.7532740035725160e-02 8.8826200615306373e-03 -1.1307937018689720e-02 -1.0626974229075800e-01 -1.4871533286119520e-01 2.0305863698436631e-03 9.7701279085882053e-02 -4.4585644475967107e-02 5.9434098760134304e-03 3.2102869391360797e-02 4.5484661131701763e-02 3.8460213682009373e-02 1.7359139121522421e-01 -1.2669790362416281e-01 -1.3627597346019019e-01 -4.4204639827177740e-02 1.7680696910233790e-02 -9.4320388555470036e-02 4.8519935340163092e-02 -4.5307390601175323e-03 2.1502443201997189e-02 8.0396943352837466e-02 3.8867840803660271e-02 5.0492320094760172e-02 1.4012586673748109e-01 -2.7815163510672359e-02 4.1993745494790832e-02 -1.3857276359645310e-01 1.0285858610554741e-01 4.6033306010638188e-02 6.1878496626200992e-02 2.5002793377726940e-01 5.6614342032309606e-04 -1.5521277907023551e-01 7.3634717076014961e-02 -1.0749284124982141e-01 1.6020062255884779e-01 1.5613907760829990e-01 -1.3377444659560769e-01 -1.3875712265420770e-01 5.8099939105581581e-02 1.3076337407338029e-01 6.5777769976210876e-02 -3.7938678816172709e-02 1.9318416611955359e-02 -5.2168726232223440e-02 -1.0354559680597129e-01 -1.8499703400308379e-02 -1.2915462750867401e-01 -2.9139431627095980e-02 1.9468359914016801e-02 1.1637316973526730e-01 9.2546461456266368e-02 -8.1165033941168040e-03 -2.6410371763137729e-02 8.5033759077611945e-02 3.0695384929529661e-02 -6.0234777368845790e-02 9.9916268008940587e-02 6.5087644563724192e-02 -2.9626370244449609e-02 -3.2000830918347839e-01 1.3607116093654789e-01 9.1911785947176500e-02 7.1492261075984512e-02 -1.0568399555071310e-01 6.0731956591677322e-02 -9.9346174780815616e-02 -6.2485384826156162e-02 -6.8245419303595387e-02 -2.4293563623700720e-03 1.0325848067884030e-03 -8.1527127884307410e-02 -7.5491837061165412e-02 4.5706003568017947e-02 -3.5585426789022851e-03 -5.1815841875960507e-02 1.9090694165650630e-02 2.0812404211837221e-01 -1.4134845118101591e-01 -8.2518594515164023e-02 -1.4742479335379341e-01 -4.9128462596518707e-02 -1.3113162010482479e-01 -1.3707395442053681e-02 1.4978716778410339e-01 2.2402508408552829e-02 -1.5602522586965040e-01 -6.8101361801260848e-02 -7.2484945826726873e-03 -6.1244059859077278e-02 -4.3148761016020151e-02 -4.9209788299978068e-02 1.1208325577510590e-01
-1.7302934488277569e-01 -9.9324194512335942e-02 1.3596373732391029e-01 -8.5408591670172507e-02 -4.9529659557609733e-02 6.6555452595878015e-02 8.3555364936035326e-02 8.1409126828041661e-02 -4.8269473195609099e-02 -4.8806470174969668e-02 4.3735230348289113e-02 1.3978133872268350e-01 1.6841051022788281e-02 -1.4509930369716029e-01 -4.0847505838777207e-02 -7.0291648039319280e-03 -9.5768718217162749e-02 8.6742668496850528e-02 -9.2316768551026190e-02 8.2197274855867891e-02 7.5140735733195407e-02 -2.3599599061861869e-02 -1.1440573531735421e-01 1.3152911508785579e-02 2.2498494422606988e-02 2.8549440707538632e-03 5.2393298098468058e-02 1.7352483815103639e-01 1.5959429754251381e-01 -9.9599844226191434e-02 -4.4184870575504999e-02 -1.0419915760610640e-01 -5.5653485231376906e-03 -4.6158311332654210e-02 8.0207190637281850e-02 -6.3352209245306268e-02 2.6358854938810329e-02 -3.7313144709300493e-02 1.4499174581741470e-01 -7.9766760384240853e-02 1.2985637488648399e-01 -2.4915341232060378e-02 -1.1174042453856991e-02 -2.9637127999952231e-02 -1.2167761246850820e-01 -1.0126245725349131e-03 -8.7959116587615543e-02 6.7839183844159026e-03 3.0875431239417331e-03 7.9013708311897024e-02 -5.5259478771988509e-02 -8.8645576421600633e-02 8.4320775833754788e-02 1.5660442007244821e-01 -1.9454565041317951e-01 -6.3289412577303084e-02 -4.8574864121305683e-02 9.9623877172273445e-02 1.3000715740208740e-01 -1.4321749971532299e-01 -3.1834139621960751e-02 -6.8289886193651353e-02 2.7048668925630359e-01 -7.9477364126471200e-03 -2.4439887107093969e-01 3.1301044776932387e-02 -9.7048754142220306e-02 1.0139820658490620e-01 3.9418862922183703e-02 -6.0983018509164960e-02 1.7572419403135559e-02 -4.3001472017101812e-02 1.3363727050083471e-01 1.6420128616741819e-01 -1.8714031004640699e-01 4.8211220925815618e-02 3.1651231941092983e-02 -1.9762786409220710e-02 4.1416754210726693e-02 -1.1246702958409139e-02 -6.0091671003178339e-02 1.5393807229335149e-01 -8.7113164188642751e-03 -2.2156918633395531e-01 -8.7678443609478990e-02 -3.3117371947608470e-02 1.9721896120178770e-01 7.1336281677297483e-02 1.7964497671690030e-01 -4.4064213006541252e-02 -9.9388788933507277e-02 -1.5829815289259189e-01 -3.1569231314166481e-02 -9.2661891270099064e-02 1.5473937683758771e-01 8.4831394492104195e-02 2.3150520796798350e-02 1.7608859139782908e-02 1.2658137538123260e-01 -7.3277599121251598e-03
-4.5264050396385987e-02 1.1344112202475019e-01 -1.8969474158197702e-02 -1.3306423082509450e-01 -1.6342544783461560e-02 -6.8161176741969254e-02 -4.7082136962293832e-02 -1.6973438342451819e-01 -6.6034744010657481e-02 -1.0405535109920851e-02 6.7536244440946511e-02 -1.4127725139573341e-01 1.3646311129000330e-01 -3.8693134683777483e-02 -8.5051445729803624e-02 1.0019226012835590e-01 -1.1640819464212331e-01 -5.3920266936916303e-02 -6.4111591196497175e-02 1.6346290144415208e-02 -4.3352957769616209e-02 -7.8109373839198096e-02 -1.1202726258009761e-02 -4.3224553630823309e-02 1.4351847656581510e-01 7.9203727864040313e-02 9.4180525974337320e-02 -8.6550617091506257e-02 -5.2891649782061158e-02 -9.3794833674301234e-02 2.6588945803717141e-02 1.1763421057319930e-01 -3.2936443122305189e-03 -1.2362351966082240e-01 4.4782395282978532e-02 7.8136383898832096e-02 1.5598088226874271e-01 -1.0969696322248260e-01 -1.5511197693668041e-01 1.2195119775675450e-01 -1.6712288118166679e-01 1.1108089442366249e-02 -1.0929175710224640e-01 2.2756362693039552e-02 -5.8233645024017150e-02 -2.5363907634904530e-02 -9.2010887976832503e-02 1.6614609685647479e-02 1.0730540178831220e-01 -5.5904282998876377e-02 -1.6390715352263549e-01 1.1345347355409199e-01 -1.5629369200216461e-01 3.4699557999715393e-02 -1.2209680865493480e-01 -1.9545523882130050e-01 2.0209706470934019e-01 1.5423216874705770e-01 4.9369625851614828e-02 -2.1593851138991451e-02 6.5863800009030346e-02 -7.9576741774604318e-02 5.3385096013212452e-02 8.3023137131185323e-02 -1.7788725091482860e-01 -1.7715353602965089e-01 -2.8394375162034840e-02 -1.4330655115175440e-02 -4.3832046256968037e-02 1.1989954262607780e-01 -1.6664086283574509e-02 -5.7327804693877091e-02 1.0159828953092620e-01 1.0778101621742429e-01 -6.3178806399414216e-03 -6.9189643928806452e-03 2.6563176058185211e-02 -9.3106935355706674e-02 2.1875694266190921e-02 -1.9046933319522399e-01 6.1727376585517267e-02 -8.4214161421078640e-02 -9.5674988865240174e-02 -4.7065143991801887e-02 -9.4366590007517862e-02 5.1123252965882937e-02 -1.5302611901863239e-01 -7.7477645018934711e-03 -1.2680166562934761e-01 9.3798962990056758e-02 -4.6006262272727708e-02 -2.5539217309052370e-02 2.4265958021782649e-01 5.9358374433749028e-02 -2.0625383640281769e-01 1.5239904993988540e-01 -1.3241027119464641e-01 1.8301101408365671e-02 5.4967909989129683e-02 -7.3634589660486749e-02
3.5283915051448587e-02 -3.6084857202002399e-02 5.2107941184544287e-02 2.5379356094459581e-02 4.5444597580363247e-02 -1.4426856036981661e-02 -2.3353011590542810e-01 -4.3826801157558118e-02 5.7621334158721810e-02 2.3634283411144801e-02 3.6193784546057498e-02 2.3440758689237971e-02 1.3524184736302261e-01 -1.5312576747619400e-01 -3.2660705124091943e-02 7.6766355392288155e-02 -8.2400775151330125e-02 4.3128529657213047e-02 2.2898487035983080e-02 -3.5012053946175493e-02 -3.6901556227120803e-02 -1.3810012067685271e-01 -1.7815657872400560e-02 1.0980755023097590e-02 1.0179267961081701e-01 -9.5352508630320281e-03 2.1905988699815959e-01 -9.8492467399726322e-02 -1.1370091173028070e-01 4.3055247720474407e-02 -3.3018933508546469e-02 2.7282610887923008e-03 2.0183695571764801e-01 -8.7933379384531302e-02 -5.9823296730141057e-02 1.4871142713015259e-01 1.0119359986214460e-01 -1.0898536456556100e-01 1.9780751924213459e-03 7.1476400941095045e-02 -2.3492804454149549e-01 -5.7952805353807160e-02 2.0899440772987590e-01 8.3377609618086906e-02 2.7993181985902810e-02 1.8120418424674681e-01 1.6132054824474901e-02 -4.1285688110627043e-02 -1.6517662028119020e-02 -2.6038638697000901e-02 2.0953426347854590e-01 3.2393901052347678e-02 1.0948179931148489e-03 9.4523705319322832e-02 5.5191827565680127e-02 9.5494251002734426e-02 -1.1488706267949871e-01 1.8734587791495089e-02 -7.9285797798933147e-02 -1.8379609850816971e-02 3.6813442163757551e-02 1.7795340262467629e-01 1.4035754335591040e-02 1.0531984092395920e-01 -1.2875423351114071e-01 1.1889263895226360e-01 1.0362945231319130e-01 4.1121712637916613e-02 -2.1899348387834892e-02 -9.8024048335798621e-03 -2.6720532865281008e-02 7.8004497888630314e-02 -1.6626363244939260e-01 1.8960499709118259e-02 -8.6097863681141973e-02 -6.3533096003079922e-02 -8.5464757145849529e-02 -1.4789717435074079e-01 2.3513888739896399e-01 1.3243791020701459e-01 -9.5187616835581773e-02 -1.2576899776886471e-02 4.9959480089780239e-02 -2.5884165926601888e-01 -2.4647697808423501e-02 -9.2197044486762039e-02 -4.8063657149611812e-02 -1.0524714977646890e-01 1.5345269965568550e-01 3.1869007864655262e-02 -5.9490267214568647e-02 1.4163049519373230e-01 -2.6021290095386059e-02 -7.2477870828539501e-02 1.0952213516379340e-01 -6.4827454723166977e-02 -6.0610349738067920e-02 6.2667989269370320e-03 -9.4471280732416299e-02 1.0895574635389479e-01
2.2261949091629270e-02 3.4925958023352417e-02 -1.0897674659296459e-01 8.6975985765068320e-02 -2.2462583264585481e-01 -1.1400645253234550e-01 4.3372105432313401e-02 -7.4849353856045645e-02 1.7825386904528760e-02 -9.1504656745824559e-02 3.4513152434581459e-03 -2.3039524518927910e-02 4.5817240692544378e-02 6.6016753091237973e-02 8.9586789642107062e-02 -4.7389349123645320e-02 9.4935629250130993e-02 1.6176315060958901e-01 2.6213419527379770e-02 1.8415469539507440e-01 -1.6575839078407911e-01 5.3967131107364390e-02 -1.2874066106613170e-02 5.6912190486365477e-02 2.1778136872102821e-01 1.0204348022269620e-01 -2.2058527847302389e-01 -8.4846376913336380e-02 6.6145503469658445e-02 -7.3073736196541270e-02 -5.9204476805434286e-03 -6.9197241295589129e-02 9.1134368581519149e-03 -6.3432405665794042e-02 7.3929657229620485e-02 -2.1145899809516751e-02 2.8091965637094368e-01 1.1575804289391700e-02 -1.3636624246378490e-01 6.9915377121910746e-02 6.8939963629262968e-02 3.9185942025203938e-02 1.0320857204077540e-01 4.1468224185104867e-02 9.2459854695228025e-03 1.4025572168284201e-01 3.2787978214821108e-02 -7.4314402952770864e-02 -1.0562226580159520e-01 -1.6824764135391401e-01 -1.9300104224255429e-01 -7.9500565943417340e-02 -9.3432686069305614e-03 4.5249409764366373e-02 -1.8787295092820590e-03 -1.2412577638612740e-01 -4.0918315582488117e-02 -2.8246713519469630e-02 -2.1403877832117091e-01 -9.0677027818094572e-02 1.1640319494784760e-02 -2.1731220470788661e-02 4.0677093186626420e-02 -1.1030076513251960e-01 3.1444585470204858e-02 4.5081106968687203e-02 -3.8741384376834179e-02 -1.9593308081095290e-02 7.9797436118510215e-02 -1.6549991571546359e-02 -9.8343904887675526e-02 -1.2770667465981919e-01 1.2632619436488361e-02 -1.3929908196827101e-01 2.8722293196201499e-02 8.2712876939917940e-02 -1.3415360793930989e-01 1.4541474044061009e-01 3.5537562492636281e-02 1.5115364702579939e-01 7.1876908634078571e-02 1.0333238947933830e-02 -2.1150080699649701e-01 -1.0375679417449260e-01 -7.3583830511727635e-02 -3.4716046493810673e-02 9.1807963706330903e-02 -3.2694619067060580e-02 2.4817755181106221e-01 4.8418915444345213e-02 6.0512695657441162e-02 4.2189350523821952e-02 -1.3316220215661451e-01 2.4181405268359619e-02 -1.3894722885185420e-01 -7.7300888005284341e-02 -1.6571904018272361e-02 -4.9737354236961224e-03 -1.1608839671613771e-02 -5.2350755992089527e-02
