# CEC 2013 LSGO F13 rotation matrix (100x100)
8.5336501496012532e-02 5.6591653576978311e-02 -6.0473337516228777e-02 5.7639080133259399e-02 -1.3632387033785229e-01 7.8587387351109386e-02 -2.9446113940684419e-02 -7.2693668997023342e-02 -3.3990167433724588e-01 -1.1606929694353210e-01 1.2970341853571671e-01 -7.8389682584433018e-02 -3.1914080346394903e-02 -4.6717701341020879e-02 1.2681714598641741e-01 1.1647721733962491e-01 -6.7193855871175989e-02 6.2357546699701658e-02 -3.7481163719995832e-02 1.7958749669697419e-02 -2.1914976521727511e-01 -1.3501230814008761e-01 -6.1396192842062089e-02 -3.1968013300943413e-02 -1.3479730145098481e-02 4.4502446087128368e-02 1.7903212945085761e-01 1.5917645157842489e-01 7.6920088142449203e-02 -1.4935472397085351e-02 -5.3502820752948321e-02 1.2067332047545060e-01 -2.9989807987328639e-02 -1.7487922129428769e-02 -9.2941739119645261e-02 3.7746083210549293e-02 1.0897234769169770e-01 9.9923149917983175e-03 -1.1379697586592739e-01 1.7542373625442750e-01 -3.9478134113781753e-02 -7.8803175939381062e-02 6.0972948503236389e-02 9.9541181612657556e-02 4.2024904240889067e-02 -9.7040935334760561e-02 -1.8485621657387472e-02 -1.4209999884625971e-01 -2.1901616725752849e-02 -2.9542608231094788e-04 1.8728662729927159e-01 6.6342603673846048e-02 3.8157506409087792e-02 -4.7304607651061467e-02 6.6821994303652460e-02 5.7073964524707248e-02 1.9651944272127000e-01 -3.8971724852897793e-02 -9.6343814835556082e-02 -1.0977225956204470e-01 -5.1285946229497198e-02 -1.6305128834571239e-01 -6.8946708067760334e-02 -9.7554249924649256e-02 -4.7646690001345582e-02 4.3364192789730914e-03 -1.8274229307048631e-01 4.4103885644315548e-02 -5.5665035246896533e-02 1.1642543236402550e-01 1.6331297994763511e-01 -8.5576804429763023e-02 1.7907072819083211e-01 -1.7387541486433150e-01 2.3772107877784349e-02 1.2342126399636130e-01 4.6040902964264933e-02 6.0128022246816411e-02 -9.7311666547343051e-02 -3.4661344317024022e-02 5.7072272219779098e-02 -1.3059320754825671e-01 -2.1401567999360709e-02 1.5748557705231800e-02 1.7837049946093689e-01 2.7514394981906769e-02 -9.5157484617664448e-02 -6.1271098954378649e-02 -6.6466550167675914e-02 2.6287835654622539e-02 -1.0439685876923920e-02 5.2955043697759888e-03 -8.3693183584076167e-02 -1.2289641911927150e-01 3.9073465809284377e-02 7.5875557297659185e-02 -1.6466496915084400e-01 3.7797756659310143e-02 -2.1807621167565589e-02 -1.1515870982104620e-01
2.8158816758468829e-02 -2.5246888112269841e-02 1.1228824144274750e-01 1.2896138804221971e-01 -6.4377127377841264e-02 -6.0346880665718673e-02 -8.4941512760905793e-02 -3.3415284348559053e-02 -4.4879381102675482e-02 -1.3997720370012551e-01 7.7319946387319247e-02 -2.2803125056648960e-01 -8.8080311312285872e-02 -2.7308331865241697e-01 -4.3597249749508522e-02 1.4685792836832110e-02 6.5389797302482969e-02 7.1024348150637753e-02 9.4530345337365373e-02 6.3005613335323493e-02 1.8413566260196679e-01 -1.5687260148746171e-01 -1.1632683058044641e-01 -9.3467969827974021e-02 2.7394132084635780e-03 -9.6332682584471686e-03 -1.1156504580548950e-01 6.5144931283555710e-02 -2.3463941406367339e-01 -1.5173748785701821e-01 2.3809809022202231e-02 6.2791619769394097e-02 3.7260472252732553e-02 7.8035945448333369e-03 -4.1064314242803580e-02 2.5173380171214510e-02 3.5236687580423337e-02 -4.3505133858148463e-02 -8.7517862492678442e-02 3.0182080684385531e-02 1.6525337385833869e-01 5.1228904211655093e-03 -5.1670845128473711e-02 5.8530786436449947e-02 5.0984424982657713e-02 1.2504856297294170e-01 4.9113855770519530e-03 -3.3266082570482948e-02 -2.2943072007041940e-01 -6.4251082718963220e-03 -1.7493699906836201e-02 -3.3989834591791987e-02 -9.3798832373519991e-02 -7.0097245992569390e-02 6.8323116272673784e-03 7.3669039294188401e-02 -1.3003439482362439e-01 -1.4891497934019399e-01 -3.1997275133792767e-02 -1.4316488500651681e-01 8.8609728898548359e-02 9.2695085113507311e-02 -4.6469347205255418e-02 1.2503358364953451e-01 -5.5986955798778007e-02 1.0948721657554891e-02 2.0809529236697509e-02 6.5444332538933628e-02 2.8841789120845979e-02 -1.5396437287803360e-02 1.5936035508852320e-01 -1.2933094475664539e-01 1.0563741643169819e-02 2.5386276404846430e-02 1.3464880744200869e-01 -2.0004502025984319e-01 -7.7424248954719471e-02 -4.3018632502784107e-02 1.3667681565260811e-01 -9.0750203458049974e-02 -6.9620394116928844e-02 9.6000435197861056e-02 -1.0692909886683261e-01 -5.2200686296020163e-02 -6.4646049730613511e-02 -1.3849978397790219e-01 1.8344591379798589e-04 -1.4817372684083809e-03 8.8970857886653487e-02 1.2147693601882940e-01 -7.5589823012286034e-02 1.3213612430444260e-01 -2.6852785065169381e-02 1.0979110262451450e-01 -1.0028219296391580e-01 -3.3727475117125608e-02 2.7915773830082820e-02 -1.4668378997690890e-01 -1.4186107054500621e-01 -2.0420841816889310e-01
-4.4295856058446936e-03 1.5621311925007719e-01 -2.7423842920491350e-02 -7.5789565795120015e-02 1.3488278025892381e-01 -4.4206451400268423e-02 1.3044418123932119e-01 9.2278873893582025e-02 7.5523303135176228e-03 5.2993751926701603e-02 1.7608840968224479e-01 1.1878060721995599e-01 -1.1207492385291390e-01 -1.6299152016783700e-01 -8.7725384563865874e-02 -1.3837618972607881e-02 -6.6759948403197170e-02 1.3447014364160950e-01 -1.6077628778075480e-03 2.3135100917516211e-02 9.4496841155552860e-02 3.8611524988911308e-02 -1.1893547888417350e-01 8.6260424170386332e-02 -8.7652480156232421e-02 -6.1872986707831389e-02 6.3521913463962423e-02 1.8121745232558700e-01 5.1489309254260561e-02 -1.7273065027313270e-01 9.4169116750475082e-02 -5.2786159332409148e-02 6.3097658720436975e-02 2.6342859312869730e-03 2.5730811816156690e-02 1.0249437100295150e-01 -8.9509045346511697e-03 -5.3787435689643982e-02 1.1404772966826040e-02 -2.8211814671745022e-01 -3.2989697850619469e-02 4.5859415134375227e-02 -3.4832331298724782e-02 -2.7446971707010531e-02 -6.6534101172018162e-02 2.8681629046829200e-02 1.3242154581686150e-01 1.8360229266459621e-01 -1.4953431813406590e-01 -2.0316199524688130e-02 1.5167172985956379e-01 1.6393845166508869e-01 3.2674458976770022e-02 -5.7277017962427020e-02 1.8878523534276040e-01 1.0840824189133210e-02 1.6530129078204989e-01 2.8388202280796290e-02 -3.6403743408239403e-02 1.4712385386570589e-01 1.2136783686248379e-02 -1.8974137086140860e-02 5.4827637729200213e-02 2.4355902734955609e-02 -4.1607328870737773e-02 2.8834317103580902e-03 -1.1906160169718870e-01 1.3387050597022221e-01 -1.4460422692982031e-01 1.5786673148500091e-01 -6.5641188489381608e-02 3.8808337899753437e-02 -2.0221443380560650e-01 1.6199927433196271e-01 1.4559152177285720e-01 -5.7983871287061338e-03 4.3405244527334651e-02 4.3762685980033543e-02 -1.9062132242460020e-02 1.6993240072353560e-02 -3.3947649044042107e-02 -6.2513658051375334e-02 1.0364458490905500e-01 -2.3307317518193979e-01 6.5021748788137417e-03 1.9739715657157619e-01 -5.1078523579406593e-02 -2.4550905420413289e-02 5.5975324610131737e-02 4.8624914289237452e-02 3.4912881794509742e-02 -2.5005385013232861e-02 -6.9370223261198655e-02 1.9775700729325489e-02 1.3810104034766649e-01 -5.1283990640527861e-02 -1.0956706028352020e-01 -1.1238710566121060e-01 -6.1612343116570788e-02 -1.8171128296511139e-03
-5.2864501870280361e-03 -2.2764307792536051e-01 2.0959303131100920e-01 -2.6056900599878030e-02 1.5633839098655671e-02 1.9197772595857920e-01 -1.8454447544697800e-01 6.0772063840642349e-02 -1.3190351282397331e-01 -1.3129058893732051e-01 -8.2631637039766920e-02 1.0819878193126480e-01 -3.3064051788404172e-02 -6.7317927708621841e-02 -1.5443897659794761e-01 -8.1274457250557042e-02 -6.7882247685878597e-02 2.1874960460896171e-02 1.5783357801961120e-02 -4.9778009418379433e-02 -1.1995347594616640e-01 -1.0122913813317930e-01 -1.2101992511161430e-01 -1.9171569815418429e-01 -1.2622755408477371e-01 -1.0298040602876890e-01 7.2712838434990421e-02 -1.1432614118795000e-01 -4.8145508954418610e-02 -8.8949716301956611e-02 9.7381221110487942e-02 -3.2495382203197913e-02 4.0017259508702802e-02 1.7806039352216549e-01 9.4382601465712035e-03 -1.8864430061203249e-02 1.3463661697354719e-02 -7.4962828217927614e-03 4.7805977206401597e-02 1.9326992714634780e-02 1.1736202012218989e-01 -2.0755133946278939e-02 2.8220612039524869e-02 -1.6774439368455360e-01 -1.1848094366242749e-01 -6.4964216911735276e-02 1.1121053475329040e-01 -5.3018969583166667e-02 -1.0450414641010750e-01 1.0092777994946470e-01 -1.0324199943011191e-01 4.0974013527761231e-03 1.2601619738301239e-02 -1.5544049786772540e-01 3.3875473109731373e-02 6.1501036914380688e-03 -9.9284389583153471e-02 -5.6970197352146429e-03 1.3648186703821090e-02 -7.8164756417254087e-03 -1.0260244404892140e-01 1.0245956273189009e-01 8.9219918747090010e-02 -3.7219590121026672e-02 1.3028960233926010e-01 -3.1956797363906587e-02 -3.5308095210200133e-02 8.1818418141246990e-02 2.5885947896844730e-02 -1.3238799030027179e-01 -1.0944071189131901e-02 1.1612898237703520e-01 -1.5737198501206012e-02 1.8961454683718590e-01 -7.2225432972301884e-02 6.4935325746578038e-02 -5.9612143852537963e-02 1.7284622347190201e-01 -1.6920075907664300e-01 2.1879656528320751e-01 -2.1337325901434449e-02 -5.1472533837358413e-02 4.6333176462555498e-02 -2.8489252446397589e-02 1.1420034220883400e-01 -1.2246288913159960e-01 -1.6023725414122841e-01 6.5789410169590348e-02 7.7730936571951403e-02 4.1778403282633068e-02 5.1467845482917551e-02 -6.8368755158610212e-02 4.2916663804615313e-02 -1.7173540611844951e-01 -1.1046220855769910e-01 -1.1604616315938560e-02 -1.5795903420303761e-01 -3.7436854646957063e-02 1.1244121606393920e-01 6.0947667372988797e-02
1.7851400931835010e-01 1.9772936180120049e-02 -2.2835451643041060e-03 1.2731893193158700e-01 3.0001719473293199e-02 -8.6919307915895513e-02 -1.1927058480017390e-01 -5.4744913625910503e-02 -1.0652109873327590e-03 5.7775657619886560e-02 6.3564608539803724e-02 -8.7914068394749009e-02 -7.1305711946146072e-02 7.4146284509564925e-02 5.4180797991039462e-02 8.0342012485442801e-03 -7.3618049768343616e-02 1.3002306709634551e-01 -1.1000115999315530e-01 -1.5912567780858249e-02 -2.8789350429390119e-02 3.7455043040665022e-03 -5.8129253671518923e-02 -1.2937127769678499e-02 1.1051080571722710e-01 -2.3270112338818840e-02 4.8005590534435712e-02 -8.5198788528274880e-02 -1.0729182227246960e-01 3.7671970810432678e-02 5.9119060867229713e-02 7.5519472447629549e-02 9.2415240377218932e-02 -1.0301041101036090e-01 -9.3966589282645646e-02 4.4253473172431159e-03 -5.2745017014954293e-02 4.9843383555800917e-02 1.3742833387414541e-02 1.3676160072297039e-01 2.3278174678345951e-02 5.0299880127761293e-02 -7.9799614724916090e-02 8.1113977749613569e-02 -6.0432548098624493e-02 2.7371056825067008e-01 -5.3216990449136720e-02 -8.9791657992656662e-02 6.7641744894109582e-02 1.0121917446716100e-01 2.3705517346320950e-02 8.8423746697735048e-02 -1.4156493310256971e-01 2.4723033071872302e-02 7.4485582163271391e-02 -1.6029715714307449e-01 4.1085828452286477e-02 8.8040808319798519e-02 3.3733134631313742e-02 -7.0644646033217989e-02 -6.8214152622383034e-02 -1.5436476391917059e-01 1.4986058401351240e-01 1.3013413843773311e-01 1.5580649650275161e-01 8.9711243695299009e-02 5.7199777672167607e-02 -1.5540968934851679e-01 -1.5546955342570459e-01 -1.4585035552072899e-02 2.3721308545784869e-02 1.7765859046315399e-01 -9.1232951555296010e-02 1.5183721999364180e-01 1.1464022926256730e-01 4.4840658698748502e-02 -8.1613802428241213e-03 -3.0142306696122251e-02 -2.0967654163594650e-02 -6.0708192886068123e-02 1.7302918032734360e-01 2.7298904816166719e-01 7.1945025400213011e-02 2.0071351169382079e-02 2.4686655062983459e-01 -2.3022591574875670e-02 -2.1913552451765891e-02 1.7324863516522529e-01 1.8790300943476421e-02 -1.8073437996124270e-01 1.2289239993198969e-01 -1.0179758241513161e-02 -1.2983076781337621e-01 1.5363934016947409e-01 2.1616587653643229e-02 -9.0874822953509894e-03 -8.1482078195011576e-02 -1.3042249470208050e-01 6.9022735857188641e-02 9.9572249632660759e-02
-4.8633718075963291e-02 8.6050328162648446e-02 1.1169232487855550e-01 8.2064931854740231e-02 -1.9740979524188910e-02 -2.7979532506819730e-02 -2.5161118208876791e-02 -3.6318612338228043e-02 -1.7932651022390000e-01 6.2142300726054797e-02 2.8838187712487562e-01 1.1759897167363220e-01 -3.4691766966424543e-02 -1.9874990225381170e-03 -9.7044515386065407e-03 -1.4569414678605730e-01 4.0362716654880802e-02 4.6710900119917402e-02 -9.8856826869481752e-03 9.3907107878546281e-02 1.9437381130450751e-02 2.3359039765316648e-03 6.8666532715415301e-03 1.9905594698694960e-03 6.6367384860910178e-02 4.0338934361288529e-03 -7.5222405871684106e-02 -1.9989798026980099e-01 -2.0602959448312780e-01 -2.7272733548834568e-02 8.7754198551311433e-02 -2.1336075535050009e-01 5.7680059196990208e-02 -8.3483987580212096e-02 -1.2454911326026730e-01 -9.5577713887701147e-03 -5.2745927788692866e-03 1.6755228805740119e-01 1.7160370770698211e-01 2.1344832167396369e-01 3.8193247530715117e-02 -6.8278341004587600e-02 -1.9615312210610050e-02 -1.2956713257867400e-01 5.9104456063257059e-02 -2.0023555505920129e-01 1.5364549288761070e-01 -2.7383382795485429e-02 -6.3140086123476269e-02 -6.4146493007851191e-02 3.8886152033667512e-04 -6.0382120744007090e-03 -3.5856542421956288e-02 5.2554262002596927e-02 1.5092055229232471e-01 2.0196373712174091e-02 6.1689909934911677e-02 6.5735762451195182e-02 -4.1900382994605037e-02 1.2288372571833330e-03 9.0193632547053273e-02 -6.1693292308004070e-02 1.7938402346025059e-01 -6.2972234147900194e-02 -6.4239315112883460e-04 -7.7451868533990761e-02 6.2919181477531075e-02 -1.4167067481812859e-01 6.0222365472019757e-02 -5.3692489665984118e-02 -2.7514984249721468e-02 2.8222727272167240e-02 2.7708988289444930e-02 -1.9012892921638069e-01 -2.7269190833636929e-02 -1.2048299362033420e-01 7.2709726145853706e-02 8.1679167415788359e-02 -2.8245831947252002e-02 4.7122858396871407e-02 -1.5287538742526979e-01 1.1480507892698110e-03 -4.0086725724797170e-02 -1.5717898312055931e-01 -8.8499123498127191e-02 3.3953622602291907e-02 1.4043382699945001e-01 1.5882296501652290e-02 -4.7562541905551307e-02 -3.5718153758595807e-02 1.4917223859197901e-01 -3.8199266595154477e-02 7.7228537050967494e-02 1.2510410356165311e-01 1.8821472483915200e-01 2.4019219436281641e-02 2.6956929560503481e-02 1.4185971043016721e-01 1.3890096575906560e-01 -1.7393062754171851e-01
-2.1702076684435221e-02 2.8177030516381540e-02 -7.0229168364176045e-02 -2.5695242014747471e-02 3.0325986534929409e-02 3.7050757202526437e-02 7.7379726030872842e-02 7.9214709261499455e-02 -7.4895038856380242e-02 -6.3867054705612977e-02 2.2492434618369011e-02 6.3243890249180312e-02 -1.5223525943340831e-02 2.6116429521221418e-01 -1.3598939561609041e-01 -5.8784497880508539e-02 -1.0873996082382439e-01 9.3991636288939626e-02 8.1241759883465218e-03 2.5913238361845381e-01 -4.6901062068984360e-02 8.1920855768486192e-02 -6.9294529266387111e-03 -2.8341613775569579e-02 -6.4114272673042649e-02 1.7554877690815721e-01 8.7105659106584563e-02 8.9173493896919670e-02 4.2492744491368813e-02 2.4697280986091610e-02 1.8789667892132541e-02 -7.3046093902123146e-02 4.6812373468216519e-02 4.7814783274199447e-02 -1.0069507392011651e-01 -1.0489654962626810e-01 4.4511997368380553e-02 2.2621318164002691e-02 -1.6557581942284280e-02 1.2766231213406329e-01 5.2780277255662172e-02 4.3022891478817972e-02 -3.8429629876825112e-02 7.0276653580635701e-02 6.6569571395416263e-02 7.5395122700450790e-02 -3.3038941125315878e-02 -1.4686669765024279e-01 8.7442025529179151e-02 -1.2443529473266381e-01 -4.2913799364186760e-02 3.5982976064280303e-02 -6.8375636696501449e-03 1.7895977017746409e-02 -1.7973938456148600e-02 7.6232565057388110e-02 -6.0909013088627707e-02 8.8510121966305644e-02 4.7430641641096241e-02 5.9161444955979539e-02 -3.4578084671116560e-02 -1.8267762852982961e-01 -3.8377286960098220e-02 -1.5995544337987810e-01 6.2757407810754527e-04 1.4727130096978749e-01 1.0279912543299999e-02 1.3098591514410771e-01 9.0733849909159919e-02 -2.0387104052612481e-01 1.1148897792315070e-01 8.8904869172498985e-02 -1.3654207802730131e-01 8.5098922543953445e-02 6.8814621104673103e-03 -2.2536794114679989e-01 -2.1596863588398030e-01 -5.9216806018001937e-02 -1.1176123186040229e-01 -7.6489744559611647e-02 -5.0408637587375953e-02 -1.1700330988370800e-01 -4.1663505676164687e-03 -4.3171354634253201e-02 -2.1414873793623479e-01 1.3247024853523279e-01 -7.7135153405635939e-02 -6.0046139995297003e-02 -1.4654522559631280e-02 -5.0562248206534894e-03 9.8197213096113192e-02 3.8837436314515743e-02 -1.0504338957709369e-01 -1.2254744264692320e-02 -1.7257442491179309e-01 1.0125429913609510e-01 1.1605334245004180e-01 -3.0368860833239109e-01 -9.4826406597629299e-04 -6.2599723417487471e-02
9.3781046239434729e-02 1.7921263233017910e-02 -1.2485287329304600e-02 4.2637109909911937e-02 8.3113315901454821e-02 1.7217977849923891e-01 1.3492189967619669e-01 -1.2425686592679031e-01 5.2972900690769882e-02 -4.2968979259352003e-02 1.5917698713068090e-01 4.3919872224268221e-02 -5.0244992017761322e-02 8.3709997503029487e-02 5.8456746322277479e-02 -7.3143687162953747e-02 -3.7720375651094911e-03 -1.4895236530768069e-02 7.8416559294680360e-02 3.2278680993823743e-02 2.8273605825451420e-03 -1.3782135411761501e-02 1.2255707054096220e-01 -1.3606366929033500e-01 2.1959043771679679e-02 -2.3337904501976051e-01 7.3773409984887045e-02 -1.0260279633088039e-03 -3.5857857395177259e-02 -8.1186652932871792e-02 -5.2232435519438758e-03 4.4384179665932499e-02 1.7358896141396940e-01 -1.2566696857127460e-01 1.0896560681569810e-01 2.2042190701067119e-01 6.7860408667972508e-02 -6.6217654649305333e-02 4.8946329967043928e-02 -8.0326659612289866e-02 2.5270745628141571e-02 1.6839407292257011e-01 1.6640463895282731e-01 9.4126871802141354e-02 9.3657299801341548e-02 -6.9395056662467883e-02 1.4885693189888190e-03 -8.6327205471981028e-02 2.7168819077833851e-02 -1.6569522001942319e-01 1.2987444709662919e-02 -1.0822117598209680e-01 9.6621320435077498e-02 9.6217229670183882e-02 1.6717764479451971e-02 -7.8022976636281313e-02 5.7943987317360078e-02 1.4113855907151671e-01 6.8302816863588627e-03 -2.6320788337987740e-02 1.1346227855983231e-01 1.1604497078372870e-01 -1.3779114341130030e-01 4.6810035749921840e-02 -7.8194430663914932e-02 -2.4163060032798339e-01 1.2049387307343649e-01 1.8945520114694320e-01 -7.7224159527999200e-02 -1.8681824126411720e-01 3.8275882243235569e-03 1.2761175271837441e-01 2.8114495579753061e-02 -6.5799346133710371e-02 -1.5805675660257951e-02 8.2334858831764612e-02 -2.4161839931633819e-01 -1.2781086589594931e-01 1.7214643756233880e-01 1.6860785116063681e-01 1.3100386711173320e-02 1.0626120670649700e-01 3.8764886175898239e-02 3.1467290936433148e-02 5.8483061160089889e-02 -4.9621138064133333e-02 -6.1011108346106437e-02 3.8554708945222262e-02 -6.9633904314197317e-02 2.9371276363242910e-02 -1.0560174235120760e-02 -2.3422439380450501e-02 -1.6118213036123050e-01 1.7257640580125709e-02 -4.4678942266765109e-03 1.4137857058169509e-01 -6.9466345684646449e-02 3.6507587188600271e-03 8.1886318833182967e-02 -5.8653234619603832e-02
-1.3182910756089100e-01 -8.3946314206098341e-02 1.3565501169183980e-01 5.5365871797312137e-02 -1.9775712292072531e-01 2.4295291635565191e-02 1.1695058031251521e-01 -1.1624975208024080e-01 -8.8827519924904765e-03 2.1185627002866039e-01 -2.0002676249364651e-01 -3.9121033520168297e-02 -2.2060948246727590e-02 -1.7241828480145480e-01 4.9918331433459223e-02 -2.5470075012224380e-02 9.4313558285658863e-02 -2.0482847868697342e-02 -2.0766632275193021e-02 -7.7682413759594518e-02 -2.0838172966020749e-01 8.2779625284085084e-02 -1.1825355769070360e-01 -1.4716527677829139e-01 3.6740837456143101e-02 -4.2376169052007293e-02 6.6975186418449725e-02 1.4130617192066000e-01 -3.5652794275904939e-02 -8.8980988366448230e-02 1.0281992118861200e-01 7.2579230954529103e-02 -1.5197610796328920e-01 -1.2639861964853000e-01 -1.1036374048170799e-01 -1.6886645773985839e-01 3.6098351163162803e-02 -1.5574196675257970e-02 4.7229501465361180e-02 1.9961038781815001e-03 -3.3169820943125157e-02 -1.2642207930649929e-02 -1.3528347422529860e-01 -5.4791747965857410e-02 1.1978392551401530e-01 -6.2269274635451261e-02 1.1158002175195179e-01 5.0805448592667092e-02 1.0703835623807510e-01 1.0836642337269251e-01 -3.4034578389713993e-02 1.5472599523267920e-02 -8.4557468336244460e-02 1.8796732195543159e-01 -1.9260718376536791e-02 1.5600339247495931e-01 3.1880379505216307e-02 1.1026557416042650e-01 -1.4697743618821110e-01 -6.7314683785341511e-03 -1.4206938201627411e-03 -1.4952774987965911e-01 6.0809474684073772e-02 1.0651182009387331e-01 -5.7411422814081972e-02 -9.0717688495643600e-02 -1.7746340016509050e-02 1.0968319934982280e-01 4.5219288303318478e-02 8.8447769526976652e-02 -4.9691969937148688e-02 1.2703544366118741e-01 8.5744897413676066e-02 4.8568226568966942e-02 -1.7525990816772660e-01 -4.2651255641835042e-02 -8.9331482815534755e-02 -1.5337237202077311e-01 1.8083462585763441e-01 -1.0326275048325470e-01 -1.3219963301234999e-01 1.0546788487267600e-01 1.4286655529186570e-01 -6.4312122020517004e-02 -1.0361212545347370e-01 7.1251056621540243e-02 -1.0819511976973840e-01 -4.6163284083789023e-02 8.7704065839033840e-02 2.7448835013207641e-02 -2.4936568343423771e-02 4.5200328863149912e-03 -3.7869771756289590e-02 1.3244457862190129e-02 -1.3941995610640299e-02 2.7974499191254061e-02 -7.9667391089340109e-02 -8.8654759365699207e-02 1.3983844707613419e-01 1.0935182563640060e-01
6.0140587033238838e-02 2.7112128968746119e-01 -2.1360477247317761e-01 4.9046387189600409e-02 -1.8165016706487261e-01 8.0982155977874906e-02 7.1960233987640676e-02 -1.0924569851077860e-01 1.4529557742086169e-01 -1.8417232530174599e-01 -1.0403475739097810e-01 -2.8224700911388501e-02 -9.6838859966913493e-02 5.9330470758673703e-02 -1.1845654395141381e-01 -9.7973253874227284e-03 -1.2095430046110370e-02 1.8564110154618461e-03 5.3957533580587698e-02 -3.5709165677051069e-02 -7.7671369973822638e-02 9.9869725103674256e-02 -1.6046974359051361e-01 1.8278936215317870e-01 9.8399894258854204e-02 -9.3388740924465075e-03 9.9749932776610983e-02 9.4439646623375367e-02 -1.8008480653477880e-02 -2.5496380968295661e-02 -7.0933506148463499e-02 -9.0645052766189962e-02 -3.5021636531807440e-02 -2.4246097093805929e-02 6.5134918733219332e-02 3.5727220425974787e-02 -1.1395239277796440e-01 3.0959002247030479e-02 -3.1445418656776913e-02 -1.9322035373066700e-02 6.0163421757974317e-02 -2.8560341721828352e-03 3.2621048803625980e-03 3.2314137840730589e-02 -1.1875870858212741e-01 -1.0966383048346021e-01 8.3149398350869971e-02 -1.0063286722825790e-01 -1.2738480102564309e-01 6.9062198872050767e-03 -4.8258009518324020e-02 -4.8572122480240142e-02 -4.2967794681315938e-02 -9.7463982048249839e-02 7.9700416052578299e-02 2.9478188280516909e-01 -9.3965177252747265e-02 1.2365010697982620e-01 2.1337866190735039e-02 -1.7610748115425170e-01 8.9941599455010499e-02 1.2628641399774310e-01 -1.1769802347122249e-03 -7.3972509909754749e-02 -7.4217886499687635e-02 1.6907429670716659e-01 -9.9951106037369869e-02 -5.5429806566201327e-02 -1.6044945296857419e-02 7.2185890172537071e-02 -1.0055454983819880e-01 1.0025408611235161e-01 6.8453860107955067e-02 1.2659112760790769e-01 -5.6111668671717033e-02 -5.9454282902839566e-03 7.2781444746807075e-02 -2.5025190874579308e-04 3.5921019946330721e-02 1.8595862673745131e-01 1.1669629641090611e-01 1.3319514868873339e-01 7.1322554836116643e-03 -2.4422502156323071e-02 3.1315082293022878e-02 -4.3651548242698221e-02 -3.6429287428395851e-02 -9.8551772461539316e-02 -2.9933694104835571e-02 -1.4193609552723130e-01 -1.1020487032017251e-02 5.5145488469757711e-02 1.0678906772614140e-01 9.7804228688545186e-02 -8.8727602695214944e-02 1.6481149133110860e-02 9.7583701422058411e-02 2.7238517616742269e-02 2.4584508430328431e-01 -1.1480534581506981e-01
-1.0214278140980090e-01 4.0395259349599012e-02 -5.0169735000542011e-02 -8.2480776303647405e-02 -8.4293037750765659e-02 -3.9918736997996647e-02 -1.7461051872739949e-01 1.4318704730506521e-01 7.5690297222842581e-02 9.9296454986972996e-02 4.9128819351450227e-02 1.0111945244544880e-01 -8.7334939197779987e-02 -7.9599511811339424e-02 9.3027557822652671e-04 1.0653912445869181e-01 4.5494192543863478e-02 -3.1973766135248360e-03 -1.7079056334404649e-02 -8.6840431671510690e-02 1.1636111433850750e-02 -1.2401416830888130e-01 3.8874001790302343e-02 -1.2209241506293010e-01 -8.4090028231534122e-02 -7.0229887786535355e-02 -4.7107383970636629e-02 1.2271105728218640e-01 5.8908826700594573e-02 8.9739972655955416e-02 3.0341243028384488e-03 -1.3362451974986331e-01 8.5303214183207410e-02 5.9429344889286508e-02 8.6518231782871102e-02 1.0343934681331170e-01 -2.0845765856587529e-02 5.4289892212592221e-02 2.7594700019413099e-02 1.0110064426295580e-01 1.6544734600984479e-01 1.1408245073558880e-01 9.6195956835001858e-02 1.8156601900561170e-01 -1.1386678926408580e-01 -2.5152404612581631e-02 1.3555940237602221e-01 6.6913288187866626e-02 -1.7333209458717549e-02 1.7447275855574301e-01 1.0133823502324990e-01 5.0550932422642652e-03 -7.7900038487760240e-02 1.2966814888656289e-01 -1.4310330233659890e-01 -5.0364738795037049e-02 -2.6812205279816780e-02 1.7493093454074199e-01 6.4978228261332538e-02 -2.1084680865851579e-01 -1.8321712395641110e-01 -1.9423320458525239e-01 -1.4564817269660660e-01 6.2995588408187642e-02 -4.2436307224406528e-02 -1.4705377489792780e-02 5.3697538264709077e-02 2.4991304661664999e-02 5.8517791961403873e-02 5.5466077387372248e-02 -1.7360269244284139e-02 -4.4922223464510212e-02 -1.6727811773943660e-01 -1.5548140813757849e-01 -1.1779211662013200e-01 3.2515229971380198e-02 1.2427560882478970e-01 6.3715818236955019e-02 5.7222586225151473e-02 1.7590140454110800e-01 -1.3705897288297200e-01 -2.8791440288968850e-02 -1.0269239422127360e-01 -4.7485024398824467e-02 -4.6725199110028558e-02 -7.3883907101527119e-02 1.8834447510299269e-02 -1.5887653371736359e-02 -5.9894658362416697e-02 -2.1308147027987079e-01 -4.1405602109275047e-02 1.8051624359551921e-01 -6.6339642955975123e-02 -7.7393884368307908e-02 7.8973210985033515e-02 -1.2168726100320930e-02 8.9771028136639633e-02 -2.3058841365091459e-01 3.9373072550701341e-02 1.9400756638845541e-02
3.9646457681086517e-02 -3.6580521679017382e-02 8.5795865277118882e-03 1.1509669864114340e-01 1.0758558872759720e-01 -6.3683336448355166e-02 -2.9191700719672819e-02 6.0004852630395657e-02 -5.6873020635019797e-02 -9.4175866945183900e-02 -7.2637070698898409e-02 1.9672532627923352e-02 2.8395113169363240e-01 -3.4355585863569488e-02 8.1721830195381262e-02 -1.5778004741756879e-01 -6.9242851471233106e-03 4.8311213770013198e-02 -2.9007154135780970e-02 8.3304525174667063e-02 -6.5609867354063628e-02 1.5390533655603300e-01 -1.4711152542301281e-01 1.3188526893059660e-01 2.0667619788691961e-02 -1.0878127318003210e-01 6.2353638746601291e-02 -1.2558903919830811e-01 -9.6527535941576870e-02 -3.4979960817279318e-02 -1.7658853649859321e-01 6.5528377213563676e-03 -3.4736423235009362e-02 -1.8891613636291099e-01 9.9599562272541756e-02 -1.6630182700911259e-03 -1.6449277111169541e-01 -5.8106095500172518e-02 -2.2420884780855379e-02 -6.7777173432701857e-02 2.2529005905791700e-02 1.4834849181797830e-01 -4.9222059288752278e-02 2.7724755504308640e-02 1.4521826288455181e-01 2.1979888432121911e-01 8.5841597154962951e-02 2.8633280358517640e-02 1.7415237811334802e-02 -6.7043407617579043e-02 2.0261240859393431e-01 -7.0095325991598512e-02 -3.0053985300187359e-02 -9.5534598933426626e-02 -5.2741313401175903e-02 -8.3903275658717649e-02 -4.1331114761601834e-03 1.8607015456097682e-02 -1.4863396313144259e-01 -1.4554517606981490e-01 -2.3117381440169432e-02 1.3223270587968600e-01 8.4369905989247276e-03 2.9648437529730520e-02 -3.7202309199685007e-02 8.2461897858768632e-02 2.9759050887237858e-02 6.3317302651525825e-02 1.3506243200302170e-01 -3.9107791817095013e-02 -2.8981788745056952e-02 -9.5928180798965049e-02 -2.1245728246539830e-03 -1.8836537124052410e-01 -1.2025884188145169e-01 -1.4430161261581290e-02 2.5629556441991490e-02 -3.2110084669166677e-02 -2.0345865209834721e-01 -3.3012425394726562e-02 -1.3761546369926429e-02 -1.1360544911481830e-01 1.2507629049809349e-01 -2.2879628663787949e-01 -5.3452263699024553e-02 -1.6362777418246249e-01 -2.0983898632886980e-02 -1.3760317216161380e-01 1.2441558700088100e-01 -2.0326150673669249e-01 -5.6091846267992303e-02 -4.0626633737802807e-02 -6.8148809897454476e-02 -1.0641103827174690e-01 5.9759679208729967e-02 1.1606975274735490e-02 -6.3633350913051764e-02 -6.3527046656857974e-02 4.8422328753603437e-02 6.1494593508937233e-02
8.6829758118489461e-02 -1.2015011052817230e-01 -1.1609910223897920e-02 1.3882657208525070e-01 -6.6242284582064843e-03 -6.6678524395534497e-02 8.8656918254739231e-02 9.0022282468689305e-02 3.2630943295815430e-02 5.7477096680802690e-02 -1.2529445530407851e-01 5.7158782131793297e-02 4.4672086581400462e-02 1.5465202451864710e-01 -4.4684900411933917e-02 8.7488061250208082e-02 9.2071928596613554e-03 1.0521510871380541e-01 -1.0235459098386700e-01 -6.7829537425336567e-02 8.6306794620511315e-02 1.0270717473536430e-01 -2.4436512071717889e-02 1.8615267996309040e-02 -1.3389962016870391e-01 -7.5259234822923571e-02 -2.0636148148362760e-01 -1.0907939924093120e-01 2.9933683719248951e-02 -7.5504697965882175e-02 6.9947328973277892e-02 1.5289387503279631e-01 5.7648607609471547e-02 -5.8764592467295311e-02 -4.9849950439857432e-02 -5.0661549831770673e-02 -9.3992312410428776e-03 1.1190319418848650e-01 -5.9665342876075382e-02 -1.3563096473713940e-01 -4.2979863348334507e-02 -2.1717863080098049e-01 1.9369229149674619e-01 4.3364050465241270e-02 -5.0434224590527417e-03 -2.0742194558643332e-02 1.5207673491834130e-02 -2.6538324547545908e-04 1.4531111884008440e-02 -4.3322593969486053e-02 -2.6897143432398980e-02 2.0140118069089369e-01 -5.4184977756534924e-03 3.2249333370435507e-02 1.8919978517943351e-01 7.6061058783758427e-04 -6.7625240340930051e-02 1.5623411195525491e-01 -6.0011214262504733e-02 -4.5834660243835368e-02 -1.3761973244226960e-01 8.3117654746805280e-03 1.5969044746952349e-01 4.6547638891938192e-02 -2.8456436911713701e-01 7.5901480484717537e-02 -1.4363359300161621e-01 7.5815682558551867e-02 7.5033609069374632e-02 -6.3537615147026397e-02 -3.2064199205361098e-02 -9.5576954520854809e-02 3.7145620534993632e-04 -3.4653661139236437e-02 -6.7151693771507009e-02 -3.7850065360352288e-03 -5.9005785769987870e-02 3.3185576123346668e-02 -9.0505749733209864e-02 3.7564146429119573e-02 -1.7517008392619271e-01 2.2419102932329329e-01 -9.5033499329092427e-02 1.8193262061033309e-02 1.1847766283511350e-01 -4.4504076545126961e-02 -1.3229059150315621e-02 -6.0791840402857712e-02 -1.3086669077045471e-01 -1.5725500447144991e-02 5.0093531671242343e-02 2.1615238396587641e-01 1.6393648659974228e-02 -5.1723900799412602e-02 -6.6592599675573919e-02 2.0013315425712530e-01 -5.9042621731191257e-02 8.1330166170737350e-02 -1.7549639096828271e-01 -7.7882786810637816e-02
1.3725159642024740e-01 1.7173905466069800e-01 6.7348954013171924e-02 -1.7776022133446809e-01 3.8972016521659852e-02 -5.7830763341307828e-03 6.2863860897388990e-02 4.9365467646982873e-02 9.2090180065689739e-02 1.7852080157639669e-01 -6.7579259398524799e-02 -1.2830571997096330e-02 -4.7250979017959147e-02 2.7251631662549271e-02 -1.6867087479174901e-02 -7.4212787892708715e-02 -2.4940958489695201e-03 1.2008527861186920e-01 1.0376352364650119e-02 1.2860201443830799e-01 7.3988976729005562e-03 -3.1195360711367602e-04 -7.3546948109857666e-02 1.2429831637439159e-01 -7.2503636607504926e-03 5.5012970617840220e-03 3.9587229216888419e-02 -1.3936160844825299e-01 -1.1630877500382079e-01 4.7699188019881697e-02 9.4286382501892141e-02 3.9736608422097613e-02 -3.9077013872346217e-02 6.8397985614303700e-02 -1.2460939416200940e-01 7.8408542145508214e-02 -8.8565697707346264e-02 -9.5571959969428980e-02 -3.8848669063107589e-03 1.2382988019754550e-01 3.9223433298796941e-02 -2.5399746599886891e-02 -1.9521848567700169e-03 -2.0266802923288149e-01 1.8539749691188409e-01 6.9974394058771414e-02 7.9996008610189850e-02 8.5103617636255097e-02 -1.1049757003017380e-01 2.1499496573515831e-01 -6.1876055657801972e-02 -1.2848424084443640e-02 3.9077361129016351e-02 7.7715090536723472e-03 5.7957460913882458e-02 7.6303544835833164e-03 -9.7658166049619192e-03 5.1466025433590350e-02 -1.1332310569093131e-01 1.2770035552734421e-01 -1.2700226630582659e-01 5.3578794275185491e-02 -1.7501389955736579e-01 -2.0765299085336739e-01 -1.9550063807488291e-01 4.9162603155548511e-04 1.5320787131712721e-01 -2.4833725703813401e-02 -5.6009378057765902e-02 1.0194263756130410e-01 -7.1902820676030668e-02 -4.1690123786675692e-02 1.3739443980692739e-02 3.7981416808183142e-03 -2.1193289932731710e-01 8.9481475689365444e-02 -9.4060204126004479e-03 -9.1417523856789695e-02 -7.5144619702508936e-03 -7.0722090022817860e-02 1.1591168864564960e-01 -6.1513779268753940e-02 -1.2931278808704899e-01 1.9529528965122109e-01 5.6961534499479209e-02 -8.1301284719486153e-02 -4.7232831209953422e-03 1.8197347989618190e-01 -9.4984688422091960e-03 2.7176871138236140e-02 -9.5239850790426461e-02 5.0653608151852388e-02 -1.8366311508996311e-01 -1.1626687575721240e-01 -4.2636643747767941e-03 -4.3935454920693992e-02 -8.9231183087354227e-02 -9.0705915880954960e-02 1.7048776513398221e-02 -2.5172224124703291e-01
8.0881859106161802e-02 1.2852751926371381e-01 5.5945489029336007e-02 2.0432828829830890e-01 2.4500351828227321e-01 -9.3928052222590111e-02 1.1914506687698610e-01 -1.6313098041558299e-01 -9.9961002978855837e-02 -6.9196235095455930e-02 3.0502264364000699e-02 1.5129092553382829e-02 -5.6704442778301098e-02 2.2238891738149181e-02 -1.3091106900603591e-01 1.0195437090111950e-01 1.1759176038468290e-01 -3.5218396837900567e-02 5.7394400062858612e-02 -9.3478133284044349e-02 -6.1735192387393653e-02 -5.4099555128473788e-02 -2.6994716750692710e-03 -1.0126762818713350e-01 -5.3103287260051098e-02 -9.4972644146285964e-02 6.6426300933682916e-02 -2.8408295622060699e-03 1.7338579985994251e-01 1.0065653733253760e-01 -1.1767658768913181e-01 -1.5879487320717939e-01 -5.7808027133183837e-02 1.7371315020252059e-01 -2.6454042343923367e-01 -1.4289282003030729e-01 -7.0037618024611017e-02 -1.5386351148923860e-01 1.6240420120672841e-01 -3.4596728693336229e-02 7.3153855554456016e-03 -2.1089731322342059e-01 7.4664138978983623e-03 2.7537529093578281e-03 -7.2162073680840280e-02 6.1566577592774473e-02 -4.7292204776081891e-02 3.2431832304033142e-01 1.2491560039628900e-01 1.4843020433173809e-02 -6.7826032476533057e-02 -1.5804806191314469e-01 5.7622637424287679e-02 -1.6984724091891709e-02 3.8101760450924838e-02 -2.5811269594263310e-02 1.0048770203784180e-01 4.7759774940739963e-02 1.6325341731737310e-02 -2.8573015193282598e-02 1.1649232678879951e-01 2.8037490765012139e-02 -1.3226972317314339e-01 4.2061274090859732e-02 -3.2986727605488937e-02 7.1871779392355228e-02 9.5553917433422904e-03 -2.2827294002403759e-02 2.6233081791604829e-02 5.2436648214300051e-03 1.6904337203322131e-01 -8.1133686099740018e-02 -8.9021474705105158e-02 -2.0149684462664810e-02 -1.0292773408526300e-01 -1.0641182099493859e-01 1.5013048938488351e-02 -5.5940374887986774e-03 9.9788521201711639e-02 -1.5435621921172390e-02 4.6949655482744983e-02 2.0912630007697310e-02 -2.2446788134515411e-02 -1.6904051648722659e-01 1.1554804756594250e-01 -1.4316536972323621e-01 -1.8376167295641541e-02 8.5117097815663720e-02 1.5509693711734491e-02 -6.3633535489370410e-02 6.2525414950315938e-02 -2.0340020867792821e-02 1.5809568424231538e-02 -5.5877436048687418e-02 -6.4382393304502142e-02 1.4764125899034750e-01 1.6546704332247909e-02 -1.8410605204920692e-02 3.3521717995711943e-02 7.1531959148485513e-03
9.5456780844101155e-02 5.2482787577900238e-02 3.0081308992153701e-02 -1.2902232159357430e-01 6.9606237671240120e-02 -1.4163596568462569e-01 -8.2149299507772833e-02 -6.9167779968695761e-02 9.1383648900236245e-02 -8.1739907331397701e-02 2.7069564886396679e-02 1.8847293858456349e-01 -1.6353208205389921e-01 -5.8486845972892103e-02 -3.0198305895894510e-02 4.5134729995118812e-02 -1.4067079857146730e-01 -7.5817378841563685e-02 7.2119249687157785e-02 -7.1131532507799022e-02 -5.1714047740286699e-02 9.3660671909519655e-02 1.2907668831995461e-01 8.1967385571564369e-02 -2.6742182789410460e-02 -2.6637640093836529e-01 1.2174099218570410e-01 -1.0612651484736260e-01 -1.8838093654730589e-01 -6.4860727742969984e-02 -1.0905636489726141e-01 1.4606838939562899e-01 1.8664418074339120e-02 7.4610289948344649e-02 -6.7130024438416383e-02 -2.6737172865258368e-02 -1.0824862656474660e-01 -1.5694842845106469e-01 4.3927904122456223e-02 1.5109073560519881e-01 -8.4262101205830151e-02 -1.1343094126027470e-01 3.1872820596224760e-02 3.7982766130579847e-02 8.6016780977938662e-02 1.1085978124201321e-01 -3.1696485084254093e-02 -6.9244980425747185e-02 7.1643906541987240e-02 -5.9794674697706558e-02 -1.5130366965624699e-02 2.7920228355936111e-01 -1.7954463701178890e-02 -6.4684629178208414e-04 -5.5690455373766039e-02 5.6407636510695927e-02 -1.3513281380852801e-01 -5.2434859270537038e-02 -9.9471619505281904e-03 -1.0961235242180201e-01 -4.7523066325303202e-03 -1.4029515366072559e-01 -9.7434717732658591e-02 7.9976650866921045e-02 9.4637636683770995e-02 -2.1175505673870700e-02 -9.2521058605592298e-03 -8.8146166953313471e-03 -1.0852028618679910e-01 7.5517258479135582e-02 -7.4593791350971050e-02 6.1445600962123252e-02 1.1560509923909290e-01 -4.0157574310020587e-02 -1.6239300702642338e-02 -1.3912112378899330e-01 -9.6749332344361685e-02 -1.1614663149083521e-01 -3.3687614511632709e-03 8.7473680905403126e-02 -3.8525061286555917e-02 -8.2646964762784561e-02 -4.6538945375943941e-02 -1.7931105082533111e-01 -3.8274371839048880e-02 1.2451607184080569e-01 2.3289936957709930e-03 -1.9880549280808641e-02 -4.2520255341765137e-02 1.2443080400342520e-01 4.9845788232383677e-02 1.8939726592458589e-01 6.9092743635471909e-02 -1.8256769630621539e-01 -2.9845353464034670e-02 -1.7820801733511879e-01 9.2358706654170342e-02 1.5884463390596490e-01 -4.7476282918130436e-03 6.6200150259188781e-02
-9.7769946051363160e-02 3.5345017203377502e-02 -1.5387896012296851e-01 -5.6492028371169772e-03 1.7071557802361581e-01 4.4904299842367821e-03 6.6181865913091401e-02 -8.8218933445210757e-02 -1.3425338590054551e-02 1.2240960754227970e-03 -9.2806716825554691e-02 6.3487999092078209e-02 -8.3101315154443953e-02 -2.2131983945336119e-02 -2.1165118201378511e-01 1.4017641846178111e-01 -2.4051054122986359e-02 9.7034974122997081e-02 2.2541139169024858e-02 1.5836368262733949e-01 2.0801275426494990e-02 1.1490471493843120e-01 -3.7849220023900232e-02 -8.6188518582854950e-02 -2.0541598595121180e-01 8.7281084164394229e-02 -1.6011160230653040e-01 7.2449942515694463e-02 -2.1735386369385551e-01 5.9636595199757877e-02 1.0230829481626059e-01 -2.0923546003618990e-01 -4.8204009531458099e-02 -1.3107461476866070e-01 3.8995525005206137e-02 9.2521792332138239e-02 -1.7164398596973281e-02 -2.4053709513783869e-02 -1.2864851848340009e-01 1.7330260903007291e-01 6.2655361499434570e-02 8.2375131299838922e-02 3.6484553463067828e-03 3.7025737228806511e-02 5.0178077370213368e-02 -7.5445069301409373e-02 -7.4768993210370710e-04 -1.6565035762114541e-01 1.0906784746619440e-01 5.0318884777135468e-02 -2.4195476719973689e-02 -5.3318870950683828e-02 1.4837557868249440e-01 -3.7409400883746162e-02 -3.7491821082916738e-02 -8.3666027570014692e-02 6.1821651754439377e-02 8.8899518667066274e-02 2.4074221658499189e-04 -1.6828833767887760e-03 9.9907028319191946e-02 9.3753312387069299e-02 -4.7573629611439697e-02 2.0727672291678209e-01 4.8455456434677677e-02 7.6191168770297418e-03 -5.1066959988952131e-02 -1.5431723596206559e-01 3.1907994295768002e-02 1.7652567771546740e-01 -3.3381044625875773e-02 -3.5288455791137742e-02 -2.7031677162043279e-02 -2.1468895296392791e-02 -2.2480370678319431e-02 -1.3708728869163081e-01 -8.9937540119114229e-02 1.2485552307461850e-01 4.6548258437460778e-02 -1.0972730519175750e-01 2.0211189644383992e-02 4.9567450400941113e-02 -4.8892404195870300e-02 3.3026857889453781e-02 1.2400985001197349e-02 4.3747443860882647e-02 -7.5863599848665406e-02 -2.0095277126229941e-02 -4.1426011822008377e-02 -7.0175034754976523e-02 -1.1247766288515899e-01 -1.5454312019927230e-02 3.2665111961811509e-02 -1.5029776286904781e-01 -6.8642074471910411e-02 -5.4604301276578553e-02 -3.3191557459724752e-01 1.5403954913099599e-01 -4.1445184800831952e-02 1.5055103416812221e-01
-8.9072129735751487e-02 -1.1277924630964080e-01 4.5421078594842616e-03 -2.5042294164770561e-02 -5.5640356164335561e-02 -1.1457027042152480e-01 9.1121283415327471e-03 -5.4612378933685006e-03 -5.8266785002558462e-02 1.2261915505150379e-01 -1.6756091192639769e-03 5.0990171448607291e-02 -1.1058000903052111e-01 -7.1034811847117491e-02 4.5057840688859728e-02 1.0826226659540000e-01 -2.6573899632438090e-03 1.5611464031575159e-01 -8.8552700626498018e-02 7.4207244554433782e-02 4.8182704384499078e-02 -3.6593829161902819e-02 -3.4669652306092501e-02 -5.3766424835723081e-02 -5.6886761479604366e-03 -1.6602955514828921e-01 4.4019936547897043e-02 7.4959698854120294e-02 8.1903238563901054e-02 1.1148324889082740e-01 1.5829989127594721e-01 -2.7094631323362359e-02 7.0679552918852584e-02 6.8815240236779512e-02 9.5424709751297840e-02 3.5951245329958970e-02 -2.4922444810481720e-01 -3.8891999028497319e-02 8.8297144606991659e-02 5.3295453203144452e-02 -2.3860903047910431e-01 1.3180872843595920e-02 -5.1301141700414027e-02 2.8706057315120209e-01 1.5758522723538690e-01 -4.5350208835481853e-02 -4.5221950793731723e-02 -4.9261855792266870e-02 1.0859017004203329e-01 8.0321822550395647e-02 -1.1577196317834620e-01 -1.9620830775199100e-01 -1.5788434779242261e-02 -6.1373163198707413e-02 2.2244397762750831e-01 2.6950899818898252e-02 -4.9212122226905110e-02 -9.6581254719255216e-02 1.6805520204110169e-01 2.6380680218158419e-02 -1.3879358562362019e-02 3.0972475182605218e-02 6.1322231008691989e-02 -1.7448431761084779e-02 -9.6984192663873189e-02 -6.6362975619072923e-02 -8.3656894930989822e-02 -1.3833667638349090e-01 -3.9178479280887711e-02 -9.1409411867957466e-02 4.6505633259880261e-02 -5.1423555076114687e-02 4.9317671672667721e-02 8.3458203093681724e-02 -9.6757253223184736e-03 6.5133983928528677e-02 -3.0671515245462798e-03 -1.0550608942275530e-01 -7.0878055949138638e-02 9.4560750403323235e-02 -3.9063448017272552e-02 -8.1439608164420904e-02 2.4170577236982710e-01 -4.8967067474560769e-02 -5.9045668584278288e-02 -5.8761792172125092e-02 9.2872610055698274e-02 -9.6893184438243241e-02 9.7111463120914704e-02 -1.3641744804953429e-01 -9.1943908057894631e-03 -6.3455384537323606e-02 -7.1037558389363376e-02 -7.2821409529171240e-03 -1.9470288542695419e-01 -1.5032382583500761e-01 1.4981055895855289e-02 8.7045153741807754e-02 -7.6976622062661981e-02 -2.1834202950253331e-01
1.3144228101269850e-01 -9.0142028484275272e-02 1.3313051231058171e-01 -7.0208942604704658e-02 3.8293916840682687e-02 -3.3445838661500527e-02 2.0108892911762971e-01 6.7476281876354849e-02 5.7073757304451037e-02 -1.8171770757440441e-02 4.3923910606128783e-02 5.7871937269133401e-02 1.2990371401469220e-01 -6.5448632451005004e-03 1.5442883431682869e-01 3.7239368630097159e-03 -1.7154804714125320e-03 -5.2400878618790350e-02 1.8721275069077881e-01 4.3037835896739832e-02 2.6839893088157759e-02 5.8011197648496451e-02 -6.3140249262068571e-02 -1.2879222719656069e-01 7.4964927409094481e-02 3.1310780548763642e-02 8.9819399416362342e-02 7.7143405411191926e-02 2.4473113156103940e-02 1.2534820721176321e-01 6.4647939696720821e-02 4.8515647370441999e-02 1.6155424763553061e-01 -1.3566598403105509e-01 5.2146774122987599e-02 4.2507916619282583e-02 -1.1235126609730001e-01 -5.9042307209731519e-02 8.5305737176344654e-02 1.1529912990359670e-01 2.2139811558353931e-02 -9.6629769992676640e-02 1.1318938121049950e-01 -4.3125703612091087e-02 1.3439407867689451e-01 -3.4378213156430720e-02 2.3685301760272851e-01 -6.6358415056113493e-02 1.5096928003993810e-02 -4.6881804931309959e-02 -2.4285304591685240e-02 -1.4840270032645211e-01 -1.7614026375455449e-02 1.5431052379323729e-01 -6.5121868428296786e-02 8.5323615782926576e-02 -7.0613948766934220e-02 1.6062254830946320e-02 1.5164561446081229e-01 2.4992130022556420e-03 1.1461985401642340e-01 -3.2795249292912450e-02 1.2617331691045600e-01 -9.5395467386748450e-02 -7.5243574757966711e-02 -1.0042577707091049e-01 -1.6216525333099921e-01 1.9302282212989040e-02 -1.6247648025127981e-01 2.4767995364005660e-01 4.0088859414110910e-02 -1.5115002960228670e-02 -6.6312094828653273e-02 -2.3314871488736660e-02 2.6116098866895129e-02 -3.4972773013028403e-02 2.7259398821657940e-02 2.0322013338429870e-01 -1.6117278801229071e-01 -7.0465333003791944e-02 1.5765099327703569e-01 3.6240377511630152e-02 -1.2385867556473050e-01 -3.8262738181145173e-02 3.6302128796416623e-02 -1.3758763903307450e-01 -1.4895626226603151e-01 5.6651977078685550e-02 7.2104803033541137e-02 3.2067090401359383e-02 3.2017393051584332e-02 8.3456639239370342e-02 1.5874686469495669e-01 7.3223416533070365e-02 -7.3400315813068578e-02 -2.6543361209834769e-02 1.3186435528510490e-01 -9.6818745169159365e-02 -1.3273629680362789e-01 1.8203119545678750e-01
-4.7286109596751169e-02 2.5737486959637018e-01 1.5262776900400599e-01 -6.2860731481317655e-02 8.3369679286770193e-02 1.6679831455248730e-02 5.3444313735604383e-02 1.1793676184999161e-01 -1.2468049474440920e-01 1.4206719560554629e-01 7.3610833454369473e-03 -3.2189991309601249e-02 7.0432499820301642e-02 -2.0856215873201588e-02 1.1337159709075560e-01 8.0130972219654609e-02 9.0756898111797477e-02 -4.8894104504707469e-03 5.3526487421662529e-02 9.6334834175483594e-02 -1.0852462418807110e-01 3.2429860923066789e-01 3.4968631113396681e-02 -1.1693431563317920e-01 1.4823127790377669e-01 2.8361574309474561e-02 -2.4130598635028349e-02 1.5440487832769790e-02 1.2773190043984641e-02 -8.9280339358925126e-02 4.5373932574361710e-02 -8.8841518305614875e-02 -7.4036738738256253e-02 5.2802391067902077e-02 2.2711069520610830e-01 1.5006284213458830e-02 1.6404909120997740e-01 -1.3913278906102641e-01 -7.5441118582907307e-02 -3.5917599719837698e-02 3.8014191194186253e-02 -1.4628691312679451e-01 1.1766473692607481e-01 7.3803693905709580e-02 -9.4477706070345089e-04 1.1933915527126079e-01 -2.1364931614243221e-01 -1.0425156120252430e-01 -1.3712593497692499e-01 1.5486188087800781e-01 -2.5080364139340722e-01 7.8165762793404592e-02 -1.3350999145454180e-02 -6.5636659148655338e-02 -9.4880457470313914e-02 3.4355820305456301e-02 -5.8299342035373257e-02 -2.4979331913184328e-03 3.9117269438327960e-02 -9.5306124863803077e-02 4.0098710193761267e-02 -1.1002562274879410e-01 7.9543831966995104e-02 -2.7965635617494839e-02 2.0093188493287291e-02 1.1229943769787290e-01 2.1547413826251312e-03 9.0770454266898962e-02 -1.0280147349852720e-01 3.6551256158565748e-02 3.5323219562147920e-03 -3.8358304218422047e-02 -8.9444803431182301e-02 -7.8141343213094128e-02 -2.0151229195527320e-02 -3.1137132747164072e-02 -1.0610683332099610e-01 9.6369830858553829e-02 2.5066959759593381e-02 7.4448998470056788e-02 -1.1422450003612250e-01 7.1287611625235281e-02 9.7464587216562579e-02 -2.9238249422426161e-02 1.0587379528150789e-01 -1.6281235625064580e-01 1.1009008834302419e-01 -5.8622054080818671e-02 -2.8461645187372389e-02 3.2737178868945997e-02 5.0907275773989402e-02 -2.1896275775267560e-01 -6.5508296442313652e-02 -5.6125685262780001e-02 9.5900859266509902e-02 -3.9801588180405273e-02 4.2620790200060918e-02 5.5889653904555962e-02 1.9225503630953759e-02 -5.2714917237626877e-02
-9.3169605957885579e-02 2.8102874589565230e-02 1.4303581191890269e-01 -1.1045557713532900e-01 2.7530448702442251e-01 1.2798257980344560e-01 -1.1329521321222449e-01 -3.0940389669413901e-02 -8.5511554576501683e-02 5.7534802849066369e-02 -1.3259672381814920e-02 8.3850335564412317e-03 6.0960287481176788e-02 -1.0837495946084720e-02 -1.8205735896756531e-01 -7.4037682020808071e-02 -1.6006746554308709e-02 -1.3463432673164419e-01 9.9478858838574172e-02 7.3621952984623928e-02 1.8278517504418459e-01 -3.6467956262919883e-02 -2.0674004516022179e-02 1.1715611871119811e-03 1.1458151369815001e-01 9.5809233453171730e-02 -3.2264357600368609e-02 8.1171747240244788e-03 1.0813679363513989e-02 -1.1767540772694210e-01 -1.4518619355210000e-01 9.8970269321278226e-02 6.2763600459345065e-02 -1.2157784791124540e-03 1.2193530280703790e-01 -1.4769258116406669e-01 -3.7705832163682090e-02 9.3604407232263848e-02 7.0119147948695254e-02 1.0333671971828470e-01 -2.1041013197672490e-02 -3.5381711687635257e-02 -1.5676549242915719e-01 9.3133105217647130e-02 6.9294559093393812e-02 -1.1110831437155100e-01 -2.2249836665694162e-02 8.3634054967659507e-02 7.3042614130249234e-02 1.6366389532492288e-02 6.9142974403847604e-02 1.0535026191429681e-02 1.0264898892650140e-01 3.2504294863674753e-02 -1.5405097762426820e-01 7.6046688524823630e-02 1.2837469531664711e-01 7.7002045473136230e-02 -4.1581627383187741e-03 -2.0546232155612500e-02 7.3977338605055273e-02 -7.7400803781860331e-02 -1.9287393355683580e-01 1.4861830341230511e-01 -1.2736633837167641e-01 1.1069238953751601e-01 -5.2483067684364552e-02 5.4683763752170503e-02 2.9297809201814639e-02 -9.2749280900804067e-03 -9.7569327377199158e-02 5.1891266552561863e-02 7.8258031342267512e-02 -2.4502361207035039e-02 -6.6920466531562958e-02 1.2850309311253461e-01 9.9354319814473707e-02 2.4743963987129920e-02 -2.0396068685287061e-01 6.0435621473683622e-02 -6.6543084398831609e-02 2.1402545904842599e-01 2.2237371607822940e-02 3.9783968808471182e-02 2.1552091989728120e-01 1.1203491410220130e-01 -3.1314723017115249e-02 -6.7990215426176490e-02 6.8116114250655391e-02 3.7971820606276498e-02 8.4807631804154585e-02 2.7152308717635850e-02 -8.9747008145951462e-02 1.9664740525617019e-01 -1.7478753574767489e-01 -1.7924913653018110e-01 -1.2375023646160570e-02 -1.8608400244078189e-02 -4.0336050283051657e-02 -1.3031381513213611e-01
-1.9976550739334499e-02 -1.2089196734038800e-01 -9.2077022360196048e-02 6.6150142233311754e-02 -8.5783750289428432e-02 -5.4282808572622090e-02 1.0874008302290580e-01 -3.8550598522756399e-02 1.8157068244141528e-02 -1.0497950627401879e-01 -1.0690981290684090e-01 6.4662846769345916e-02 -8.7481050793502477e-02 1.3752735565878671e-01 1.9602040633906201e-01 -1.5429379275888830e-01 6.2450229918786294e-04 -1.2621752781462539e-01 -6.5142709956957576e-02 4.4085484460746990e-02 1.1328458048234170e-01 4.6610126268220253e-02 1.3525809161500960e-01 -3.1014389220824629e-02 -9.2319855522237107e-02 4.0124194043672477e-02 -1.1286809734485580e-01 -1.9114347226861519e-01 3.7155674750838109e-04 1.2272140254119809e-02 1.5191691813287481e-01 -1.8521878278806331e-02 -1.1867199527044769e-01 -3.1099723239779560e-02 7.2963714081467276e-02 1.1720664873983171e-01 1.8495901445599819e-01 -1.8761281505385741e-01 -8.5561195131787157e-02 9.7406429072121492e-02 1.6862381808991939e-02 -8.0786134224753142e-02 3.6137024553005673e-02 9.0502051890175780e-02 1.2003361902473411e-03 -7.4409505302816658e-03 8.5233849781023330e-02 8.8791047857512240e-02 -1.9031735890904650e-01 -8.3318530920500081e-02 1.8378324062933129e-02 -2.9833501197125009e-02 9.6120457566848450e-02 -1.6829634359730439e-01 6.1708956218658427e-02 9.1285512684582237e-02 1.7154537373411591e-01 8.4501286131626260e-02 5.9712035315031907e-02 -1.1706256519367400e-01 2.3531597920303449e-02 -1.2838836732978481e-01 -5.5001592950845050e-02 2.0831721118906640e-01 -7.6830166713448625e-02 1.0763407350714210e-01 9.0200436405985143e-02 -8.7319637400805200e-02 -1.3115053256687481e-01 -2.7935690730993921e-02 1.1062653699225550e-01 1.0926468070683210e-01 3.0013496200080401e-02 7.7484255899203880e-02 -9.6856136464155126e-02 1.7019624850397080e-01 2.3928715428401781e-01 3.6782859799327688e-02 -2.4575704011026590e-02 -1.2686109388168071e-01 -5.3224322954104293e-02 -1.6995775751321759e-02 5.1865539789953077e-02 -1.2790803505175649e-01 -1.0771996549786650e-01 3.4576267956529529e-03 -2.7722274625257459e-02 1.0486042740162410e-01 1.5234629291478000e-01 1.3570017801722159e-01 6.8259782026508231e-02 -8.3629767630018642e-03 -5.8526450223429560e-02 -9.6267019584001176e-02 -1.1236661463898449e-01 -4.7380091014395137e-02 6.9817833796317771e-02 -7.0954498947562950e-02 6.9137892119997421e-02 6.1740353597303458e-03
-1.0687177542066240e-01 -1.0489448607013770e-01 -2.1344414652759710e-02 -8.6736982386249384e-02 1.3223439881376120e-02 8.3637377410829744e-02 7.1933943893724872e-02 -1.7985642010242869e-01 2.5741546687657050e-02 -2.4287063738185049e-02 -1.2465744685701000e-01 -1.7920532946426149e-01 8.5911160350171517e-02 -9.5882191645524736e-02 -2.1325183061007089e-02 -1.5405243924790721e-01 1.5222562894325800e-01 -3.4335363742967653e-02 -3.3565413922348880e-02 3.3825590677989847e-02 2.3619016229525949e-01 4.8733225936669608e-02 1.0729734344748119e-01 -3.8501376921395040e-02 3.5724082600833547e-02 -4.6869175939293871e-02 -3.8541470741369072e-02 1.6516206174683129e-01 8.9176542490198865e-02 2.2584633634984991e-02 -1.2563742446800681e-02 6.2818944345937600e-02 -1.2846686607829710e-02 1.2950125684412789e-01 -4.3943821272166499e-02 1.0562173065275740e-01 -1.5796025642701270e-01 -1.4400333238327079e-01 1.9901881873350349e-01 9.4258925784669323e-02 8.7854236950721906e-02 5.3827204731448558e-02 6.9979213009159894e-02 -8.5121372353513507e-03 -2.4762626588143710e-02 -2.3701129686030178e-02 -1.4192001956136310e-01 2.6626773250223570e-02 -1.2046152905318390e-01 -2.9154856553694659e-02 -2.1534533725525429e-02 2.3346923039740711e-01 -8.7412765604463760e-02 -5.0416296778198103e-02 1.3815375097359919e-01 -9.8082956235000643e-02 -3.9793960228030140e-02 1.9994084131765641e-01 3.0741075958893610e-02 -5.1109463182672468e-02 -1.0989007647666440e-02 -8.3476912221864208e-02 7.8313656256263034e-02 -2.3256066225749569e-01 2.4057302305289071e-02 2.9368017467915741e-02 1.4207144192629209e-02 4.5893633795394427e-02 1.5443336597858559e-01 4.6771457977456417e-02 6.0784925950464759e-02 1.8472827229553671e-01 3.2931439700089812e-02 -1.9897387464525371e-01 9.9206424797079154e-02 4.6779692801367199e-02 1.1378464236634420e-02 -2.8230772352381091e-02 3.0804563258505151e-02 -6.4102013165897642e-02 1.7325327720117770e-01 4.9061076796397408e-02 -1.0115234430203650e-01 -6.2047035735625061e-02 -6.5835004774084396e-02 6.5212753615915301e-03 3.1259391433360748e-02 -1.0019349027154741e-01 3.0687803159596880e-02 -9.3801967060837210e-02 1.5693287635482489e-01 -6.7845229165707913e-02 1.0270857524982280e-01 -9.0468448857910624e-02 -2.4984977293026730e-02 -8.9201463005413734e-02 -2.2821752684695809e-01 -7.8872683455003898e-03 -4.9737888152991828e-02 -9.7396355979396457e-03
-1.1057055040909490e-01 -7.9743895834871167e-02 4.1062413919897678e-02 7.9381198746641998e-02 4.7403887664612267e-02 2.8153018524423271e-02 1.3025313310337611e-01 1.3729467678142640e-01 -4.6162498405123653e-02 1.2476889402444880e-01 -1.0181975897437290e-01 1.1864566801515480e-01 -2.8119838517495949e-01 -2.1919170630454201e-02 8.0011871353864089e-02 1.9431018149648701e-02 -7.4713138222914722e-03 -9.7692631040402725e-02 1.6004197511340551e-01 -6.8163246294335204e-03 3.5843367444172887e-02 -1.9702692570436950e-01 -5.7058724753175367e-02 2.5521581587417808e-01 -1.1377052637492149e-01 5.0397213807323107e-02 7.2236226425262562e-02 -1.7788589426820309e-01 -1.4559514386817979e-01 -3.1118277741621340e-02 -5.7364386097562933e-02 6.4216569701728787e-02 8.1453056368164953e-02 -3.5498957012421090e-02 -1.4423735402793671e-04 -2.1017732880099901e-01 2.7594486268660689e-02 -1.4171440599545599e-02 1.7436423930851649e-02 5.4924536675573683e-02 -7.8056122988360635e-02 -3.3557853088879742e-02 8.3852075380378699e-02 1.9037339110316820e-01 -1.1434083134740890e-01 9.9572475647128386e-02 4.2952762399806090e-02 1.5735521024209609e-02 -7.5769666570348670e-02 -5.2614593050486200e-02 -4.2686481333221858e-02 -4.9237895089724398e-02 -1.0324301693081060e-01 -4.7893467074790934e-03 -6.2141926619610217e-02 2.1715203521027510e-01 9.7945888488086223e-03 -9.7439809637423158e-02 1.0910222600793169e-01 1.0450591332512341e-01 -1.7623062515292401e-02 -3.0417296823026841e-02 4.4962470046595447e-02 3.2651193579804817e-02 -5.9604122444962007e-02 9.3319279939246089e-02 -2.4068970489738401e-02 1.2637855109056370e-01 6.2458300926853429e-02 4.6317775509067058e-02 -5.4192112718403247e-02 8.4061352577991952e-02 -8.7848176285389226e-02 -2.3895472957634711e-01 1.5625592600315821e-01 9.4319785886918209e-02 -8.6511331826112911e-02 9.0488593868952184e-03 9.6856090510026194e-02 3.8391199729599340e-02 1.3613530813971200e-01 -6.6003092399658054e-03 -1.1926383754466660e-01 4.6579287919539053e-02 -9.6371001656765071e-02 -4.0936873475160687e-02 1.4338086884669291e-02 1.9029669628567569e-02 7.7039326703886848e-03 -1.6120367009401279e-01 -3.0662531317971080e-02 -2.3540166057632531e-01 -5.8594322307933933e-02 -4.4273295925263906e-03 -1.5338606677783679e-02 8.5148413000656592e-02 -1.7510646541657049e-01 3.3476476697765677e-02 4.7057370283697678e-02 4.5278101286362157e-02
3.2042311894441393e-02 -4.8748197375102310e-02 4.1156711688771089e-03 -1.1876302888597209e-01 6.8692971387500856e-02 1.6612617394193941e-02 -1.6999248384693799e-01 -7.5504275055501335e-02 -1.4191072749691841e-02 -1.3389109604719801e-01 -6.8772881966861791e-03 -1.8991524263410081e-01 -1.8255655164724421e-02 2.0522037911475921e-01 -1.1711898460603100e-01 4.5374509620580261e-02 -2.1221417201692530e-01 1.1461371361502150e-01 -2.4409365722731630e-02 -6.3627184588328639e-02 2.8003775511923581e-02 -1.5354984796739879e-01 -6.2800200170931658e-02 7.1492099510516507e-02 1.4829591436509729e-01 -7.3744690537864921e-02 -5.8130972645410492e-02 -2.7788101243687531e-02 8.5281538673502758e-02 -9.7888685111277171e-02 9.1061399273303451e-02 -9.6697368077433593e-02 1.6377597946173059e-01 -2.3416027659085591e-02 -6.5004530260006452e-02 4.0725724766661288e-02 1.9511509781446440e-01 -1.6071885789780829e-01 9.1287011833912107e-02 9.4131532344123275e-02 -5.4468100977966158e-02 1.1971785888945650e-01 -3.8503151786201152e-03 6.5566755169167407e-02 -1.0124063540164670e-01 -6.4687520304194820e-02 -5.5660193915490269e-03 1.5410148179196141e-02 3.0562292225129031e-02 -4.8376666908362793e-02 -1.5041894140252121e-01 2.2611569273539311e-02 1.2767266265035090e-01 9.7515209848847748e-02 -2.1705879881222991e-02 1.3641810783799499e-01 -1.2804537769159849e-01 -2.3813243616600598e-02 -4.7576816413451233e-02 5.5539156501593374e-03 -1.3606482916414709e-02 -2.4946811219390509e-02 8.3551174810445356e-02 -8.7448709240984190e-02 -1.2616094768078989e-01 -1.1316285641904490e-02 -3.1334512476961583e-02 1.0326520813562171e-01 -1.1322143289507620e-01 8.0482341926228287e-02 -9.9508367793921540e-02 2.9930572201045891e-02 -1.2877115944239129e-01 -1.4220088979171211e-01 -7.8819248133431705e-02 -1.9414165081664391e-02 1.1491766269045670e-01 -1.6951116950000150e-01 -4.4352533922174343e-02 -2.7283045877927953e-01 -1.5065696350807509e-01 5.1633193026722410e-02 1.2329002665031800e-01 -9.3284507892654828e-02 6.0871410630984737e-02 -8.6856431106492493e-02 1.3093307663288650e-01 5.8434619634789723e-03 8.6656740146596731e-02 -3.0501566909408601e-02 -2.5424428039118141e-01 -7.2049563338590042e-02 1.3824675008310311e-01 -5.3669948656142420e-02 5.3597613161296270e-02 2.0932750092013369e-02 -4.0835439110746830e-02 5.6885403670411481e-03 1.6561747214342740e-02 9.3173224301993332e-02
1.5556092126125429e-01 5.2064257559921709e-02 5.4365128004452291e-02 1.8723462423324490e-02 -8.9239408618213473e-02 4.1817544160032152e-02 -1.6776058046094131e-01 7.6401172331699903e-03 1.0005581419109610e-01 -3.5777879776312728e-02 -1.0000048691183870e-02 1.9733753026185830e-01 9.9660276712204107e-02 6.7489941782508500e-02 2.1101110170763099e-01 -1.1590643049981419e-01 1.7829592205502509e-01 -3.2043574516749843e-02 -8.8191063288172125e-02 6.9916629028252159e-02 3.7958921317366813e-02 -9.0777308886294913e-02 5.2917826402828307e-02 8.7738765459816653e-02 -6.1652792093195657e-02 8.9436540206984064e-02 -1.4285508577335621e-01 1.1830409439083189e-01 -4.5913336681962083e-02 5.3879676242097191e-02 -1.7466095803182959e-02 -1.1503007139792330e-02 1.0867441615297881e-01 1.8620416563842741e-02 5.3834778488544401e-03 -2.6323816096718550e-02 4.2833556639873170e-02 -1.6403255681803831e-02 1.3060337608771971e-01 7.9436190083387703e-02 -4.4623164469316218e-02 -7.6744968677930639e-02 -5.6122678161204212e-02 -3.0378391870574280e-02 -3.7151489989071217e-02 -1.2318234987304709e-02 -1.0168903948698300e-01 -2.1249202856929651e-02 -1.9164383130218260e-01 5.1354335435612949e-02 -4.1467857114911619e-02 -1.4913106404940121e-01 4.2456692826947098e-02 -8.7767860826850466e-02 9.3523291087603377e-02 2.7925331862357902e-02 -7.7976251769408034e-02 -1.4001342756005000e-02 -1.0836825844220720e-01 1.1703175541538140e-02 4.0164402616056742e-02 -5.0947769147213842e-02 -1.6030328825498949e-01 4.0592068519381352e-02 -2.9687897753893511e-02 -5.7605907829438328e-02 -1.9731091866791869e-01 8.6733501388163617e-02 5.2700438756095563e-02 8.2352205627070518e-02 -7.2185402026299847e-02 8.7532558993087206e-02 1.5434944329232511e-01 3.3210471727801248e-02 -8.1280248502506966e-02 -2.7117152668471323e-01 -7.4469773929538421e-02 2.7069664159295091e-02 5.2332874340974632e-02 1.2372451340375171e-01 5.1185966716908837e-02 -3.2330476706240582e-03 1.6138804209408519e-01 -2.9641575119429438e-02 1.4836663474706879e-01 2.1472438755223081e-01 1.9641464318683841e-01 9.3152730800989889e-02 1.1643742903308470e-01 -1.5083762518549179e-01 -5.5750264090879957e-02 -4.3750735620999799e-02 -7.9074211342164996e-02 -5.0041564615258757e-02 3.7206719243327250e-03 1.4344562444219500e-01 -3.8397800597815758e-02 -6.6916242550206506e-02 -2.0708078800758409e-01 1.7366038913914009e-01
2.5887899266244539e-02 6.1439268007965078e-02 -4.0422747953963938e-02 3.4316146896337572e-02 -1.9279050299938680e-02 3.6976879784991888e-02 -1.2737928903428749e-02 1.4025560605179000e-02 5.9630015038372952e-02 8.3656063081243945e-02 1.3675948833235430e-01 -7.1011699467211836e-02 -6.5091598275407836e-02 8.9477018498137731e-02 4.0337075021725073e-02 -1.5822175840457769e-01 5.3962835215986167e-02 1.5147712409667560e-01 8.0676402360958757e-02 -1.9543015166987171e-01 1.6289006112685189e-01 7.2142766953706616e-03 5.6674497612140891e-02 -1.4998729733667410e-01 -1.4318545552787179e-01 8.4622596328710817e-02 -1.1089541641590460e-01 1.5847606485676560e-01 -1.6164287053657159e-01 -3.6319500801709717e-02 2.6141593607953741e-02 -5.6884832847339938e-02 7.9039924578859413e-03 8.7916857553470437e-02 -1.4602565532130390e-02 -2.3178462793254050e-02 -1.8110161152592012e-02 -8.1214837773623150e-02 4.1289489688315723e-02 -1.6156266584511150e-02 -1.3492001629245810e-02 9.5111538487365782e-02 1.0033355254758530e-01 3.2538386334554227e-02 9.7122999633489318e-02 1.3196664856467710e-01 7.1141251287331453e-02 9.4430271687828859e-02 5.6788049559465870e-02 -8.9087123408336660e-02 -1.6179975328244661e-01 -6.7979172200518051e-02 -1.9728743479371350e-01 -4.3848731705996763e-02 -5.2799904209757553e-02 1.3234937318255219e-01 -1.7225346958728530e-02 -1.5250135446913901e-01 -2.0557528479454160e-01 -1.4841300615962741e-01 5.6996864263599317e-02 6.4713719814421408e-02 1.8749600936680769e-02 -6.1016200668239109e-02 5.7035869931075884e-03 -3.4175370035608221e-02 -1.0729214805186500e-01 -1.5162061120268140e-02 1.4279487669819069e-01 8.0018016816937279e-02 -9.6598189817341668e-03 -4.1206024859678600e-02 -4.7537796617268750e-02 5.8279222052065906e-03 -8.4518196399050276e-03 1.7673329979390909e-01 3.4949978756816068e-02 -6.4258755664099249e-02 -1.9172919037587000e-01 -1.1146274016148169e-01 -6.1864484440958031e-02 -1.3721320497774739e-01 6.0249520631885968e-02 7.4739910168668919e-02 1.4790067485368130e-01 1.0235573171839191e-01 -4.4886504940916333e-03 -1.8486772798838352e-02 -2.7253536071213158e-01 2.8998314379674511e-02 1.6883293039052261e-01 -1.7598954276311859e-02 -1.5027247119862799e-01 -1.8385292634950580e-03 -1.2440881449956290e-01 -1.5676983738807909e-02 5.3868268676255167e-02 9.6212865413562276e-02 1.8620438842805959e-01 1.8372976692773410e-01
-1.8973143847201629e-01 4.1919551151100957e-02 -4.7545085015722542e-02 -2.5940709998471190e-02 1.8436404119179650e-01 -3.4506810208078151e-02 -9.2377457965877902e-02 -1.3859988778903401e-01 -2.2391119086015911e-02 -7.1891287289697792e-02 -1.9120786546533541e-01 4.3664740372935919e-02 -4.5805384159077602e-05 6.3151788671962986e-02 -1.1050345364276790e-01 -2.1620095598090999e-01 5.7830078210777028e-02 -2.8467321299313050e-02 2.8923206231455462e-01 -1.0867534689958119e-01 -1.0016258224467139e-01 5.1886905117618336e-03 1.2487863055613180e-01 -2.6358843850099482e-03 -1.1437706276278170e-01 1.0288586676248850e-01 -1.0514375443176020e-02 4.3273207232848762e-02 5.2530740759749367e-02 1.5144617987747541e-01 2.7970613051048060e-02 3.9359097837564708e-02 1.1487630472562730e-03 4.7581498899891231e-02 -4.1816615428735904e-03 2.5807786253897999e-02 -1.1768535720532940e-01 5.2993496558512737e-02 -1.8169509333803849e-01 3.1975030773082488e-02 5.9358453699675767e-02 -8.3047721035587870e-04 -5.6347695715579488e-02 4.9357500034423784e-03 1.5072996935874361e-01 8.3914857875478071e-04 -6.0673644463568287e-02 -8.3806271093882483e-03 -1.1781794139046000e-02 -5.8094712582123030e-02 -2.7001936398206802e-02 3.8645702545028172e-02 -1.5692488675441729e-01 -7.8564829529512176e-03 8.1140794146241729e-02 -1.8757241500357981e-03 -1.2032201498208869e-02 -1.6436181264840230e-01 9.9951841729588112e-02 4.5322339223752631e-02 -8.5418484517213983e-02 3.6057720832830507e-02 2.7279287276693220e-01 -3.3496516535231400e-03 -3.4757043847982470e-02 -1.0625840593266810e-01 5.9152708465715118e-02 1.0703183051986870e-01 -2.5580433657141599e-01 1.1054502442112479e-02 1.9023541270771261e-02 -3.2736991870176937e-02 6.2440516421720889e-02 -1.4392051039280199e-01 1.7446876322947839e-02 -7.3662914930621812e-02 1.4280673370712141e-01 1.2226825797572120e-01 7.8669146965853615e-02 5.1830890090670968e-02 6.0889807095976141e-03 3.7760182053668580e-02 1.7214687790034419e-01 -3.5859543363998693e-02 9.2154245725665440e-02 5.7364614657772178e-02 8.8022308476931946e-02 9.5644819318816739e-03 5.6594997432819257e-03 2.7472936066275731e-02 -1.2590680226375481e-01 2.0162654395677279e-01 -1.7540596284642029e-01 1.2066583057642140e-02 7.0783127471231680e-02 1.5378174097558739e-01 -3.2447217993064659e-02 -1.0660402778360190e-01 9.8798281772709426e-02 -6.4942341642502482e-02
1.4350924261476880e-01 -4.8173209747958537e-02 1.1291888960235930e-01 -1.5490572763913061e-02 3.3344583226205182e-03 -1.5431952730382650e-01 -6.1812012809494478e-02 -1.5597784242038260e-01 -1.3715547599695310e-01 4.2612874913657492e-02 4.1101727801347833e-02 4.3117908386581250e-02 5.2415685047811002e-02 7.1327009488607693e-02 -3.6898311560243938e-02 -3.4633304491592909e-02 7.6578818764705472e-02 -2.2076912835436939e-02 -1.4885498889101981e-01 5.8500292234689777e-02 4.4683908022247212e-02 -2.4704126005224152e-03 -5.0134420996108653e-02 6.1461171562078677e-02 -5.0123380644056428e-02 -1.5087269843551070e-02 -5.7638896252541511e-02 -1.0272962218998211e-01 2.0484654134779670e-01 1.3924794112052139e-02 -5.1354343991114638e-02 -9.9801980211281879e-02 -1.3899509874708680e-02 1.4139907372690859e-02 3.1953322396754351e-02 -1.9081946703219360e-01 -1.2349879279506640e-01 -4.0122391645941183e-02 -2.4171887690225141e-01 6.0936899754558238e-02 2.2756412557627659e-01 1.3601817362268570e-01 1.4466614114737611e-01 1.4016573280512351e-01 -3.6141418376532383e-02 6.6370978973259123e-02 3.0812560060137961e-01 -1.5435894997341690e-01 2.8796019239295281e-02 1.0842062381152670e-02 -1.6578912492688250e-01 -1.2552897337925889e-03 1.9785962023191508e-02 1.6028048782259940e-02 3.1236194103635210e-02 -7.5119264939863345e-02 -1.0454291055095520e-01 -7.6398018004436062e-03 7.7511877046281860e-02 1.4023596917068451e-01 3.0643937895847250e-02 2.6041013420197850e-02 -6.1240130903806859e-02 -5.0957824507008337e-02 -1.2376521620242499e-02 4.5621663581637932e-02 2.2945413781748261e-02 1.7119672973072220e-01 1.5903088658713010e-01 2.0264394432051669e-01 1.5787118183069659e-01 4.0133836437263162e-02 1.0085969663491490e-01 1.0192209659723390e-01 -1.1630067939188530e-02 1.8287533599920511e-01 -2.2785248363488001e-02 -2.7036101644673970e-02 1.6550629546689999e-01 2.8570300607913209e-02 2.7403522404288869e-02 3.8831707496382539e-02 1.6993659978198211e-02 -1.0776148142085480e-01 5.9502997922622383e-02 1.5916761609596719e-01 5.3833616666622147e-02 -8.4729408517189700e-02 -1.4285401961978939e-03 1.4047112130260250e-01 -4.2518530924235617e-02 8.6682183928174991e-03 -5.2762729937904991e-02 8.3894497536029386e-02 1.4900158575977809e-01 -8.8835436803008871e-02 3.9496738442631768e-02 8.6124617799303790e-02 2.5698627354438661e-02 2.4798199405085101e-02
3.4948921275192529e-02 5.1855196939174127e-02 -3.5534758912650927e-02 1.7502600043594850e-02 1.8235821797655921e-01 -1.5957367043942069e-02 6.3408590062377798e-02 -1.5337046808414059e-01 3.7875830854787428e-02 1.1568054436705680e-02 -3.2877155090398971e-02 -6.3051980259686436e-03 -2.4679951272483291e-02 -1.2417696687647460e-01 4.9968375230433029e-02 1.0532692878184940e-03 -8.1840939421125414e-02 -1.0806856998585850e-01 -2.3543939566704732e-02 -4.7389652913472032e-02 -4.8558755239548182e-02 -2.5031281618037849e-02 1.4824444471084000e-01 -1.7170010819308881e-01 -2.3114343152786980e-02 -2.0775449977152810e-01 -1.8242209507939412e-02 -1.0744098114640260e-01 6.7992197847449351e-02 3.8983669502327900e-02 2.2091396158355489e-01 -4.7428229080899494e-03 3.8226323820560668e-02 -4.3498380022940993e-02 -1.3501522697868640e-02 -2.0516790610612290e-01 7.6257878038884230e-02 -2.1261177104736611e-02 1.8426426685291122e-02 -2.8284055945523710e-02 -2.9008651061426839e-02 1.6894334727158311e-01 2.0069590661850031e-01 -1.4681160632713350e-01 1.6473490993431691e-02 -5.2889335784684181e-03 8.0104286003163810e-04 -6.3408849484490243e-02 -4.4801137065565301e-02 1.5225110996841529e-01 1.3109516700570301e-01 1.4319010906957430e-01 1.8417569826408700e-01 -1.3755392695724111e-01 1.0994108294683801e-01 1.8060012954525270e-01 -1.3736625166342950e-01 1.8084972657886719e-02 6.1375072329577351e-03 -4.3005566823470731e-02 -4.1164517548189943e-02 2.5404604988934619e-02 1.9620278350799249e-02 -3.1103440304406298e-02 4.9594037780549292e-02 8.6178062472804004e-02 1.4441679736855010e-02 -1.7006793330272721e-01 1.2236066345303240e-01 4.2993551030327357e-02 -3.1982729496478519e-02 -1.0562674844823980e-01 7.5018875458751633e-02 -1.3529554566856120e-01 5.7738241489401348e-02 -1.2615942562911109e-01 7.5857222355718359e-02 1.2292117537347170e-03 -7.2779929570645413e-02 1.7619424671059290e-02 1.7606051101522559e-02 -6.7686586565112589e-02 1.5350825975344960e-02 9.7958803753299475e-02 1.1799251858411859e-02 9.6299562028288391e-02 -1.1881990789755190e-01 -1.0552605054337820e-01 -3.6475720006919017e-02 -5.0425016628905701e-02 -1.3198412483356181e-01 -1.6704943683397591e-01 -1.8789078593727240e-01 2.8977766147491157e-01 -6.0147095029804198e-02 4.6300667900854207e-02 1.2054462701938010e-01 -1.6032921775589559e-01 -5.6497124625814542e-02 5.2014927243843469e-02
-7.5663932888159105e-02 -2.8261261842679009e-02 9.4136481964096852e-02 1.7313960032264561e-01 8.8212867762766489e-02 -1.4777141463866619e-01 -7.3524774195817599e-02 -8.7869893089883048e-04 -8.1451590453480216e-02 -3.6458718016195317e-02 1.9609142263702219e-02 -7.5021116593329260e-02 1.1265984073397289e-01 8.6173603265738988e-02 4.9288317606536618e-02 -1.7264208769547601e-01 -2.4330713712795279e-01 -6.1952926520578183e-02 -5.9363780338285198e-03 8.5352110090211625e-02 5.8992669809701637e-02 -5.2396757470707163e-02 4.9436221221241458e-02 1.8015677848902589e-01 1.2198085641304490e-01 -1.1431126899524950e-01 2.9709344713758360e-02 9.5236950269988033e-02 -1.0654955577337800e-01 9.5002152968720444e-02 1.2671987561662840e-02 1.2484459538325519e-01 -6.5223983280539133e-02 1.3385838116968601e-01 1.7413413294647420e-01 -1.5823663109546471e-02 3.8993397631773339e-04 1.6844044936439981e-01 6.3929466471964763e-02 2.5943284617674870e-02 -2.1632522719828431e-02 1.1185604380379879e-01 7.2875821521706435e-02 -1.1055337909064480e-01 4.1176261712153397e-02 2.3759329807097249e-02 -1.1622299595949651e-01 1.4314801861981791e-01 -3.7831737293222409e-02 6.5067354182540463e-02 -1.4730556896258079e-01 -1.7018163586821891e-01 1.0560712108135750e-01 6.0464415822766591e-02 6.8527550925163550e-02 1.0437362464701439e-02 1.1115510419509210e-01 1.8570390479289031e-01 1.3335297138714000e-01 -1.4570288625052469e-01 -8.1314476027057686e-02 -1.6287689262774299e-01 5.1571522806241298e-02 -2.4431657238370711e-02 -1.1268689620849220e-01 3.5688399934167232e-02 -9.9401604736237339e-02 4.0359591318389260e-02 6.6036173355886768e-02 1.4393985897751679e-01 -9.3804331627221071e-03 -1.2789521160955261e-01 9.8674728038101968e-04 2.0780309248382561e-01 1.7763592770450981e-01 -1.0021433594615289e-01 -3.5894272519017313e-02 2.5188793684771060e-02 1.6331694698404789e-01 3.5814891031209828e-02 -9.4589132510536758e-02 -1.1876535663681510e-01 -3.9600473968382503e-02 3.8267929237528142e-02 -5.0369186176052128e-02 -3.3410292776708400e-02 -1.4037235018766650e-01 3.2857922885178428e-02 -1.1265939778310199e-01 6.2303088316587998e-02 -8.7102001341172589e-02 6.3455177793393908e-02 -4.4935474913866409e-02 -3.4936723629795483e-02 3.4916821472822869e-03 -1.2430333722956490e-02 -9.4628025313132663e-02 1.0426680895107780e-01 1.6471287747257191e-01 7.8737970021065473e-02
3.9015587903331950e-03 7.2790584360957436e-02 6.8069547950466557e-03 -7.8569866383353615e-02 -6.3457338363991769e-02 9.1355166520618911e-02 -1.5019704542379600e-01 -6.6068949628704840e-02 -1.5973301142811560e-03 -6.4330309291782822e-02 -7.5073028763805172e-02 4.7848729377838073e-02 -2.8052893961450859e-02 9.9301347793560951e-02 2.2356752961054610e-01 1.2862564403941851e-01 2.1923052894939341e-01 1.7326537366061770e-01 2.1088772780892030e-02 -5.9285716879643131e-02 1.5856443744915391e-02 -1.4613001626241140e-01 -1.6016994386201050e-02 8.5298230406948179e-03 -2.8139654990013321e-02 -8.0276422778517639e-02 1.4635590771623369e-01 2.1431085132575290e-02 -1.0855254357337890e-02 9.8303742138083475e-02 -8.9213939282913685e-02 8.5682105241501952e-02 7.7909013925934523e-02 -3.5815904907539678e-02 7.2266728116430451e-02 -6.1668176903948567e-02 -7.6013407769682559e-02 1.2897585881574380e-01 4.9804354790840062e-02 -6.4847282126801367e-02 1.5351641914951630e-01 -2.4435525704231929e-02 -3.6867168853973183e-02 3.4593460424478021e-03 5.1218787771375382e-02 -5.3458295730066427e-02 -1.2188818108562359e-02 -1.2114663578226140e-01 -1.4893934922861091e-01 -8.1089873042120772e-03 4.2452957851586128e-02 1.2290775040875140e-01 1.2283329606854421e-01 6.2617266604453506e-02 -1.1067206162369871e-02 8.2251969550264759e-02 1.5638344004435831e-01 1.2701627564415841e-01 4.7904683486813232e-02 2.6368234150239478e-01 9.3988173558790855e-02 4.0201177076989850e-02 6.7269184231967288e-02 -3.0280128718146091e-02 4.0579447201564568e-02 1.2693506798192949e-01 1.5242005672733180e-01 -1.0918961316479010e-01 1.2358428400844319e-01 2.7448583467747822e-02 -1.0048155141380680e-01 -1.2420190727998090e-01 -1.9122519207739880e-01 -2.8740252375462981e-02 2.0277134135402192e-02 -1.0752488564949959e-01 5.5590050376664243e-02 -3.2523560199413257e-02 3.9224640482005010e-02 -9.1264916412636454e-02 -5.0162588107881413e-02 2.3057554003090040e-02 1.1921207835954420e-01 -1.1270918499418379e-01 -6.8160556152500721e-04 -1.8707981085119960e-01 6.0649902256282202e-02 -2.7527596358097851e-02 -4.8327890162376277e-02 2.3799467223767279e-01 9.1316363887269728e-02 5.5804702732120397e-02 -1.8207449702174100e-01 -6.1264464211388432e-02 -2.1891576939183921e-01 -4.7829013217776807e-02 -1.8375084495267910e-02 9.1333332347962426e-02 3.8130931864994118e-02 1.4884750016844239e-01
1.3550323235849260e-01 4.9237013685175211e-02 -3.9415215243371847e-02 -1.4809481216112991e-01 5.0252296733880118e-02 -5.8860098506611731e-02 1.0675231784238209e-02 -1.1960497642756431e-01 -1.1398762127880060e-01 7.2045107794297389e-02 -1.9507182884854951e-01 1.5551768388610521e-01 9.2334276621180555e-03 1.5880362465391970e-01 4.8242763236811953e-02 -5.6794046281835812e-02 1.0894226319436820e-01 -1.3245323278749330e-01 -2.5956288504461772e-01 4.8033688882289531e-02 9.2134550057179534e-02 3.8257143723849350e-03 -2.5156092407973191e-02 -1.5519250737861071e-01 7.5712765429184370e-02 -3.8290226555483829e-02 1.6670495378211661e-01 9.5679215131084683e-02 -5.4225936607153948e-02 -1.3920712039785280e-01 1.1251613637420770e-02 -1.4972478424322691e-01 -4.7055428907916759e-02 6.5516200328856161e-02 -1.1805003455664711e-02 1.7332185691166499e-01 -4.0432937476900044e-03 9.1451712621363521e-02 1.3633548505069240e-01 5.3424480830396623e-02 1.0639900993505610e-01 -7.1664629934849837e-03 1.1957812965500740e-01 -1.0673842075692040e-01 -3.1415105436085493e-02 8.3071360236630240e-02 -3.2295600583322023e-02 -4.6231772514760287e-02 1.4767763672267789e-01 -9.7164671290353249e-02 3.5295376413022210e-02 -7.6693653041604651e-02 -8.3728399630749517e-02 1.7221420833297661e-02 -1.1595311763866630e-02 2.2745986135172661e-01 6.2283679177177483e-02 -1.2014452954903700e-01 -1.9086785442033949e-01 4.7426794258206173e-02 -2.4457120188026810e-01 3.1090329338457331e-02 4.9115857027007361e-02 1.8850910965536749e-01 4.6429432487739659e-03 3.4969908198130492e-02 2.6351392341130431e-02 8.2306161017990653e-02 -1.4327216475420179e-02 5.6773929465700809e-03 -4.7399845127807128e-04 -2.4166616426159990e-01 -8.4172345401172202e-02 -6.2473703713360071e-02 2.6606419964814132e-01 5.0431938680417898e-02 -2.1301681034147011e-02 7.0618769465219588e-03 2.9178855375464770e-02 5.9339174911433520e-02 3.3407340286111288e-02 5.6159891842407272e-02 2.0283384329940362e-03 6.3716121506403003e-02 -3.2104767110957437e-02 4.6769139495339389e-02 2.0655529064247238e-02 4.4625074390879253e-02 1.7578159281719530e-01 -1.9794636956957580e-02 -4.3301971609382761e-02 4.9588910252838202e-02 1.2396311478810340e-01 4.4498756953650848e-03 -5.9459805471284911e-02 -2.6399510040978229e-02 4.8020401563472698e-03 3.2691839780602562e-02 3.5234374137311363e-02 -8.1863666994303821e-02
-8.9709535313557166e-03 7.2116710006118315e-02 2.2221083427149679e-02 -1.0421436036210040e-01 -6.4999911607332636e-02 2.0756106694815910e-02 -6.8266034833669359e-02 -1.9729297300615251e-02 -6.5237106261192987e-02 -4.0946632595496288e-02 -5.8781792042085380e-03 2.7421619192905700e-02 8.6228908575670726e-02 -1.6869222290916649e-01 -1.2423247092674400e-01 -4.3478917338854520e-02 5.8227242268610230e-02 5.2384931292449198e-03 -8.5405682545553752e-02 -7.0896010683445865e-02 1.2205842934679501e-01 1.3327732213541191e-01 -1.7804314029414781e-01 1.2145462733178869e-02 -7.0357176515690428e-02 -1.0809613620432761e-01 3.3123872308613758e-02 5.8377453887677982e-02 4.2931582386625602e-02 3.3196379515009602e-02 1.3951160341331811e-01 1.6371047877727091e-01 1.4953334634585419e-01 -1.5462532113184079e-02 4.8786561262387619e-03 1.4229877869190879e-01 1.0461704691227050e-01 1.0760675318768280e-01 -1.5163778161462690e-01 1.8871245307758000e-01 -7.6302308571558980e-02 2.7403432272265038e-03 -1.4600508520528670e-02 1.1369907630171661e-01 -9.8350549034683599e-02 1.3602266320771231e-01 -7.1571544801770984e-02 5.4980013793477368e-02 9.7574158690036605e-02 -4.6754030086220408e-02 -1.4106448013216610e-01 6.3264287655711335e-02 6.3565865155393766e-02 -5.1901316469311440e-02 -1.2077594552736461e-01 5.0350752462337528e-02 7.7242378049794294e-02 -7.3432705413439747e-03 4.3445661013110010e-02 6.1366194403939943e-02 -1.9498317040434528e-02 6.6411945543552842e-02 1.3121233527885400e-02 4.6509317808130030e-02 -1.4636579537760491e-01 -3.4108616452587308e-03 1.1508930205983640e-01 1.0854744194307220e-01 7.2870001118798280e-02 3.8052491523000997e-02 7.0803590427666999e-02 -4.3120078792463087e-02 3.2469449082727038e-02 -2.9187465051824651e-02 -1.6605197333935390e-01 -2.0300446522299900e-01 2.1611300657006191e-01 -8.9982239137255060e-02 -5.2536069299022443e-02 1.1394520355137661e-01 1.7499071099629560e-01 -7.2370310165089394e-02 8.5857981779822595e-02 2.7036264994589720e-02 -1.8764640357060561e-01 -1.3650494742136150e-02 -1.6496432033321939e-01 2.4294089596062471e-01 -9.1362933629261067e-02 8.4131958379997842e-03 1.9504299134995179e-01 -1.0800995219956000e-01 3.1450735250589001e-02 1.4962468443303459e-01 7.0124739895790822e-02 1.6943722757623161e-01 1.6403517715723261e-02 1.3957767062594301e-01 -2.1718552327917601e-02 5.7420621278805858e-02
1.2678888807818470e-01 8.4357438333571039e-02 -1.9771979077709331e-01 -1.9942525827745139e-02 1.0254373214405110e-01 1.4092011016763101e-01 -5.3280372753160422e-02 -2.0737634600541680e-02 -1.5873352903108789e-01 1.5405392305967111e-01 -4.4301673101927508e-02 1.0428835880192670e-02 -4.7366278540605877e-02 -1.0757150255942680e-01 2.0095878580969059e-02 2.1281392341571809e-02 -5.7290997404893650e-02 8.0299504662618662e-02 1.9433495163927329e-02 7.5003425240317334e-02 4.9891220493348456e-03 -1.2789946672347799e-01 -1.6474320683838090e-01 -1.2477008487023981e-03 5.9799997892337857e-02 -2.8871560347232119e-02 1.2953290780625440e-01 7.6305644432328720e-02 9.6326672277343664e-02 1.3908779678631511e-01 4.6868016023833503e-02 -3.1831137524611128e-02 -4.2698308107419043e-02 -1.3318567198956199e-01 1.8385675427332071e-01 -1.9780797183206519e-01 1.5056595679875220e-01 4.2435389612746552e-02 1.0135973908501961e-01 -1.3606546320564869e-01 1.3853121192094600e-02 -3.7939765909364133e-02 1.8021199433246471e-01 -2.7898126658476290e-02 3.4551202565091192e-02 -1.1009663320063890e-02 6.7595109520140501e-02 1.4103485566198970e-01 -5.9440915730809139e-02 -7.2479267152654417e-02 -1.4893477972286800e-01 -8.4357187693913760e-02 -1.5327899566488351e-01 -1.7105022962575561e-01 8.5977143499519917e-02 -1.7150933376041869e-01 -7.8141076094724010e-02 -6.1041245052686197e-02 9.6328242368465086e-02 -1.5762092065070049e-01 1.1631928577280940e-02 -8.2788963821971845e-02 -3.8788887318869689e-02 4.9723977857190682e-02 6.7179011456811502e-02 -1.8885543948540379e-02 2.2402083531166980e-01 3.4843906444367412e-02 7.0753586816111713e-02 2.8616633820263862e-03 -1.4469269697001011e-01 1.1239415885742070e-01 1.0192540206410720e-01 -8.6763550543225876e-02 8.8790263035034116e-03 -7.2324495631515995e-02 -2.6615995860404040e-05 1.9409959654995129e-02 -1.5981223844130979e-01 -1.4108112342821039e-01 4.8822479887344013e-02 1.5441470543915289e-01 6.2190584012614243e-02 5.3075739428827491e-02 -1.3759186357285669e-01 1.2401534939375940e-01 -1.1154076508434439e-02 1.0263364998519110e-01 1.5153718050648260e-02 7.1726325389156728e-02 -2.3277772089563151e-02 2.2095960847527191e-01 6.1551561522328782e-02 -1.3192803435818659e-01 -7.8791089013520322e-03 2.2792202497309091e-02 3.0963063139639330e-02 9.6524038097490841e-02 -3.7427517004554108e-02 -3.0813386718420550e-02
7.5290760657835465e-02 -7.3429857619137770e-02 5.8431359335122647e-02 -1.4766488422032599e-02 -8.8345832325632437e-02 4.5778400054409156e-03 -1.4723145189037881e-01 -2.0283680572566889e-01 1.4347506827251230e-01 7.9326577299780918e-02 7.1105195864893458e-02 4.0436329326357753e-02 1.2782881271586031e-02 -1.6128453936958179e-01 9.4930875570860777e-03 -6.7191927570950521e-02 1.4980883337235160e-01 7.6927550655141480e-02 1.6436570830279379e-01 -4.8026077323945877e-02 -1.0864029918058990e-01 1.4444331505629560e-01 -8.2948077408207685e-02 1.0729540261259600e-01 4.9779196598687438e-03 1.6794152680728810e-02 -1.8444126087818319e-01 -9.3803242458194130e-02 1.7560742641043031e-01 -2.6661777672480381e-02 -1.2118158077464830e-01 -1.3162174432885301e-01 1.6822497350328470e-02 2.9655782883344559e-02 1.4301555346188949e-01 2.7865431918882130e-02 8.0679553003105975e-02 -2.7420335601980879e-02 6.2499937358715847e-02 8.1862355607220272e-02 1.0702454486622760e-01 8.7154190447227553e-02 9.0976891925887371e-02 2.3363326050953811e-02 4.3180447496621283e-02 1.5038281761430650e-01 1.7424695560839060e-02 4.5766886200737107e-02 6.0740034869068732e-02 -9.5582091423300944e-02 1.3612624599921661e-01 6.0868467839428984e-03 -6.9112016212617394e-02 1.0448860472431480e-01 1.7635041876450819e-01 1.2128510589091440e-01 1.2843609181152191e-01 -1.2852406025688551e-01 9.8662417455020773e-02 4.9583397842557227e-02 -1.5829381731467720e-01 -1.2488825954877850e-01 -1.3793981143441791e-01 -9.3214500300249095e-02 -4.7631322132301701e-02 2.2470882410637431e-02 -1.2299472506878650e-01 -6.5580835465588086e-02 -5.4214342539947211e-02 -2.4133810914391871e-01 -4.8874833870464901e-02 3.6524160536747181e-02 -8.9486560068554322e-02 4.0039309814631781e-02 1.7185551318663159e-02 -1.7050371126220351e-01 1.4758232933974390e-02 1.1090381023315200e-01 3.3171955042655243e-02 -1.3865453007105910e-01 -3.4327706951496069e-02 8.0049800756973183e-02 -3.6314371331885982e-02 7.4479788440202532e-02 4.1587700340790103e-02 2.3941568815091591e-02 -2.7841048581079519e-01 -6.4029200792738226e-04 -1.8747063564423030e-02 -2.4525261373148930e-03 -1.0673119665822881e-01 -1.3015830263804790e-01 9.0363948471728281e-03 -9.3266339286027983e-02 -5.9947436158874018e-02 -4.1960550491675033e-02 1.6661387311419518e-02 1.8222476239244420e-01 -9.0503649697512545e-04 -6.2408592655082563e-02
-8.8247072911543809e-02 7.0084858175892287e-02 -4.7382033554121038e-02 -2.0900598997137441e-03 -4.9906527023930440e-02 -1.0647945033250990e-01 2.8336464787664509e-02 -1.7083150282069609e-01 -1.4242591011536859e-01 1.3732251064911660e-01 -2.7844480811756001e-02 7.3898746537623183e-02 1.4215098931264369e-01 5.2861707841141796e-03 7.0689873448140872e-02 1.7957476736038119e-01 -6.1123074648214648e-02 -8.7014635160919090e-02 1.6532679751788670e-01 -2.9084670584087130e-01 9.5070044940419859e-02 8.2746124064094206e-03 -1.4836011156704801e-01 1.3852153614305859e-01 1.7021591697515590e-02 2.6326015800110968e-02 -1.6373498425501101e-01 -1.7244982275596409e-02 -8.9894039989954322e-02 1.9834658117188521e-02 5.2576955552038368e-02 5.0055207474904238e-02 2.8258198436357480e-02 1.3476814403719350e-02 -5.8760676528363198e-02 -2.0043142669822528e-03 1.7781407196645099e-01 5.2150743857496247e-02 6.5738447249648599e-02 7.8133959129978118e-03 7.2799674117382016e-02 1.2336408093450670e-01 7.9918423348240772e-02 -6.7599398488218332e-02 -2.6269040749741408e-02 -7.1041427907500801e-02 8.6864370966630890e-03 -1.6390627453215550e-02 9.2534962964725409e-02 -8.3861039779678362e-02 -2.5112275404358300e-02 -4.0159319684834431e-02 3.2848749683661527e-02 3.6364081389824263e-02 -6.6213233992385684e-02 -6.8726403732921160e-02 -4.8948959114831943e-02 1.6752529425899931e-01 -3.0925694903762530e-02 3.6074549871248161e-02 6.2046709558191181e-03 1.5565483420907439e-01 1.6627872059902460e-02 -8.2421167766855472e-02 1.9153859253029001e-01 -2.5944717823240281e-03 -1.4430596417907340e-01 5.9277761231034190e-02 -1.2962489907763169e-01 4.6119297143646598e-02 1.0971310770435851e-01 -5.4959848283388131e-02 9.8743552167797677e-02 9.5638085431897737e-02 8.7012146109332403e-02 -4.9750092941829263e-02 4.4356236840179780e-02 -1.0776865203345350e-01 -1.5024740065986791e-01 7.7343486249606699e-02 2.0653350509819871e-02 1.3879125022952110e-01 -7.6844926741505684e-02 -6.3036182762689061e-02 -1.1305256710229780e-01 1.7584129613002149e-02 6.7405293778984590e-02 3.3841532388311613e-02 1.1566011974135880e-01 -6.1303362613061657e-02 8.4686227959638483e-02 -1.0288170169612670e-01 -2.7210381527093180e-01 -2.8436525799163798e-01 -5.6265663970126008e-02 -7.9509766306209803e-02 9.5465132975146361e-02 -8.9288042538310436e-02 -1.9913857117959169e-03 -1.3442516865770729e-01
6.6285799859639116e-02 -3.8317684474328199e-02 1.7694300871484402e-02 2.0846529114179051e-02 2.4059749118429880e-01 1.1487073523045160e-01 -4.3719174163381412e-02 -1.9976155899739920e-02 -4.5692884363653187e-02 7.1409085386339929e-02 -4.5432838355908237e-02 8.2628084207750377e-02 -7.5762139724979433e-03 -6.0778758345467802e-02 2.0257948737255721e-01 -1.2313643507363241e-02 2.3658410518065031e-03 7.4609844901697128e-02 -1.4290973700233689e-01 4.4849715781277000e-02 6.5584294074013420e-03 6.1785360232996800e-02 -9.2315921202340945e-02 -3.8580047851168690e-02 -1.0296539640070160e-01 1.8409730107913630e-01 -1.2109303159364000e-02 -3.9475110983258318e-03 1.2665781086776209e-01 -7.8800478919837880e-02 -1.7041967108312420e-01 2.2072769201734260e-01 2.4343377186175581e-02 1.0495708529013289e-02 -1.5363422619843539e-01 1.4745758006418910e-01 -9.4648865940778690e-02 -1.1972620248815150e-01 -7.9792378045626736e-03 -4.2650391404051233e-02 -1.0726022021865980e-01 1.4049919124201740e-01 2.0204404028430229e-02 -1.0454761682174060e-01 3.3271103614559610e-03 -1.1174816105140420e-01 -6.5130121582734901e-02 -2.9920166114615329e-02 -5.6938100098738148e-02 -3.4510393678351077e-02 3.4239704929127757e-02 2.4772502697982032e-02 -4.0809344960551622e-02 7.3067364964412157e-02 -1.2987449845102569e-02 2.1811052110673770e-01 -1.2385575821665611e-01 -1.2505855735299080e-02 2.0989371166605619e-01 -1.4026216326641541e-01 1.2278309430252821e-01 -7.6190240227739681e-02 2.0795562111396281e-02 6.1181859464420528e-02 2.0783481140407711e-01 -5.2567941233944558e-02 2.1287482325160350e-02 -1.1443902131284140e-02 5.5287769369450297e-02 5.7103708239403937e-02 1.6302918002774891e-01 -1.5217475189525530e-02 -2.0535357346594660e-01 1.7009351679331500e-01 -1.6795414301826991e-01 -3.1004932338991060e-02 8.7000640453345462e-02 -3.1903139172214413e-02 -7.9453819297448672e-02 3.2905657605335467e-02 -1.0537601706104741e-01 5.8892610653767170e-02 -1.4524588146975631e-01 3.7332542484769568e-02 -1.1204485778592950e-01 3.2723049140740063e-02 1.0447733012529960e-01 5.2978374223275823e-02 -3.9808345231484013e-03 -6.9262320666325594e-02 -1.6421774866828040e-01 4.0632387771230988e-02 -9.1637358055765922e-02 5.9211232585985880e-02 5.9334333594821487e-02 8.0374006597795547e-02 -7.4647352365633912e-02 1.8493936631240840e-01 1.0298773935218269e-01 -9.8521025642323359e-02
1.5058843266165200e-02 -1.1459278263133230e-02 6.3747218530752880e-02 -1.2596351322329230e-01 2.5037861657940589e-02 5.9851515706017842e-02 -4.9243308094813122e-02 -3.6797760402660723e-02 8.8760272441984006e-02 8.3113623582286272e-02 9.6626066406073574e-02 -3.1040363900081860e-03 -8.2902506023413078e-02 -9.5696889669361476e-02 3.0841632991108672e-02 -1.7408126800983401e-02 -8.6815240206008976e-02 -2.5139598765730542e-01 -1.6936213638576941e-01 -6.4572075793840056e-02 -7.3960861228488245e-02 7.8668480607004571e-02 -7.8200727913027526e-02 1.4915946658218721e-01 1.1550967465121230e-01 9.0964243572042178e-02 9.2176595627801380e-03 5.6603726932139338e-02 -8.5594124013089051e-02 -3.5331371210917797e-02 6.2681835425731441e-02 3.3039218778659500e-02 -1.2075622931916161e-01 -1.7537027284970939e-02 -4.3588254162286413e-02 -9.4496147537148578e-02 -3.4361533548893368e-02 8.6231061695437358e-02 -5.8826196410081383e-02 9.3748324621269849e-02 1.1619303108188210e-01 1.5838405294952989e-02 1.8708408229970530e-01 4.1253144918908288e-02 -7.8315057343108049e-02 -6.2273102370180883e-02 -2.2505323939528721e-01 2.0941508484417119e-02 4.2091053351626852e-03 5.2123198907817478e-03 -1.1497247916869300e-02 -5.4221598237463031e-02 2.2771190802740329e-01 8.5041505997608527e-02 2.1068497448979109e-01 -8.9673492746642131e-02 5.8986731330668033e-03 -2.2062164612067350e-01 2.1350028378538190e-04 -7.3973358528149208e-02 4.3163523863273608e-02 2.1699444294155201e-01 4.7742707976593891e-02 4.8476996798326712e-02 -5.8845873214822937e-02 -4.6093949760704182e-02 -1.6718680960338109e-01 -4.0640325315263147e-02 6.5335986387637879e-02 -3.0851739767686060e-02 7.2734860126632647e-02 1.7596592854215010e-01 -3.1060059581458799e-01 -1.4103969543201800e-01 -1.3641197752994291e-01 5.7848828148493167e-02 -6.6681455206227896e-02 5.7627180013443510e-02 7.3998703456955124e-03 -8.4008296391019713e-02 7.3944992298261292e-02 -6.5837590270898638e-02 7.0922406173485428e-02 -2.8737775547391670e-02 -4.2014407609072470e-02 -4.8326641112516833e-02 1.0206939119999829e-03 -4.8835586382836582e-02 7.3068838443940451e-02 4.0985543888150761e-02 1.3637175193789469e-01 2.5428783719930198e-01 -1.2478707877139100e-01 -1.4853956952891829e-02 -3.2019183876352011e-02 6.6601422871197542e-03 3.5018109716293808e-02 -6.6191944485649273e-02 4.3912646449105759e-02 3.1260653154889732e-02
1.1014938126246900e-02 -5.6195940848889431e-02 -4.5330035439227923e-02 -1.2538566551392150e-02 1.2177436553240779e-01 8.2115404334380555e-06 1.1087681206838690e-01 -1.6096482539897511e-01 -6.8595797737284872e-02 -1.5513089364268290e-01 1.0670547173337119e-01 3.6345119935010189e-02 -1.4776382701531920e-01 -1.7491325211654450e-03 8.5475030092641534e-03 -1.6275873829737489e-01 1.8228597711258321e-01 7.8489273246839547e-02 4.2841192221901112e-03 -4.4926508561941761e-02 -7.3089170021035420e-03 5.0270841922237880e-02 -1.3155723788566329e-01 2.6580769331545201e-01 -8.2810969887934502e-02 2.9381167989586079e-02 1.0028109732757649e-01 -4.9630311069389449e-02 1.1132676987802639e-01 1.4258805478420030e-02 -8.0045605762313371e-02 -1.0926581190905731e-01 6.8903055677257796e-02 -6.6067689964251150e-03 9.7017227187236044e-03 4.7973613919821897e-02 1.0379947972133281e-02 6.9586988377846021e-02 1.0527202648816560e-01 3.1012768388905761e-02 1.5775909277131409e-02 -4.9963427961956443e-02 -8.7027990180729070e-02 4.3608791980357518e-02 3.2651718303836508e-02 -1.9874933701007899e-01 -1.2214269466631771e-01 -8.2906707821006585e-03 -4.8640418042375920e-02 1.6427283515781990e-01 -7.9615433267950841e-02 5.6047805023829958e-02 7.3497716000701499e-02 5.9397424441244212e-02 -1.2694903582216341e-01 -4.6727739721743863e-02 -1.0819984648417330e-01 -9.3013066174614051e-02 -2.5339029553071768e-01 -1.7536728633345439e-01 -6.3016206136246575e-02 -6.7021335012343350e-02 2.0357552974529150e-01 6.5984627402983942e-02 -1.1166651759544040e-01 -8.0962968291336687e-02 1.6736978686254370e-01 -5.8611081080387192e-02 1.9882237635322229e-02 5.6795488971481872e-02 7.7856559609815162e-02 1.4656900436016749e-02 1.3712545805280880e-02 1.3052176180177280e-01 6.8269708265008736e-02 1.4034294276556661e-01 -7.7751664445526836e-02 3.6416800758841690e-02 2.9354683724193090e-03 2.5800503806741391e-02 -7.9037961885613933e-02 5.6769645007079567e-02 -1.3096084120091930e-02 9.7921824364068960e-02 -1.1962924788199340e-01 -4.5387067918807339e-02 -1.7669634304487269e-01 -3.7694661776781609e-02 -4.9299050216644463e-02 -4.8599834924704557e-02 -3.1656448277476913e-02 -8.0552942368480249e-02 -1.4851520493286349e-01 -7.7836130381733648e-02 3.6148439951725168e-02 -7.3821144258678306e-02 1.6795574209590489e-01 -2.6460174169247619e-02 -2.5947398002334748e-01 1.3863437812302681e-01
-5.1104632876301549e-03 2.4517976398709920e-02 -6.5590430161883394e-03 -3.5915253929486363e-01 4.6788804589475820e-03 -7.3940624621401510e-02 7.7304514566068711e-02 -1.4419702555018290e-02 -1.2204640377481089e-01 -2.5032342602733491e-02 3.9824362848254642e-02 -3.2972749294962848e-03 -3.5099993245387082e-02 6.1343743426784919e-02 1.0040606464541360e-01 -1.4497534543476551e-01 -6.6765219675326185e-02 -8.9409278594469621e-02 8.6287883967936546e-02 3.0908840780860709e-02 -6.4837378659531278e-02 5.6415136324432277e-02 -9.6107586711920955e-03 8.2177262905521922e-02 2.0956000911878301e-02 -1.4127680175171589e-01 -3.6404734561790303e-02 1.8075780367006269e-01 -1.3628819038479870e-01 -1.4142185975957400e-02 -6.2735553835345736e-02 -3.9133975554387003e-02 8.9373352805336131e-03 1.6909293221436361e-01 8.9795782423728703e-03 -1.2574465821782199e-01 -3.8629354518950818e-02 -1.0194694661063709e-01 -1.4649635329538260e-01 -1.0966477630794570e-01 -5.0428985276506910e-03 -3.7893669439630497e-02 9.9027787926716349e-02 1.1038477699272881e-01 2.8845603453771209e-02 -3.6189073939736957e-02 1.0457501428888470e-01 -1.9309776616541569e-02 -5.5244103012044229e-02 1.3299584403314171e-01 9.6076749326032773e-02 -1.6399253992722809e-02 -4.0732921942174824e-03 4.6857428431862358e-02 -9.7584926327149227e-02 -1.3183875540313769e-01 -1.2735022196296250e-01 3.2953508721583181e-03 -1.4401165212772740e-01 8.4477844466963700e-02 6.7983102188049815e-02 -1.2459707154153100e-01 -3.0161479564123919e-02 -1.8301228579537150e-02 3.6804339114918157e-02 -5.1716844680884513e-02 -1.7453101534787960e-01 -1.9550133271300360e-01 1.1297097160032681e-01 -2.6112011121766299e-01 5.2800599599036747e-02 -5.4258983910250462e-02 3.2551636623782881e-02 7.9002685927900579e-02 7.1409392201333882e-02 3.6462291611197052e-02 1.8276863499260659e-01 -6.9267730818818214e-03 -1.6270548083968470e-02 -5.1004312386361897e-02 -3.0988347264736309e-02 2.0676178795013181e-01 2.0990631964327738e-02 -6.7189035159636853e-02 -1.2709385854034319e-01 -7.0407492884921763e-02 1.6013579642170771e-02 2.1450939937474570e-01 -2.5108497604062752e-02 -2.4024999766588132e-02 -6.4945016269756087e-02 -1.8302515653189900e-04 5.1302941303107717e-02 9.6421172943381026e-02 -6.9247017735182506e-02 2.4540397955469709e-01 -1.7319694979573139e-01 3.9283195510260799e-02 2.0815448263368699e-02 1.4389768577997800e-02
-1.6308680608511061e-01 2.1550547843111639e-01 -4.4186315145223809e-02 8.4292443952040455e-02 1.3448591456156509e-02 6.3988249572474593e-02 6.1785630114348587e-02 -8.6595411184038115e-02 9.7240896881776478e-02 1.6603512505502849e-01 1.2448919221162399e-01 -7.3118549780832612e-02 -1.0334450894162379e-01 4.1815897876890003e-02 1.4765245286114129e-01 -1.5646003436493469e-01 -3.9036246572321909e-02 1.0061940939965990e-01 1.9838136762909131e-02 -5.8463498279167997e-02 -1.4775834994240880e-01 7.3407204501742582e-02 -5.8061097937333127e-02 -7.7657655608020223e-02 8.8220894879194434e-02 -1.7636908559037509e-01 -3.5954354665481837e-02 -8.7512338422336577e-02 3.9960145763563498e-03 1.6987129544585139e-01 -1.0059005263233270e-01 1.3440474672992661e-01 -9.2268129772589847e-03 1.0715763235996981e-01 -1.6616731672948629e-01 1.3411876114632609e-01 1.1679530999759680e-01 8.2627672065126639e-02 4.1651837426393161e-02 8.3719883691767666e-02 2.0871211955056340e-02 -5.9742175976225671e-02 -6.5462486380450421e-02 7.3307404894886782e-02 9.6484837521378611e-02 1.1183871717047850e-02 1.1381807708086700e-01 -1.0283257632415671e-02 -1.0706596506862270e-01 -1.3515706465202059e-03 -1.8408338781070990e-03 -7.6152463485084823e-02 1.0735917568438599e-01 -1.1572127642164259e-01 -2.4612629495778551e-01 -5.5860389196636370e-02 -7.2693456948178470e-02 3.0325879332247799e-02 1.3194625987592720e-01 4.0345676644781059e-02 -2.6781303123741751e-01 2.3035441446157959e-01 2.4522190743346290e-02 2.3561856251195820e-02 6.1161830400152987e-02 1.1887241595815121e-01 -7.3861593945456272e-02 1.2558283277583721e-01 1.1355859237558311e-01 8.6484199788714501e-03 6.0231463704497848e-02 9.9736716159857700e-02 -7.8632032873019869e-02 1.1484981510587760e-02 5.5125439912600258e-02 5.9836969975401201e-02 7.6126900983909994e-03 7.4276140929281614e-02 1.5009626763424950e-02 -8.1466611819729751e-02 -1.2881493683194259e-01 -3.2826715816688543e-02 4.3297874485268402e-02 -2.2034291494437620e-02 4.7099657376554790e-02 1.6976884258743649e-01 -7.0473743508543503e-03 -5.2125947286007453e-02 1.1935587344845459e-01 -2.5363080505240759e-02 -1.5773003297686949e-02 7.6916709792983415e-02 1.6329950589337719e-01 7.4828075525172830e-02 -8.7742661520074081e-02 2.1549813367139719e-02 -7.3439216182895020e-02 8.1336577235050875e-02 -1.7536802110312361e-01 -7.0985639717739630e-03
1.3847157407114180e-01 -7.9258055497152258e-02 -5.0567123912514653e-02 2.3600146358351160e-02 2.6914841021959519e-02 1.2862322573564991e-01 -5.8559517303777703e-02 1.4627780302431850e-01 1.5703668393935249e-01 1.7068100783257659e-02 1.1181630290425509e-01 -1.1626993196942211e-01 1.2561604717491810e-03 1.6096297226884940e-01 1.6893708373594728e-02 -6.4936860344981223e-02 2.0025482506822939e-01 -5.5300131358179839e-03 1.2117227584126600e-01 -1.6490311724149258e-02 -7.5931696237125285e-02 -8.5373556914384488e-02 9.5575127026766724e-02 1.0992859261973410e-01 2.2690662869153139e-02 2.1049353368408331e-02 -1.8091618037995739e-02 1.9225378894301211e-02 -1.7298070111445990e-03 1.6457404265258591e-01 9.4043606190047715e-02 -1.1720890286305279e-02 2.5115346306237708e-03 7.8908348064933104e-02 -6.6085969929920357e-02 -2.3529195159302629e-02 1.1364158865755390e-01 -1.5455517871338059e-01 -4.4188763205079633e-02 -1.6824366391592811e-02 2.1442534147814080e-02 8.2884230444052381e-02 -3.6004266449150370e-02 1.0275080429709080e-01 5.4497275039501938e-03 1.2947030507195900e-01 -3.1902354834232621e-02 4.2881841091290999e-02 5.9313701930579173e-02 8.6757481186680099e-02 -3.6897396781872503e-02 6.1575541583451833e-02 9.8477554673686157e-02 2.1692250395317189e-01 8.1049129428952690e-02 2.0970178540318671e-02 1.1690328839304159e-01 -3.8171906680612128e-02 -9.1516343773912871e-03 -5.5416348310362760e-02 1.2559529423147480e-02 4.8294008417717561e-02 1.0183734660693190e-01 9.6869275322873483e-02 1.6114456909840069e-01 3.4626135600155893e-02 -2.4143055278982199e-02 -8.5451892724436804e-02 1.1695942232675030e-01 2.3593625015276171e-01 -2.5810784485695310e-02 -1.4837841281178071e-01 6.4977546155664673e-02 -5.4043448819944717e-02 -3.8997493558017397e-02 1.7270086103076350e-02 -1.4247137183395189e-01 -1.4552744304036960e-02 -2.0007159347909950e-01 2.5293751824905131e-01 -3.1757402770488517e-02 1.4747219310423559e-01 9.3076116180224933e-02 -7.9352202762198079e-02 -1.8543798862670119e-01 6.8585975633835505e-02 -1.7582103959163820e-01 -1.7432262782567549e-02 1.2553364373925391e-01 1.3535914840390939e-01 4.7936079956842279e-03 -2.5003223630038689e-02 1.5798168793132661e-01 1.0364548865046570e-03 4.0372124091960927e-02 1.9087028776467591e-02 -1.2837496782140501e-01 -4.5332700465961537e-02 4.2347845383166612e-02 -2.4650624469595961e-01
1.2838337126759980e-01 -5.4423559532108499e-02 1.2139444487404710e-02 -3.7591576111205300e-03 2.2458422611226471e-02 6.4620502816094702e-02 3.2719434257180477e-02 8.5532955066986785e-02 -9.9894280303153477e-02 -1.0686149614978931e-01 5.5871646345809621e-02 -1.2566009489293609e-01 5.2832366962092953e-02 5.4850553205258883e-02 1.5343564155979089e-01 8.4545876178290263e-02 -3.9802671501232352e-02 9.8827796075016711e-02 -1.6465508168147149e-02 3.2041688764841557e-02 2.9312325375636789e-02 1.2754122004623869e-01 1.4080756229831581e-01 -8.1253931203719612e-02 -4.9657675077176090e-02 -4.3865427455594672e-02 5.0670215905107931e-02 7.5846520502293596e-02 -1.9770983249748761e-01 3.6490524056094951e-02 -9.6835325521365506e-02 -7.6823720541175672e-02 -9.9299251332324256e-02 4.5023226868221231e-02 -4.4453451305989829e-02 -1.9042004823438841e-01 7.2665170631423276e-02 5.4402362363262867e-02 -8.3757410455529382e-02 8.2460355942981595e-02 9.5186709983539591e-02 8.7926608928398792e-02 4.6742499280723181e-02 8.7934944026239859e-02 -1.1136113255081740e-02 -1.9403970485376709e-01 5.5117319833835408e-02 3.5383167841180913e-01 -1.2714730947008901e-01 -1.5244768152204069e-01 -1.9675664233064331e-02 1.0882297120780569e-01 -9.1520049047176893e-02 1.8034186224687929e-01 -4.2856705398053890e-02 1.1695904383814000e-02 -1.8085024123208801e-01 8.3944463525168087e-02 2.9367584898914059e-03 1.3144152834093101e-01 -8.2960635557712104e-02 3.1980215708088171e-02 1.1816711738487670e-01 1.7755726195093019e-01 -4.3053528108250708e-02 1.4758337953098060e-02 1.5061703066787391e-02 -3.1371127124171991e-03 -1.0975079550173610e-01 -7.9382802341579961e-02 3.2561394695741052e-03 1.3399251898024369e-02 -5.9992374274772310e-02 5.4945235495561663e-02 -1.2349042020651470e-01 -1.1268879778835790e-01 8.6353800877758444e-02 -1.9720952636711600e-02 5.8017808767676503e-02 8.0744558118120674e-02 2.6143737646067222e-01 -9.7643149989385822e-02 1.1569143157246629e-01 1.3462224259738750e-01 6.8176037229151540e-02 6.0319075309778952e-02 -8.8003751133596125e-02 -1.4299776962243149e-01 6.0078179604146749e-02 -1.1150613607410439e-01 -5.9028324526131527e-02 -5.3611049579064478e-02 -3.2311302998649233e-02 -3.6960865909905480e-02 1.2667528332930000e-02 -1.5028993523301740e-01 8.9588712114638865e-03 1.0732145029162130e-01 -7.6297292671289235e-02 -1.0990810729695150e-01
-8.0004219527543385e-02 -2.9600240417352311e-03 4.1710339823637442e-02 7.3642080388754860e-02 6.4820746452659325e-02 -3.6104997415248898e-02 1.9856666654214299e-02 9.8441977671298753e-02 5.9159694407542656e-03 3.8614912893369477e-02 -4.2014372197426340e-02 1.0465035492093520e-01 -1.3115220555947230e-01 -7.8374599886131616e-02 6.3115508058635791e-02 -3.8378390100956860e-03 -9.8378440716266044e-02 9.8023754492560608e-02 1.8150544463365819e-02 7.3568871318605580e-02 1.5548116216266269e-01 -4.9636483992303748e-02 3.9559585803878097e-02 1.6303370297951619e-01 -4.7063745831093858e-02 -1.9231847027094590e-01 7.4379591690815330e-02 6.7722762859052515e-02 -1.6473251301494851e-02 -8.9139198787120857e-02 -5.7801546225087062e-02 -4.7330703164125118e-02 -7.3298324624579553e-02 -2.0441784683461220e-01 2.2548985732918281e-01 1.2628564530650879e-01 7.9930469174362834e-02 -9.0348636055625445e-02 8.4924467992962771e-02 1.2928615404320221e-01 8.3177253122910966e-02 -4.9388678917040088e-02 -1.2946819785199709e-01 -1.3366078595223191e-01 1.7594258983004690e-03 -6.1778203407756221e-02 -4.5802254183367953e-02 3.7217675091882063e-02 1.8749447177317821e-01 -1.0261849181832310e-01 -9.9911384667990849e-02 1.1974387360062520e-01 -8.0460970873664966e-02 1.6618007526839579e-01 2.3462938567605909e-02 3.7443170230603597e-02 -1.2881813423259850e-01 -3.2229499469502883e-02 4.7007020643678170e-02 2.4704390419192260e-02 -5.2089711587346647e-02 9.0953295058772268e-02 -9.6113738886058175e-02 -1.0521291819742010e-01 1.7211792704588960e-01 1.3584768747746501e-01 -9.0505192031691981e-02 -1.5315631261355300e-01 1.6321402789661371e-01 2.2375142627949231e-02 2.0889571625202710e-01 -3.9359540836885122e-02 6.9229307123539571e-02 1.8223723858905461e-02 -8.8423102588935681e-02 8.2136559672226980e-02 1.0861863942996010e-01 1.0391527006664160e-01 1.0236777452634491e-01 -3.0224571131124148e-02 1.0567550689687521e-02 5.3370116427333192e-02 1.8891664264298741e-01 1.0817864439177689e-01 1.4192935308942439e-01 -1.1493726722149530e-02 -8.4456528657459399e-03 -5.9169483986257557e-02 3.5759240917259703e-02 1.4146233210350320e-01 6.0603382861263329e-02 -2.7977073445359997e-04 4.1838488174860952e-02 -5.2892588160475623e-02 7.2813061082408245e-02 2.7747689116499169e-01 3.2065040224820068e-02 -1.7140510141694990e-01 -3.2634163753541931e-02 -3.9955138236583941e-02
-6.2178955483833509e-02 1.3457526144086621e-01 9.1801062465499086e-02 6.6949653035016637e-03 2.7047360003284469e-02 6.4764353415831546e-02 -1.5091381484018859e-01 -2.3233025076500090e-03 -1.4226470184263229e-01 7.4908251798214351e-02 -1.6987658494785410e-02 2.6717358361984161e-02 4.8970351923078588e-02 -2.0342565848165399e-02 1.0927211457302451e-01 1.3363842898692180e-01 2.7799069045537941e-02 3.7295553894560463e-02 1.9357757282861110e-01 -2.2643079909174921e-01 3.8883350399646403e-02 1.3824542236524440e-01 3.0274854825935921e-01 5.4548575827176149e-02 1.0819698162234589e-01 6.2211092944344563e-02 1.6169319040600730e-01 -9.7426264438254459e-02 -1.3015221308338399e-03 -1.2509014617102771e-01 1.7923809080253461e-01 -8.4744155430498902e-02 -2.0619770250364561e-01 3.3937927973823251e-02 -2.6607516071995681e-02 1.2450739289768270e-01 -1.8328454701258140e-01 1.0718200279318441e-01 -1.5912062197257781e-02 -2.0185264628914779e-02 -4.4652877602558767e-02 3.7469759574614243e-02 -1.2918600630080579e-01 8.0887209812273958e-02 -2.3504146965332740e-01 7.9424749031702144e-02 6.2142027266104363e-02 -8.3296252331657633e-02 -8.7059016983528484e-02 -1.9005382321433920e-01 -6.4525541654714538e-02 -4.2060061098182347e-02 5.0349545048908290e-02 -2.7028125677436520e-02 4.7021579422035220e-02 1.5947679846552779e-02 -9.2401607949521875e-02 4.4336335749256370e-02 -1.4723565181476560e-03 3.5822169642134367e-02 5.4663324414708732e-02 -7.8960394029388842e-02 -7.1554926923739423e-02 2.3126327785526452e-02 -1.8265235733530061e-01 -1.4575290728480580e-01 9.4026360232555978e-02 -1.1162303405446170e-01 2.0115640269590951e-01 5.1845292831858091e-02 5.2540284967477341e-02 5.1138879465913369e-02 -3.9147662737468846e-03 7.7648218074910125e-02 5.9824808988746349e-02 3.2847898690782688e-02 -7.4457632432454637e-02 -4.4272157995300973e-02 -1.5613255239365709e-01 -8.4195098320743719e-02 1.0597724451287360e-03 -4.4627886950940566e-03 -4.1494064469034753e-02 -1.2765326512735301e-02 3.4443004439120677e-02 4.3008768301859249e-02 -1.8026465346673731e-01 2.3402373385259839e-02 9.5260009584051494e-02 -5.7390810013371263e-02 -1.4154201506707900e-01 7.6281802614420677e-02 2.8504205174990568e-02 -3.1040381082217971e-02 5.7594298288929247e-03 1.3966455288174159e-01 -4.2129614558608121e-02 -3.7202771706227572e-02 -9.2863089667747215e-02 -1.6160806190190970e-03
-1.9942524561839681e-01 -7.6359104500095976e-02 -8.4013067660450330e-02 8.8363658603426584e-02 -1.2238892509682390e-02 -1.2404828558456921e-01 -8.9088117866002625e-02 -8.6486091481973282e-02 9.4763190483772450e-02 1.0240135478855580e-01 1.7152828975432949e-01 -1.0904368719730431e-02 -4.0360783895013623e-02 -3.2151857686208207e-02 -1.0366444967452330e-01 4.5695084365084057e-02 1.7248928278463191e-01 1.0499711793968400e-01 -1.9024916917908169e-01 1.2887344977000401e-01 -2.4802650326138209e-01 9.3823840736994193e-02 1.9435907983646811e-01 4.2507060313192811e-02 1.1011819490597661e-02 9.1236390074659779e-02 8.7633041325861118e-03 5.3225508810798863e-02 -7.9906511138619879e-02 -9.8394024667527266e-02 2.0905283813327881e-02 2.0471688812907921e-01 7.3675456119825754e-03 7.2392531394413900e-02 7.4489878727160355e-02 -1.6750005201652621e-01 -5.4611354247843087e-02 -1.4369078601775540e-01 1.9275660474720091e-01 1.5747604376901031e-01 -3.4908082566664382e-02 3.2877859231928708e-02 1.6355885224900440e-01 -1.5310007381542220e-02 -7.4656274030043060e-02 -6.3732662292745088e-02 1.9440720230025209e-02 -3.8839505754529623e-02 -2.4992106316207071e-02 -9.0252890206884331e-02 -3.2798376777706091e-02 -6.1240550398706968e-02 6.1042850451351431e-02 5.2160179166625048e-02 -4.3769685317793287e-02 4.4398312249656770e-02 -7.1371222827751435e-02 -9.8912737242854518e-03 -5.3731204256303969e-02 4.9514030272478630e-02 7.0318485187989249e-02 1.1012363395923901e-01 -8.8697349202894543e-02 5.2358154571651279e-02 1.9913229692498719e-02 4.7376128732369321e-02 1.5853205540991350e-01 1.7836604141441981e-01 -9.2418501978196191e-02 4.9860799829738495e-04 -1.8498794252460080e-01 -1.1693786354410141e-01 6.3705349138295342e-02 1.7524445815582029e-01 1.3083606980747370e-01 6.3564471392269353e-02 2.0447389160641671e-01 1.0544780329149880e-01 -1.2474566871108830e-01 -6.9298048872587864e-02 1.0186227236828960e-01 4.9055601598038852e-02 2.2879450927182861e-02 -7.6108767476690015e-02 -3.2769700845725780e-02 -1.2596490682825220e-01 -4.8815461865705227e-02 -2.4755560858877718e-02 -8.3573617518741303e-02 -1.3057937879037100e-02 2.3913311036059731e-02 4.2501690495521591e-02 -5.5302030448705752e-03 -4.7804715394714467e-02 8.1277310631586497e-02 1.5456898120869941e-01 -4.1969228567152912e-02 -9.7050249772376224e-02 -5.7751277264866008e-02 -4.7443862891551981e-02
-1.3518100395566929e-01 4.6908359379697381e-02 -8.4704141137904629e-02 -1.2451456433797470e-01 -8.9426763871022830e-02 -9.9638352062864824e-02 7.1849672559835848e-02 1.2846689313653289e-01 8.1404034672808989e-02 -8.5205513991485446e-02 7.8894998556501256e-02 -5.3688633761451901e-02 -1.1141689527819840e-01 2.1279112168111510e-02 1.2171664720379050e-01 2.4717919208792970e-02 -3.0438983586420831e-02 4.6738849998726538e-02 -1.2515451643137229e-01 -4.0352053539140342e-02 -3.4262481920279718e-02 -3.2872929561565047e-02 -1.0613608597539689e-01 -5.3069071455715218e-02 1.2683971390230570e-01 2.9681794492982930e-02 -7.0081916501760697e-02 -1.7665983241530200e-01 2.0300728601354609e-01 1.1343360368064240e-01 -1.5950601680696599e-01 6.3019706465311978e-02 -1.1799454328050230e-01 9.8288618925238658e-02 8.4661155077431258e-02 6.7189478796436160e-03 8.7957110579913553e-02 7.3584579367658526e-02 4.5887188269255731e-02 3.9388967062210539e-02 6.3972441972383831e-02 1.1452423148590270e-01 -7.9701902772709762e-02 -2.5971104101872128e-01 4.9402042299358531e-02 8.5413113236476795e-02 1.1107081805069870e-01 2.5500001259073118e-02 1.8206090790682641e-01 -2.8194043128215090e-02 -2.3907314631040211e-01 9.8539718166495399e-02 -4.5781797597305988e-02 -7.6114012352546903e-02 1.8874845284332850e-02 8.3561250051911770e-02 -6.6616729515896908e-02 -3.1349133585448939e-03 -8.0740243756962912e-02 6.0033385611134792e-04 2.2079154390066580e-01 -4.9394938562384708e-02 -5.3881106410359557e-02 1.7847252678931211e-01 -2.1382719617325521e-01 -1.4950692067343899e-01 -2.9303303746087670e-02 -7.0176503853419031e-02 -2.2879232039132610e-02 -8.2266546471173693e-02 1.2620579087323619e-01 5.0586570853818652e-02 -4.5856259834114232e-02 -1.2179437428258071e-01 1.2639927500658499e-01 -9.7936931079707815e-02 1.5934080586540739e-02 5.4223813809412102e-02 -9.9437309803687188e-02 1.8599646768649580e-01 1.0910852370053550e-01 3.7619585345997568e-02 7.3672620614269428e-03 -9.3861153149447790e-02 2.0105464917138990e-02 -1.0149682588649210e-03 1.3531123007025300e-02 -8.0392641633767206e-02 -6.5578797536486558e-02 5.0030985996973767e-02 -6.2624783484140162e-02 1.7024594030390552e-02 -8.7249353921581424e-02 -4.3516963716311603e-03 -3.2705212238775337e-02 -3.7846171657232162e-02 -2.6230195203836149e-01 -8.7142312578925504e-02 -3.9276398556653817e-02 1.4975236677392350e-02
-6.3068305319457105e-02 -8.4644605752755946e-03 1.2426490509950749e-01 -2.3622873338974208e-03 -2.8808486532507071e-02 8.8939537744630419e-03 1.7757081781537740e-01 -1.2739969093261319e-01 5.3737425477905373e-02 -2.4119055214341011e-02 1.3339180250067881e-01 1.3620581179897981e-01 6.5073063510719301e-02 1.6644388086204179e-01 -5.8098773875723042e-02 1.7234074667076719e-02 -8.1457470590734812e-02 6.2552470802794927e-02 -5.8276385641560888e-02 1.1518006940348210e-01 4.8064216597448493e-02 -9.4891015286294428e-02 9.7966537412716229e-02 8.1497780441430565e-02 -5.0454472166560613e-02 -9.2662515856372543e-02 -2.4876989290397920e-02 1.0815842930462820e-01 1.4744752507030881e-01 -4.9605683520108593e-02 -1.5093392560773450e-01 -4.1274450908725793e-02 -1.1661102524112150e-01 2.8035196909651471e-02 4.6278227678089512e-03 -3.5005049268191559e-03 -2.2755699253513201e-02 1.2987595274003549e-01 -1.0175621049862800e-01 3.6488807516504573e-02 -2.3861339994700731e-01 8.2332887923675283e-02 1.8206332004536710e-02 -1.3013522461696239e-01 -1.6239885313651239e-01 1.1922221071655560e-01 2.9011654734377109e-02 -1.4034417443304431e-01 -2.2207081762599989e-01 2.1542067480384230e-01 -8.0893291682127971e-02 4.5197119083690909e-02 -2.0206108789187480e-01 5.2893462429723738e-02 -4.4620798651082753e-02 -5.5826990884565157e-02 5.3330976473017898e-02 -3.2667676492658032e-02 7.0520422585358344e-02 6.9513537099502726e-03 -2.1254984348428489e-02 1.1187179085536610e-01 2.4074599798562021e-02 2.3604195325382801e-01 9.8486487069216602e-02 -2.2782840183217121e-01 -5.8249806514433448e-02 4.8310523021203047e-02 4.3249130670575259e-02 7.6752649556275976e-02 -8.0893778155743223e-02 3.7064669526537808e-02 1.4622672273118279e-02 -1.6322351605941071e-01 -5.6994098706256942e-02 -1.0634750979923679e-01 1.0680924200380409e-01 -6.0320996221866707e-02 -3.4193578845785041e-02 -1.8637545395199950e-01 -2.5573937301458280e-02 4.0673195825238387e-02 -2.8089530012186739e-02 1.9406937805890270e-02 6.8169473055835830e-02 -7.6105326069785387e-02 -1.6681873873888400e-01 -3.3568882403370102e-02 7.6480673052056400e-02 -1.1492097817751970e-04 1.1208897162488840e-01 -6.8798490945425131e-02 -2.3883183365323961e-02 -1.0264371106181930e-01 -1.3525946483209031e-01 2.7137426791828061e-02 1.2081019823223881e-01 -2.5054465530315279e-02 5.4443995181183147e-02 -1.5151498586064729e-01
-5.0127717867813311e-03 1.0370279562292570e-01 1.4635145053909490e-01 1.5847264334501850e-02 -6.5092204762532260e-02 -9.9472539980196673e-02 -7.5554248589546888e-02 -8.5300056726913889e-02 -5.1055303765709208e-02 2.5619111296814168e-01 8.0060307919112644e-02 7.8349212512786051e-02 -3.1613204740471280e-02 -1.7954475256635430e-03 -1.7545017789091980e-01 -3.4391827574803233e-02 -1.0336231820252380e-01 -5.7893347559918422e-02 -6.5354364147770178e-03 1.4785718967099121e-01 1.5320871519969520e-02 -8.2934684606592771e-02 1.5284436493838041e-01 -7.6594191490648958e-02 7.4947921467664472e-03 7.4651131296611481e-02 -2.0423221856370799e-01 5.6887500282932060e-02 2.3253576481169150e-01 3.1675453469114018e-02 -1.8208917585278001e-01 3.6495482859530748e-02 -1.1112511930429459e-02 -6.3972481405719844e-02 5.9129591634167089e-02 6.2573529882219453e-02 1.8425567311667099e-01 3.8719381656741297e-02 -7.1828804010870981e-02 -1.2855910819615070e-03 7.5305737025404256e-03 -7.0224030578731889e-02 -1.5006779761597661e-01 5.3040252110680683e-02 2.7938642861728900e-02 -5.4436481342565873e-02 1.4991120022180390e-02 5.4320797580625003e-02 -9.7652845236600172e-02 -1.2592489061803491e-01 1.2681043909519879e-01 6.3296020992693828e-03 -2.8145072960061059e-02 -3.6761358755948673e-02 7.2531516954824363e-02 1.1051501013684530e-01 -2.4037446897918610e-01 7.9782457658676892e-02 -1.2640878600128880e-01 -6.0162654490350922e-02 -1.2630087957987860e-03 4.2875580621932662e-02 1.5590414137163311e-01 -5.4879150174232630e-02 6.2997924631231689e-02 7.5657733964540341e-02 1.6878952146548928e-02 -1.4532637195389461e-01 -5.1236910022000717e-02 4.9380117961074443e-02 -9.3719654514552844e-02 -9.9312311644114540e-02 -3.2356385328853918e-02 -3.6810569562433643e-02 -2.5749096064773849e-02 1.4751194430337700e-01 -1.9786711080987260e-01 -1.4503567626627750e-01 4.6262646015413234e-03 8.7858560153535076e-02 2.1528261931285461e-01 -8.7447185307184608e-02 4.7417529496804493e-02 -1.3419113290114340e-01 -8.4179345759735694e-02 -1.6069738442912229e-01 -1.4566603144404791e-01 1.6266010848206841e-01 4.3244067954337398e-02 5.2613344717776398e-03 -2.9082126195766840e-02 8.5152286922569431e-02 -5.5756908477651752e-02 8.9498609533391997e-03 -9.3582755763892023e-02 2.4060201829081869e-02 -6.3697313851859561e-02 8.1557694565819169e-02 -1.3024955348191440e-02 1.2226670054811729e-01
-4.3886213646338733e-02 -9.2582253871476353e-02 -3.7197232216907093e-02 -2.7686140869618250e-02 -1.4065426135954330e-02 -9.8663647062824336e-02 2.8924473426410420e-02 1.4317400529799701e-01 -6.9881929180674110e-02 -1.8648163704927181e-02 1.3277352107972290e-01 8.7556374234031412e-02 3.8072493205587220e-02 -6.6452370221452228e-02 -4.4375863204442777e-02 9.6972870911578218e-02 -1.6072289855769920e-01 -8.5540699251153776e-02 1.7662082755168021e-01 -6.7128164726089051e-03 -6.0762722824461733e-02 -3.5424961085723612e-03 4.7833278826622493e-02 -1.4671565536882231e-01 1.8765977910501261e-02 4.0389581412661080e-02 5.9805065731101337e-02 -6.3142408042929296e-02 1.1353185101565311e-01 -7.7491726639992597e-02 -1.0054076112286441e-01 4.4818988037066743e-02 4.3236727329511462e-02 -2.9022121365150991e-02 -1.3465300790877511e-02 5.1426235568973709e-02 9.0753485187732075e-02 -7.0621671018498450e-02 -9.3286344330938467e-04 -1.9591001611234660e-02 4.4173518141935091e-02 1.2589638465593900e-01 -3.9095174064331592e-02 1.1425343136136290e-01 1.8496911287222331e-01 1.0086934302890310e-01 -1.1848858516920011e-01 -4.1427511269935567e-02 -1.0514546142488811e-01 2.3614236535725400e-01 2.9317031370709859e-02 -1.1630280308929160e-01 2.5115204850107140e-02 1.7873549674388600e-01 1.8939964540676421e-01 8.6481396299201693e-02 -8.6281389506390298e-03 2.0931812739946140e-02 -2.0307747948749719e-01 3.3115834991108282e-04 -6.7821620981748196e-02 1.3773355284389591e-01 6.2826210418226350e-02 -1.3566522761669340e-02 -1.5845978822139040e-01 5.9151485309324008e-02 2.5855526844797438e-01 -1.1399996153788229e-02 1.4587191765195251e-01 5.2990920456529408e-02 4.6363786131964221e-02 9.0292083624508912e-02 -1.6491285747236191e-02 1.2162970095567950e-01 7.4297311703034510e-02 -1.0898603881604280e-01 1.8343952194824731e-01 4.7054665597131798e-02 6.1866653309066892e-03 1.6096729945203541e-02 1.1700772907471010e-01 1.0460635351260709e-01 -9.9984569982416324e-02 4.8870109924093463e-02 5.2421765245153178e-02 2.0185166799307330e-01 1.8045463619055721e-01 -9.5765377873532218e-02 1.0029947318259790e-01 -6.2307460398853239e-03 1.2641539339775709e-01 6.4437317241852988e-03 9.9082358322837627e-02 -1.5771773122135621e-01 -9.6287501091736297e-02 1.1780917452130850e-01 3.3264957794078100e-02 1.2831356627166801e-01 9.0111369502799882e-02 8.4198450564925101e-02
-9.6032982942773001e-02 7.6491372501912638e-02 1.4210874622344721e-01 -1.0876762277655400e-01 4.7600687998933210e-03 7.1702744413306346e-02 -7.7209567466091450e-02 1.4738610166543939e-01 1.4332047732149100e-01 6.0013521146172789e-02 -9.9932298625406882e-02 -2.2903698292719502e-02 -8.3791564486465527e-03 -2.3472869449491330e-02 3.7543159435376051e-03 5.8820993877693642e-02 1.6412846650770091e-01 -2.3440966379847630e-02 4.1771084043832243e-02 9.6033666521918651e-02 1.3705238262780989e-01 -1.5210789717282880e-01 -7.5709185357758405e-02 7.4549676759184197e-02 -4.8755863940607033e-02 -1.6440279661196949e-01 1.3220538854576330e-01 1.5935558597106159e-01 9.1055592233270130e-02 8.9625356786610641e-02 -9.3500657788542815e-02 -1.0149509196676421e-01 -1.3845006557702991e-01 1.2785343504111001e-02 -8.4828370675914477e-02 -5.2083587797940527e-02 1.7734920636469140e-01 -1.9165858933945609e-01 -1.2296734087880630e-01 1.8678322736866301e-01 -6.5805136456603561e-02 -1.8710582289809780e-01 9.1685805871112164e-02 -8.3930995386850060e-02 3.3312186499178983e-02 1.1823141937781111e-01 2.0190653707697990e-02 -1.1488233884289580e-01 8.5711245490850112e-03 -1.9032096423744160e-01 9.4414111450695268e-02 -1.1222289901457720e-01 1.5339723575613429e-01 3.9036675280429069e-02 1.0386333942248251e-01 -3.9579782605936670e-02 -2.4184112203361269e-02 1.1531078164218990e-01 -4.8010207049783028e-03 -5.4089645354878348e-02 2.4679784466311059e-02 1.1101821661506020e-01 2.1616273956677859e-01 9.2046976224144830e-02 -4.7964886729014167e-02 -3.5896131677025808e-02 6.0780461396990740e-02 -3.1655699756517031e-03 -2.1672357149394549e-02 -1.4635828791082189e-01 3.0294041865876000e-02 5.9436420303920462e-02 9.5837853727815309e-02 1.5624487276532781e-01 1.1673985760547670e-01 -3.7633291777456238e-02 5.6767451021932980e-02 -9.0107372800926316e-02 -1.1573400732313580e-01 -3.7035837646266827e-02 -1.3177104590560310e-01 -2.8665473556466991e-02 -1.4644009447119680e-01 4.2976996491821379e-02 9.3001990237551194e-02 1.8872881798462079e-02 -3.0638173687555580e-02 -1.1041383456879120e-01 -3.8370813330198789e-02 -1.4056470569207791e-01 -5.1793766380116490e-03 3.4575944128861717e-02 -1.1120572310897860e-01 6.1798420990602627e-02 1.9956237402123311e-01 -8.3537547905572079e-02 6.6626083782964233e-03 3.1051729676164101e-02 8.6524565975455367e-02 7.0473684630425817e-02
-1.2193007064178921e-01 1.0395968511194560e-01 1.2701928477071200e-01 -1.6309381659195089e-02 7.1984150779835485e-02 -1.2178135924649550e-01 1.3433600902475881e-01 1.0769568717923600e-01 3.4505629090763719e-02 3.9764977323379420e-02 -1.1972842211008131e-01 -2.2702735445979411e-01 1.6063769887799989e-01 6.7364155625087282e-02 -1.2347921956635571e-02 1.4275622095152249e-01 1.9056528560229210e-02 -5.4017546654679279e-04 -4.8990189090075617e-02 1.1802904636361260e-01 -9.6589849578657405e-02 -1.0129271572982490e-01 9.8437058902545338e-02 -2.2483136139251191e-02 4.1159738143030977e-02 2.2709002398437941e-02 -7.6258039872954750e-03 -9.9111034001426221e-02 -7.6473172123552799e-02 1.5749733950091230e-01 3.3438538003682690e-02 -1.5286574836149280e-01 1.8755503481562211e-01 4.2360109581187147e-02 5.6093803026302291e-02 2.6871921108129471e-02 -5.6054719752533240e-02 -3.8727126351819838e-02 9.9300123251221381e-02 4.8823664056391540e-02 3.9647790762915192e-02 4.8261316764973028e-02 -3.5510728181552091e-02 -5.4254801899599081e-02 -6.7570682991274403e-02 -1.5903710582608219e-01 1.0217191361741820e-01 1.2736005723748770e-03 -6.0915098671454483e-02 5.0101422730695649e-02 2.6305813561855118e-01 1.8036525314740620e-01 -4.8416998696933639e-02 -8.1038700235495129e-02 -2.7128983120372221e-02 1.0023070822462191e-01 6.1468314083984073e-02 -2.8900618125184963e-01 9.5273965469575034e-02 -1.0820169065024220e-01 5.7981738529860206e-03 7.0880668259546614e-02 -5.6630832629028079e-02 1.7617061810291070e-02 -1.2216860327871100e-01 1.0163898392272190e-02 -6.9504843238714226e-02 7.9593848935684289e-02 8.1639119793395776e-02 1.5502910639770930e-04 1.5685063967273141e-01 1.0857980906566160e-01 3.4494675119804822e-03 9.2233842321726878e-02 8.3464022666951493e-02 -3.5775248607930951e-02 -3.6446724159489179e-02 -2.0095997919886510e-01 -3.1907526741720441e-02 3.8544829771445750e-02 -2.5703307797392250e-03 1.6050467550776981e-01 1.5265875414616911e-01 7.7013922095144433e-02 -4.2706946416830392e-02 2.7956138707488001e-02 -9.8484353477511194e-02 9.5945543646716466e-02 -8.3629539341767353e-03 3.9637008899832326e-03 1.3063789389408101e-01 9.5195834747956801e-02 -8.2847741041877032e-02 -1.7028663548778880e-01 1.0851534163838050e-01 7.2164663587813718e-02 4.8140095556017407e-02 1.6299119093560360e-01 4.6647226110402382e-02 8.7923298776324307e-02
-5.3269100057181350e-02 7.9025683951296360e-02 -4.0521865824967362e-02 6.7941415271326244e-02 -1.5239929127725979e-01 7.0482718595458196e-02 -4.3192636779242927e-02 1.9476282505060111e-01 -7.7336744698696655e-02 5.9231122384740362e-02 -1.1291392126043261e-01 3.6975172731045718e-02 1.2594632982172299e-01 -2.3747208642295159e-03 -4.5900409239890173e-02 3.5071634001435953e-02 1.5481197153742280e-02 1.9192797751910640e-01 -2.5374182092450979e-02 1.4558099063302811e-02 4.2562274779145162e-02 8.6110927648435642e-02 1.3224671852795820e-02 5.9502401801011948e-02 -1.8596356996905669e-01 -1.7037597085926420e-01 -3.0710631903347850e-02 -4.6242547839983557e-02 4.8152233726833048e-02 1.1253985792441820e-02 -2.4491478483262882e-02 4.1142412337425792e-02 1.6957498830030730e-02 2.9491337892886819e-02 -9.7767482806921435e-02 2.8036308850476171e-02 -9.0692924326295138e-02 5.1139981644102127e-02 -2.4691279295040811e-02 5.3582060132841912e-02 -5.6902086558614798e-02 1.9911152125574660e-01 1.3673077332505079e-01 -3.2544492901871738e-02 1.4105945032507519e-01 -1.5261015819341481e-01 -2.0513963589557591e-01 8.1104904268258074e-02 -4.9229585191578981e-02 3.8581875950005458e-02 -2.1048740454555761e-02 -2.3092755707600171e-01 1.4069663295940860e-01 -7.7090421771897830e-02 -1.0168687713355549e-01 8.1165952181319334e-02 -8.3604709998915477e-02 -1.7790818115496429e-01 -3.7272022295009040e-02 4.7275045953861450e-02 9.8263744798867098e-02 -1.4362589114343480e-01 7.4707725709226944e-02 1.3381331658805210e-02 4.4277621325455860e-02 6.3426091183865066e-02 -3.6481736963549782e-02 -7.0470007467950721e-02 -1.6725240745179830e-03 -1.1352431649591890e-01 -3.5934281607465562e-02 9.9413994832589642e-03 -4.5612117704341121e-02 -1.4349528815054929e-01 5.9540630303384877e-02 8.0847666808069346e-02 -4.0857815920935124e-03 -7.6029751384947386e-02 1.0642956638641630e-01 -9.9476803683299971e-03 9.5693933604942202e-02 2.1027329946358519e-01 -1.4561719512753710e-01 -2.3077362661071901e-01 1.7577180479281940e-01 1.5213377048890581e-01 -1.9577114694411599e-01 7.5953057478560002e-02 4.4070212388282792e-02 1.5698486172944470e-01 2.9375291475657681e-02 7.2745431367983375e-05 8.8206175788804894e-02 -3.5900391146946840e-02 1.2111288365074981e-01 -7.7200406981893219e-02 8.1577052707131517e-02 -1.5173595618563490e-01 5.6273833875767870e-02 9.3594282864532096e-03
-9.6348519895912477e-02 -1.8697206468535141e-01 -1.1356585320642550e-01 -2.3310179413371979e-02 -1.5567129020115381e-02 -4.1598587500744341e-02 -3.6141153635202122e-02 1.1340225877839850e-01 -3.3407610259017687e-02 2.4223806175725109e-02 1.3416214644841171e-01 1.6731959786520251e-01 -6.6055042504883782e-02 -7.8103247292433606e-02 -4.0293159213082470e-02 7.7170287105014862e-02 -3.5044464213029342e-02 6.0766180682606141e-02 1.0572698754580520e-01 3.7118557499532398e-02 -9.0509164780570611e-02 4.6928414190701387e-02 8.0471154628533867e-02 5.7100075683533473e-02 5.3242590593800702e-02 -4.3878620546789468e-02 -3.1690982494063963e-02 -3.0373309275650771e-02 1.4434016791343041e-02 -2.6873741025783941e-02 -1.2354264869524401e-01 -1.5013625567722799e-01 -6.1803070526629020e-02 -9.8878917391047261e-02 -2.2466305101105319e-01 3.1209855128929331e-02 -1.2242052457273990e-01 -8.3876382621283094e-02 -6.5911771881037987e-02 -2.0186870150237990e-03 2.2926468248904650e-01 1.2236572251145779e-04 4.9803146138604641e-02 -1.4444642051847231e-01 -5.8625833552266859e-03 9.1533561184164794e-02 -1.3795021482986849e-01 5.1297026137151147e-02 -8.0129606069961792e-02 -1.2834458967877830e-02 -5.4220055309781232e-03 -7.6783973225992730e-02 8.1136599600812737e-02 -1.6694873160634260e-01 -3.4301110879939638e-02 1.6468700699806910e-01 1.4964508487090969e-01 2.1789025521806729e-01 5.4910276611156612e-02 -3.9369966602275167e-02 -4.8229756689541957e-02 -6.7058833695940664e-02 9.3768731913106043e-02 -1.7242228613208530e-03 3.9214282511982217e-02 -1.3152030305961671e-01 -1.6266923280401061e-01 1.8904771704273990e-01 1.0458102556856599e-01 -1.7351925072526940e-03 3.9787751890976740e-02 -2.1867065766509250e-02 6.5993127143389438e-02 -4.2286362383734448e-02 7.5197016526406882e-03 5.1740022251743387e-02 2.2340158062776769e-02 -1.5033538488107290e-01 -8.0653182230013096e-02 -2.7611753261539591e-02 1.0187055934885360e-01 1.5119880739785291e-01 2.9110759337581332e-01 2.1860714877805290e-01 -6.9696071663509260e-02 -1.0123112905492709e-01 9.1789694015033271e-02 1.1750393415147130e-01 -1.1991695423390390e-01 5.9678888170954611e-02 -4.9435449108768001e-02 6.4323943236239051e-02 3.5746795439112182e-02 1.0165156333081730e-01 -3.0081221127871258e-03 -1.4827504054715690e-01 7.0963498522638863e-02 6.6150321987023071e-03 -1.1851340061716679e-01 3.2443652627312212e-02
1.9552633723172139e-01 -2.9955173142251310e-02 -2.2465570908752869e-02 -1.8844487842317939e-01 1.1992750248085950e-01 9.7849913333718369e-03 1.1147432097633100e-01 9.9614048801246025e-02 -9.5907997125260644e-02 2.6017540473226429e-02 -6.8386797001714322e-02 1.5411225739866710e-02 -1.1205765959327850e-01 -3.4949579224213941e-02 -2.7138240746894249e-02 6.2241819890815731e-02 5.2134917653710859e-02 1.7167757392872460e-01 -2.7154831628751600e-02 -1.6887331248474460e-01 9.5352877946519810e-02 -8.4173135566181737e-02 2.1505121644238009e-01 -8.6924764215006167e-02 -5.5539350912997991e-02 2.6457585231746938e-01 -6.5454950095071143e-02 5.6717535413106243e-02 -7.5967142472739682e-02 -8.3478295926681018e-02 -1.5203752596647691e-01 2.2219739514277520e-01 -3.0905168547462551e-02 -2.3652382166636701e-02 6.4515395718747676e-02 -4.6345135866011487e-02 1.6135927735236800e-02 8.8096491808475785e-02 9.1627611958515265e-02 8.1072690207933923e-02 1.1225902381277500e-01 -4.4755250698622330e-02 2.0927717149946831e-02 -1.4759122471697059e-01 4.8661949199050362e-02 1.2537451496683091e-01 8.4977389440327039e-02 -9.9330012465439571e-02 7.5239392000165134e-02 1.2212799834951710e-01 1.8325682263527791e-03 -1.0883956686585811e-01 1.4017148028205231e-01 -6.4008641611683875e-02 -2.8367615961936741e-02 -1.2889432483707661e-01 8.2509915734636077e-02 3.2817876276574953e-02 3.5124450194911373e-02 -1.2193942733423339e-01 -1.7370431928399339e-02 7.5355745652036080e-02 9.5363351502688418e-02 -8.0521833906349982e-02 -6.9015674364246965e-02 9.5668343528856836e-02 -7.3484179337458225e-02 -4.9388176943932327e-02 -3.3048340135040231e-02 -3.0534993034785730e-02 -2.6183002293704578e-02 2.1471237118550379e-01 2.0854617414238871e-02 -1.3291838932239401e-02 6.4415654646136369e-02 -1.8343687577932571e-02 1.0188423089303550e-01 -1.4415582472267899e-01 1.6808899087470661e-01 4.4908405549001162e-02 -5.9922222857488772e-02 -5.6836500549328151e-02 1.7781835449706751e-01 -1.6019328999096610e-01 -6.6860368422360580e-02 -3.1666529699147933e-02 -1.8278204025136641e-01 -4.5831735832873449e-02 4.2012461849556277e-03 -7.1979560956729860e-02 -1.2674786624059509e-01 -8.6303549725537998e-02 1.0362422213606751e-01 -2.7505773569607778e-02 6.6631217773297599e-02 8.8735766797877424e-02 1.5065416716335819e-01 6.5076823991813665e-02 -2.4372149846343472e-03 -1.1840842220818300e-01
-2.5243236638185879e-01 -9.2959954466024605e-02 -5.0712071584942883e-02 2.0738674449917560e-01 1.1812626202919990e-01 -1.1175654621279320e-01 4.6344681959275498e-02 -1.2221903865610240e-01 -5.1286848246053687e-02 2.1632150372108111e-02 -7.5618580823874987e-02 -7.5759974002503214e-02 -1.0059169692013460e-01 4.9321861906210053e-02 1.3382681041115951e-01 3.8857871103052298e-02 1.4807407390996649e-01 7.3586815398252167e-02 5.9414529754215489e-03 -3.6526019029024942e-02 1.6655842944757709e-01 -5.6168558062843717e-02 -8.2484808762288642e-02 8.6019356903682703e-02 1.5605259181488210e-01 8.6706451039304702e-02 3.5679670793118713e-02 9.1149409696259315e-02 7.2814597366979506e-03 -1.1649714981084119e-01 -6.6147399012780966e-02 -1.0740821441590430e-01 7.2391320137497371e-03 4.3698559804561117e-02 -7.0423890966929571e-03 -1.5866862860550821e-02 5.4029287101933457e-02 3.1867604755554182e-02 -1.0643989805258081e-01 9.0129649120639366e-03 2.3192095933416521e-02 6.6401663299058819e-02 2.4053455335470000e-01 4.7574011566074041e-02 1.0934728458130639e-01 4.6001509843393851e-02 -4.0090217555914789e-03 -4.2340457556308227e-02 1.0927936549249880e-01 1.6016365744268191e-01 2.0318381061539631e-01 8.7475564814125786e-02 1.7435361141271141e-02 -3.2326832606314353e-02 -1.0229052643362831e-01 5.4470118681777861e-02 -9.0726690394951640e-02 7.4059669400687825e-02 3.0489183690906752e-02 -2.7641963579999800e-02 -3.5212563458227673e-02 4.7945089539436751e-04 2.1871732556692350e-02 3.9573356920624483e-03 -9.8103946706694631e-02 -1.2749409416307900e-01 7.1459788246323371e-03 -1.0443566781021370e-01 1.9874242675245238e-02 -4.5099660858145207e-02 -1.8334087690569009e-01 1.3541923663965161e-01 -3.1311816983253818e-02 1.0211651994394430e-01 -1.1986831116924310e-01 -9.3429006003500958e-02 -1.3072717525946589e-01 8.6108170365274076e-03 -1.3152246271857401e-01 9.7872230812476813e-02 1.2660690340264369e-01 -2.3354532148323640e-01 2.4418043056662730e-02 -6.1419673942910168e-02 1.6293473436728431e-01 1.1472503362065740e-02 1.0080956398793110e-01 2.1636449902250959e-01 6.9810132232609262e-02 2.2114849101490150e-01 1.6648665562838380e-02 -1.4932588249824869e-02 1.7225566034163031e-01 -1.1285812125972220e-02 7.3213429566750227e-02 6.7958692301732002e-02 4.1626869332929729e-02 -2.9190947489431629e-02 1.4684713056691660e-03 -7.1996434359493516e-02
3.0810572019033290e-02 -2.6947530831857941e-02 8.4795082124675542e-02 1.3422059630708080e-02 1.4537264702327690e-02 2.2783767569217431e-01 1.7672757938612171e-01 -1.2438016828607899e-01 6.5497601247146348e-02 8.5019446127007209e-03 3.5987199350856203e-02 8.7437466687619106e-02 7.3686078593059118e-02 -6.0204593773567079e-02 -4.6193384338920923e-02 -4.0445726031837277e-02 1.0305929482267900e-01 5.7750780379896047e-02 -5.6878868459797803e-02 2.1528102717791941e-02 2.2645446955624728e-02 -1.4607124027121560e-01 7.8992990748990244e-02 1.3584276489970060e-02 9.8215837179082027e-02 -2.2680524494483270e-01 -8.3271388032566146e-02 2.9469636763925122e-02 -5.6965610951396031e-02 -9.1381493872502800e-02 1.1935690879052651e-02 8.4252057889337137e-02 -1.8341216526355020e-01 -2.5392368354080590e-02 -2.2730439292973741e-02 4.9093689182200799e-02 2.3728017406520901e-02 5.9300603366127913e-02 -1.1045779505345830e-01 4.6971687862390081e-02 2.4479489744875990e-01 7.3485884362203754e-02 -1.8248125361591069e-01 3.8289144965702161e-02 -3.9543420338146520e-02 5.0639622119433734e-03 3.9305815299531699e-02 9.8740395286629395e-02 7.8366018973451010e-02 1.0899515998253199e-01 7.2296308043202875e-02 -1.0620581491867680e-01 1.1389155835021400e-01 -9.9984829943393985e-02 -1.0668160419014141e-02 -3.5051065876328648e-02 -9.6030893635323161e-02 -1.7528533611536731e-01 1.3249575574555539e-01 9.7024123406197579e-02 -4.8231360559181112e-02 -2.3593184617851071e-01 4.7827504525299783e-02 5.9942981157760360e-02 -9.4224201795186424e-02 7.3875136373976566e-02 -2.5739886475185391e-02 -2.2765327273637830e-02 -1.7933904493912939e-01 8.1111655588611817e-02 -1.6113515990999552e-02 -2.6890329928437241e-02 -2.3757791575313471e-02 6.7243740961795265e-02 3.0236795474237622e-02 -3.5683392305380719e-03 -8.9122328584387581e-02 -3.3313869703710808e-02 -2.4089711967585170e-01 -1.4472872052553730e-02 9.6407477280857815e-02 5.6195615367483978e-02 -6.7827397706892043e-02 -8.0934633226249983e-03 -9.3603815886958666e-02 -4.1016666162608812e-03 2.4043996274730370e-01 -1.6519752533023729e-01 -2.3115023133467880e-01 -3.1457933692361148e-02 1.5611382438506080e-02 -5.1453292688868293e-02 3.4194614925007777e-02 -1.3490853963122920e-01 -2.9398737723495390e-02 2.0371472100520061e-01 8.4270068742102536e-02 2.8315368647490159e-02 8.1718506066925531e-02 2.9646570563848829e-02
5.4055896935115422e-02 1.6309684423126559e-02 1.9690956511195129e-01 -4.2787848920709581e-02 1.4790754673621889e-01 -3.1397930003697970e-02 1.1714998767294170e-01 -5.3145435478798696e-03 2.7019457284937931e-01 -5.5064802954626360e-02 -3.5063257240265162e-02 -1.2512866840833300e-02 -7.8170405949551353e-02 1.4312120056444069e-01 3.7453619955774592e-02 2.5578254118347549e-01 -5.3862460353510222e-02 1.0314262969588020e-02 1.1032235792204639e-01 9.5883142566578705e-02 -8.6150165354728303e-02 -1.5169744510987790e-01 -2.4656992081321169e-01 -1.0935062506915499e-01 3.6425425482921443e-02 -1.6966019504048978e-02 -1.4753880049985640e-01 -6.5119665062614476e-02 2.8313621766553981e-02 -9.2692754469761496e-02 9.6339844301900762e-02 5.3719483698410411e-02 -1.9821244609872949e-02 8.0860667613461806e-02 -6.5797286429105564e-03 3.2088793111967081e-03 -6.6809814114876936e-02 1.3021183002677919e-01 4.0862546742812929e-02 -3.1948735096669033e-02 2.1007851577642561e-01 2.9676850350547131e-02 3.9469912977051123e-02 6.5451571013648860e-02 4.6591704335273633e-02 1.6607479145504679e-02 -2.6838479663690051e-01 -4.6290066775949101e-02 -8.1683626361731460e-02 -1.9615638501205479e-01 -4.7782062320513158e-02 -3.8621871835116187e-02 -7.6285069323759128e-02 -8.1391929805201518e-02 -1.3082074076468300e-01 1.5247479849707120e-02 4.0374426636451223e-02 3.5273982232782490e-02 -7.5788507390813969e-02 -2.7909313359618770e-02 -5.2481765248259163e-02 -1.4821036660391460e-01 1.0285467899247730e-02 -4.3703758134268120e-02 2.5656778267673840e-02 -1.6639148176264471e-01 7.1367621953154969e-03 -9.8464543276688382e-02 9.8398211711139799e-02 3.9538034340423971e-05 -1.0397209974614220e-01 -8.2643522131187697e-02 1.5221246514633999e-01 9.5121214627739509e-02 -8.1917203753152909e-02 1.2537059615504931e-01 1.2727208777120830e-01 8.8789960918868024e-02 5.4776816497959228e-02 -7.9287078978633935e-02 1.0055432886572090e-01 -9.0829724316293103e-02 7.3953041263520161e-02 -1.4263142812307450e-01 -8.7208840485771683e-02 1.0917182604034510e-01 -9.4963457875134050e-02 -9.9896996619453199e-02 8.6845673429565229e-02 -7.4416581952197774e-02 9.0553056126682532e-02 1.0354292044320231e-02 -4.5519817413033237e-02 3.0364326259706791e-02 1.5582106531869061e-01 8.5384417378150418e-02 -2.0112761611617291e-02 5.7882099332690243e-02 -2.9056892901109881e-03 -5.2429973662820657e-02
7.4189123719358471e-02 2.9577812946988108e-01 1.1435596500592631e-02 1.1657253804735970e-01 -4.5287307638703082e-02 1.2941666051355599e-01 -1.9875724751917459e-01 -5.1000511333244188e-02 3.7208178597927320e-02 -5.5752621146938949e-02 -2.0873678688764061e-01 1.6463290737796349e-01 -3.2946939719290781e-02 8.2403975044370147e-03 -4.5612232869931810e-02 -1.6752984559556650e-02 3.1693106488610619e-03 8.6827234824669308e-02 -1.7646685354797131e-02 1.1956360972732760e-01 -1.6814013492256161e-01 -1.5093832284110720e-01 1.9668516890016211e-01 5.1507398040283113e-02 1.0444214363739500e-01 -5.6158539053635111e-02 -1.4105538789576469e-01 -5.7367939517346637e-02 -2.8072396556244002e-02 -6.4701115719343907e-02 5.9747673492917618e-02 -6.1968670632950194e-03 -2.8983572067622830e-02 -9.5895387206549956e-02 9.9723543144412410e-02 -8.4660616693869206e-02 1.3115818294374750e-02 -1.2993395533980739e-02 -7.6438042871334058e-02 -1.0732988506283360e-01 6.4536454636922563e-02 2.8647993133845400e-02 9.5190743357941379e-02 4.4467398378250297e-02 2.1973755520731481e-01 -2.0127584131440730e-02 -3.7492001217096102e-02 1.0024348894248390e-01 1.7393745554955650e-01 8.1811026285777022e-02 -1.0741914428246039e-02 1.2275156741529550e-01 -4.2569890110600091e-02 7.6251141911210366e-02 -2.4197775153038489e-02 9.2342809176096177e-03 7.0350701293360282e-02 -1.4893493362258311e-02 -5.1430343053957182e-02 -1.8270345657209891e-04 1.6144458849444671e-01 1.3076481100201390e-02 1.3860912582574361e-01 -5.8558234877681943e-03 -6.7036916126727020e-03 -1.6716886309453541e-01 -6.6902086694113599e-02 1.4343582337713071e-01 7.8681994221189600e-02 4.3436538838876153e-02 1.9198991249905761e-01 1.3406674476701019e-01 -8.3332414925594775e-02 1.1248573082714720e-01 9.6147655093208981e-02 5.7005370213699169e-02 1.8976373269658500e-01 -3.4075503715006297e-02 -1.0236271950968261e-02 -5.8737313963574114e-03 -2.5132800740637101e-02 -1.5976848074630881e-01 -1.5011243186945961e-01 3.4574543308070770e-02 -5.1748977257513762e-02 -7.5099321967027052e-02 -6.8619994507580261e-03 1.0553896900291300e-01 5.7590178894128173e-02 -1.4233930167103270e-01 1.0265164541866520e-01 -6.2495736902206021e-02 1.3034357444821121e-01 -2.2727028684305119e-04 -1.0267764241112470e-01 -7.6974299351340564e-02 -1.4959753183328839e-02 -2.3030446359001751e-02 -1.6764172703355990e-01 -5.9152108491161287e-02
7.5135063898890353e-02 -2.4395123670265398e-03 -1.3729879811415840e-01 6.4225248658868528e-02 1.6726710876196149e-01 -1.8419576588216269e-01 6.8371600517569048e-02 9.8518819898701631e-03 9.1560792442502287e-02 2.8136530168729908e-02 -4.4523871866385373e-02 1.0648865449380431e-01 2.3118868478165688e-02 2.9322499688616999e-02 -1.6210607388401941e-02 1.8289884519165248e-02 -2.8413031027197128e-02 9.6958675871504682e-02 -4.1083369619285458e-02 -7.5400287613537426e-02 -7.6407024231442675e-02 -1.5625784352354721e-01 -2.6400425269910169e-02 8.1902207763291429e-04 2.7872480700953117e-01 2.1736183123472330e-01 8.6448648783401971e-02 6.6265474496051302e-02 7.9670196532696472e-03 -1.0959700720605030e-01 1.4116849231952500e-01 1.7575665847559690e-02 -1.3150137379066881e-01 8.2740390237428463e-02 1.5860117288436101e-02 2.4006997420743639e-01 -5.0366695709309933e-02 -3.1287457860810310e-02 -8.6658046166085342e-02 2.2367416580879259e-02 2.3020937863252228e-02 -6.6320658576878827e-02 -7.2975924097246986e-02 1.3717900067477459e-01 1.1464483001841561e-01 -9.7539544161444322e-02 1.5030909091635419e-01 1.0737311330321890e-01 -1.0427950289524580e-01 -2.5439218497317669e-02 -6.4681816554508123e-02 -4.2932604016059792e-02 1.0239801620014929e-01 7.7636139364992945e-02 1.1251587728763331e-01 -2.0642937232059282e-02 -1.0150637176502909e-01 -1.0966189494316909e-01 2.2477597862340590e-02 5.1640966148838237e-02 -9.8426774620747393e-02 -4.0811616089573219e-02 2.8407703267082220e-02 6.9010742802509684e-02 1.9218234252332000e-01 6.5188523647873906e-02 -7.3530213876708980e-02 1.2355330114255531e-01 1.7520911502178371e-01 -1.9885104095179801e-01 -6.9716547948476856e-02 4.5160102251259743e-02 1.5585534670315360e-01 -1.4347739229080561e-01 -5.9631074239357540e-02 -1.4556658349888951e-01 1.0479928037008621e-01 -9.0753155973713376e-02 1.2911232675847709e-02 9.5723520125136963e-02 -1.8076799662067228e-02 5.6439522234023161e-02 -1.6133212234621461e-01 5.2190852476651957e-03 4.6250618751671843e-02 -1.2134290394081790e-01 -9.5083313679599810e-02 -2.5726356609877831e-02 -9.1638569285718757e-02 1.0245890804975420e-01 9.0053816255648747e-02 -1.2239075702425350e-01 -1.0449755612100579e-01 2.8937329768469518e-02 4.0060510817366071e-02 -1.1495309573909671e-01 -4.7853656455056091e-02 -1.3728262824611410e-02 -3.1062234337033829e-02 1.6818526443531701e-01
-5.7904194624079509e-02 -2.0007318254130330e-01 5.4056643042755328e-03 2.5097544102366979e-02 2.6854079184693930e-02 1.7323510538337480e-01 -6.9000663230284795e-02 -1.8573243798811251e-01 1.1941092594855690e-01 1.0298953165539471e-01 5.1595254027765887e-02 -4.4813122900043641e-02 -4.3721505821175587e-02 1.1535153838905840e-01 -5.7701126408742781e-03 1.0926584856463330e-01 -1.0054872021297689e-01 4.8840566470295457e-02 -3.1096025314630880e-02 3.7828538062212327e-02 4.1580487023573198e-02 1.4511779721451001e-01 -4.6153927401169852e-02 -8.4776480611282429e-02 3.3629015528074742e-02 7.6119678938183610e-02 1.4903704910583571e-01 3.7195734802800179e-03 6.8018872712097930e-02 1.6797377175345979e-01 8.4197949247149753e-02 6.1088411130587959e-02 1.1080111191603470e-01 -2.5370336814749989e-01 8.4566525527459371e-02 -4.9247762325331908e-02 -9.0906442318909139e-02 -1.1842679096420410e-01 -1.9022416198013151e-01 7.6522153934907799e-02 7.3605418344549978e-02 -1.3164230067202690e-01 -6.4764476977459962e-02 -6.8908432670653788e-02 2.0025373960193760e-02 -8.3119031342440367e-03 -1.2398249634137901e-01 2.1214212559401691e-01 -1.1165454631178520e-01 -1.2135734161742410e-02 -4.2230102607579180e-03 2.4501803115726970e-03 -5.4594539934860437e-02 -6.6814746887772475e-02 -5.3569549049788633e-02 -2.1691449898453560e-02 -6.2813895258285735e-02 2.3144747503285839e-03 -2.1271697880734991e-01 1.6778526028863380e-01 -9.4127348556183252e-02 2.1861572414084152e-02 -1.3600912973279000e-01 5.7479043658487633e-02 -2.5531457181707771e-02 -4.6952691727452971e-02 -1.4467254562476439e-01 -6.5588425015714463e-02 1.2370348200056780e-01 8.5525210860626352e-02 6.4856595388445168e-02 1.3665078852942941e-01 -1.7517041576234130e-02 -3.5155190244135680e-02 2.9244004906761989e-01 -5.2557546743015077e-02 4.3788846652166473e-02 -1.1541417037807060e-02 -1.8546976030152120e-02 1.6117720644971950e-01 -1.4992644888383400e-01 -4.5457566853642328e-02 -8.3941154361705947e-02 -1.5081458063121131e-01 1.9680339909603370e-02 -7.0810102469683514e-02 4.6340922421085791e-03 1.0139337773230681e-01 -6.6292591475369131e-02 -3.7095322017782817e-02 -9.2174075276717726e-02 -4.9516181622070422e-02 -8.0382592919828032e-03 -4.9307726381101667e-02 4.0357735471633037e-02 2.1790017067942612e-02 1.3900367473931860e-01 3.5881934727571577e-02 1.3840984098097531e-01 -1.0734628574754999e-01
6.1929269880152869e-02 -1.5762891941014129e-01 1.1202551884431761e-01 -1.4280202591276381e-01 -8.4561169397139771e-02 -4.1956152953625529e-02 2.6956664856331979e-03 -7.4600659122886617e-02 -7.0206109323860746e-02 9.0820250225014096e-02 3.5461217695869379e-02 -3.6387701690647090e-02 2.5762988847447030e-02 -1.0230636599518469e-02 -2.1155209525767819e-02 7.2013755520191375e-02 4.8101880078962433e-02 4.0213535206736407e-02 -7.0762437924572694e-02 7.3580043216576227e-02 -2.4700871850229009e-01 -1.1439997442968559e-01 5.7014303658194987e-02 1.6903636564670091e-01 -1.0893804424783660e-01 5.2151919258461004e-03 -5.2049585070677841e-02 2.9785050151768841e-02 -7.3857990501689008e-02 -1.2379015767313450e-01 -2.4691941725249061e-02 -1.3938848991757991e-01 -3.8594210969698700e-02 1.2043523709020990e-01 -4.0684644889381207e-02 1.2110851984290370e-01 -1.4831398882365241e-02 5.2872711511750763e-02 -3.8635028293894487e-02 -1.8647833979564810e-01 -8.2061803205373623e-02 1.0530392384952110e-03 1.2531221872470191e-01 -2.4314375182624050e-02 1.8963820527800890e-01 -5.0117065883150902e-02 -1.0930034822468380e-01 5.1564196253133812e-02 2.7619944141321542e-02 -2.6591282484985618e-01 -2.4914433758513620e-02 -5.2977953258217733e-02 -1.0236052505609861e-01 -7.0181239080911687e-02 -1.3019837618845120e-01 -7.5552593708573701e-02 -1.0086014103000420e-02 4.6816297895128541e-02 8.2743890924442273e-02 -5.8472503568846097e-02 -1.4880269661651699e-01 8.0138801744674845e-02 -8.9227803878387704e-02 -2.2593895635130139e-02 -1.1994786006803761e-01 1.3677046748226071e-01 1.1828474124477011e-01 -1.7687499505494719e-01 -8.6614271540307416e-02 2.8527342199683481e-01 8.9017039552769017e-02 2.5458281423065471e-01 -8.0327764948112702e-03 -6.2168380627665873e-02 3.7124483768552347e-02 -1.6354193001425030e-01 6.9176389016711373e-02 -4.7214148369624627e-02 -9.5800460336798135e-02 1.4296619686291520e-01 -1.0800318648184680e-01 6.5559830161439264e-02 -2.5983196343297980e-02 3.2230971056452097e-02 3.5350946151067902e-02 -6.1248102970724569e-02 1.1906603956719450e-02 -6.4526017384669232e-02 2.9239995384864929e-02 9.2463790235410223e-02 3.7385634132308422e-02 -7.1884208141847927e-02 -1.0423117734536519e-02 1.7782332631092049e-01 -7.7385603121998631e-02 3.2457218875988278e-02 -5.7923034818220691e-02 -1.0142613218454059e-01 3.4884229855975592e-02 9.8087020100104810e-02
-4.7741152097716899e-02 9.1742100998154955e-02 2.1463643799966289e-02 1.7569050345324522e-02 -9.2449144207568407e-03 -6.6523797063612874e-02 8.1469418869782914e-02 2.1700025053163879e-01 -8.2507501570489805e-02 -9.6391220274337011e-02 -9.2643122386093457e-02 1.1698754907197650e-01 1.7852336614502681e-01 -3.8338619675320081e-03 -6.8676799758931512e-02 -3.2591181915514883e-02 1.8584348125089881e-01 -1.6120900673785049e-02 -6.1341416506666989e-02 -1.0762712785151700e-01 9.9236843245150530e-02 6.8616128286038927e-02 -3.5242305131159869e-02 -2.4983027248160580e-02 1.5064359311654721e-01 -1.7514531973661599e-02 -1.7354633308025599e-02 -4.4356519318729318e-02 7.5025766066853197e-02 -6.7328194598448216e-02 -7.6759067587815186e-02 -5.2697232426577569e-02 1.6159862856408039e-01 -7.9390798256720393e-02 -1.0251612286812910e-01 -2.2768527634657190e-01 7.0745202417106801e-02 3.2255375009658409e-02 7.6308167945896704e-02 3.9486467275113221e-02 1.4077906705697030e-02 7.6955232968851676e-03 -7.3885770479834592e-02 1.8804814493897529e-01 2.1311359404495581e-01 -5.0696768771928212e-02 -3.1766759711498463e-02 -3.5997789543730757e-02 -1.4850281620975050e-01 -8.6283415731884860e-02 -1.3734537125233989e-01 9.5161145320754537e-02 1.0469173794119679e-01 -7.1739565865904936e-02 1.2192088757118470e-01 9.4280575437876791e-04 6.6258449615396453e-03 -1.6730778820016390e-02 1.8016869850655429e-02 -4.3942453013317950e-02 -2.6078189267487789e-01 7.2269289891616684e-02 -2.2541646630107820e-01 7.9593480436682087e-02 2.2052801301606689e-01 -2.4807421151607570e-01 -5.0107925935918139e-02 -1.4233413164665851e-01 -1.1845834816985200e-01 1.2647630946317659e-01 -5.3625210623620663e-03 9.3208827759679105e-02 -7.5911494475831190e-02 6.6659893736702377e-02 1.0154456308224710e-01 5.1522588835489803e-02 5.2023532025735522e-02 -6.0627488740412967e-02 2.0253755313194531e-02 -6.0231901703675990e-02 1.4324223961537480e-02 -6.2779822751073217e-02 -1.1976893878943320e-02 5.9741493553538090e-02 -5.9159495389826129e-02 -9.3298133381270118e-02 -5.8312144034195157e-02 -4.7237824267824087e-02 -1.8457952133744260e-01 2.2773469117727381e-02 -8.2936691279812277e-02 4.2502489834725203e-02 6.7505019903982236e-02 2.2667135958936439e-02 -2.7964993770813951e-02 9.4075276048912526e-02 -1.1302226484710250e-01 -8.2273024111899892e-02 1.1309851868828601e-01 -3.7430691733889639e-02
1.2962571425823691e-01 -1.0027579053681571e-01 1.3522360120022589e-01 -5.6133354386862268e-02 8.2335559899911911e-02 -1.0366875931042820e-01 -5.4005492468048873e-02 9.1647748160925482e-03 3.4062194588643631e-02 -2.0095617058407209e-02 -2.1029967971738911e-01 5.2792743149145040e-02 -9.5888370154788474e-02 3.9050172362168102e-03 -1.0837591277891630e-02 -7.3374810480960742e-02 -3.8437602602208111e-02 2.0105371256121540e-01 -1.9950977663866849e-02 -2.2027244185894551e-01 -1.0603823628822280e-01 3.3830380492966529e-02 2.9144131389055281e-02 -1.5134184067990070e-02 3.5685227239313763e-02 2.4227608649286060e-02 -2.4136186812750589e-02 3.4934428250721593e-02 -1.6578950126295559e-02 3.3226631523050080e-03 -9.4291457416959323e-02 -1.1556777281546490e-01 -2.3074244364031701e-02 -6.6712960649771905e-02 2.5887890292711251e-02 1.2422246756215780e-01 1.8584113439529640e-01 1.3364203449314721e-01 2.3534769241206639e-02 6.0803129942534367e-02 -1.0189676386151859e-01 -2.8988225375844730e-02 1.0492364855554299e-01 3.5248587059627731e-02 2.1559871745890930e-02 -6.7438839104109388e-02 -1.5461512914901701e-01 8.6787363119454342e-02 -1.7087176265903181e-01 2.0977970117073999e-01 5.1128187287481523e-02 1.9969223920668609e-02 -8.6350532154670534e-02 1.0639790160703130e-01 5.8091358389688562e-03 4.3422525851215220e-02 -2.1690529198103041e-02 8.5820647418561297e-02 1.3390849684960751e-01 1.5357877672988751e-01 1.2764106566029901e-01 1.6038568049869861e-01 -1.9188201995143631e-01 3.0079475188847519e-02 -7.8412014426556848e-02 3.5380596423536387e-02 3.6123001686493052e-02 5.1057923506695843e-02 -1.2483688512385460e-02 -4.8642800373790533e-02 1.8696040393256791e-01 -8.0375472984324126e-02 1.9199672910454829e-01 -6.7077014253702806e-03 1.0593394379847920e-01 7.4798631694124706e-02 -1.9655614181091291e-01 9.6121632139656230e-02 -1.8083298402352019e-01 -1.5929276015638780e-01 6.8523738086798583e-02 -1.1508197896703640e-02 5.3231388301292502e-02 -1.6578927921185271e-01 -1.3429285779019029e-01 6.2067657832784229e-02 2.7227380394250052e-02 -1.7077550707545939e-02 -1.4858241950176609e-01 -1.0565285167442470e-01 4.8270070267974599e-02 7.0649774911477933e-02 5.9273584968715487e-02 1.2722196064979330e-01 8.7942720474261590e-02 -1.0163952761621731e-01 -2.0572452649732089e-02 -6.5783337387936944e-02 1.3016589906848031e-01 2.7166531627927620e-02
9.0128949793361696e-02 -9.6934736041000599e-02 -2.5073095084009862e-02 -5.4750621644283369e-02 1.0598611406559230e-01 5.1190804329961842e-02 9.9563101015557806e-02 -3.2733203134562459e-03 6.0414125341810142e-02 7.9853138720178532e-02 -4.5528527505769072e-02 -1.9121567037684961e-01 1.5200793426748739e-02 -8.2997964610968186e-02 1.1666789517774630e-01 -5.0675390211382239e-02 -1.2882886191585791e-01 5.6489973566332917e-02 3.1369378557465882e-02 -1.1934203832052979e-01 -5.2204901973172187e-02 -6.4926525472967206e-02 5.8882000698858357e-02 -4.0838607356077777e-02 -1.5510973639900619e-01 -6.0642366022582009e-02 5.8123380480115727e-02 4.3193650710205058e-03 2.7344750073976101e-02 5.0008611016218452e-02 -5.0763206295209931e-02 -2.6490062182858221e-01 -2.6974184602940621e-01 -2.4356216723537830e-02 5.1685245147188717e-02 -1.2921128274616450e-01 2.9537480516804281e-02 1.5320409726651590e-01 3.8872062591531038e-02 2.2786635543297110e-01 -1.2724382929232650e-01 1.8478657473491791e-01 -1.5683853931254871e-01 7.5498081993478031e-02 1.5339089718307489e-01 1.6695324441467610e-02 -9.5011317463711373e-02 -1.4522260583479921e-01 -2.9567739061085761e-02 -1.0287957853544411e-01 -3.3271222903621687e-02 1.0812075924508180e-01 -1.3566440070082170e-02 -1.2296235888397070e-01 1.3236156709841770e-01 7.6103166711612960e-04 8.3082911871054307e-02 2.2335002570513501e-02 -1.0092367526767690e-01 -2.1756305130681240e-03 2.4827360952266321e-02 2.4497676412069461e-02 -8.4272532054823060e-02 -4.3720235432863172e-02 3.2402263534214687e-02 3.4260951417993839e-02 -1.0121378162656749e-01 2.2930042295682029e-01 -3.4038717240785027e-02 2.5706235645873200e-02 -1.4663151189121321e-01 -5.7695033911206117e-02 -1.2729675824962669e-01 1.2437003844982100e-01 -5.4947978138456033e-02 6.0443648572523358e-02 7.3997337059279716e-02 2.3790846360680611e-02 3.2332640725996703e-02 1.7035107709091471e-01 -2.7060850253536880e-02 9.3007111076772356e-02 -1.8269696774280941e-01 -1.0500254195893741e-01 -4.4299429605477648e-02 -1.4928616122467869e-01 1.1212187027601329e-01 1.7249380786429899e-01 4.7878359617095651e-03 4.0702806660605648e-02 5.2985743875932481e-02 1.0304718715886570e-02 4.2624866919711617e-02 6.2625890750993340e-02 4.0094482033949143e-02 8.3579229370082955e-02 8.7099044052062993e-02 3.6519547835727612e-02 -1.5537299851179739e-01 2.0981505126636681e-02
-5.5601624223115639e-02 -1.5515113679884420e-02 6.2965743077749950e-02 -1.3266941278787739e-01 6.8287081346458126e-02 -1.3338684778619070e-01 -1.0778686833084550e-01 -1.6593459263463051e-01 8.5757415491132735e-02 -2.9258762144125160e-02 1.1063025068843020e-02 -7.5908315496903953e-02 2.5488872315940680e-01 -1.5384202638114431e-02 -3.0376162076756471e-02 8.9067465827509587e-02 2.9971868624381569e-02 2.2651210608360081e-01 1.6524426348494079e-02 1.1932664566008520e-01 4.3275469464214907e-02 2.6132999463350980e-02 4.7839917999202829e-04 1.2911209806614160e-01 -1.1106680360907270e-01 -5.5185055420231277e-02 1.0250294174576351e-01 -5.2260643004253038e-02 7.5988535595158016e-02 -1.2038674723889910e-01 2.2624509720131539e-01 5.5915878634873149e-02 -1.3260941796182740e-01 -7.4248796688358626e-02 -2.2865273290955521e-01 -4.5334806084936292e-02 1.6005750110308090e-01 -1.2525903810049191e-02 1.5037350162065011e-01 -1.1850852557292060e-01 8.1395374959378458e-02 -1.1043734954870880e-01 -9.2379718778426836e-02 6.1788395416115027e-02 9.8113903014540552e-02 1.2283602795577339e-02 6.5630831925315811e-02 -1.1274524102928229e-01 -8.7863998990689349e-02 6.4433482434136102e-02 -5.0426576642043218e-02 -3.8386562156365649e-02 -1.0046888781594510e-01 1.3583602328695499e-01 -5.1954026495260201e-02 -2.8387444606521671e-02 5.4003214399362502e-02 5.1496652950375338e-02 8.4275329405719607e-02 -1.6995773697255639e-01 1.4342292351808339e-01 4.6182462054932531e-02 -3.4155217429353818e-02 1.1697733554819870e-01 -1.8002667790034989e-02 9.9566767663325659e-02 -1.5736430236628929e-01 -1.1224092767747020e-02 8.5759622114490064e-04 -1.5173071407235419e-01 -2.4936901856597291e-02 3.4558471741307648e-02 -1.0058046365217370e-01 -1.5988285751825160e-01 1.0506411056235811e-01 1.5580321975576650e-01 3.6278611405104050e-02 1.0645073995865791e-01 4.5142430022523217e-02 2.0786784485183191e-01 1.3098500638387220e-01 -1.4222696297753240e-01 2.2337699966217161e-02 1.0708664511488861e-01 -6.6399877996589723e-02 1.4707698909199829e-01 4.2271608182714152e-02 9.1583517994010349e-02 -4.1765802317495479e-02 3.6811364305833663e-02 -1.1100120089567540e-01 1.5324836131214900e-02 2.2537752259862371e-03 -4.1711711642979807e-02 -7.2415149579102528e-02 4.2156803003089237e-02 6.7266172520753342e-02 2.7150098541216961e-02 6.6418056279827470e-02 5.2869968002795392e-02
7.4824527996653442e-02 1.8506547102510590e-01 9.1816633007468507e-02 9.5029179511538234e-02 -2.6280031895093571e-02 -1.3657240568518131e-01 5.0088533149048042e-02 6.2022233508822418e-02 6.5959731376267206e-02 6.3995262644746864e-02 -1.1702352674282680e-01 -6.6927197763141183e-02 2.1610613795578049e-02 -8.2925511767599255e-02 1.4751501225700431e-01 -5.7425965920111666e-03 -2.6570637473910381e-02 -4.7166363913215242e-02 -1.5384013355817819e-01 9.9058492144009108e-02 -3.9415596181834107e-02 -1.0252773261684529e-01 1.5345620356453069e-02 -1.2717756421869311e-02 -1.4997143760506310e-01 3.6470117867442663e-02 -1.2889167633683070e-02 2.5127399685595939e-02 -5.9514462390998578e-02 -1.3411885673946000e-01 -5.6850382845033520e-02 -7.6380734038235962e-02 5.9730598780204633e-02 -6.2533053599092878e-02 -8.2287457232419731e-02 4.7457785955232368e-02 -3.3876622762080109e-02 -9.4237999878957951e-02 -7.1953038309872805e-02 1.0792648051838059e-01 -6.7589025843467973e-02 2.5466049792770781e-02 -1.2268880335478929e-01 1.2803542388008721e-01 -2.0205728044519011e-01 -1.0092914793495359e-02 -4.7923309320430020e-02 1.6100277479059799e-01 1.1493305073239450e-01 3.4072776096057140e-02 -6.0432884143386538e-02 4.6303733381806662e-02 7.9165890017665760e-02 5.5055819824954824e-03 -7.9008824195637664e-02 -8.6343384391328132e-02 7.9247075752075374e-02 9.6488785547385839e-02 -3.4499285798952783e-02 -5.1990473689733363e-02 -7.7604526152116340e-02 7.3800696808881697e-02 1.1449687334865820e-01 -2.3686978652567120e-01 2.1953577538481170e-03 -2.1875905229990381e-01 6.4497129326882785e-02 5.9684893553846818e-02 5.7603489760747209e-02 -9.2769310569916316e-02 -6.5406552285175626e-02 1.0316564911479111e-01 4.7706522771333519e-02 -5.0876968916276272e-02 1.2300086121508400e-01 -5.1580127055049517e-02 2.4743251562411570e-02 2.8858509433190799e-01 -1.2937114343461581e-01 3.3401529754629247e-02 8.3357134739268229e-02 1.4282173845399371e-01 2.1821606895537891e-02 -1.2445647698831330e-01 -4.3951778959305618e-02 5.2792917356690512e-02 -1.8587042903848331e-02 -4.5850923618632418e-02 -8.5108966381353762e-02 1.9463880491582761e-01 -2.6916622823179259e-01 2.1467329488588489e-03 -7.7574796826173714e-02 1.1336602979925781e-02 -2.3851092945512520e-01 -3.3288581499046503e-02 1.2104427011446230e-01 7.1110323566471095e-02 9.0941084066774688e-02 -2.5324176219007330e-02
-7.1525960155814403e-02 -2.6132387856791471e-02 -1.4007982530087110e-02 5.5650836897549863e-02 7.2391772299153376e-02 1.6910383314017449e-01 -6.6766364493461058e-02 7.3648347017730362e-02 -4.0618921379301842e-02 8.7246490386900050e-02 -1.4526408792637691e-01 3.5803018290272673e-02 8.7923819141400406e-02 1.7990770986666110e-01 3.0147606944703781e-02 5.9085718622961768e-02 5.4009887608426829e-03 5.8700709505876053e-02 1.9329764243763600e-01 -5.9865912568849412e-02 -1.7174430781604241e-01 -2.8318172916404809e-02 3.3148715857900940e-02 8.1067557246944630e-02 3.6401049280468993e-02 -6.4655473093511204e-02 -3.0558346895089999e-02 2.8035561151613330e-02 2.0756450639413320e-02 -4.1993421232151620e-02 -3.0800473980819070e-02 1.3145291219494801e-02 1.1454919109684680e-01 -8.1636773359785003e-02 -1.7568027502395771e-02 8.9737223773696750e-02 -2.1934330457450569e-02 -8.1502167742989046e-02 6.6979961993538811e-02 1.4341136287367029e-01 -3.0684533495178849e-02 -9.4163251329332051e-02 3.5982064284950252e-02 -8.6903726889878838e-02 -1.8164038674350461e-01 -3.5062059559686588e-02 6.6342392497616504e-02 -5.7971278510841280e-02 7.2387496693044437e-02 8.1181205489461394e-02 7.2152038649573078e-02 -1.0191734562906821e-01 -1.4881492532068999e-01 -9.1409729581502785e-02 1.5794404157570799e-01 -2.2062316945597840e-01 -1.6564050250570339e-01 1.3676682168251840e-02 -1.6903072599177479e-01 -1.7435792227357810e-01 -9.1086809107536484e-02 -8.7118351430315634e-03 -9.8751675734242997e-02 1.0850313134931990e-01 -1.0763183125463240e-01 4.8032688306526143e-04 -6.1107872468686292e-02 2.7467328889476991e-02 -4.7958502678814567e-02 1.1734775457441110e-02 3.0777853241727809e-02 -8.8804081445543442e-02 -1.8967557475068919e-01 6.8092163257006233e-02 -4.2602501835988481e-02 -2.9860793091727060e-02 9.1593385932165261e-02 -1.0252861878632140e-02 1.2956878423773391e-01 -4.5568628225342862e-02 1.6881077628501101e-01 -5.7823974205551160e-02 -1.4876584670402770e-02 -6.9714436540558172e-02 -1.9074379293611871e-01 7.8810846052470185e-02 3.9354070982050772e-02 -1.2564167207578900e-01 -7.4922939999610555e-02 2.9829984988379371e-01 8.2838452782452346e-02 -1.4340938098910119e-01 -7.0004421555113439e-02 2.4276034706275229e-01 -4.7322623250712230e-02 -1.2078641358647790e-01 -6.4784860478047046e-02 5.7901555232812887e-02 -3.9316022929499053e-02 -4.9535683754052103e-02
-8.7990960029804652e-02 1.7913866227876901e-01 5.3749694338966737e-02 -2.1576299530802770e-02 -1.1765122714188950e-02 2.0446585529927760e-01 -5.6448344497368299e-03 -5.4363011672543010e-02 -8.6790707840181253e-03 -5.7918150867086453e-02 1.8222842066094692e-02 -1.0898367828763740e-01 -9.6185254802289358e-02 2.8696844993469521e-02 -1.3547213888650220e-01 9.1144217735156935e-02 8.4790004663536409e-02 -5.4195508445553597e-02 -2.9136585525716831e-02 2.9434592096711870e-02 8.7331689867989282e-02 9.7745892717816963e-03 9.6989427163348893e-02 -1.6633567861251409e-02 -5.7257440604007018e-02 6.0288614196980957e-02 7.6152785800567599e-02 -8.2483784816496306e-02 2.0703044842341180e-02 -3.3793578177052891e-02 2.6472655822131510e-02 -6.1458527626212884e-03 1.4131193904463071e-01 -5.6784309081121351e-02 -1.7249903238133310e-01 8.9517113437393311e-02 -2.9693899454823470e-02 2.3708088946767719e-01 -1.4672777988061009e-01 4.5120157356257747e-02 -2.2459651610595260e-01 8.5899797198305206e-02 1.8485555828229339e-01 -1.0809840376965560e-01 1.7657974220663300e-01 1.9958071590271301e-01 1.1733299153928840e-01 1.8264667468977669e-01 -3.7797476620278492e-02 2.4369312123715500e-02 -5.7514426709910242e-02 -1.3284799116864430e-02 -1.0455109696182980e-02 1.4818266223393570e-01 7.2113303967773934e-02 2.9750087111072149e-02 -1.1720600041911630e-02 1.0137695395766710e-02 -1.0735245454110819e-02 -8.7970104398024579e-02 -5.8624218531841549e-02 -1.0400287692535511e-01 -1.4379638074115461e-01 -2.2556697769202529e-02 8.2227481761112303e-02 7.9528008183900920e-02 -1.4000032560185760e-01 -2.5517781424479372e-02 1.6748134246458910e-02 -1.0445462519813720e-01 -2.2095518669624791e-02 2.7457856741086129e-02 1.2206649688484821e-01 1.0526745461845979e-01 3.9880741530640369e-02 7.5638324449766453e-02 7.5181906453412471e-04 1.4772234751629509e-01 -6.6340273177681571e-03 1.9134115379498790e-02 6.4391051295720925e-02 8.1118250676843418e-02 1.1845025625387980e-01 -1.2586052022737170e-02 -1.6869124548720629e-01 -2.1469181616392291e-01 1.5967884753659539e-01 -1.8314026795328961e-01 1.8250491855667059e-01 9.0002327593223047e-02 -2.6201315783055259e-02 1.4874111315402810e-03 -5.0812265453171107e-02 -7.2513134125001835e-02 9.2790593461039614e-02 1.5193144090112321e-02 1.0995948990323979e-02 5.7465708390759353e-02 -8.4529703157710995e-02 1.9661813287724600e-01
-5.4876437120378083e-02 4.5874842940251959e-02 -1.0391280799585539e-02 -1.9698851649618040e-01 -1.2807106770637439e-01 3.0157043956954139e-02 -3.6425669050178591e-02 -4.1494202913463278e-02 2.7531412830248281e-01 6.1019448978585557e-02 -3.9835382948955583e-02 -5.8537327353679870e-02 4.9666510646415668e-02 1.8680522794786891e-02 3.4753419986078879e-02 -1.5424060118174060e-01 -2.7945768460479642e-01 7.0550632982208011e-02 1.3573266986182130e-02 -2.4706622697461239e-02 4.8140849028099168e-02 6.4484010146739448e-02 3.3990480766937087e-02 -1.9293919415346441e-02 -9.2274736039660889e-03 1.3064305915594629e-01 1.1975906103402470e-01 3.5958897698296043e-02 1.7697197459148089e-02 -1.6748037616793249e-01 -9.1455381454298101e-02 -3.3142278218941237e-02 7.3640492833218205e-02 -9.3397561169438204e-02 -1.9281022941947040e-01 -1.5655085036774191e-01 6.6481438015412488e-03 1.2679691199099541e-01 -2.3969788338843001e-02 -1.6421117570783281e-02 6.0999746308801298e-02 -1.1946573269518200e-01 8.4174561797035627e-02 4.1614438030186551e-02 2.0118536849255519e-02 -5.2111025288600170e-02 6.1999768558061358e-02 3.8103687347375362e-02 7.8053418411432679e-02 -7.6193545952433286e-02 1.1549238705470739e-01 -4.5987195152895663e-02 8.2220003228875974e-02 -6.2329715304910008e-02 8.8252831797306933e-02 -1.2342420345983060e-02 -4.8756967782037357e-02 -8.2600697138389148e-02 2.2753958841843089e-01 -1.6566940624500720e-01 -2.4912403006897621e-02 -3.8100333514846429e-02 1.9282557740129359e-02 6.9300571658101356e-02 -3.0418201365199030e-02 -1.1914973169419260e-01 2.2485584264766961e-01 -1.3924925976937969e-02 1.2415595538300921e-01 1.2061383627121650e-01 8.7397979718886964e-02 -2.2313184691354521e-01 5.5494662849563933e-02 6.0011057390233900e-02 1.5442259692631950e-02 -2.8651990198319540e-02 -3.3596664596553728e-02 6.5871997019984835e-02 9.4774212528063853e-02 4.1642539725198623e-02 -3.0773130790577280e-02 7.7376689682444447e-02 9.3498336841603774e-02 -1.0493523619257029e-01 1.2090770868361950e-01 -4.7187224758681548e-02 3.9854176868400697e-02 7.7183324522722141e-02 -7.4760526601428998e-02 -5.1197147230664193e-03 9.8585198219943979e-02 -2.9967912364857391e-01 1.9325686626415269e-02 -1.7779528891434560e-01 -3.5536345870496103e-02 -4.2635807335943278e-02 -7.7343114149048986e-02 -8.1212531202701888e-02 -7.8886617859321106e-02 -6.2254552932216288e-02
-2.8399746197278159e-02 5.1366984394912177e-02 2.1047020245800241e-01 -1.7600286842687241e-01 1.0930213412877020e-01 -2.8663702610241499e-02 1.0957129331226539e-01 2.9102470039415119e-02 4.5559309222675343e-02 3.7490356871648048e-02 -7.9479727301022929e-02 -7.9569669286587125e-02 1.1142521903127250e-03 -1.1527708001698740e-01 2.2092206315168880e-02 -1.0631137177196370e-01 -2.4669182569831971e-02 8.7175761035861860e-02 1.6428538822936369e-03 -1.0091202216328530e-02 5.5948133549050143e-02 3.5930921154859029e-03 6.7655888700426589e-02 1.2971396902102389e-01 1.0126203027206500e-01 1.8097493486696089e-02 -2.5777976821562729e-02 -9.8392844068096619e-02 1.6897223630111740e-02 1.6363330567639581e-01 1.4149634603837811e-02 7.7126605027150422e-02 6.2545107939640326e-02 -8.1509759827421063e-02 -1.6837915324853289e-01 3.8022900527798893e-02 7.4276050762279833e-02 -5.1347531013614160e-02 -6.9085912772128194e-02 -1.0323033747120181e-01 -1.7629649873469511e-03 2.0196012039527170e-01 1.1591878605405360e-01 1.3107598522625921e-01 -2.1521560375046209e-01 -1.6002765498712360e-01 -1.0533481696459830e-03 -9.4926556676407273e-02 1.2490261549603350e-01 9.1545062284746764e-03 1.6231079560793771e-03 -2.3954714273966951e-01 -1.8949776630146539e-01 -8.0662781734325520e-02 1.0265472850721361e-01 1.2661656452894779e-01 1.2364399697986310e-01 7.9872772234203165e-02 -2.6810243964882052e-01 8.9912862744305155e-02 1.3139916519821760e-03 -1.1425233944536339e-01 4.7977975630000506e-03 1.0852419287654171e-01 1.9853583236161390e-01 1.4053210763081009e-01 8.6810991144102609e-02 2.3395919672945249e-02 -1.0759451225578510e-02 1.2489778909747220e-03 4.2227022234864728e-02 1.1883479069378521e-01 8.1948982850242630e-02 2.0374880402314732e-02 -1.1559448771061119e-02 -1.2762608002284501e-01 1.1856143840449789e-02 8.6750152922403498e-02 2.3111718913588160e-02 4.5503615487170621e-02 -6.3190622658357662e-02 -1.5450912423502819e-01 6.5449645553813413e-02 2.3807197456543082e-03 1.2279001445922490e-01 -1.6261406422333691e-01 -3.1226877368794030e-02 -7.6328525596407432e-02 -1.3709404895199129e-01 3.8151399879128960e-02 4.0162147386821563e-02 1.5444884444003221e-01 9.4397107497958058e-02 -6.0164007234809282e-02 -5.3751033668716183e-02 -1.1701434713635380e-02 2.0221482024778529e-02 2.9121910492005661e-03 -1.3891781309262310e-01 -6.3754684587808655e-02
1.2920407827136479e-01 -3.5692522869533387e-02 -4.8829517003022932e-02 6.8334908925052840e-02 -1.4741927684036449e-01 -1.2208307466742110e-02 -1.1311927632799861e-01 -4.3655241482668992e-02 -2.0549556897922261e-01 1.1653473402908100e-01 -1.6964320191469101e-01 3.6714893337242149e-03 -1.6488515442603899e-01 -3.2032735275543407e-02 1.0868237849305140e-01 -5.2938194916537833e-02 -1.7022893672257469e-01 -6.1168441228849228e-02 1.3770057467163449e-01 2.2884032966042059e-01 2.0127224152352791e-01 7.7698282077309638e-02 4.9831832994124567e-02 -5.5353343124409780e-02 1.5662139471826081e-01 -1.3565493987541821e-02 -2.1999315277293222e-02 -8.1482632541732158e-02 1.3062323566293749e-01 5.1077927586484967e-02 -3.4811135991783967e-02 -3.6737927860014931e-02 1.1431262639620941e-03 7.6870636437141884e-02 -2.7674158387572728e-01 1.3480694106118091e-01 3.1764166895780217e-02 -4.5192128700649439e-02 1.1536595283511020e-01 -8.9289745218491606e-04 5.8426534912410497e-02 -2.2226626916447129e-02 6.9147432953800381e-02 3.9626035586426897e-02 4.3146084013572082e-02 -1.8870016769458049e-02 -6.2328319873014300e-02 -4.3190483258123559e-02 -3.8256019475327919e-03 5.1074414669513629e-03 3.1702033515827011e-02 9.7206553906529020e-02 -7.3818706682292887e-02 3.4527593673737080e-03 -1.0887877146686090e-01 -1.7083860017421240e-01 1.0232215972573500e-01 -2.0275192794119409e-01 2.0155317318182452e-02 1.0655035138278450e-01 1.4056060358278771e-01 1.3155381545770289e-01 -1.1269983060886200e-02 8.2512331612192680e-02 -9.1528266730937835e-02 2.4504254686642250e-03 -1.0892424955060311e-01 1.7746167164704521e-02 5.5936136856142543e-02 7.8715475005985441e-02 -2.7699090001029258e-01 -2.6363805527940981e-03 7.0411999102758640e-03 1.5215584873510180e-01 -6.3487032869649018e-02 -4.9751271917297522e-02 9.4474634637672208e-02 3.7525480916308293e-02 -6.2954146718407870e-03 9.9101641086354622e-02 -2.0679169756591311e-02 4.7510551518866677e-02 3.3744173196299937e-02 -4.9070359703976500e-03 -8.2935234588207674e-02 -8.3263780731526862e-02 -1.0047665680921060e-01 -2.1516343112750261e-01 -1.8238679705501229e-01 -3.7737918332676902e-02 -3.9813130285323260e-02 -2.5133236303553429e-02 -4.4772316518513100e-02 -2.8128277295962009e-02 5.6896587509818283e-02 6.1881169329488693e-02 2.0045857880613541e-02 -1.3267796164507981e-01 4.5360992034308677e-02 6.1330125837029487e-02
-8.5088443482146309e-02 -9.0296637299772928e-02 -1.0490212885973320e-02 2.6492160065027339e-03 -5.5073925876545617e-02 1.1134915521678400e-01 4.9766593554618953e-02 2.0770993310721611e-01 5.3926274812606659e-02 -5.8825004285380733e-02 -2.3871441344358549e-02 1.0901793175607449e-01 -6.0732645834567549e-02 2.1581972067279079e-03 -8.6160840645436707e-02 -1.7339068376231201e-01 5.1998648895722463e-02 -1.2925161015181111e-01 -3.2516469598107979e-02 -4.0526810011975903e-02 -4.4523735743213347e-02 -7.6228937840017302e-02 -1.1330555964242470e-02 -6.4257342150088048e-02 -1.2479538514268980e-02 -7.8317855979318826e-02 3.0220691206659871e-02 -9.6664219731463552e-02 1.4319386802086231e-01 -7.2923109476711281e-02 1.7595254279446659e-01 5.5907782300088311e-02 -1.3137821893441459e-01 1.4113668524094239e-01 -1.8121282311574421e-02 7.4618344433703118e-02 1.0812329383216289e-02 5.7482318295933761e-02 1.0279129691735870e-02 -3.8970386227337873e-02 -3.5688230244595560e-02 -8.0500164652364536e-03 1.2642036317090899e-02 9.2019298477881928e-02 1.2390391451575530e-01 -1.3498378905529790e-01 6.5885031544619554e-02 -7.2224096705705843e-02 5.2333085132546253e-02 -9.4530791365604452e-02 3.8936763744280622e-02 6.6999943779114973e-02 -4.8031614332002252e-02 1.2707030026056551e-01 -1.0558786497550880e-01 -1.2038699107139431e-01 -1.0067101547400991e-03 4.5352508562999501e-02 -9.2324570083531773e-02 -1.2630360027951709e-01 5.9013890745473307e-02 2.3309110689691291e-02 -5.7065610154461793e-02 8.2483620908317765e-03 2.6649095521270701e-02 1.6896900532690770e-01 -8.9807850306271433e-02 6.5481771877105152e-03 1.5659863630645790e-01 1.4754599779062791e-01 -1.4241888749196430e-02 2.9521282446062402e-02 -7.2657609338635160e-02 5.0171599804438562e-02 1.4604434481270970e-01 -2.2047210143843729e-01 -7.8881606867746562e-02 4.7143191824342838e-02 -1.1088307238944280e-02 -2.3356700031843999e-01 2.2956917167494939e-01 4.2364076643193700e-02 1.5294655375152519e-01 -9.0960511381279877e-02 1.4161199054467061e-01 -1.0006153317438470e-01 6.0793578686878708e-02 1.8721136538943181e-01 -7.6639277389996679e-02 -7.5695918064188933e-02 -1.5840773054463159e-01 -3.6091608797637002e-02 -1.5966356035625781e-01 -1.9931289602787460e-02 9.7938084204436310e-02 -9.2419558534222901e-02 1.5801943246718159e-01 1.6020043234986769e-01 1.4352532715825960e-02 -2.0619123387406621e-01
6.0938550991148477e-02 -2.8798608089980991e-02 8.0727407533333906e-02 -1.5194962397078619e-02 -8.8853831530645536e-02 -1.4411801209417549e-01 -6.4967348797376825e-02 -6.7781273224752116e-03 6.8485647225771065e-02 -1.3738412447297710e-01 -5.7752084908145783e-02 -1.1686324159249040e-01 -1.5119694652008850e-01 -1.0579737509032890e-01 1.7376627733550240e-01 -1.4944178201125771e-01 9.3816109457887265e-02 1.2846239091309270e-02 2.7683452541338149e-01 2.4051964675591450e-01 -3.5793348603627782e-02 -3.4240166212584418e-02 -3.7000200431955418e-04 -1.0088388322241509e-01 7.8777022684749329e-02 7.4418392994261923e-02 3.5121537808649059e-02 -4.9559113435808912e-02 1.9287548493666959e-01 -2.1366890521777901e-01 1.3584507555627151e-01 -6.8791226194661326e-02 3.9968373240043438e-02 -4.8849061693472140e-02 1.0202046763875749e-01 -7.6735928245362545e-02 -1.9742611824698669e-01 1.7107079733466241e-01 -9.8614125896566346e-02 7.2754478160936553e-02 -1.3821109949694221e-01 -1.2429878059075000e-02 7.3434936076228280e-02 -9.5889417071260835e-02 -1.0099316670249921e-01 -4.9723636465243672e-02 9.9947555588351753e-03 1.0756868407268960e-01 5.1245655234505721e-02 5.1199508870478569e-02 -7.2104674499012963e-02 -6.8394724592064804e-02 1.0454268405761240e-01 -1.0946610149542809e-02 -8.6217094307643516e-02 -2.7870048647978280e-02 1.9215171129989321e-02 1.4816463025152329e-01 -5.9392882180410847e-02 -3.3512781289887147e-02 -8.7790699540152992e-02 1.5266219329280020e-01 -9.8069330054852515e-03 5.7147651229173951e-02 1.7321850128619271e-01 1.3456890932204221e-01 -4.3911171458455772e-02 -1.6927474733732559e-02 -1.5496831112967899e-01 -2.1606554809837669e-02 6.5699584386085655e-02 -4.4628902593393388e-02 -1.3770151295498409e-01 -8.2227658330750825e-02 6.0807825464606231e-03 1.9360419875045630e-02 -6.5558559941424257e-03 -2.6489713120009750e-01 -7.3930365605994808e-02 1.3383877188152780e-02 5.8341884219851514e-03 3.3629016052826442e-02 -3.7518238639924463e-02 -2.6275899057241540e-02 -2.0690777339238450e-02 1.9340976734742721e-01 4.0808255704600352e-02 -2.0565484641277800e-02 -1.3908302292364330e-01 -2.2117857962282651e-02 5.5646389041547513e-02 4.5101204515236248e-02 1.3647217073932740e-02 -1.4351124981523569e-01 2.7212442752180089e-02 1.0310107856965760e-01 -5.4820031222652200e-02 5.1886183372448123e-02 -6.6986483748809583e-02 -4.6771401943789519e-03
-6.8837619876113768e-02 -1.2488735565367230e-01 5.6356667001169987e-02 -2.0026328482085100e-02 -1.1230941458181740e-01 2.0478010845456729e-01 2.2233202729839291e-01 -2.0306286756830029e-02 -6.7100300373658051e-02 5.5881136513822260e-02 1.4029560634169040e-02 5.5659823980629533e-02 -2.3620047373672522e-02 9.4406853804909416e-02 -1.4220630893922809e-01 1.1623043101175801e-01 1.1064530937675260e-01 9.7690905948334072e-02 2.6826488798463211e-02 1.3991299551030811e-01 8.2721790715510057e-02 -1.6147526751066819e-02 5.6471505832497673e-02 5.9562678891470038e-02 3.1749803802174698e-01 -1.7952332399953499e-02 9.1202105026023716e-02 -7.0017035432334451e-02 -1.0328019692137250e-01 -3.1644450619382328e-02 -1.6979323636784161e-02 1.2025233386990861e-01 -8.1500241903796983e-02 8.7238708655874839e-02 4.7041638452798538e-02 -4.7582101422863420e-02 4.0875468857247327e-02 3.9568529931123649e-02 -9.6897945018534146e-03 4.7582308707820258e-02 -3.1065141153381350e-02 5.2987394789824567e-02 7.4224411204820151e-02 7.0548896283619059e-02 -3.6965928299322923e-02 5.2623159118112342e-02 -2.6207456563850189e-02 4.3106427988431242e-02 -1.1113022776227980e-02 -1.7244482764944662e-02 1.9528380545687271e-02 7.7256510074486667e-02 -1.1649581911231351e-01 -4.1846967632787127e-02 9.4327360650918846e-02 1.3370243892692341e-02 1.2181839847658869e-01 -3.1621153474315253e-02 -2.8766200510304540e-02 -8.8784782586817629e-02 -1.6388252841000438e-02 1.9347777472411681e-01 6.3938703132616545e-04 -1.5615905652585890e-01 7.8020676628096267e-02 -2.8127430583373820e-02 5.5873635895947238e-02 -4.3027998615796287e-02 -3.9343557140170793e-02 -3.3703782563328497e-02 1.8396347273348260e-01 -1.7658149114963539e-01 -3.0345007700417231e-02 2.0472330775742360e-03 -1.8648528630848060e-01 -2.9962933847556539e-02 7.9597874979462704e-02 1.0184012232171130e-01 5.3873412267192423e-02 9.5026082481818888e-02 -8.7164788187964526e-02 8.1377446356087055e-02 -1.1036213160069390e-02 -1.6865197397664700e-01 3.4179576230364078e-02 2.2577776665487631e-01 -1.8781688394050591e-03 1.8975017105169201e-01 -1.0371547396217870e-01 -9.9781661835791166e-02 -2.5498687892751781e-01 3.8247453685911578e-02 -2.9042433926297229e-02 1.1695725848175600e-02 -5.1925064043149283e-02 -1.3119573024329029e-01 4.1782173716597162e-02 -5.4224821593579053e-02 -7.6116602900544367e-02 2.5202274659007179e-01
6.1415996210992037e-02 1.8271790130074789e-01 -1.5259153857954291e-01 -4.6102418852773892e-02 -5.5106835010817659e-02 -1.0462387857615189e-01 3.6201302171294962e-02 -6.2969641244973854e-02 2.1413097786307549e-02 1.3261086664209070e-02 2.5389395326600672e-01 -6.4069558797589299e-02 1.9957317980690259e-01 7.1569386188372872e-02 -1.8239331304847569e-03 1.9608078935350950e-02 1.1460360779495980e-01 -6.6437398709997444e-02 9.6461400508432091e-02 -1.1566609955478969e-01 1.8462337052935751e-01 -1.8672382914759489e-01 -5.4812884420936446e-03 -1.3880017836941169e-01 -9.5949220709557567e-02 -4.7613906593783159e-02 1.0123304686255920e-01 -2.7099231242648097e-01 1.3223396495649010e-02 -1.8757545852383831e-01 -5.8410842425509722e-02 4.6572128938094627e-02 -1.3548197171505019e-01 -1.0240730336826760e-01 8.6997416269767855e-02 -3.4739032324958702e-02 -4.0984119342958931e-02 -1.3688079015447069e-01 -1.6073473693131479e-01 1.0436851375517540e-01 -6.0399782545745018e-02 -9.8164302584201446e-02 9.0911485040572657e-02 -8.3463531807389288e-02 5.2202694577175267e-03 -2.4708938481436329e-01 -2.2794400767980391e-01 -3.8357105654382689e-02 8.1645048289151201e-02 9.9791018912035082e-02 2.7748313250738781e-02 -8.4197042530416891e-02 -2.0876914541448599e-01 3.5655078638569267e-02 1.2536292694081920e-02 8.6462658701924600e-04 -8.7624956204595400e-03 -5.5799988751806417e-02 1.0369794639402830e-01 7.5922406009386795e-02 -1.1473596099159961e-01 -2.0964573485586141e-02 1.7601544158211122e-02 -1.1048643805122660e-02 -4.6229028637354543e-02 8.8876208720333805e-02 -4.5780229724856562e-02 7.9164338606266704e-02 8.2322653364614251e-02 1.8586022029035400e-02 -7.0484089177716772e-02 7.9990070493311527e-02 -4.4462031947198007e-02 1.2836934291580690e-01 -3.3112624740061020e-02 -4.8836574543881218e-02 -2.9685243200084380e-02 3.3011255472999039e-02 -3.9898228712637707e-02 -5.9484387568546539e-03 -5.0693719772187458e-02 -2.6951450800326349e-02 1.3290999416910201e-01 -5.7039705590544477e-02 -1.4003314171170969e-01 -3.3465699387522002e-02 -7.1373485326628169e-02 5.6328428362421933e-02 -3.9494117588938192e-02 -8.0875831365739725e-02 -5.1233936136708701e-02 4.4539696868459877e-02 2.7715764133099442e-02 3.9717565206485478e-02 3.7920893132730859e-04 -9.1905964695245257e-02 -2.0457533663891730e-01 -1.2045677973624271e-01 -1.6021559736730359e-03 5.0278817637088559e-02
-1.1528003864347399e-03 5.3846723602012092e-02 1.1375525003123840e-01 -8.2700757218471019e-02 -4.1460849237466443e-02 1.9945535034542501e-02 4.6259785006818890e-02 2.5495894245615901e-02 -7.6990561275534594e-02 -2.9919085751686891e-02 -4.2803975242904822e-02 -8.6968290033285402e-03 -1.9020705210923269e-01 1.7614851859823991e-01 4.1871259808404337e-02 7.2151515020025064e-02 1.8693866000497480e-01 -7.2935422069326669e-02 -2.4531819463981371e-02 -2.4616638688021709e-02 -1.1342504321444670e-01 1.3681133619970881e-01 -1.1132681570463809e-01 -1.1676581409862651e-01 3.9462247439581662e-02 -3.1061211510442291e-02 3.0460167897955252e-02 -4.2386981101524307e-02 2.5038380714704031e-02 -1.9026540581974000e-01 -8.6634397258740004e-02 -4.1084063746323812e-02 1.2759914715521700e-01 -2.2840935316425590e-02 -2.9384926438184959e-02 -3.1886132869744142e-02 7.2688785382175897e-03 -7.7749966372485588e-02 6.8459903943567284e-03 3.5234899797969600e-03 -3.3861407310897547e-02 3.3036082064231043e-01 -2.1916710879549151e-01 -4.2168152961088952e-02 -3.0641064555444408e-02 5.2479241805247892e-02 -8.0157145998180565e-02 9.6664137947107195e-02 5.3572987141437649e-03 -7.6415234842524798e-02 1.0398952999575840e-01 -7.8005306415431241e-02 5.6964472617910969e-04 2.2743629684461818e-02 1.6801366975220949e-01 -1.8553711276348039e-01 -1.6951251414524629e-01 3.8783503155436647e-02 1.9106722198983661e-01 -2.9926778641570739e-02 1.0672454907794710e-01 3.4363260505805238e-02 1.2733364822892421e-01 7.5734743784885497e-02 -8.8547375426465375e-02 1.8622389256544819e-01 -1.2493930660794640e-01 2.7603256149391381e-02 5.8638001524698648e-02 9.1165913944361604e-02 -1.2599368605878669e-01 -7.1385209455625759e-03 2.1138688419235960e-01 -9.9880755543659216e-02 7.0569157899304458e-02 2.8488592857927160e-02 9.4562474892182252e-02 9.8321484770224787e-02 6.8340513876000250e-02 -1.8896586757977282e-02 -1.3588477915510849e-01 -1.4595106525190829e-01 -4.5891691467232182e-02 1.4132889899619491e-01 -2.7398551300670149e-02 1.6194311719178098e-02 -2.7596956794342490e-02 2.5111832919654031e-01 -1.2290368129461580e-01 4.4824449909499457e-02 7.3564416063238741e-02 6.5232622045230129e-02 -3.5173845466507608e-03 -9.7888198169947982e-02 -4.8344792133908389e-02 -4.3523164816073608e-02 2.2852707460156541e-02 -6.4702050586661009e-02 -5.4875726061238181e-02 -3.1650404363018449e-02
-7.4463217022703546e-02 5.9503558730313801e-02 1.3237627172474131e-01 3.8253106025465302e-03 2.9441198480963330e-02 -3.8228035260025828e-02 2.8920359050466540e-02 6.1452518092079418e-02 -2.9692939231530539e-02 6.3081586922641000e-02 1.9209002711750220e-01 -4.3080075153693873e-02 -8.0539606233811942e-02 4.8827362075952951e-02 6.9097691339550502e-02 -5.6900222036523271e-02 8.0776643779469970e-02 9.9698587467477839e-02 6.4585871353469784e-02 5.2561169822370052e-02 5.3852161473286683e-02 3.7523096562326497e-02 -4.4478350503826050e-02 -3.0443982652673781e-02 -1.3343261932485390e-01 4.0812113536329298e-02 8.0525295320190479e-03 -3.1374038181552759e-02 1.2185440288263060e-02 1.5245972438165170e-01 9.8696978946443206e-02 -5.9212432576963243e-02 -3.0672812231743861e-02 -7.8670025581091901e-02 8.1234969340052393e-02 3.7422791533230380e-02 -3.7067178971547772e-02 2.3251099614657381e-01 1.5436274443620149e-01 -1.7066502292210509e-01 2.0760124320188440e-02 -1.0358041785393250e-01 9.1703209111933179e-02 -1.1832474981936540e-02 -8.5094593738803709e-02 9.9389047276782244e-02 -1.5438413975066009e-01 -8.2108530512117403e-02 7.0363587408797029e-02 -7.1461208489401462e-02 1.5648670457992631e-01 1.2327444035822580e-01 2.0378222591667799e-01 8.4525381601627897e-02 5.0649271509760077e-02 -5.4608130713256799e-02 -1.4995562347746780e-01 -1.4061496484961020e-01 -8.1076795420210596e-02 -4.8044394559179186e-03 -3.6289795373315517e-02 -6.8134722065427269e-02 2.2713826228893878e-03 9.8969507230868697e-02 4.2865694927129702e-02 5.1712078603779729e-02 -3.8902206670467669e-02 2.2847796517138161e-01 -8.7037883750964197e-03 3.5712760127081272e-02 1.1888783353407920e-01 8.8787516938763245e-02 2.1252969908868280e-01 5.5012394073507269e-02 -1.5930282074456001e-01 -8.4366754850515313e-03 1.8053666358469031e-01 -9.1416719573936212e-02 2.7293429368960259e-02 -2.0002339671539540e-02 1.4253575634902571e-01 -1.6197660350233129e-03 -8.8383422364026590e-02 -3.9876370119123247e-02 -1.3536266597146671e-02 -6.7098379711488937e-02 7.7354477685498205e-02 1.4471570728298730e-02 -6.8043785457782766e-02 7.0757243159562302e-04 -2.2544455644639971e-01 -3.7505540778514729e-02 1.5612252177365199e-01 -7.9389653786840434e-03 -2.2897053912048729e-01 -1.3131089135245391e-01 -5.7015542180473180e-02 -8.4679693788594454e-02 2.4357850696777170e-01 3.0976797896447679e-03
-2.0424349100279560e-02 3.2433905832543727e-02 -2.3436303942051082e-02 -3.4633664375335437e-04 8.6054184937935485e-02 1.8910511290659071e-01 3.1363218343353358e-02 8.1239340162936158e-02 -1.4953050771216589e-01 1.7131109839012931e-01 2.5703920908041390e-02 -1.2588529761491951e-01 -1.2304501672628800e-01 1.2252936504773830e-01 1.3772097017526200e-01 -9.0435940459215852e-02 -9.5445822143493161e-02 8.5285355213293473e-02 -8.5905954042462526e-02 -3.2798654305827138e-02 1.2653858312273570e-02 1.4294204226708590e-01 1.7553365182165971e-02 8.2464510852345213e-02 -1.4962220728181519e-01 -1.0123199575114410e-01 -1.0010141717004679e-01 -3.9022343511057482e-02 1.6892125676812089e-01 -1.4917919997411541e-01 9.7955371770682725e-02 1.5844070007853119e-02 5.5106593478006172e-02 9.2605673632652458e-02 5.9580042807983923e-02 -1.0900077175386630e-01 -1.0318722070899369e-01 -5.1946384012447458e-02 -1.1082888618955621e-01 -3.8910686763841983e-02 2.7294729371860399e-01 -7.2739402337918396e-02 -1.4423875082668480e-01 -1.3243399759249430e-02 -6.8117168350140936e-02 -1.0138366865152140e-01 -1.3144420348455900e-02 -4.1188073885618293e-02 3.4928201461666822e-02 6.5036196470106972e-02 -3.5546701953479212e-02 -5.0834309475533253e-02 -6.0879463991104381e-02 1.9935615937719489e-01 1.9285515093205061e-02 1.1743663914168680e-01 2.1364851539536531e-01 -4.2520684316664573e-02 8.6947242404970385e-02 -1.8733082981110161e-01 -9.0255367650327406e-02 1.7505699981879849e-01 -1.0685371341527930e-01 -3.0075169764790379e-02 2.6495795679488340e-02 -8.1328329542797395e-02 1.8763771675350139e-02 -5.3886100031483579e-02 -1.1418742170345900e-01 -8.6743188003639088e-02 -8.5187346243406209e-02 -4.2633025936902352e-02 2.3412583841332990e-01 -1.7238814061986921e-02 1.0146597519808340e-01 -1.8933722429563660e-01 2.1945564291158651e-03 -1.3467118433806829e-01 -4.7613326869076322e-02 -2.8359745982437550e-02 9.7529754795851742e-02 -8.9374304577535049e-02 -1.3809160568158119e-01 -8.3075945757560804e-02 -7.6564254764563836e-03 -7.5904752968079151e-02 6.5771351211456427e-02 -2.4329073887001730e-03 9.4459296006789928e-02 -4.2595770053484222e-02 6.7749081880334086e-02 6.7479401067473715e-02 3.1066160392357031e-02 5.3409347268603323e-02 2.4742263839128149e-02 -5.4283380986912128e-02 -2.8832538157111821e-02 -3.4229980989333879e-02 -5.8199276860770907e-02 1.8852530638926671e-01
-8.1755986354242569e-02 -4.5371711441572621e-02 -5.8566911157439137e-02 6.7092841330031849e-02 8.2577325282429115e-02 1.4161279106833799e-01 -2.6301614238921269e-02 3.0870084421238349e-02 7.2482455729334511e-02 -2.9217939413165400e-02 -7.3837128950843059e-02 -2.6616890170217627e-01 7.3730355762708769e-02 -5.3707083527822760e-02 -8.8724248821457671e-02 3.4163239133605063e-02 -1.1187464015592791e-01 -2.4882191458052989e-02 -1.2986247351988969e-01 -6.7944145960114929e-02 -6.1578061044266851e-02 8.0490524563392382e-02 1.9471557645738428e-02 -7.9798525019964484e-02 2.4437585651331431e-02 -1.3071956370540211e-01 -6.8824138864757176e-02 -8.6496710447133307e-02 3.3495828380818819e-02 -1.8867254824447530e-01 -2.7444110946378419e-01 -1.5180483282703319e-01 3.2253217606056400e-02 -2.7331433740854168e-02 1.2379299627877330e-01 1.1068086200900740e-01 -6.1198721966073212e-02 6.0275594050088949e-02 1.5929330274324480e-01 2.4774178026181221e-02 -2.2202888649100139e-02 -2.4135797910507689e-01 1.6768049945477001e-01 1.1691497615857120e-01 -2.2977498224381571e-02 1.1840550206590560e-01 1.4155521329245491e-01 -5.0771468279463897e-02 -1.0328896313145371e-01 -5.1931925303453090e-04 -6.5552421642030095e-02 -1.4657795510747321e-01 3.9884203146385168e-02 1.1730823804020830e-01 -2.8900261703235980e-02 2.4137041175604949e-02 1.2517655352784010e-01 -9.2791417062187451e-02 -7.5019039840181698e-02 1.9204997632493140e-01 5.2680519710555623e-02 -9.6450534547991545e-02 2.0676496985730070e-01 -4.3711292087597574e-03 1.1977321288821180e-01 4.6221566146061842e-02 -5.1536181580142330e-02 -1.1969355892784690e-01 1.5710658647746342e-02 1.3778689800205779e-01 2.5476499138984730e-02 9.3561983471798865e-02 1.0082323545620139e-01 9.7591507801791724e-03 -5.8008696826301581e-02 -6.1634289443460763e-02 4.0077800727915017e-02 -4.9412362918191663e-02 -1.0778298179121390e-02 7.4771899258949615e-02 3.8469957760940782e-02 -9.6317053593023436e-02 -3.4637668430350543e-02 4.1488894637822397e-02 -1.3385698709153490e-01 1.4025886833865781e-01 4.1803553153484323e-02 1.4210127133796199e-01 -8.4092772804237145e-02 2.5069836848778081e-02 -7.5343681884224870e-02 8.3460495980692773e-02 -2.1117417326580859e-01 -4.9318284348611352e-02 -4.9558066144028960e-02 3.0739886724184332e-02 -3.5447057401641863e-02 -1.2681763025311080e-01 -7.2095001130781766e-02 -8.5704654087683185e-02
-7.9799445576134331e-02 1.2657684465727711e-02 -1.6023343018552111e-01 -1.9169514785963679e-01 1.3421633280946640e-01 7.6184325514977683e-02 4.3214816603553252e-02 -9.5455007182889601e-02 3.1016281946145370e-02 -1.6478738932809731e-01 -4.9105871608612482e-02 1.1769339968267339e-01 -8.9846182012531500e-02 -9.8955492320564525e-02 1.2585307294183659e-01 7.5813288228156653e-02 5.5374720656331852e-02 9.9647948601244180e-02 -5.2607466057499747e-02 1.0689217366417550e-01 -4.1138553922202429e-03 1.0403546490079260e-01 -4.6916518687052447e-02 -2.0786487416013862e-02 -2.9550397044008411e-02 2.2097083920907291e-02 -2.0597910841678940e-01 -2.3400449883022689e-01 3.0222364416770859e-02 -5.6403546794288092e-02 3.7252314509064133e-02 6.5141648235110025e-02 -1.0155338028046020e-01 2.3007531720092662e-03 2.5059053180133260e-02 -7.3721737897498543e-02 1.2588640747298321e-01 6.0672170097967298e-02 5.3474657590287841e-02 1.5294136830677491e-01 -1.6527131720866201e-01 -5.1745506976640952e-02 -1.2416150574567920e-02 1.5996476247480709e-01 -8.7144216259532906e-02 1.2835176643465869e-02 5.2833727204939639e-02 1.2615582146624399e-01 -7.2696639755603254e-02 -1.7203681350747731e-02 1.3991145522390749e-01 -1.1697461214901750e-01 -8.0121604763258400e-02 2.9261417232676681e-02 1.6027576747732911e-03 -1.8342981298356509e-01 -5.5398265198831282e-03 -1.9445758557191190e-02 -4.9852872947057238e-02 -1.6018841125792611e-02 3.3785106531089487e-02 -5.1774949688823298e-02 5.8569795965756642e-02 -2.4199187598904509e-01 8.5729235719146386e-03 -1.0933026018527250e-01 -2.7817868707009360e-02 8.7687313630829281e-02 8.4576509687490267e-02 1.2016216871425460e-01 3.9603396546111821e-02 -1.7301842106810739e-01 -3.9399087779131141e-02 6.4424932592484579e-02 1.1121193716858679e-01 -9.9853840913725553e-02 -6.7852679901654347e-02 -1.9578369580762189e-01 7.3654902364154104e-03 1.1782957953114320e-01 -9.3624853898047720e-03 1.8473918293165199e-02 5.7593848785720908e-02 1.4976795741077650e-01 1.5731681421345259e-01 -8.5114182113648060e-02 -3.5612333536630632e-02 -8.3755400094444349e-02 1.2889953374178220e-01 1.0574984617859660e-01 6.3456273213333539e-02 1.1483125008105689e-01 1.0479568463007470e-01 6.0753289849502942e-02 -4.0192121118396248e-04 -2.9734080096510091e-02 -1.2379254110181899e-02 -1.0960293547355790e-01 2.6008128842798189e-01 7.1187261333120977e-02
-9.8648183122462853e-03 8.3407471023743372e-03 -2.4322895597895811e-01 2.6901306173475931e-02 -7.9649775600280651e-02 2.9010822521705708e-02 5.3794944601915869e-02 2.0868300804964369e-02 9.7633534556683776e-02 6.7468792665087249e-02 -1.1357400215365961e-01 1.6148591909088841e-01 1.2652470165500171e-01 -1.5017529618481029e-01 -3.2083692109128620e-02 5.0045318960369171e-02 -6.3022568670006066e-02 3.5444334732025608e-02 6.8424412755613825e-02 5.5515601733019129e-02 7.0912808481491035e-02 2.8687688934537971e-02 -1.2690877077373719e-01 -2.2190517960264340e-02 7.8768728095205687e-02 4.2241147385552118e-02 2.1574390661197391e-02 -5.9729456227149202e-02 -4.9345004039531792e-02 8.8702726814706232e-03 4.0108696905075437e-02 -1.6853929558957309e-01 6.0746690231009128e-02 1.6030502062190649e-01 -2.3411253279548759e-02 -9.2787874692917563e-02 2.6571059288774151e-02 -4.1316704293657601e-02 -1.0832124237039430e-04 8.8481058179321642e-02 1.4850126711977741e-02 1.3633849130818770e-01 1.6445871855404640e-02 -2.1694516048236751e-01 -9.8447470789141775e-02 2.5272054765347409e-02 -9.2395594930135078e-02 -3.5243511767220708e-03 -1.6444146617518329e-01 -3.6377891027973883e-02 2.0738444291959091e-02 6.8808238122795044e-03 -8.4611530902478100e-03 3.3543911056673892e-01 -4.9663144720733042e-02 -1.3179362982924039e-01 4.4948939295808482e-02 -9.1775324457499141e-02 2.3815087095613661e-02 -4.9736143214825820e-02 -3.5671513484183397e-02 -1.1300920892168700e-01 3.6192322518016608e-02 5.1171558805691138e-02 -1.5637994742264121e-02 9.2988337389853265e-02 8.4326033875002648e-02 4.4231920599127408e-02 -7.2963132259190350e-02 3.7381753551647683e-02 1.1673117072930690e-01 7.8441684107043941e-02 1.3515050372210341e-01 -4.5006974855515249e-03 2.5713766061227779e-02 1.7140148964463980e-01 -5.9410287932566530e-02 -9.9421539248937221e-02 -4.2419279805977220e-02 4.9444594493211223e-02 -4.7254780678176608e-02 -1.7789283697168190e-01 5.5643759934156038e-02 -2.3449892495009100e-01 1.3208298835256541e-01 -9.7725843526445574e-02 2.5178324746392700e-02 -1.3136797023031570e-02 -3.5034851035168929e-02 3.8330677102622251e-02 -5.4074119135369199e-02 3.0506539292654272e-02 -4.4582796411530443e-02 1.9178485230545231e-01 -2.3491670998092939e-01 1.9616647489765260e-01 -2.5444777594332831e-02 1.9570691624180850e-01 -1.3931993801472509e-01 -1.3890773663587959e-02
-2.0165067488910821e-01 2.2928383947338499e-02 4.1372387868924762e-02 -9.0764184926943436e-02 -2.1918071934828968e-02 1.5794705805389719e-01 -1.0531820150045390e-01 -1.1375215055273601e-01 1.4571619751426760e-02 -1.1789740385300350e-01 1.0269249773286390e-01 2.0704348403649689e-01 1.9599921003621429e-01 1.4711821711829301e-01 2.2885134802024529e-01 8.1088705429804814e-02 -1.3062992405814439e-01 -1.1480655508585420e-01 3.1685773272607742e-02 7.6765185358960319e-02 -8.6737239069639045e-03 -2.8294487629650301e-02 -8.8621277200197038e-02 -3.8318378637155898e-02 -1.6945169181951689e-01 1.4097303077127771e-01 2.8974174721967162e-02 5.8656166825802963e-02 -3.6986701270042298e-02 -8.7230232684978953e-02 8.6263008802609203e-02 -5.5049757670155713e-02 -6.8169993173365820e-02 9.9971116432025931e-03 1.5071304754157780e-02 5.6851256474596268e-03 6.0349472054065989e-02 -4.9859526008767772e-02 2.3485780015868229e-01 -1.4736034439793729e-02 -2.7203144377078149e-02 7.4076897647577924e-02 -6.2380552702525427e-03 1.3167362990604209e-01 3.4670687782990553e-02 1.5410219602972411e-01 5.8823158705826710e-02 1.7600977630085241e-01 1.1409353281489820e-01 1.8120522783595691e-01 -1.8159825658473950e-02 6.1428043241240793e-02 -3.8708549939889737e-02 -1.3461809633859720e-01 1.0757323092526930e-02 1.1449413565468430e-01 4.5479570137017818e-02 -3.1395499423867317e-02 3.7268252164556273e-02 5.6010791709732888e-02 -6.1087836864668163e-02 1.5964618895038929e-01 1.0645532103417350e-01 -8.9448529015540164e-04 1.7463978650916218e-02 1.0935801822502481e-01 2.6872612653521040e-02 -9.1337534848424412e-02 -2.5984832697613820e-02 -1.2331375239684210e-02 4.0431655332966290e-02 1.2052886021385439e-01 1.3656067837587149e-01 4.0085404281286798e-02 -4.6204065842222683e-02 2.3693360364611459e-02 -9.3617419255125275e-02 -9.5526771402434346e-02 9.7797069779468573e-02 -5.4344571076590367e-02 5.9871123284978178e-02 8.4805479822006744e-02 -9.3854705179899064e-02 -1.0782123972370559e-01 8.7032735999391427e-03 -1.4633672079732810e-01 -6.6311077277084657e-02 -6.2892331272603644e-02 -2.3303547310523781e-01 2.6158107634194631e-02 -6.4394445216850435e-02 1.6826548040265180e-01 2.6439939959189560e-02 1.0604429969607190e-01 1.6460704900731521e-01 -1.3422096797299559e-02 -3.3268168967227008e-02 1.4714595780484780e-02 -1.6348567057626159e-01 -7.2981337660103174e-02
1.1250294467053040e-01 -3.6696483159151881e-02 -3.6042007290980400e-02 -7.6332836845735302e-02 7.2172142035488024e-02 -5.5002973349164937e-02 -5.1172903817975443e-02 1.3410383032289591e-01 3.5474300348563963e-02 2.2872987043785761e-02 1.0335350102405390e-01 1.5056249059788679e-01 9.1192409883017592e-02 7.4433806524356563e-02 -3.6841123093958553e-02 1.6575274758174802e-02 5.0340645042444357e-02 -5.4373774930297266e-03 1.0346932536374090e-01 -9.6966793809674344e-03 -4.2169376995189377e-02 4.5969192669984137e-02 -1.0972257710539840e-01 -1.1372288068927371e-01 1.2471420907281200e-01 -1.6513604893388600e-01 -1.9934742662814409e-01 1.8200159052504589e-01 5.6085693000505921e-02 1.1950305601918340e-01 -3.5735427258683131e-02 7.9002981135608774e-02 -1.7526718190945159e-01 -1.8607374166067719e-01 -1.3340263043050310e-01 3.2171874498741521e-03 -2.2502112682701500e-01 1.5849288015432400e-01 1.4161464163114350e-02 1.6906096574532301e-01 -3.5012699058196921e-02 2.8277816559013749e-02 1.1755658300000429e-01 1.1497049449844980e-01 -1.5432045868774150e-01 -8.7889217904171479e-02 3.2546427906865738e-02 1.2551046507511110e-01 -1.3414846568808170e-02 -4.6447862227082899e-03 -1.9572461582497289e-02 1.6604496865447349e-01 -6.3758195136323234e-02 -1.7549253958356811e-02 -5.1605426506347259e-02 1.1080533650544309e-01 1.1634200585407550e-01 -9.3987610378898925e-02 -1.4750915359083240e-02 -1.5618217720885150e-01 1.1839706834739580e-01 1.2515819614452769e-01 3.6105913009599887e-02 -4.1296032539923463e-02 -5.1689375036502512e-02 1.5942046870194740e-01 1.1811346648934130e-01 -4.6423291281446122e-02 -3.9242348113710683e-02 -7.2758363098433920e-02 -4.1666740718325233e-02 1.4327331939932531e-01 1.0901145946059040e-01 8.8034549624129516e-02 1.4019219929040880e-01 2.9360458859065179e-02 -7.1779839608089549e-02 2.1520423831318711e-03 3.1523685274524489e-02 -2.1874864448640289e-02 -1.3655953330283710e-01 -1.2487074346913110e-01 -5.2971085279839430e-02 9.9270873237091828e-02 -1.8387200665044279e-02 -3.2649465058088863e-02 1.0199589427513410e-01 8.1638613294089932e-02 1.3414460788856791e-01 1.8549410837355759e-01 -1.3071676853685549e-01 -1.8545987868614480e-01 -4.9733735402961228e-02 -7.3923971828063914e-02 4.1641247722778987e-03 8.7672380995214100e-02 -9.3591605923052337e-02 -1.0206324049549940e-01 -5.3130384955621460e-03 1.1781182464024580e-02
-1.5045999183711239e-01 -1.0992069596964700e-02 -2.7371829144210769e-02 -6.3142287809281786e-02 2.1521819793808961e-01 7.7393301210685272e-02 -1.9618323895613249e-01 7.9903188507604028e-02 -6.6780847095721130e-02 3.5765976297368003e-02 1.9888284702805448e-02 -6.9496317028206217e-02 -1.6918572333516159e-02 -3.8526468572484228e-02 8.5970930060113956e-02 7.2359990895404347e-02 7.2477209675983728e-02 -2.2780832023242709e-01 -1.9753558107096211e-01 1.8835445322531761e-02 -2.8264085423101979e-03 -1.5843573271298769e-01 -7.5886239683975912e-02 4.7513700921009532e-02 -5.2054312708901393e-03 4.9702091756422200e-02 2.3834733183357350e-02 -1.3804656120303349e-01 -5.1179545009438707e-03 1.2141476286576269e-01 -1.7790138178344100e-02 -4.1489601515267871e-02 -1.9096975545884470e-01 -1.9624505666272810e-01 -1.0387446468073450e-01 1.4790659108166751e-01 -1.2001272215127680e-01 -3.0555711082158449e-02 -8.5353419838598274e-02 -7.8278034129676405e-02 2.2971155618711631e-02 6.1366680645967071e-02 6.5827143643834046e-02 6.7648980817723598e-03 6.7141778494504992e-02 2.4607538587035339e-02 7.9661455688092561e-02 1.0224411347948161e-02 -1.5200373054868521e-01 -1.7541713554025250e-02 -8.3441323683864088e-02 5.1341924532747038e-02 -1.6746533113208301e-02 1.2964225866234599e-01 -2.7402039868720821e-02 6.1402743593960201e-03 -8.4656919696059998e-02 1.9760919051706689e-02 -4.2345044276656432e-02 -7.3938569032098431e-02 2.5271294847244411e-03 3.2651224623017651e-02 -3.8536939856796723e-02 -1.3613068011970830e-01 -5.1303680199069501e-02 -2.1171059412109370e-02 -4.2472568513066897e-02 1.0784435217769030e-02 -2.4948990454176970e-01 -3.8721383387719847e-02 -5.4393734057894737e-02 -1.3561394229673149e-01 5.1196285203190112e-02 5.5069206372373329e-02 1.7164675448559180e-02 -4.9781190924754568e-02 -3.9466270600174623e-02 -3.4074217402367338e-02 1.1933962822798050e-01 -5.4335051916764548e-02 -5.6582613378726221e-02 3.5226732831428499e-02 1.1161344185344650e-01 -1.1545401512816771e-01 3.4860742590349443e-02 1.7055434631735070e-01 -1.5671609805582890e-01 3.4285764359964728e-02 -2.2815936439095350e-01 -1.1064915763323160e-01 2.0653009460745020e-01 -1.5936676605571809e-01 1.6807166250276509e-01 -3.1058521147270680e-02 -2.4550327483031209e-01 7.6496934226428406e-02 3.4305200602755229e-02 -4.4224963791550873e-02 -3.9630886596848387e-02 -2.9330710222894098e-02
-1.8232322656903269e-01 -3.9901431772124012e-02 -9.7585256383117783e-02 -9.5382997667871894e-02 -1.6045825103235180e-02 1.8600673133399168e-02 9.9061847905778475e-02 -4.5114985084550828e-02 -9.3660862770182200e-03 -1.4179338885615189e-01 3.6845646629746539e-03 4.1628023684721193e-03 5.7574391677937480e-02 -1.1529248905316050e-01 2.8978593254827550e-01 2.0188252733166809e-01 -5.2625923799005027e-02 -3.5209582430818162e-02 -1.4454074716834939e-02 4.0865308621758523e-02 7.1967223258910008e-03 -7.1386860804419736e-02 1.6038875343765260e-01 8.7102557806915448e-02 4.7844042380171897e-02 -9.7734726342413356e-02 -1.8709001239010981e-01 8.7013286720549518e-02 1.1912482590783180e-02 -3.9497480717162643e-02 -5.7950812839427462e-02 -5.3318183672363052e-02 2.5835130841233339e-01 5.9888752541347130e-02 -1.0535320778543431e-01 4.9788715492064067e-02 -1.0056936658970630e-01 1.4315043687885409e-01 -1.2770892239821929e-01 9.7513265554999666e-03 1.3014173193686340e-01 -1.8140630530745999e-01 -7.8836961027278246e-02 -5.2397589741845260e-02 1.1710568668423579e-01 1.1675391572132669e-03 -1.6392470693438761e-02 4.4138420067293821e-02 1.1355518267780840e-01 2.5941321401942320e-02 -1.6732212811060751e-01 2.0226011764993081e-02 -2.5409230878254550e-02 2.9183487362845440e-03 2.2119535458310799e-01 -3.7993872638794647e-02 -5.3274672962960783e-02 -4.8511048872464053e-02 -9.5565898177059225e-02 -1.0800693907614430e-02 7.8784418842036297e-02 2.1473242512058371e-02 -7.3289384162594881e-02 5.5754477299558278e-02 9.5819942914631917e-02 2.1896258446693390e-01 1.4209766314101860e-01 2.2048421562971821e-01 -7.7287221794526458e-03 2.0676161186123931e-02 -9.8286213094348804e-02 1.5248592667635971e-02 -2.6577520876716790e-02 6.6497091117588324e-03 -5.2115700807771143e-02 8.8386444700530281e-02 -1.0727594677833280e-01 1.0841407339357480e-01 -1.1850597883813400e-01 -8.8311024463377782e-02 -8.7760518623541700e-02 -4.8353235739239477e-02 -8.8621554933518334e-03 9.5473575478607258e-04 1.2709611074025080e-02 5.2668099476605133e-02 -2.0300343204165991e-01 1.4489694295897171e-01 5.8103548461841049e-02 -1.2823814379962509e-01 -8.0331059944393587e-02 -4.7271508930694109e-02 4.9868050016870381e-03 8.5215562468948777e-02 3.8955630622516099e-02 -1.4831718195211410e-02 3.4658364576246617e-02 2.6865606765278639e-02 1.7281126586808840e-01 -1.8532602909715250e-02
-1.4832506004392329e-01 -1.7823050700706361e-02 -8.9877975722637057e-03 4.0259492154707532e-02 2.6212908983098610e-02 -1.6211038952021001e-01 -1.1763289935246900e-01 7.2249550352804379e-02 7.5682292189753239e-02 1.4826006884987261e-01 1.1182216502844180e-02 -3.3698368688777201e-02 -1.3091845542608621e-01 2.7409156881167263e-01 2.8383061766540429e-02 -3.5126396278898117e-02 3.9637192120298183e-02 -7.8630175285560266e-02 2.5775776017176191e-02 -1.3253125818998099e-01 2.0677027349070821e-02 -2.5496008998016420e-03 -3.6679067925296939e-02 3.0036152571307421e-02 9.4889819341040915e-03 -1.1330963835466770e-01 -1.9554633388009831e-02 1.9266631677287371e-01 7.9348375673297736e-02 -2.8901932250379259e-01 5.9371254354127559e-02 3.2695689865648789e-02 2.4827923733627050e-02 -1.8946831031081479e-01 -6.4547378392374483e-02 -6.2985683461750305e-02 2.6466799815951202e-02 -4.2711120948019203e-02 1.2889130961996819e-02 6.3199914009921532e-02 -1.6727894432404841e-02 1.1078874721782871e-01 2.3691599720770989e-02 -1.2071408390587619e-01 1.0369553403203539e-01 -5.6143776119415283e-02 7.6902799849296086e-02 3.7549255347882950e-04 -1.7299057420723479e-01 5.2534054630567623e-03 -4.9079333057004647e-02 4.4033734219227877e-02 2.1877062086097739e-02 -1.7646704379980080e-01 -4.5001593081530053e-02 -2.0420087370763909e-01 1.9909958745374351e-01 -1.6976215011655621e-01 -6.3283953534598272e-02 1.0113639324462530e-01 1.1535963221533020e-01 -1.4820876969376551e-01 -7.7822669085517117e-03 -1.0540025914230509e-01 3.2789702956040272e-02 1.0002249296168600e-01 1.1326750206805930e-01 1.8385608779040281e-02 -5.5920811471930329e-02 -1.3176294913914640e-04 2.2061848561939820e-01 -4.1046941536572040e-02 -1.2517073909180850e-02 4.4958377344841592e-03 -1.2524645453331709e-01 -1.1029126349025470e-01 -7.2213307142997049e-02 4.0980767430426300e-02 -2.4021595781565621e-02 1.6188855799848570e-01 9.0782014610317749e-02 2.1188797920260322e-02 -2.0956833790286799e-02 8.7834451321702631e-02 9.1129415261110742e-03 -8.5462382190869296e-02 -1.1625089600351229e-01 -1.1939902055025320e-01 7.9738233142210083e-02 -1.8100365573407251e-01 -8.4358533122489546e-02 9.0268978620501233e-02 1.0592050041394829e-01 2.8853988534032111e-02 -1.0867462408229120e-01 -1.7752930499097010e-02 5.0824306753399787e-02 1.4967918995014881e-01 9.8882098589041078e-03 2.1347264705809551e-02
-1.0342483578455920e-01 -8.4226556975773526e-02 -1.1374766427368690e-01 -1.2475297423510839e-01 6.0622575934757509e-03 -2.0461619628362909e-01 -1.1065865764419711e-01 -5.7918671011777827e-02 -5.7479864020108233e-02 1.0844381643844730e-01 -9.5405498820853751e-02 5.1132382406852847e-02 1.0449742661350971e-01 1.1292081892608639e-01 3.6859439885896107e-02 -1.6034704876876481e-02 1.2585220100212711e-02 2.7260549992798627e-01 3.6388118773812081e-02 4.1278569758760278e-02 4.6703350518941568e-02 -6.5416580982835981e-02 7.7196147362166628e-03 -1.4099469076014251e-01 -1.6228043852227030e-02 -1.2646348359738649e-01 1.8820724331091501e-01 -1.4131832218494389e-01 1.5511190692497141e-02 -5.9066583887143580e-03 -5.2418820305558403e-02 8.4940714262579597e-02 2.3681572711161301e-02 1.9296102420571160e-01 1.1213926834942289e-01 -1.7119630381861300e-02 3.5732537110633067e-02 5.5155927533722747e-02 -1.6525503370749109e-01 -1.0580448141935039e-02 2.0012077255814709e-02 2.1770089550551090e-03 -3.3898193975706377e-02 4.2816235683563464e-03 -1.2637705867207899e-01 7.9921271604919172e-02 2.7733722824745032e-02 1.7195782497587361e-01 -2.0602782612243690e-02 -1.0180986282044591e-01 1.0140187760484359e-01 -1.9858704037849562e-02 1.9419495971943329e-01 2.3378522608444939e-02 1.4600812674886830e-02 9.1576023057317393e-02 3.3572084545118570e-02 -7.5240354213902683e-02 -1.9490257026695740e-01 -1.5153030189573430e-01 1.4323795812838391e-01 4.7941343074979680e-02 -7.5883346161297414e-03 -9.0280293016874166e-02 9.4531984012794001e-02 -8.0776237882694918e-02 -1.0233255650103459e-01 -3.4606022553350373e-02 -1.0288938360489470e-01 1.5725859432608791e-01 -3.7847471414843362e-02 1.8932261755970531e-01 4.0566888835827750e-02 -5.8769935251120203e-03 -1.1732478989531750e-01 -4.1410963298587698e-02 -1.7511943015338341e-01 2.3806449651619380e-01 1.3313922719368260e-01 -1.1351853271713939e-01 -2.8555374429312649e-02 8.7782494659120025e-02 -4.3391957193278638e-02 1.2949663716825510e-01 -1.4080580427073239e-01 -3.0617906914693641e-02 6.1384920277707707e-02 -5.5003945145907132e-02 -2.1390018618419129e-02 -1.2310882672186740e-01 1.5711164574977499e-01 -3.9124692120413647e-02 1.0986377084963280e-02 9.9306896131933525e-02 -9.2976668096763672e-03 2.7211375361633910e-02 3.0404437736278999e-02 -1.1907031925282689e-02 -3.0695308789986820e-02 -1.0187064220024079e-01
5.3491678435901947e-02 3.0130252029831869e-02 -1.4863008818245421e-01 -1.2279370854797730e-01 1.3068313920850341e-01 -3.3959109200378937e-02 -2.5117486039307357e-01 1.0675357741822671e-01 7.6619801015280001e-02 1.1032321138258799e-01 9.1109741498754032e-02 -1.1916114501934021e-01 -4.7068033023111078e-02 -3.1851384671703648e-02 -4.2802750790776327e-02 6.1301433508425533e-02 1.0200422368524120e-01 -1.1543790687905750e-01 -3.9668125765181111e-02 6.5526260104463691e-02 -7.4574744885350193e-03 9.4924339115126363e-02 -5.7957417126220247e-02 3.6211073476541053e-02 2.5178625936574540e-02 -3.2669211522489493e-02 6.6192996687874692e-02 -7.6403867310483459e-02 -8.5032764722145077e-02 -2.1985239504813639e-02 -8.3611433697780638e-03 4.8192400480230657e-02 1.0880140725203601e-01 2.3554868028728931e-01 8.7649212860328660e-02 3.1326439815486967e-02 3.5860922112223657e-02 7.9066574625845390e-02 -1.7894051122264401e-02 5.0268702963078837e-02 -6.9191743326143321e-03 -1.7331001506966200e-02 -4.9376462222218642e-02 1.3879400422017801e-03 1.2510050619374369e-01 -1.5885785217958601e-01 1.5669560178076129e-02 3.0268162694374559e-02 4.4715814941213669e-02 2.6928781637812670e-02 6.2132456833584378e-02 7.6311451048116657e-05 -2.3232346328221781e-01 -1.8393988517720530e-01 1.4284044382614100e-01 4.7383064217411397e-03 1.2405836011951819e-01 2.0404901329008551e-01 4.4470085280795608e-02 7.6612970671488423e-02 2.0764960863560569e-02 4.6183524075249671e-02 1.5633909697594470e-01 1.8989196439923661e-01 1.7779393939551962e-02 -8.9241708119968191e-02 -9.7726699344011944e-02 5.0054454009554661e-02 5.4412032586232832e-02 4.7794362485007388e-02 1.3070083915973030e-01 4.9569317865895838e-03 7.9280467677489252e-02 -8.7164136061330284e-03 -1.0960794954262330e-01 8.6722962778489274e-02 -1.1983747237344811e-01 -6.2947405962964581e-02 2.3012411691891461e-02 -1.5989859919294719e-01 9.0241262471443498e-02 -3.8748338305953380e-03 -1.4397994603290981e-01 -6.6521076843465241e-02 1.8992293372430771e-02 -1.8683753272878391e-02 2.9020221419997420e-03 -1.1385620690808800e-01 -4.0893901726009457e-03 9.7021516097073018e-02 -1.6533379712910359e-01 -1.9939284480595240e-01 5.6987189371370532e-02 -7.5044406311922773e-02 -8.0046673919802455e-02 2.3024065679246961e-01 2.3449136819860070e-01 -7.3747109812095202e-02 4.9703451453104022e-02 9.9716996481558642e-02
4.7911550577475252e-02 3.2536434876520762e-02 3.2174990934128761e-02 -1.1018012928223790e-01 -2.5555475656099019e-01 9.1456855998799949e-02 4.5839228499369958e-02 -5.7237249922097479e-02 -1.1377068791253100e-01 1.4176596481727799e-01 -3.2949515628215673e-02 -1.0125057895042530e-01 -3.6154872093225689e-02 1.7772713388247449e-01 -8.7131383901944970e-02 2.0376545725159949e-02 -1.1452367359001531e-01 -3.3966471513658869e-03 -1.0685588017910801e-02 -1.1491549743271720e-01 1.1838181082449370e-01 -9.1955073616472427e-02 -1.6228479053366091e-01 6.4313143971611281e-02 3.1358086859136842e-04 2.9479558464264970e-02 -1.6286670046714069e-01 -1.2439947263016130e-01 -1.9074133147836712e-02 -2.9261034683135639e-04 3.4006163470441567e-02 -5.6092217992323480e-02 -1.3286976088646921e-01 4.3796892047898009e-02 1.0418896702296571e-01 7.9012398386238310e-03 -3.0273119878218080e-01 -1.0424152826207470e-01 1.3136760448742951e-01 4.0583425561828111e-02 -3.9712155169811733e-02 -8.4690746553423638e-02 -2.1733586336225720e-02 9.7151510916040726e-02 1.3784944037716179e-01 7.0814798418148528e-02 -5.7080263668298159e-02 8.3503111449828638e-02 -5.2486709879241797e-02 1.0178378603874870e-01 1.9147166630056950e-01 5.6298907655540509e-03 1.1743721000245760e-01 2.6661602388387839e-02 3.0380330941860281e-02 4.9028811594267592e-02 -1.1444457757299389e-01 1.6678925921665569e-01 -1.0434294877261399e-02 -4.0780161545438683e-02 1.3216293118912639e-01 -1.7657398990982960e-02 -1.6728557406427209e-02 1.3955679613436231e-01 2.1536135676187201e-01 -4.7525068203925998e-02 1.4598479090373970e-01 2.0258628246597571e-01 -1.0320462856631089e-01 -1.3318511349906140e-02 1.0829527941763850e-01 -3.8066729789316802e-03 -7.5188749636710489e-02 -6.6453918985061686e-02 9.2917102134157145e-02 -1.0312685342632411e-01 -1.8954791091078661e-04 1.3935322887744830e-01 -5.4952468912887319e-02 3.6899045666295850e-02 4.9051057255888701e-03 -1.1654189092282050e-01 1.2790386787060201e-01 1.4245265132476739e-01 3.7301356519993223e-02 3.1287569197522118e-02 -1.2631882875329831e-01 -1.0090525862291450e-01 -3.9349640780284079e-02 1.0855020722834639e-01 -3.3967396621074702e-02 -1.1347066408846900e-02 2.3930531419273489e-02 3.6785122836220277e-02 9.2912106318913987e-02 1.9997579254585951e-01 5.3731934118196073e-02 6.1054594174107399e-02 -3.1589819578546452e-02 3.5990202497451163e-02
1.5215776619824770e-01 -1.2889948062039991e-01 1.4689744260672089e-02 1.1527783734295600e-01 1.2632498188511840e-01 4.7586860957625703e-02 -7.7510928507506432e-02 6.5170667710984440e-02 9.1731449961493641e-02 -1.4101684942501601e-02 9.7970625588148286e-02 7.8293537678283828e-02 -2.9007918834383351e-02 2.9427190825725459e-02 5.7449067568418360e-02 1.1109463254926739e-01 2.3323574301244519e-02 -7.3268974835722769e-02 -1.4483065680554730e-01 -1.0065744830639640e-01 1.5331807762093069e-01 1.5850475138596429e-01 6.3586919932629313e-02 8.4937009362337335e-02 1.5138381061438269e-01 -1.0847877500572339e-01 -1.4369141206887009e-02 6.9450635890698498e-02 6.2512367482129114e-02 -4.3301005156072218e-03 1.9759305333100299e-01 -1.9052076258541870e-01 5.2608675714192622e-02 1.2223999454091970e-01 -2.6398718173103360e-02 -1.0318014818618960e-01 8.9945890052054833e-02 1.3583384779136271e-01 -1.4701005462544250e-01 2.6536282606944819e-02 -9.8209721284919921e-02 -1.1037312799888679e-01 -1.5156875742556539e-01 -9.0660922489346138e-02 1.1223766795744390e-01 5.6974089516914683e-02 -7.7695820573689270e-03 -5.3364761374723638e-02 5.0452130780690163e-02 5.9301008801612543e-02 2.5761944008455018e-01 -1.7667686633886520e-01 -1.1636079458419130e-01 -5.4894250678128927e-02 -1.7505136748002770e-01 1.4643208126506130e-01 -1.0502638850494440e-01 -5.9505097740493581e-03 -3.4495475469874162e-04 -6.3178033317706078e-02 1.2183434686727000e-01 3.4687698549304688e-02 2.7886731133520401e-02 -2.0916128956260269e-01 5.2811175434871398e-02 1.6225053520490251e-02 1.2330053544960140e-01 1.2063050079586950e-01 -4.3072395845977038e-02 2.3908247731972740e-02 1.0446229767783090e-02 1.3348192328079869e-01 -3.2687717778075338e-02 -4.3136391137530802e-02 2.0697773726463399e-02 1.9150957382244760e-02 1.5878757260433349e-01 4.9165604581192020e-02 1.3976750496548920e-01 -4.7282111763074473e-03 1.8192336118021079e-02 8.1865243987255989e-02 5.3654513484108629e-02 -3.2224484932543061e-02 -7.4876314869730551e-02 6.7402596759507548e-03 -7.7259963451845132e-02 -9.3941796337966177e-02 -1.3582407012013609e-01 6.1086628466321097e-02 7.4052461387236314e-03 6.9056931465523538e-02 -6.9306821683272374e-02 -1.3935117568508221e-01 -7.8656091860874286e-02 -1.2943008675829440e-02 -2.4630375592098400e-01 1.0345116640661040e-02 -5.2669959507534968e-02 -8.0483962087631755e-02
6.8770335734954298e-04 4.4078976553237198e-02 -4.0242255304925333e-02 1.6830334817604450e-01 1.0316523680843970e-01 1.1389187822874799e-01 -1.8946782138512630e-01 -4.5601321060421147e-02 1.6026935783194490e-01 3.6404314019021368e-02 -1.0904562678935640e-02 6.2876551920797483e-02 -5.1886370261314617e-02 -2.2306728281528180e-03 1.0288089678110870e-01 4.8855895776719033e-02 -5.8921241794187930e-02 6.8936009818062638e-02 6.5548330289992573e-02 1.3583899053779791e-01 1.7561109720732851e-01 2.7388363374438889e-02 -1.0038427755916100e-01 -1.7196481242249961e-01 6.8065455398308342e-02 -1.9482168772540689e-02 -1.2722630724560011e-01 4.2202966368097658e-02 -1.2127120376944980e-01 -2.9121626283449459e-02 -1.7857354123112920e-01 1.1053593139988110e-02 -1.3666442679916441e-01 1.7225007627491029e-01 -8.3491388816170548e-02 -1.4581499521561009e-01 -8.1739120622107989e-02 -3.2125522964833633e-02 -2.1110576615296670e-02 -2.0970004748040211e-01 -1.8576852695536469e-01 6.1560045077018857e-02 -7.6312597290994835e-02 3.3472156884688152e-02 -3.6796540032885093e-02 -1.4192945585515190e-01 7.3492607122164877e-02 -2.3857924287062310e-01 3.7273337090812902e-02 1.4695452247893559e-02 -5.7344494743095310e-02 -7.4617604039404128e-03 1.0160355422559821e-01 6.5374404810523576e-02 1.0785579816966290e-01 -2.3517445225094032e-03 -2.4074091798256410e-03 1.8055893217400271e-02 -1.0463274186559500e-01 5.0375397129957748e-02 -2.0135880774394030e-01 -1.4255366411277309e-02 -7.7607104133623622e-02 -3.0257604650054559e-02 -1.5952528915883821e-01 7.3119479235736820e-02 2.4988750179525870e-02 1.0048364142467150e-02 -1.4404843162419750e-01 3.5860312654746852e-02 2.2756148093620610e-01 6.3303022653711488e-02 4.5156041428717889e-02 -1.7583484891337270e-01 6.8572417222538457e-02 -9.3801031435976553e-03 4.9361535548600587e-02 1.0908699270693330e-01 -4.2659902606427373e-02 2.4558643261480089e-02 7.1294050524517247e-02 6.0510308266860657e-02 1.2661447051678981e-01 5.8005061042671661e-02 -1.7584835944232910e-01 -8.5265863046144419e-02 -1.0201226475662210e-01 1.3955456266452390e-01 -8.7320143355513937e-03 5.2499437020930073e-02 6.2995888922155463e-02 -3.8060741633903272e-02 3.5960967253415473e-02 -6.7421732978591734e-02 1.7902655250186461e-01 -4.8455876977361409e-02 1.0629378059146820e-01 -3.2946452432792678e-02 7.1722773972651185e-02 1.0227777999280560e-01
3.6808180766097078e-02 -6.9219382905052501e-02 3.3501815113252831e-01 1.5953219278431791e-01 -3.5025563593521200e-02 6.7702963788024109e-02 -1.2677279763132491e-02 -3.7735601438334328e-02 1.2260177640637210e-01 3.0137918942173259e-02 4.6797375125948872e-02 8.1943349313768496e-02 6.0650163203512332e-02 2.1472225800488149e-02 3.3630885447335057e-02 1.4596785407321611e-01 -3.9580503094690508e-02 5.1962315098260783e-02 7.3407842181116775e-02 -7.5151240190240221e-02 5.1772660372560279e-02 1.6436759111013211e-01 -1.3081701040858651e-01 3.8484959836999649e-02 -7.5212968916697626e-02 1.1680303382747230e-01 1.2324284734616980e-01 -6.8634433663052621e-02 -3.9087261834362987e-02 2.7482436276394989e-02 -1.4255334042685611e-01 -5.2239984959059557e-02 -2.8234607145200930e-02 1.9762684675428069e-01 7.3479104831830039e-02 1.6347316418002111e-01 7.1189971065938329e-02 -5.8279644023221451e-02 -1.6020919390274749e-01 7.8020614457855852e-02 -1.8980827254777791e-02 2.0774035703541209e-03 1.1580660664944140e-01 -5.7869108824005356e-03 8.7348533381364390e-02 -2.2188626898769750e-01 1.4925287809770640e-01 6.2065696545020123e-02 1.0988457209143671e-01 7.2670030228649929e-02 -8.7899009287851326e-02 1.5067175109869221e-01 1.1236401284305440e-01 -1.0612027974087571e-01 1.0119426468152480e-01 -1.1336936246955640e-01 1.1343887669731800e-01 -6.3113690955495919e-02 -3.8694940729575883e-02 -1.2235223036887739e-01 1.0448836300976970e-01 -8.5682236312242629e-02 6.9842307104204960e-03 -2.7572224627777361e-02 9.8710726418162142e-02 5.1632287396563809e-02 9.6343223953756052e-02 5.1675649695427532e-02 2.9010002041434169e-02 3.4579766737369050e-03 -1.7982280197771011e-01 -7.4503540913809854e-02 -9.1463771993447636e-03 -6.4051693315909083e-02 2.1851563392223619e-01 8.7331319524781327e-03 7.3880248351024094e-02 -1.7362047140432679e-01 6.5822452334344445e-02 -3.9138642067284901e-02 6.1211206298481903e-02 -3.2083452165109633e-02 1.2503645253685700e-01 9.1152634985004755e-02 -5.5470932814895152e-02 5.7256581743897229e-02 9.5620539590735687e-02 -4.5586997210249414e-03 4.3882617415332857e-02 -1.3802182507095129e-01 -2.9149792436627561e-02 8.2467345037450304e-02 8.8120849633270312e-02 1.0064884230094050e-01 -1.7392164274198069e-01 1.2415596769496240e-01 -2.5597723628332378e-02 -1.3890410251898749e-01 -1.0679427452888560e-02 -2.5683136850028249e-03
2.1506483681659860e-01 2.4456974138488501e-02 -8.4276555440688031e-02 8.6218801564310082e-02 5.1675741324161507e-02 7.0381221983234982e-03 1.1557629427640390e-01 -1.5422484460664160e-01 1.0789951135507391e-02 2.2130706897300989e-01 -8.7231568959973707e-02 -2.4024650138820370e-02 7.1267537667594971e-02 -4.1658208075496098e-02 1.2389936896805880e-02 1.8185788968062139e-01 -1.5073869442680720e-02 -2.4003220689869359e-01 1.1539880540106361e-01 5.9001569227022398e-02 -6.3011055346436168e-02 -2.2659369883793589e-02 3.2936660481059428e-02 1.3597175849051571e-01 -1.9742878076190981e-01 -3.8365205714238133e-02 -2.4319125249733422e-03 4.6993952363880348e-02 1.1141002294463440e-01 -4.7038863569649050e-02 3.2120502597665287e-02 1.2907593928410771e-01 1.3275718993012470e-01 1.3062519019929189e-01 8.9107571419992676e-02 4.4103774534532359e-03 -1.8091423841698210e-02 1.2717953699985809e-01 3.2944325081310143e-02 1.2338993048512370e-01 -1.0875660657859981e-02 9.4027437772539177e-02 -9.2452248728759498e-02 -7.6570120272706713e-03 4.0586318206079421e-02 4.0778393221153710e-02 1.2004364298484591e-01 -1.5647699377697340e-02 -1.9239272388576259e-01 -8.3864791414901552e-02 -5.2056043557562569e-02 1.3269438771420901e-02 6.1692252761598322e-02 4.7326411920568537e-02 -5.1196696499316310e-02 3.3340749200784593e-02 3.0110824785357228e-02 -2.3000879616371980e-02 -1.3376314522948399e-01 -4.5434937816638842e-02 2.5448443187608881e-02 1.0066120966820011e-02 8.5879788379694927e-02 9.0381714076581271e-02 -2.5313594162140979e-02 -1.5256273790754180e-02 2.9889853432429510e-02 -6.1462648195347122e-02 6.3617677887567475e-02 -1.5586997636564551e-01 1.4534026202581241e-01 2.1960711472126981e-02 -5.6365147001498583e-02 4.6945240445837623e-02 -2.1660089225453660e-02 -5.5085565498695331e-02 -2.8265600172154060e-02 4.8044135479327302e-02 -5.8643117967743630e-02 -4.8959443550188539e-02 -6.7719616460517801e-02 -7.5644156168654872e-02 2.0525457384993839e-01 4.3409717116214323e-02 6.8416163166291524e-02 -5.5800541446441997e-02 1.5965650886094970e-01 5.9945364991059957e-02 -2.6019726004531751e-01 9.4653601771757002e-03 1.9614844385376661e-03 -2.6286860217533108e-02 2.8155413947288532e-01 -4.6831339761298663e-02 8.8345464794446230e-02 -1.9483255650087691e-01 -1.0194724790611449e-01 -2.1231289577401360e-01 6.0334388765651538e-02 -5.4889677346364928e-02
1.0261891062744610e-01 -3.1189894858381028e-03 -5.9313949951756609e-02 1.0040334466044130e-01 -6.2934622500600210e-02 2.5618708317762771e-02 -5.6170025134643434e-03 1.4075336818716219e-01 1.6478939794790090e-01 4.6586642259970664e-03 1.0638817487346250e-02 -4.6169055197744127e-02 -1.6429104916145611e-02 -5.7551881346809407e-02 -4.9252263304034559e-02 1.1080561892362210e-01 3.3223234467402380e-03 -4.7550143631755422e-02 3.1633615365415903e-02 1.0158514951885990e-01 1.3200879220884321e-01 8.4224036914893358e-02 1.6936752338973049e-01 1.3547779220381620e-01 -9.5000740806771400e-02 6.5797827858124366e-02 2.4103641679522711e-01 -4.0079016531263501e-02 1.8418446744266859e-01 -8.4345659690660574e-02 -2.0481792799940571e-02 3.0109001718691509e-02 -9.8001133058625955e-02 7.5495110370631191e-03 -5.4290656872659673e-02 9.8330190539908675e-03 1.0788120136288130e-02 1.0108783920914920e-01 2.1201387739984850e-01 2.9107175162443589e-02 2.3079161127782169e-01 1.2884801927772399e-01 8.0226703874514041e-02 1.5849732340367079e-01 1.5505713778869281e-02 -5.4924975602428150e-02 3.7145536386081132e-02 4.8678525927264300e-02 7.3135454357931173e-02 1.6302937642626450e-01 1.5904042714943500e-02 4.9002920335086252e-03 -1.9579695990439891e-02 -1.5447424103794399e-01 -7.9406632672631178e-02 -5.3567662966009982e-02 -1.7904452975302809e-01 2.9402062397901309e-02 -9.1045410423106848e-02 7.9062944181425732e-02 -1.2118068090061680e-02 2.9665380207477221e-02 3.1521820037447038e-02 -1.7355260956512571e-02 1.1930321192789290e-02 -5.0070992429169667e-02 -1.1021073095880569e-01 3.3667284943218558e-02 -2.2386044456606080e-01 2.2362807227541120e-02 9.6690800722945627e-02 -4.2095442840753783e-02 1.5000588486743571e-01 -6.3299856464550400e-02 -4.3076558529261330e-03 -1.1328717561677989e-01 -8.8894177407565604e-03 7.7525668955290936e-02 -4.7406782582905413e-02 -1.1776535340187010e-01 -2.5958195980954618e-01 -3.4603391861784918e-02 2.8150650856565131e-02 3.7479981695111422e-02 -3.9376359151089599e-02 -5.1450749235778998e-02 -1.1043617221188020e-02 1.3566640407360470e-01 1.8275784450150240e-01 2.1857595428841251e-02 1.1964033468042901e-01 5.7815872287431402e-03 -1.2852034634349291e-01 1.6542606777372201e-01 -4.9009342218418989e-02 4.6333165015669781e-02 -1.5406884128126100e-01 1.8211514824489011e-01 1.4997662393541270e-01 4.0670133671801133e-02
-5.9072300948179203e-02 6.1388742217808608e-02 1.7418445114431710e-01 -7.0285577666145641e-02 -1.2985185046647141e-01 -1.2672229591450071e-01 -5.0480503669539170e-02 -1.6170676347850171e-01 9.5454708348657574e-02 -1.0496074433893381e-01 -6.8977616841276262e-02 1.3250235317812850e-01 -2.1485647271081981e-01 2.0970239242499081e-02 -4.6077175365561537e-02 1.5813759512705711e-01 -5.9676207624173729e-02 -4.7289316443225787e-02 -1.5942633084938579e-01 -1.1070655844005919e-01 1.4484932292399930e-01 9.4170356780473169e-02 1.4307022038406189e-01 -7.2942329866684807e-02 -4.5111942309302589e-03 -1.0657071371832610e-02 1.3127303270161270e-01 -4.1781127988365328e-02 -3.6299334269783497e-02 2.0489804171683729e-01 -8.5237621247304537e-02 -2.7645481136337389e-02 2.4929172671636649e-02 -9.5407486158162649e-02 9.6896024482733989e-02 -8.8060407793893972e-02 -5.3522176173498852e-02 -4.3325293898046867e-02 4.7011383831760720e-02 -1.2982345840668080e-01 6.3402148780860659e-02 6.3214577460883853e-02 -8.1167784304973595e-02 2.7056973733815489e-02 7.2985990414970864e-02 -9.2281902637260466e-02 1.8403222338509171e-03 -1.3605326458432401e-02 -1.4528419766842890e-01 -2.2835048645791379e-02 -4.6103770929996887e-02 -1.4744561921255009e-01 -6.2385823937649562e-02 6.9237324758954083e-02 -6.4115430043094390e-02 -1.0730776998940569e-01 1.8060108535373470e-01 -6.7745860846700146e-02 -5.4653871864162928e-02 -2.3301195340772141e-01 -1.0915839224499690e-01 8.1375407938756514e-03 1.2882710645309359e-01 -7.0895999910256927e-02 -6.4932198344809441e-03 1.1549656688529790e-01 -8.4139403571133767e-02 1.1659569017457370e-01 -2.2013722769089718e-02 -6.6736558849204694e-02 1.9249837382681372e-02 -2.4605628387185479e-02 -5.4515168850927193e-02 4.4285040780850653e-02 -1.5071853059447229e-01 -1.0080640236218651e-01 -6.5920093368257326e-02 -4.9793879768819369e-02 -2.3147989521406159e-01 -7.5315151863180399e-02 8.6528512982986000e-02 3.8061292096562192e-02 -1.3934365897150419e-01 2.4252345972497751e-02 -1.0449726432740440e-02 8.9462171187919742e-02 2.2756860844551790e-02 1.5732407940959850e-03 -2.8476423478179080e-02 1.8106183179050600e-01 -7.4323483473451399e-02 -1.7451249779258329e-01 9.0766607580510267e-03 1.0190845037445780e-01 1.3614543254577041e-01 8.1784330269031799e-02 -1.8027108534914621e-01 -4.2339258680458021e-02 -4.9613537329891627e-02 -9.3403169700978811e-02
1.7485245144465381e-02 -1.5518558969859569e-01 -1.2570675794119601e-01 -2.6749547348430359e-02 -2.9555136991674929e-02 -1.2058528186436709e-01 -1.9187112478658529e-02 -5.6965027726791718e-02 2.8056761195019000e-02 1.3637316524978271e-01 -9.1743433078001299e-02 -8.2597241058691845e-02 -4.1997104323198572e-02 1.7371815003145799e-01 -6.9233633202064659e-02 -7.0820904541220343e-03 1.7345606885523299e-01 -2.0403643785027389e-01 1.1466369439565140e-01 1.8219174753158210e-01 -2.1663596348626489e-02 8.9827109148746642e-02 -5.3510146606436562e-02 -9.5608627534335369e-02 -1.3392967762154251e-01 -1.3476444634436599e-01 8.1111990103554216e-02 -3.6442701953056433e-02 -2.3264075220192201e-01 1.0504676489279110e-02 -1.4729727737309509e-01 1.6406018290753731e-02 -5.0718250985241013e-02 -9.4321945772872298e-02 -6.8537073079918048e-02 1.1895156851541930e-01 1.7828701208180370e-01 2.3789898971291371e-01 -6.6906779298813394e-03 -1.5730500102613659e-01 5.7363402070511917e-02 -5.2298310712052737e-02 -1.0105898741086169e-01 6.7832847357178483e-02 -9.5052314546366409e-02 -2.1944081140709781e-02 -1.1452096643266021e-03 2.0953806243329039e-02 3.5350511306492853e-02 1.7470376840611351e-01 -1.1438601191610960e-01 -5.3444973507137360e-02 3.1558203539318437e-02 3.9569358712759850e-02 1.6948855662084961e-01 8.3831801354885438e-02 -7.6831933693147017e-02 -5.1604339640566127e-02 8.9097088976940214e-02 -6.9101338168983201e-02 1.0628435733680699e-01 -8.1835016422486140e-02 -1.3366171441649119e-01 -1.8050309064490480e-01 1.1075230485324650e-01 -1.0221350491709361e-01 3.1560987347789990e-02 6.9247255714029510e-02 1.9569704673009270e-02 2.1019997248859220e-02 1.4165032389753271e-02 7.9298451553960259e-02 -1.0193721891073740e-01 -7.0421238963867252e-03 9.2623737360083669e-02 -2.0559206042669999e-02 1.9288899615602340e-01 -1.4877506441089089e-01 -1.6012320828407009e-01 -1.2611424225287351e-02 -1.1182888403894701e-03 -1.1499361822157270e-01 6.6742592146411704e-03 -1.0431118802918170e-01 1.6868664151446031e-01 -3.8279486785557183e-02 -1.0684601611954050e-01 -5.6648064785308067e-02 -7.6230600590686112e-03 1.3676025732270281e-02 -2.3955616527466209e-02 7.1338185152613857e-03 -6.5698762796048318e-02 3.5391078871472102e-02 1.2547062070670689e-01 -1.1196806459523111e-02 -2.4578087048682251e-02 5.0697742339058348e-02 -1.5551375773541079e-01 -3.2539643671104193e-02
-9.2450083834482291e-02 1.7838214760476750e-01 1.1808646929895940e-01 1.4661579377201681e-01 2.8558315083433861e-02 -1.2793944958571951e-01 -2.3470054503184921e-02 8.9490355674547259e-02 -5.1020140405923071e-02 -2.7350427560190871e-01 -7.8963094550162247e-02 -5.5791553976556357e-02 -8.6758300623296009e-02 7.6461651856981311e-02 -1.2729739783701980e-02 3.6373210639670438e-02 -9.5717381112488828e-02 -4.8196081874144391e-02 -1.0792878250624621e-02 1.9609557391578689e-02 -5.2358307895825776e-03 1.2789362950734481e-01 -8.8882750665462848e-02 1.7689597844858620e-03 -1.5191357302352790e-01 -3.1631059718468788e-02 -2.9792891490842889e-02 1.2588197017183311e-01 5.3098206796145388e-02 2.9350513196302452e-02 7.7404243267563691e-02 2.1767776610772141e-01 -1.9606081767362180e-01 1.1058253729830260e-01 2.6616115062698190e-02 1.0088911511769610e-02 1.6655527062491939e-02 4.8730221551494347e-02 3.2161218768032337e-02 1.4370053285799481e-01 1.7075923990019770e-01 -1.8111361770892630e-02 9.2197081026070313e-02 -5.2643022193068927e-02 1.5811362199727789e-02 2.4933654427307980e-02 1.2862553832948379e-02 7.9322808850131321e-03 -3.1158886109663352e-02 -4.8411763485519968e-02 2.1369326441105041e-01 -1.5591739737743451e-01 -1.4954810281964331e-01 1.3423209257065491e-01 1.9720672461869290e-01 -2.5590483161739029e-02 -1.8075739454075729e-02 -3.9554303098214123e-02 -3.0361886107443739e-02 1.2795155395965499e-01 -6.7043418750552608e-03 2.7140563225573629e-02 -1.3198322202592391e-01 -2.7128226213891340e-02 7.8171345466708175e-02 -9.6761261996741815e-02 1.2473287230486410e-01 -3.2670256871535207e-02 -4.1484856035552331e-03 1.2422604028184819e-01 -8.3531872539570381e-02 1.5579719243458559e-01 -8.7426772961988336e-02 -1.1000484453778610e-01 -2.3848221791907969e-02 1.1706059768078830e-01 -5.6456022082759010e-02 -8.4110083377075054e-02 -1.3919132267823200e-01 1.0073296433775270e-01 -1.7108717943857021e-01 1.6765115105086481e-01 1.0801365620827810e-01 3.2356290988615720e-02 -8.3154695534989109e-02 -8.5616854546653083e-03 4.5532632925501818e-02 7.9482833476465578e-02 -1.1893955160077151e-01 -2.4506448974245089e-03 -7.1347859194825836e-02 -1.9513627823891530e-01 7.6248680319706844e-02 5.7166372191161982e-02 -6.0124827799134417e-02 -5.5631426334514109e-02 8.1232770110655744e-02 4.4128761273919487e-02 -1.7502715012991640e-01 5.7605583469776317e-02
1.2659976526853101e-01 -5.9870761773575691e-02 -1.7624875293247379e-02 -1.4705604740994621e-01 -3.7773581604090688e-02 -4.1427266199134512e-02 -9.1930850460439903e-02 1.6359089897319708e-02 -1.2990127664109191e-01 -1.5670476715711890e-01 -1.8857921605257191e-02 -1.7644283363883190e-01 -1.0045203197181160e-01 5.3120656197281943e-02 -2.8516892707803561e-02 2.3797864863164431e-01 8.9023438246029860e-02 -3.1460056039120102e-05 1.5470822743233090e-01 8.6796307778735871e-02 5.8324269551598133e-02 1.6766802737941500e-01 5.1654194148448067e-02 1.3223927535157851e-01 4.5335952145303560e-02 -6.2238788198436812e-02 -1.9425704426226850e-01 5.6942502812407668e-02 3.8863819190755558e-02 2.9755360006983329e-02 1.3740289000175061e-02 6.1355834465132139e-02 -1.7149561678653061e-01 -1.1407583827688419e-01 3.5779075428010253e-02 4.3545868088554929e-02 4.3423435645514333e-02 -9.3798804997255528e-02 9.0468911542309682e-02 -4.9754698702311792e-02 -1.5849694553549951e-01 4.5945488453120187e-02 -4.7156775254250730e-02 -1.4420018799203199e-01 5.3199044549304582e-02 -9.3461897719460715e-02 1.6994445886526349e-01 4.3673976856501130e-02 6.0581153404360211e-02 1.8457504697614039e-02 1.0284991748221520e-02 -2.5805865512312280e-02 1.4635093253249609e-01 -1.9462891949093529e-02 -4.9685151577600853e-02 1.0328750162042240e-01 4.9978337526321123e-02 -1.3813957459830650e-01 6.2424862438969039e-02 -3.0903540189624931e-02 -3.1436911741014828e-01 -3.7402329991819701e-02 5.6687474611202250e-02 6.4270579990724358e-02 8.8309566516189347e-02 -1.1758189675228020e-01 8.9492500989739154e-02 1.2250408618374070e-01 1.7847855030662560e-01 2.4094491219134331e-02 -3.3164483346143393e-02 6.0047544402935020e-02 7.3170010876047664e-03 2.2693383363009821e-02 1.3710559673997350e-02 1.1743191621513469e-02 -1.3047238926231139e-01 1.8418753050016309e-01 6.9054185148790109e-02 -1.5172910434267051e-02 9.2009504413220020e-02 -4.1764899956478772e-02 -3.5021234620051613e-02 -1.9655022166616201e-01 4.9056985500933722e-02 -2.6857846163640200e-02 1.2455337253256150e-01 1.0052637082882759e-01 -7.2738954240748846e-02 -1.3874400810248899e-01 1.6174274126649779e-01 3.5423151215155532e-02 -1.4547559470099880e-01 1.2821836824972691e-01 -1.0494587351014879e-01 4.6972810702616420e-02 1.1219485785956260e-02 -5.8601280827481005e-04 5.7130090153853653e-02 -4.6012923277408128e-02
