# CEC 2013 LSGO F07 rotation matrix (100x100)
4.5087437560939088e-02 -1.8693220893366791e-01 1.5169016293924750e-02 1.4495411513868831e-01 5.4622272118236302e-02 3.4902070856481247e-02 6.3456668680904590e-02 -4.5344643735399249e-03 1.0157616248778320e-01 -9.2697783840761452e-02 9.3757720771604647e-03 9.5361735810935072e-02 8.0783909796235384e-02 -2.4182296658695670e-02 2.8212177262211181e-02 1.7219257053361581e-01 -4.0013460671552058e-02 -2.3094932654709369e-02 1.0900260888437210e-01 2.0778741978682999e-01 -1.0881512132402420e-01 9.9623895654223863e-03 1.0580473095889489e-01 -1.1201494227593550e-01 -1.3639394119063850e-01 -2.6481188054040979e-02 -6.6995379840372571e-02 1.4203719107206941e-01 -1.7028161194017741e-01 1.1803913412304830e-01 -1.1843397514691840e-01 4.6975602016884914e-03 -1.7949681911746250e-02 -9.7959041676341466e-02 4.5249398309756807e-02 6.5996210802385519e-02 6.8582434475543241e-02 -1.1902495893330550e-01 1.9477210278267841e-02 9.3439228482659356e-02 1.4528639492324061e-01 -8.0554824590218774e-02 1.5904879044870110e-01 2.4031111638720421e-02 3.9960737557912802e-02 8.6955041323500168e-02 7.4951515023686044e-03 -2.0043467352974270e-01 1.0463163969485550e-01 -2.9231629831639259e-02 1.0379325050996840e-01 -8.5887504519756588e-02 -5.1883415538665760e-02 -9.8161897691824429e-03 -1.1056848444769930e-01 8.6549756452886761e-02 1.4820462578882521e-01 -9.1524350774117493e-03 -3.8691495419126191e-02 -7.5899253710916270e-02 5.2564793835920380e-02 -4.2561101484318242e-02 -2.5195805902764521e-02 1.3811269170165699e-01 4.5213591700274468e-02 -2.9681726697783930e-02 2.6365232436190138e-02 -1.5641958491291250e-01 3.7621809358486358e-02 3.6307291843945461e-02 1.1589289654001120e-01 3.4632089977612322e-02 -1.2271437916374179e-02 1.2407831701478610e-01 -7.0629928763677255e-02 5.8138442543246580e-03 4.5296859956191692e-04 -3.0329318503028230e-01 1.1347402187767010e-01 -7.2732532726378710e-02 -1.3607426475762160e-01 5.2942306384408822e-03 1.7778288097313791e-01 9.3003996413465781e-02 -2.1885635668972361e-01 4.7242924826751388e-02 -9.3396283878470307e-02 -5.2069999459213472e-02 1.2482342299309621e-01 -3.6515689623030777e-02 -3.8901779083098477e-02 -1.0049971936893159e-01 -9.2604514501017643e-02 1.1441793928696350e-01 1.3729154168884049e-02 -1.5331816858366420e-01 -1.9801825180399130e-01 -7.8662092777179227e-02 1.7196605574234330e-02 6.8797938803442163e-02
1.5802858884996901e-01 1.2366367942201580e-01 3.5371556712306032e-02 2.2523825737558220e-01 -8.3674657309562597e-02 1.5279846244380990e-01 1.0531559000692541e-01 -1.2933039816488290e-01 -2.3468987072139080e-02 1.2976974663664401e-01 -7.8930298504637328e-02 3.6887730837972019e-02 5.9764780487501792e-02 2.7694137084469750e-01 -3.4533089503986182e-02 -4.2388686325591521e-02 -3.0193280491627669e-02 6.0537873442421078e-02 1.1905406328058440e-01 -1.0142013184695851e-02 -2.6015997497621152e-01 -1.1260623099605280e-01 9.6923303333149756e-05 4.1287860235321119e-02 1.2788411084447390e-01 -1.0403091946109430e-01 -6.8082351919200607e-03 -5.0135780534235168e-02 5.3834138359781403e-02 -3.1000669669763148e-04 6.8391054201542720e-02 -4.3108669508534099e-02 -8.1726575786911754e-02 -4.8148824985277193e-02 -1.9947322526607449e-02 -5.1551675745275090e-02 -3.6316856000339258e-02 -1.8828738147127219e-01 7.1623660062819852e-02 -7.2134520936769378e-02 -8.6642361049003150e-02 1.5952510396201190e-02 -1.0218481864476039e-01 -6.6905865706088058e-02 9.9535602169801285e-02 -4.7158454478481951e-02 2.7492232947085180e-02 9.3797352190524888e-02 -7.4086034384467397e-02 -2.6483743004355459e-01 2.4102820952917780e-02 -2.1810044970371419e-02 1.3054515172898540e-02 -7.9308656484624207e-02 2.0209885585359380e-03 1.5572693470215421e-01 -9.1262886042107697e-03 -9.8066479807253054e-02 -7.8883868306596161e-02 1.5931056209325119e-02 -1.9742277267153961e-02 -4.9869540779711757e-02 -5.1338560925737672e-02 5.3230721029510937e-02 1.9170681857841629e-01 -1.1863663065219200e-01 -2.9952597810362250e-02 -1.6522148211524740e-01 1.8001464387779170e-01 -9.8294663178960781e-02 1.0098756879397860e-01 -7.0030800174401900e-02 1.6743978445547539e-01 -2.2724812137829599e-02 3.4692883129121103e-02 -3.6269619437129468e-02 -3.5295927672292109e-02 1.6910474579212670e-01 7.5665329559722050e-02 -1.4476677635061910e-02 -7.6129059446416000e-02 1.5508800062253740e-02 1.5534360011765910e-01 -1.7918981420900451e-01 -1.8891442617756671e-03 -5.2404168104332682e-02 4.8939836613336223e-02 2.5248806042989059e-02 -3.2488311671178938e-02 -1.2483095390353150e-02 1.1130449894132920e-01 -6.9010351050790467e-02 -7.9978193895344066e-02 -9.5744878629050012e-02 2.2242771235938300e-01 5.1889394530385963e-02 2.0950247374812221e-02 -4.6661891554210778e-02 -4.9232270761167117e-02 5.9809020741298367e-02
-5.1389903224851763e-02 6.4306974184391453e-03 -3.9411891492724678e-02 4.6742231708631198e-02 9.9699196717524766e-02 -3.4473041646975948e-02 5.0525768164116913e-02 -8.2098726415188159e-02 -1.4909454051006269e-02 7.1305550289938263e-02 2.0021020855690859e-02 -1.3618147724877350e-01 -1.6274832791971039e-01 6.3620969783986986e-02 3.9407276045264401e-02 -6.3949714648998254e-03 -1.8582168142778910e-01 1.0613319526085400e-01 4.5370914563629657e-03 -4.0137791911546067e-02 -5.0956540929498768e-03 3.9524085703111209e-02 8.7336143412350577e-05 -1.4662759208059889e-01 6.7128641364661928e-02 -9.9262826744628080e-02 -1.8188092948087631e-01 1.0578540249773690e-02 3.1617425809516417e-02 7.6910535936877258e-02 1.3585693635158699e-01 1.5591352159283870e-02 2.0889392196480859e-02 -3.8076363271689222e-02 -1.0530247423799950e-02 2.6161479790824761e-02 2.6004933938279551e-01 -1.8417477422949610e-01 1.2663249906082830e-02 1.0987628948153460e-02 -2.1440646899333379e-01 3.6496782242915499e-02 1.7026770670990671e-01 -5.2273048553504911e-02 -7.1609676632416464e-02 1.5493019085885459e-01 9.6258322264888146e-03 -1.6368078140084851e-02 4.8480482029861487e-02 -7.7343878398294902e-02 7.4493202685873255e-02 -5.8834275095264966e-03 -9.5553825932722051e-03 3.8481402603331681e-02 4.9662183812062700e-02 1.1901380844359420e-01 -1.6074267030857750e-01 1.8030213236245479e-01 -8.7176359561085603e-02 1.8162259162062161e-01 -7.1977323451912809e-02 -1.1665317468402660e-01 -6.9092597786892043e-02 -7.7712461760216039e-02 -4.9820647024111667e-02 -2.1613980414340189e-01 8.2505770444630394e-02 -5.2898107402478779e-02 9.9657073569858756e-02 -1.0457076640617039e-02 -6.5718521651859485e-02 2.2785459726636301e-02 -9.1188332106625539e-02 1.4348881561573651e-01 -7.1980218473251353e-02 3.7148624668400763e-02 -1.0758405262043109e-01 5.3534344716398063e-02 3.2035834686295291e-02 1.4241044641035319e-01 7.4204387062016874e-02 8.6587141011675722e-03 -7.7392535960758582e-02 1.5272819226802209e-01 -3.1971911242428028e-02 2.3345346631746040e-02 3.1729760888264962e-03 -1.0533839361090470e-01 1.5312888035869501e-01 1.6813720759876619e-01 4.4753172035817468e-02 2.2581937588071649e-01 4.3281051630821382e-02 -6.6683106474408459e-03 -1.3654062441235751e-01 -5.1709485037813023e-02 -5.4847880849825927e-02 2.0419453908583510e-01 -6.5189073251892146e-02 -1.7333750320101421e-01
-6.4605264881281821e-02 4.5927665351806743e-02 -1.7981952238394061e-01 1.7874948054535039e-01 5.6411621526197588e-02 1.0885755303766929e-01 -1.3375704257577600e-01 1.0901801804482880e-01 7.2811897414388954e-02 8.5961788749197729e-02 1.6201967992354810e-01 8.9226448194675928e-02 2.1152783629103711e-01 2.0117806983624441e-02 5.8120608451209872e-02 1.3087661644428111e-01 2.9921755710235320e-02 6.2146792771652512e-02 -3.4673609233913473e-02 9.0297100511742667e-02 -1.4067135267717570e-01 -4.1761974316149468e-02 -8.1597623482911913e-02 6.1257467731861810e-02 -1.1290594939482811e-01 -7.8804657294692090e-02 2.6119613353496850e-02 1.3813716792565089e-01 2.1569069725237289e-01 8.5348089400431704e-02 7.3448797352701822e-02 5.1375090583094023e-02 -1.4937297656051410e-01 4.8429524923557003e-02 -5.4920764439581840e-02 4.9952455353130511e-02 -1.2694310035500739e-01 1.3898232094980781e-01 8.7437488215321921e-02 -1.2457044198373619e-01 -1.7660956836862529e-01 -4.9561536265777688e-02 1.6792033818872310e-01 -9.0216024094622940e-02 1.3372269677778730e-02 -2.9552364074328541e-02 -3.7282355088061242e-02 6.2112398883166782e-02 -1.6830116796177011e-01 1.2299332290413040e-01 -8.5779077542773821e-02 -3.6833286294867540e-02 3.2819721415898860e-02 -1.2652754894747769e-02 -5.9520480324211152e-02 2.0200882639837870e-02 1.0765639236453210e-01 1.2850762192195270e-01 -1.0365639730587880e-02 7.0066954952990465e-02 -3.8296841443558431e-03 1.2869659274928921e-01 -5.4492766694997183e-02 4.5802723965232398e-02 -2.4959263203685281e-01 3.2395418292077073e-02 -7.7873909338199390e-02 -9.4609328392418798e-02 2.4849626496937650e-02 -1.1050240920958670e-01 6.0643004119438583e-03 -3.7880184503404378e-02 9.3027539630940861e-02 1.3072214283749500e-02 9.0143248174054669e-02 -1.1595314583305739e-01 -4.4953506785049363e-02 -7.8639668588557921e-02 -2.0520758953269009e-02 8.7098945044845569e-02 2.9306393948875561e-02 1.5874343112914771e-01 -1.6149682836503290e-01 2.4221369956842629e-02 1.3977168338166940e-01 4.7709217630272450e-02 -1.8227887234857279e-01 5.7912298818773203e-02 9.5168976361080862e-02 9.9998714270559300e-02 -1.5022247106567240e-02 4.9861107192156813e-02 1.3745711521219870e-02 -1.7755179394860701e-01 -7.6206513604916676e-02 -9.8139728599487761e-02 -7.0002839495277525e-02 -1.0225352410786021e-01 -6.9872467116937079e-02 9.3435022204854251e-02
1.5277557887899100e-02 3.6842762374952723e-02 -2.5808895017654140e-02 6.1835225541195929e-02 1.0599225243828859e-01 6.0722500912941353e-02 -1.3029459498427551e-01 2.3546101554063451e-01 -5.9879637674583111e-03 -9.3095021363580166e-02 -9.8786117230767370e-02 -1.9424590848843879e-02 1.6390283643341031e-03 6.4650991179938402e-02 -9.3157492742879169e-02 7.2518325491816360e-02 -2.8190642168400859e-01 1.8635590386529921e-01 6.7965398117558209e-02 -1.2292860080033050e-01 2.8272134779927321e-03 -2.0924333115447391e-01 1.0615380975178620e-01 -4.9928203944397592e-02 -4.1938218968504581e-02 -5.1929944800911301e-02 8.7274873283872123e-02 4.9451685783777960e-03 -1.1398477191937619e-02 -1.6383873846101871e-01 -1.7901448250867949e-01 1.3338204914687790e-01 1.7357882763358060e-01 -1.2196145205020700e-01 -9.2670060417642836e-02 -1.8644667106151309e-03 -9.0620159844182445e-03 -2.2033271433873479e-02 -3.1991173858461362e-02 2.7935443090091720e-02 -3.5454326411514331e-02 -9.1997256823427881e-02 -8.1755244350284941e-03 8.5910638355453546e-03 3.2139774575088528e-02 -2.2282806852235649e-02 -7.9574499885472008e-03 1.0970050127084389e-01 -3.6499423793741957e-02 2.1521169331966520e-02 2.0787197990768249e-02 1.3600241300257479e-01 -1.8594740935122589e-01 8.5639194324752213e-02 -1.5916687937443171e-02 -1.3243401536944169e-01 9.9197995260144056e-02 -1.1274710635013280e-01 -4.2393648493000098e-02 1.0327234542833499e-01 -7.8157175153389422e-02 1.6728884681793671e-01 -4.2983762936894487e-02 -4.8720991998387309e-02 -7.7837835115444107e-02 -3.3967418817327073e-02 1.3654974916096460e-01 1.4763037314051920e-02 -8.6694068024089119e-02 -2.1970720597837570e-02 -7.6977019515522827e-02 -9.3060779660430904e-03 8.8900286310254779e-03 -1.0052567269886679e-01 1.4589429086839359e-01 1.1112950594041020e-01 -4.8423856009520448e-02 9.2529251061049755e-02 1.5165349196511810e-01 -1.1305572671368649e-01 -9.2347436060332300e-02 -1.0214851626621881e-01 8.3727716746944056e-02 -5.3066640999494277e-02 -1.4417437032856401e-01 2.8804076085780700e-01 -8.9300698602950687e-02 3.7054130534320023e-02 -4.9232537313929313e-02 1.0319087685622989e-01 -9.0432127640079088e-02 1.2066715984245691e-01 -1.3901238018615560e-02 -5.3870175088477690e-02 7.1176697389785229e-02 -1.0184357267474210e-01 4.7764874611422550e-02 1.3017699942977601e-01 9.6804906358434306e-02 2.4362761215995381e-02
8.4165316000544013e-02 -8.2001368767292235e-02 2.2634428331838981e-02 -2.3746147787722209e-02 -2.4454397269774569e-01 -1.6459018303196672e-02 7.3044466490912743e-02 -7.1469141751469845e-02 7.7805445997353229e-02 1.1184548847143980e-01 6.9555227212166115e-02 -1.1630136607252720e-01 1.9118537881979671e-02 4.8037888803453617e-02 -1.5211370710148300e-02 -1.6990995731195169e-02 -7.9187537108029084e-03 -7.3328938673532074e-02 -3.5688899164217462e-02 1.6878795363866150e-01 -6.5233444086634562e-02 3.8821294870341701e-02 -1.4820793164504770e-01 7.8857753431141445e-02 -3.9006547054535011e-02 4.3528858377844641e-02 1.1675369653071520e-01 6.4135383380158700e-02 1.1040046629041469e-01 -1.6916097946155489e-02 -3.1125415197959020e-03 -5.8037488202375177e-02 2.4985315658908880e-02 -1.8236344351303180e-01 -1.1384181174490220e-01 1.3216320544152839e-02 -1.7416404258607901e-01 6.6186469585651858e-02 -7.0505428816150531e-02 -1.8929468828340099e-02 -1.2579377672669789e-01 -7.2903804502696845e-02 -1.2413434375915440e-01 3.1810930562812569e-02 1.3586743152322110e-02 -6.0277894211205980e-03 5.9417083844896072e-02 5.7042884113399700e-03 6.4012953632857097e-02 1.1286318795843910e-01 8.8234010788237061e-02 -4.0748007931853528e-02 -2.2019274343490261e-01 1.4647912371183019e-01 9.1657347363626133e-03 8.5269023578918010e-02 -2.3082240270132759e-01 8.3623672651605571e-02 -1.0525231940262160e-01 3.4225388769493333e-02 1.7720464245119691e-01 -4.4894200218568818e-02 -6.3740528255681175e-02 8.9764231670419831e-02 -4.1479392282376550e-02 -2.0806749052839860e-02 1.7310918937075229e-01 1.2508631632799419e-01 -9.4701972685235739e-02 2.1010774487226189e-01 -1.0659520691458420e-01 -2.5679227463209300e-02 -5.2435746608832573e-02 6.2922737767854647e-02 3.7048537361732560e-02 1.5074290714468799e-01 1.5935432702030811e-02 1.3057151944056439e-01 9.5914423270224661e-02 4.3055098427886407e-02 -1.9529594518746130e-01 2.0474504315635630e-01 6.1042232036806483e-02 4.1291598820219003e-02 4.4092984106167500e-02 4.1124312408169434e-03 5.6865204680927921e-02 2.9781213256579939e-02 1.2130801367896500e-01 -4.5358522433435439e-02 -1.1333496742585290e-02 1.5964348877656800e-01 7.1037037099544384e-02 4.8061567345172682e-02 1.0646376392442590e-01 -6.3484367974886921e-02 -1.0965164249086259e-01 -1.6300938666732159e-01 2.2559025223394549e-01 6.7486682576887941e-03
4.7271637219016872e-02 -2.3190069769487701e-01 4.8322465979091053e-02 1.5523161910598271e-01 4.8326077614667902e-02 1.4340029496140380e-01 -3.0779886034359182e-02 2.4024209095524902e-02 -2.1884951611934801e-02 9.5465545213745409e-02 2.8812556185122459e-02 -2.7981216518176741e-02 2.4737115177475490e-02 1.9834294594971330e-01 8.9530169944495613e-02 -1.1977725428177990e-01 -3.4574652381511748e-03 -5.7151369413657588e-02 2.8454809626723698e-02 1.2898733061214321e-01 1.1086364484762699e-01 4.3647386291977952e-02 -1.5520241675936930e-02 9.2936299050471904e-02 -1.0503713933188071e-01 4.6941504383067371e-02 2.6618267869550769e-02 3.7771358966435450e-02 3.7545803216577849e-02 4.5976669801810463e-02 -4.8462231374098053e-02 1.7778438830629340e-02 -1.0621563102444170e-02 1.1732868133800291e-02 8.5942073832884297e-02 8.5974895674064120e-02 5.6419961326755780e-02 -7.3596626163278347e-02 -5.3798833014540191e-03 -1.6728825618300380e-01 -5.6039883523649921e-02 -8.8982511989302415e-03 -1.1923111040109639e-01 -8.7809924857659052e-02 -1.5710716199468000e-01 1.6040007840910479e-02 -4.7352158234214403e-02 4.8756231484641838e-02 -3.0915849480344981e-02 1.6528564858656691e-01 -1.2768873638767059e-01 2.3988056501123861e-01 1.4230133764765029e-01 -8.2436372635822611e-02 -3.7501074023348221e-02 -6.3225188591571779e-02 -5.2572340823471647e-02 -4.2577264538575230e-02 1.9961197901826291e-02 2.1463624099532519e-01 1.5399195054192430e-01 7.1963301101263852e-02 -5.1593132376572190e-02 1.2757090216133790e-01 8.7334756209895933e-02 5.7273027972753320e-02 -1.5899665132599769e-01 -4.0253764490549619e-02 3.1690923903911580e-02 -1.2622148656222160e-01 -7.4680959686744638e-02 1.9482919327562409e-01 -1.6654795263306971e-01 2.8931592602900701e-02 -1.5004843654406750e-02 -6.1086802055350470e-02 -2.6463908460771471e-02 6.2204269919913437e-02 1.7658221306830080e-01 -6.7865073671125764e-02 1.4000744096856940e-01 -2.0394158435956669e-01 -1.0744745837599360e-02 8.1772519320267884e-02 -3.1666831017769417e-02 -4.4337170591173666e-03 3.6689508384972661e-02 1.0207747313946160e-01 -7.9396388059494033e-02 9.0593295974140578e-02 7.6009422611450217e-02 -7.6159968447522212e-03 -1.9946465855007280e-02 2.7336558582056819e-01 1.1557113170508591e-02 1.1400080406668869e-01 -1.0989200116427930e-01 3.3864321185189387e-02 2.0089629548224461e-01 1.7975371595298700e-02
-2.3423021634693231e-02 1.5813683271033549e-01 -1.3414615028207760e-01 -4.9629497927302563e-02 3.4378856953064058e-02 -1.0790496225764670e-01 1.4891426134654659e-01 2.7508319911094301e-02 4.8984482609858673e-02 -4.7941956824951483e-02 -8.7486693009870678e-02 -5.0739526779428439e-03 3.4564117390804762e-02 1.0386406982739869e-01 6.9056923139566337e-02 -7.3857506033068551e-02 1.8844551672937970e-02 -5.4880920868455862e-02 -3.6879084373273911e-02 3.7604201805128662e-02 8.1682297049308888e-03 3.7594424171132421e-04 1.6332650433506860e-01 -2.6292678371103950e-02 8.6866990786981416e-02 -6.8366531137482242e-02 1.0500278818575220e-01 -7.8124221749022671e-02 -1.1090903882624591e-02 -1.4629587661984050e-01 1.5095039487462630e-01 6.3145249452386268e-02 -7.2552219685697528e-02 1.0396480878853569e-02 8.9768746935282945e-02 -1.7164609666218019e-02 7.2631025990039594e-02 1.8087204387268501e-02 1.6273021317985810e-02 -1.9487708663894010e-01 -1.8354190001182460e-01 -3.3022577632825442e-02 9.6136241325826738e-02 -6.9533257429832782e-02 -1.8633925068487919e-01 -1.0554153463325130e-02 1.0457387668985170e-01 2.5754458256479099e-02 5.3388118047628302e-02 -5.8730676751511807e-02 -2.0822897049966010e-02 -1.9813491300436531e-01 2.2573153669985069e-01 9.3416048543425195e-02 -7.3544159577321702e-02 1.5378043599317959e-01 -9.7851603717872687e-03 9.2428063427178186e-02 7.2586523646831047e-02 7.9046368844678770e-03 8.6439703874404226e-03 -7.9041227512823026e-02 1.7518669749913160e-01 1.2006953255592380e-01 -2.1460245338652201e-01 1.0632004785993419e-01 4.6403623982342372e-02 8.0380830564967171e-02 -1.0854328407065091e-01 3.4252971329978461e-02 -7.4212926628168127e-02 2.2614455839140991e-02 -3.9306867453221601e-02 -1.2719939756465401e-01 9.7144146215649776e-02 4.0606940373620809e-02 2.0463467594831231e-01 -1.6020168908666740e-01 1.4635273060254270e-01 -1.3385985445296619e-01 -1.6643673472375529e-02 -4.1951374002505371e-02 8.7929834832652223e-02 8.4523991982210066e-04 -2.7045958333228748e-01 5.4027668253342756e-03 6.9807934696991078e-02 2.7162209103407559e-01 5.2861466165494503e-02 -5.9899730931341912e-02 1.0947222701101519e-01 2.6553043542611700e-02 -4.7034993428143261e-02 -2.5083622811743589e-02 5.5153595824782048e-02 -3.6881638065061652e-02 9.4063051861903460e-02 2.2284306241390481e-02 3.4889861896970679e-02 1.8064874966708791e-02
4.3921631681142742e-02 -1.4766275669150180e-02 -3.2485329291787518e-02 -1.2134697813702310e-01 -1.2304611928914250e-01 -8.7201536211218469e-02 4.1082328521316373e-02 1.5794282059999411e-02 -1.8153164425781090e-01 2.0895726086571569e-02 2.0611402822874689e-02 -7.3741544543038551e-02 1.6749435280671340e-01 -1.1740077757478250e-01 1.9365475490839951e-01 -3.7030824374783763e-02 2.5191802226400418e-02 2.5012779240084319e-02 -1.2161962909457880e-01 -9.2339645779926052e-02 -1.3571793607289959e-01 9.8651158575796052e-02 -1.0180971962392220e-01 -1.2196955129745100e-01 4.5526734788919443e-02 -1.2495054669613059e-01 2.1113117474848429e-02 3.2974556836047962e-02 1.6146214121979829e-01 1.0943161865750679e-02 -6.9252567427570050e-02 -1.6869370143631341e-02 -6.7772819286944378e-03 -4.2536142387450758e-02 -6.4868656230298666e-02 2.3372346137145661e-01 2.1419238050805560e-03 -4.7089497532846088e-02 3.6187360435502518e-02 9.7383435800289173e-02 1.1119523983250509e-01 8.3342889326258787e-02 9.6628615899443562e-02 -1.5287959701311901e-01 -1.5439590357066990e-02 -3.9792244719318068e-02 1.9425916387209449e-01 1.2571433284237341e-01 -1.4133229999506991e-01 -9.9225202950148639e-02 7.3585029467469379e-02 5.6811910373215778e-02 -4.9302297558785450e-02 5.1391563633007037e-02 -6.8009109037806145e-02 -9.0531344657597421e-02 4.1306974413675833e-02 8.1030365102670629e-02 -2.4243797150877561e-01 -3.3255060893619452e-02 7.7519357849804404e-02 -4.6168935281099922e-02 7.1474634700893741e-02 8.7640506886075525e-02 -6.0708287617714962e-02 1.6138470259249821e-01 -5.1925976504468813e-02 1.7597741159716820e-01 -3.9178373283077057e-02 -2.3926584773793710e-01 2.4473318190820592e-03 -4.9459055737552590e-02 -6.7904442255064881e-02 -8.9114313763870426e-02 -1.9570348111613320e-01 1.4146040026081921e-01 -1.8757200536104390e-01 -1.7937655541975111e-02 2.4534898715831761e-02 5.4812812997591269e-02 -3.2476884427803811e-02 -7.6636585284554193e-02 -6.8936891509371129e-02 -5.2672269598605687e-02 -1.1603736045647781e-01 -3.1688179235148509e-02 -9.8105661889593514e-03 -1.1255322649167521e-01 8.2160545443873429e-03 3.4523510301460038e-02 5.0884398009504277e-02 -1.1435050852229151e-01 -1.5764360363223609e-01 1.0467075414058200e-01 1.3607139203414051e-01 -4.3090652788607187e-02 1.9803854826591420e-02 1.5157283518358011e-01 2.7406765720535031e-02 9.4471071919820862e-02
1.6067001209455081e-01 1.3375750292724839e-01 2.1495791414115031e-02 9.4990221447931136e-02 5.3556615234889103e-02 -1.0493006807798499e-01 -1.1163187709966679e-01 -9.2035305205898938e-03 -7.7074792794515179e-02 2.2939885794359411e-04 -1.7692882233184851e-01 -2.4398841622920739e-01 5.6990372165270052e-02 -2.3062131316842310e-01 -8.6519795082271395e-02 -1.1794011219777710e-01 -3.9283455903357432e-02 -6.0092544934436033e-02 -3.7183609033179042e-02 3.1941304950926237e-02 -2.4366759122161370e-02 -1.0240726691683720e-01 -1.0700896288892529e-01 -3.5847181947157090e-03 -5.9861190023264003e-02 -2.7072010120919861e-03 1.8255088370644659e-01 -3.3213362745647512e-02 -3.4647004168496337e-02 1.7659402965718610e-02 -1.9188863723486729e-01 1.2270803815604520e-01 -1.2996221151566989e-01 2.1467991651669591e-01 1.5191832679323020e-02 -5.3899756872228408e-02 1.1287136016328830e-01 -5.0515751284020992e-02 8.4631989214951325e-02 6.1841527073940639e-02 -1.2786867604901681e-01 1.3704451823417621e-01 -1.6158323929845611e-01 7.4785688545751489e-02 3.6836022958950461e-03 -1.1866873586339879e-01 -5.0116783200874163e-02 -7.6393226615862092e-02 -3.1302090771361882e-02 1.8570448532903440e-02 -2.6456440321406351e-02 1.0074383722054721e-02 9.9832062824404613e-02 1.1284435601795011e-01 -1.8979967067841198e-02 8.8812179202098565e-03 1.0189960251677750e-01 -5.1578829738061931e-02 -7.6923225779852139e-02 1.6557207688337391e-02 2.4698517344330879e-02 2.4055963535444379e-03 -1.8268426499170910e-02 7.2706728177387769e-02 -4.5489720571338058e-02 -5.1515860006223983e-02 6.8301923163513842e-02 -8.2892925236293352e-02 1.0531284588613871e-01 1.1436838208743839e-01 -1.5234685484952559e-01 -2.1007606578362439e-01 -2.1249462391187210e-01 9.5122054949119184e-02 6.7653384099644789e-02 -1.5988751539259949e-01 -9.4585813066618382e-02 -9.0866261969594200e-02 1.6546667625088210e-01 1.9465114880612430e-01 6.3713937895964093e-02 1.9227631936186670e-01 3.9416409858720879e-02 6.4833778888358073e-03 -5.7009188304045513e-02 1.0981433776972400e-02 -2.8314622863926050e-02 -4.9860480373805381e-02 -5.1484638229593784e-03 -7.7380964982968994e-02 9.1467422757671654e-03 -1.0394789865711860e-02 -1.7737707650154871e-01 1.0596564956140089e-01 -4.9720862274392319e-02 8.3455965373839619e-02 5.3519500262654812e-02 -4.9595380481614229e-02 -5.7221376179615598e-02 3.2541621036892752e-02
6.6157661293978984e-04 -1.6463482571083411e-02 1.2459740906286210e-01 -7.1649887670376652e-02 -6.3110761457029943e-02 -7.5357917679918937e-02 2.9287042754649460e-02 -5.2761457809386868e-02 -1.9284443813368979e-01 2.0228589431450339e-02 -7.3489574860485268e-02 -6.5581118442972125e-02 -4.1433828160650138e-02 6.8759217063574518e-02 -1.6236736889017289e-01 -6.5759525933853447e-03 2.0473195479605341e-01 1.2426924280876450e-01 6.3494547754865585e-02 -2.2108130184664419e-02 -1.3853193015571299e-02 9.7430798240891694e-02 4.9144107588412513e-02 1.3752656950414421e-01 5.6027548081894009e-02 2.1257216755143030e-02 -2.7252138762588321e-02 2.9403981417524091e-02 -7.2716910522623718e-02 -2.2007160374097650e-02 8.6417608870607954e-02 1.6505060509480801e-01 -3.7257716098216313e-02 -5.0816976652929549e-04 1.8512208041867270e-01 1.9075570456131649e-01 1.1693223109142130e-02 -4.9546133507877801e-02 -5.7272782096351123e-02 -1.1710019218742120e-01 -7.6318770171347194e-02 1.3085113019429349e-02 5.2735948507434509e-02 3.3841558056597623e-02 7.3145931349980348e-02 -4.6065342713525602e-02 1.0875982610257280e-01 -4.5109902421351038e-02 -4.4385570947878983e-02 1.7329704901011639e-01 -6.4831252958586300e-02 9.2247982787511482e-03 -2.0826495359855809e-02 1.1676170896016090e-01 4.4178460865318264e-03 1.7303300076527869e-01 3.9748545893311629e-02 -1.2956701003554849e-01 -1.1803857036444459e-02 -3.9037355308008961e-02 -5.9503725510118413e-02 1.1693165426098250e-01 -1.0759812451645299e-01 1.9173349490459651e-01 -2.5524996275947828e-02 1.1196220632060180e-01 -1.7847663494002769e-01 1.4936835612034280e-01 1.6459836829874711e-01 1.1489249697351719e-01 2.0897948784041651e-01 -2.8163538013456890e-02 6.1241072007178758e-02 1.3009886854738489e-01 1.3662589778482861e-02 -1.5224376294436690e-02 -1.0134786237298681e-01 -3.7845969686989792e-02 -7.1722099175027920e-02 1.2814501586003221e-01 -1.1156441167850700e-01 -1.0724838435896680e-02 1.9472945895359830e-02 -9.7575449238720330e-02 -1.6559284492144619e-01 1.2528984700268819e-01 5.1098632044847811e-02 -6.8865973151789800e-02 -1.7809635988445369e-01 2.1243692352347290e-01 -8.8115653131091473e-02 1.2168125818200960e-01 1.3851789263196579e-01 -2.0110617042604119e-02 -1.3066394041614271e-01 -1.7697291915146449e-01 9.2269784576010858e-02 -9.0033382411011716e-03 4.9748813667276341e-02 1.9367377637226051e-02
1.2649743145453521e-01 -8.7002212266884579e-02 6.0754439305906342e-02 -1.0393795457427800e-01 1.8812096734330631e-02 1.2767428107560350e-01 -7.6858884145161330e-02 -1.6949137223103931e-02 -5.0220660726070829e-02 -1.9096648200466090e-01 -4.5206609720396723e-02 -1.0025034503488731e-01 1.3638016204481041e-02 -1.1637780339782371e-01 6.5664949904890579e-02 -1.1886737816460791e-01 2.6636487391657859e-04 2.3659899750587290e-01 -2.2011862114811501e-01 4.2677556758595213e-02 -1.6906486744549691e-02 3.5201912791419057e-02 -7.4264725729481507e-02 6.6489956285812959e-03 -1.4744367936542621e-02 3.1583630075323220e-03 1.1710715098188860e-02 9.9108647775391051e-02 -9.8417570182667141e-02 -5.9880364025452347e-02 -1.2122118021356930e-02 -1.1138917871673661e-01 1.3462731388186161e-01 -4.4675643052871333e-02 1.6663514859052689e-01 -5.2387129027471592e-02 1.1020712979572821e-01 1.2964327796355229e-02 -1.4929714609484401e-01 -6.1507287182762480e-02 -2.1421692045938001e-01 -1.1449412546856340e-01 -5.7176490290188432e-02 1.0834219303904531e-02 -5.0460878850218042e-02 6.8166200155482706e-02 4.1135867930334712e-02 1.0904576901565260e-01 -2.2243072717517780e-02 6.3383833716187332e-02 3.7675559377842058e-04 -1.5375670992126099e-02 6.3722019282102083e-02 6.0538759463538011e-03 -9.8633974125670251e-02 1.7527322912633261e-01 -1.0000340313010560e-01 1.9070157987140049e-01 3.1480770031105741e-02 -1.9622699834516669e-01 1.1785689409057980e-02 3.7358482643924523e-02 1.4973151776706980e-02 2.1064749444595941e-02 1.2714443024230271e-01 -1.1142521386449540e-01 4.6976788099259226e-03 -8.9090844850030548e-02 2.2162650508454739e-02 4.1107858635571051e-02 6.3070995748517988e-02 -1.1354639352900479e-01 9.4326863038258407e-02 -1.9235314767769199e-01 2.2095722993923639e-01 7.8858277555266081e-03 -8.5648759514823189e-02 -1.2297265869895040e-02 -1.0833942561071430e-01 -2.2918998492015369e-01 -3.0298257136858880e-02 -1.8607791090372711e-03 -2.2106954370174389e-01 -2.5051007118915749e-02 4.1559184668928807e-02 8.2357228682835570e-02 -4.4206188026879853e-02 -8.2990861575524322e-02 -3.5485131875108371e-02 6.9952975486970076e-02 2.5725770536192110e-02 -9.4696110350705381e-02 -1.4940842861686840e-01 1.0016212714809450e-01 4.3739283149952957e-02 8.2757432381735368e-03 -1.9472901793720709e-01 -6.0418263865938598e-02 -1.2123747666982210e-01 2.5569482039575701e-02
4.2376461353184389e-02 -8.2171637338252085e-02 2.8100531862403161e-01 -9.6172134001338602e-02 1.1596544576675130e-02 -1.5449142818133499e-01 2.8914336607191581e-02 8.1689592554047813e-02 -2.2346320227700220e-01 -7.7861560795588827e-02 1.6047252852254501e-02 2.4233731195348610e-02 1.0176615951600770e-01 2.2826196527381790e-01 -8.2892995695504942e-02 2.8981738084133339e-02 4.7318021449689277e-03 -8.2326624536393125e-02 -6.6584842488523199e-02 -8.8667213989545274e-02 2.3678580631323810e-02 1.7540705692246420e-02 -2.9362657283579952e-02 -2.1635647207325559e-01 1.9232215738941921e-01 -6.3021281399343862e-02 1.0094905613268169e-01 -9.2544592151779740e-03 8.5538270940300296e-02 1.1254339520667510e-01 -1.3732969939330619e-01 2.3687656570350391e-01 -1.5669332173650380e-03 2.7157970686715171e-02 -1.5991320174520421e-03 1.2272494731804350e-02 5.4655467941499680e-03 9.4498149965630052e-02 9.7531250687064946e-02 4.6555148808615297e-02 -3.7291983129943487e-02 -1.3714865721082761e-01 7.1761509036469273e-02 1.4641490823491771e-01 -1.7937919970914440e-01 -2.3703387461860369e-02 2.6612351010531759e-02 -6.6585709201483767e-02 3.8618236384375939e-03 3.2247829486835717e-04 -9.6569005344667641e-02 -8.0511153457216933e-02 -2.3290159227415570e-02 -8.5657080138837480e-02 1.1094677714357550e-01 1.0569500615273560e-01 1.2313835992759700e-01 5.1353218102130463e-02 2.1341302443633269e-02 -7.2072034697346576e-02 1.3892096712337049e-01 5.3163454491152269e-03 1.6548049849698310e-02 3.5140939433290302e-02 -4.3356691216695789e-02 -5.2613801447173439e-02 -6.5739709275453126e-02 -2.2794538361987340e-01 -1.0474256085301260e-01 7.1095363830050481e-02 8.9891963457489329e-02 1.5038210928247531e-01 5.9421330861941707e-02 -5.1617514092026258e-02 -1.5157628532990150e-01 4.4232428107078593e-02 -1.8408788560503490e-02 1.2378160712329631e-01 6.7476991401798345e-02 -1.3326536674225650e-01 1.3231558081258279e-01 1.8967082029767571e-01 -9.8946508988765301e-03 -5.9436671269375657e-02 9.1518773273769810e-02 -4.3705649404746028e-02 -5.6928804133311528e-02 -5.8246854340100488e-03 -1.3669509221157840e-02 -3.0713735695100129e-02 -9.6869301619625231e-02 1.9069325425215061e-01 -8.1290416827787579e-02 -6.8200710336995415e-02 2.3195087131271219e-02 1.0792568071232900e-01 -1.1326888146083670e-01 3.6164444395667579e-02 2.8174271027866800e-02 -2.3244775703971848e-02
-5.3151153722257587e-02 1.2015262923788650e-01 2.6193221357797319e-02 5.8973007614236829e-02 -1.0315216736037169e-01 1.7058865799164771e-01 3.6507149843602670e-02 -4.4765240616924037e-02 7.6669028373186746e-02 7.6458449721509017e-02 -8.1236112587601259e-02 -8.2327371128661536e-02 -1.1804969552964180e-01 2.3102195253207430e-02 2.0297484304017101e-02 -2.3654366422381511e-02 -1.7305838507161930e-01 1.4518407763080560e-01 -8.5159396800022380e-02 1.2393886068246210e-01 7.1109776577782113e-02 -2.8040854160955090e-02 3.5287054391622878e-02 1.2923989624195281e-01 7.3570909867224005e-02 -1.9013464381790812e-02 -9.1495619973670880e-02 1.0333074708013690e-01 1.1906478435429529e-01 8.1146074522047959e-02 -7.2120137654676009e-02 8.8255869562644140e-02 -9.2662012182625944e-02 -1.8550290213764559e-02 1.0827333023782860e-01 -2.6573112573372880e-02 4.0186280879410487e-02 -1.5252162266008959e-02 -7.7733267887653876e-02 1.2904749560283599e-01 8.7207317419444541e-02 2.5911994902249141e-01 1.3092570547074769e-01 1.9437350718375110e-01 3.2587669341876471e-02 5.7326786420887330e-02 1.3168309866490671e-01 8.4486471590321258e-02 -2.7768172917543260e-01 7.0959883031000814e-02 -3.2755763608910173e-02 2.9841346390061540e-02 -1.1733860510445540e-01 9.3088587313038151e-02 -6.0138190828172157e-02 4.5134178145059607e-02 1.1355637787254221e-01 1.2705908301663410e-01 1.4753264016839121e-01 -6.7850988030196596e-02 -4.1128187935427898e-02 2.2768360495736859e-02 -1.9544197230694380e-02 -3.1912333750696700e-02 -7.6131944472384513e-03 2.1671918991690700e-02 -2.7261238563238411e-02 -7.5401734148018693e-02 1.2594284082546339e-01 8.8463138094861213e-02 -8.9619564304256275e-03 1.4013454963296471e-01 -1.6682318822921641e-01 -1.3435173202832959e-01 -2.0669137215230760e-01 6.5672001799813612e-02 -5.2975327127046341e-02 2.8221636789938380e-02 -1.5891880263775660e-01 -1.6804811578134701e-01 -6.1471288413716359e-02 6.7599570910647347e-02 3.9863682104865572e-02 1.3395055937109129e-01 -6.4866747839516459e-02 -2.2404767810128561e-02 -4.5331277703966832e-02 1.9775000878724650e-01 2.0553216029711819e-02 -9.6871791289254869e-02 -2.0665168018377238e-02 -3.1414429226614762e-02 -2.8749516572213411e-02 -1.7231297937817289e-02 -1.2458418682677870e-02 1.3447872186020199e-01 1.7888495996928011e-01 -1.2976796682716549e-01 9.5183491317378355e-02 -2.6990762135795422e-02
-1.7692994715901841e-01 -3.1268782140976989e-02 -3.0766580026850211e-02 -2.5633044635628370e-02 -4.0231705146240880e-02 8.0779016796496295e-02 -1.0728869646278380e-01 3.3504479480177081e-03 -9.7496748879274120e-02 -5.8542150536171587e-02 7.3282586699648142e-02 9.7544000608264694e-02 -9.1463865206098449e-02 8.9868553611461885e-02 3.0088544015244859e-02 -9.4667990335674732e-02 -1.1433700830159909e-02 -3.4163124453031150e-03 1.3253068308081539e-02 -5.2151793608056433e-02 1.8101105734170491e-02 9.6734531637422599e-02 -9.7863015820023866e-02 6.8527509316113469e-02 -3.2337713313303540e-02 1.0905095488619890e-01 -1.0080244906874270e-02 1.4418833897109090e-01 8.2325657796553889e-02 -2.3073500722764949e-02 -1.2192628649521130e-03 5.1192438302975901e-02 1.2455934653679571e-01 -1.3673184009904310e-02 -1.4208504148727469e-01 1.7511909683697360e-01 1.4131255970166989e-01 -1.0190634641655640e-01 6.9119530996298736e-02 2.0634375486215170e-01 8.4487838112318484e-02 1.9426209870573711e-03 -1.9760799927358280e-01 -1.0732338249951590e-01 -8.7404606082559191e-02 -9.0578613124270041e-02 2.5452293786928711e-02 -1.7418544410811479e-01 -2.2582333342712588e-03 3.5001010598734859e-02 7.5484359841073156e-02 -7.5331242844647150e-02 6.6186851847773134e-02 -2.9463160528303192e-02 -3.0813335127690300e-01 6.1961505437215868e-02 -1.2162576058941180e-01 -1.4573895700393340e-02 -3.9941530021628063e-02 4.0704141515152240e-02 -1.2666270475806429e-01 1.9969354707687281e-01 -4.8483047763912317e-02 -5.2225131013661288e-02 -1.2841669682367281e-02 -4.3474168733160852e-02 4.9509939570497867e-02 3.2415113938622231e-02 -1.8142211244142680e-02 1.3201221870481471e-02 5.7990939584402192e-02 6.0064147652995913e-02 2.9283342100832120e-03 1.7117934213810701e-01 1.1152568343404411e-01 1.0162244959805709e-01 -7.0208212508873963e-02 -8.9021177016064216e-03 4.1313754620919442e-02 -2.4955628740556481e-02 -1.7287326144967079e-02 1.4554011104909551e-01 -1.8902365341800152e-02 -3.8350855584419162e-02 -1.1202317132378529e-01 -1.5545721826968681e-01 6.2552787467207813e-02 2.9670554833825108e-01 -1.5570043096121269e-01 -1.0844733218854791e-01 3.9674196980874599e-04 9.1718236789621183e-03 -2.0452108364304589e-01 -2.1163153134413731e-01 -5.2793332639905301e-02 3.4792524323309239e-02 -4.4080783677723320e-02 4.2753768893789724e-03 -1.5001593708258990e-01 -3.5727020715557098e-02
-6.9141501014436280e-02 2.2049660715886842e-02 -1.0700089771351740e-01 -2.4911891538443861e-02 -1.6858986921770250e-01 1.2788828234010749e-01 3.5005215120200339e-04 -5.0631390262884442e-02 -3.6204569703653038e-02 6.7054515815822377e-02 -1.1828389896157060e-01 4.6972003090142402e-04 2.1240427712263441e-01 4.6474931938497228e-02 1.2133114820165880e-01 -8.7060913591248124e-02 -2.9088125901727251e-02 5.9811415642990882e-02 -5.6946326851567121e-02 5.8482241375495451e-02 -9.7326896468919344e-02 2.4574343458723660e-01 -1.6629419028606371e-01 -2.8028778789415121e-02 -7.3936632618553502e-02 -1.0630807607745211e-02 1.2156502584881840e-01 -2.0095200173524891e-01 -2.0580942716112349e-01 -8.1647008285292630e-03 -1.6467295481558791e-01 -4.8817287124904817e-02 2.0167577129781521e-02 3.1885558422895033e-02 1.2562099990116969e-02 3.2298110043678697e-02 4.4974561279372001e-02 1.1449289590297319e-01 1.5199669042067110e-01 1.0447324281612250e-01 -1.8282263263112761e-02 4.1488198569152548e-02 1.7853954011016152e-02 1.4175915437106759e-01 1.2148078184247720e-01 1.3173237858783279e-01 -1.4367249679146421e-01 -9.5211564475935956e-02 -4.8911684420319568e-02 1.0616657267137690e-01 2.3132512849328879e-02 -1.1892471742972829e-01 -4.3037391316405042e-02 5.5789047788133782e-02 1.9899451191237461e-01 5.7284578661973458e-02 -1.7889488999781339e-01 -6.1432381169486398e-02 1.4159523956066070e-01 1.9050720002309821e-01 -1.3124434104097149e-01 -1.4490785727845570e-01 7.8324034250534622e-02 -5.2608645817016943e-02 -1.5932690010444589e-02 7.7876486389348631e-02 -3.4405245045692777e-02 -1.8530202825102371e-02 9.3478111101685159e-03 -2.1932444797194020e-01 3.0806691836771209e-02 1.5578446742741819e-01 1.6039857552869130e-01 -2.6490821024486910e-02 3.3488432199048741e-02 -3.3380610386096951e-02 5.7822976220853667e-02 3.2551142673339563e-02 -3.4175726247471873e-02 1.2245089413622619e-02 -4.3412146527674507e-02 5.2634170388083761e-02 7.2590596531215509e-02 6.1959569642578212e-02 -9.5618708669807137e-02 2.0633342291161569e-01 -9.6215304950651712e-02 4.1562708082680672e-03 -1.4780010487903489e-01 -5.9020436314648997e-02 1.9917849974468500e-02 1.0818129954377841e-01 -1.1924067632171691e-01 2.7592192808678931e-02 -6.6722146339553437e-02 -5.4489165473338803e-03 -1.0391772373743269e-02 5.2507057248945783e-02 -1.9764030081780130e-02 -4.3147768649368951e-02
1.2617585251291100e-01 1.5273457575909050e-01 -1.4769385072023411e-01 1.4368655991539331e-01 1.6595621357112698e-02 -1.2627338870899171e-01 -3.4092122665486897e-02 -8.5677270977646852e-02 -5.2547959779121037e-02 7.0573083336249162e-02 8.2167722424946937e-02 5.2919592983000072e-02 4.2445234495539478e-04 -1.5110883181419090e-02 -3.3241151167589002e-02 7.1430435421793462e-02 8.9415207109217278e-04 -3.6087360401442371e-02 -6.0708398320128497e-02 -1.8896803860978849e-03 -3.8910904711468332e-02 -1.2564549723474619e-01 -5.3911465158593470e-02 1.8988170638001961e-01 6.6621755436831964e-02 4.2711444176805738e-02 4.6179782385972236e-03 8.2152537300113668e-02 8.5204613825698702e-02 -9.2443193687537326e-02 -1.0303013204888679e-01 -4.0652401904350238e-02 1.3931435729225450e-01 -1.0856758988418640e-01 1.2781946724137619e-01 -1.1106467621824240e-02 6.5443817414021735e-02 1.9425259735401580e-02 -2.6326404570824181e-02 9.2276855381700856e-02 6.5184612375786974e-02 1.3496250248374100e-01 -4.2804174071672092e-02 -6.2186226227468611e-03 -1.2871543665962210e-01 1.2168642940456190e-01 -1.5427495913096820e-02 -1.6074348696571189e-01 1.7246796332394321e-01 8.1196677326647607e-02 2.0432945553559101e-01 -9.1826774748189149e-02 1.2961677600622309e-01 1.7160591363436430e-03 5.1044159668959012e-02 1.5973561103521181e-01 -6.1181275395958301e-02 -9.5826928993855726e-02 -9.3685396948935129e-02 8.9221378601937490e-02 -1.2458397359539150e-01 1.8316522634840790e-01 4.7241606002996567e-02 -2.0281457925046719e-02 -1.1238559275527420e-01 4.4240861269084622e-02 -2.4721506351456569e-02 1.7833030562340771e-01 7.4945513629831789e-02 1.3001452543601050e-01 6.1965530384063570e-02 6.3470471076684229e-02 2.2924083230437470e-01 -1.1704366747960100e-01 -1.9922024532583321e-01 -1.3106810023514459e-01 -1.1211004064666860e-01 -4.2816475063130341e-02 1.1838134316255830e-01 -1.8568358611003169e-01 1.7125942442126610e-01 -5.5071723967198803e-02 -2.7881761007213061e-02 7.7526965093410533e-02 1.4339519338699300e-01 6.5474621581586318e-02 -8.8640130630744288e-02 -1.4108966665266670e-01 8.7119183419199497e-02 7.5457691629231766e-03 9.3532705429678377e-04 2.2309041747627559e-02 1.0787724837287530e-02 3.1256853995078479e-02 1.0738445771149120e-01 1.0963739747067300e-01 4.2536967489251142e-02 3.7196338902918437e-02 9.0264348311000428e-02 1.0976685788597230e-01
-1.4968416721852909e-01 -2.1853859577942401e-04 1.1134120401345531e-01 2.2248562732535140e-02 -1.9233749612185720e-02 1.6371412269307481e-02 -4.4321552752800621e-02 1.1613413860286829e-01 3.0675696931221269e-02 -1.5733292590211650e-02 1.6461457337882471e-01 -1.5199133792071681e-01 5.3247673525447219e-03 1.6524333202268041e-02 -1.7925258015618700e-01 -1.5708010147636309e-01 7.4762109614777431e-02 -4.6296294586882732e-02 1.2860210575107911e-01 1.4871220138513561e-01 6.6946080012657089e-02 9.4247329746224032e-02 -6.9854268005107981e-02 -1.1053772579032030e-01 -1.0143088887694150e-01 -6.0425707429090557e-02 1.1126092790941740e-01 4.4412626726107678e-02 3.7168026390595167e-02 -1.5761008516837389e-02 1.8896046099126582e-02 -7.9445022532773926e-02 -4.0050543735146472e-02 7.9779427903243896e-02 -1.1565836652313601e-01 4.4833023677965232e-02 2.2719480139440940e-01 -1.1180731864859900e-01 -4.4941636938050131e-02 6.9651803855437400e-02 7.6760065139011194e-02 1.6997718937413489e-01 1.5048284260333539e-01 -1.6313037522016960e-01 5.8763051463843897e-02 1.4479895991293870e-01 1.0524847214508160e-01 -1.1679700122761261e-01 8.8535882879387337e-02 -1.1595052283967640e-01 -1.5162866836518241e-01 7.1550849157474561e-02 -4.0810697734265100e-03 8.8062327241435426e-03 2.2229978096723119e-01 3.2949392621616183e-02 -3.3394883301517249e-02 7.7979134899582636e-02 2.7133433448100611e-02 -9.5015203885516333e-02 -5.3024897762294840e-02 5.5806666055764093e-02 -2.3050537217929101e-02 4.4180050642503542e-02 7.9753314741661438e-05 -2.6325156538089090e-02 7.0459654934324475e-02 6.6757870764679456e-02 1.2086091311465701e-01 -2.3703661684590888e-02 7.9726342771743744e-02 5.9064282360892020e-02 -9.3686831595223091e-02 -1.2826122058733450e-01 9.7959477268089984e-02 -1.6401841168573239e-01 1.1689903150669340e-01 2.9029189872844949e-02 9.3135985699186560e-02 -7.6175495815192451e-02 -6.4652678771561348e-02 5.6848196640549423e-02 -1.2832542352730439e-01 -1.2217152160197720e-01 1.7101535300093931e-01 1.8438408115988911e-01 7.3021623701242461e-02 9.5934475413880449e-02 5.2301201024150274e-03 -1.1230668124342830e-01 -1.4376887258289539e-01 -3.5574453606713012e-02 6.5527594696828118e-02 -3.3774752591867768e-02 2.1207970070135410e-01 -1.1361791114813850e-01 4.0774211702792683e-02 7.5865531435284794e-02 2.8897357117094239e-02 1.5881158133384579e-01
7.9362077240637083e-02 -5.5160557915861733e-02 -4.4711987494698249e-02 1.5819042946532180e-01 -3.4539328687365527e-02 2.1275351226696399e-02 2.4173661451208850e-01 1.1699853603141450e-01 -1.0570362833099390e-02 1.1193674421223571e-01 -7.6011618804169873e-02 -2.4296287726797611e-02 1.1843561227026859e-01 -6.1943397021285991e-02 -8.7358223711319280e-02 -1.8509807363990430e-01 1.7612107851866771e-01 -7.8090391355708014e-03 1.4125101354152961e-01 -1.8299708422438610e-02 2.1270245177608330e-01 2.0383411074671101e-01 1.0987092202180079e-01 3.7716395579604642e-02 -8.3355605544181768e-02 1.1863241101769430e-01 -8.6166345712154868e-02 -1.5349311860469990e-02 3.4640504012918551e-02 -2.2378017219534869e-02 -1.3758525794945251e-01 -1.4842250190609529e-01 -1.3004741207105680e-01 9.1382029150714125e-02 -3.4334936338010387e-02 -9.0510704685236712e-02 -9.9941849384091064e-02 7.6939767478685053e-04 -5.9620929438980287e-03 9.3342014831085507e-02 -4.9640259656912489e-02 1.0616919225679190e-02 7.5984661694512831e-02 9.7117198257824375e-02 -1.0666607222567080e-01 -4.1992624110906332e-02 8.2649489084980335e-02 -8.7193563826258369e-02 2.3633474290951278e-02 -5.3325324162144853e-02 -2.2285117186195250e-02 -1.2408801199235520e-01 2.4292675668592001e-02 -4.6122834158317069e-02 -1.7556121619246520e-02 1.4924687162741330e-02 -1.0956412888821659e-01 2.1488976999630951e-02 -2.4023512445140449e-02 -7.9595838099055807e-02 -6.9150735781085187e-02 1.7149666240449721e-01 -1.2049632169723321e-01 -7.1680188911101575e-02 -1.0020936613360480e-01 -2.3881838289064430e-01 5.8643959301868179e-02 -7.7636482306995769e-02 -1.3436675886349020e-01 -3.5702060948544112e-02 -5.7172146585158047e-02 -6.1101346988950860e-02 2.3191093035693500e-02 -1.3719304721819511e-01 -5.9154784858803260e-02 2.3784110593661301e-01 -1.0380490756020851e-01 -6.0892693242310177e-02 8.5554269154607312e-03 9.3469500630516469e-02 -6.0358366767314431e-02 -5.9627159231221152e-02 5.5362912602898467e-02 -7.0949394276687103e-02 -1.4843958512783860e-02 1.6504869386885789e-02 -2.0406918018508360e-01 5.7456607575959967e-02 -5.5835691844494370e-02 2.7414692885512287e-01 1.0523476239300880e-02 -4.8218739439762667e-02 9.0412900992480866e-02 1.0949324535711440e-04 1.5757876899226111e-02 1.5923140273508171e-01 2.0144238348524489e-03 7.8273074592284650e-02 -2.5776295029054441e-02 7.7398885897493885e-02
8.1691063989288871e-03 -6.4470863741653991e-02 7.2171872622831632e-02 8.3476324531533919e-02 2.9242043376246150e-03 -2.9085333004069619e-01 8.6479563423066431e-03 8.2395837424083948e-02 -3.3158897307035307e-02 4.2407988551617398e-02 4.4364720839098808e-02 1.2162405028047160e-01 6.1102487490487141e-02 5.8159647384354321e-02 5.8824780153589523e-02 1.7534359159964971e-02 -1.2202078183071539e-01 1.0914841446359250e-01 -5.0858792824718460e-02 5.0089842007157673e-02 -6.4855540581729612e-02 -1.5573702996160730e-02 -1.8075841633547151e-02 -4.7248617137007707e-03 -1.5322488972780990e-01 4.3461779140417982e-02 9.0268871862830891e-02 6.7033302815400472e-02 -4.2336259271317711e-03 3.9595321738005208e-02 -2.8067372871963749e-03 1.9362529019197411e-02 7.9783537432734378e-02 2.6345377327795860e-02 -3.3199352917862933e-02 -4.3228874223380648e-02 4.6577248265203489e-03 1.7712842804742429e-01 -1.3818780605812420e-02 1.1527110093893379e-01 3.9385002550937263e-02 1.3871429525776909e-02 -1.0239376460137841e-03 -5.1665294482915368e-02 1.6279875473964159e-02 4.9834914940698430e-02 4.1309741904817232e-02 5.8697291464453030e-02 2.7528299159617320e-01 -2.2242998500232319e-01 -2.5744081468157029e-02 -8.4861430077522462e-02 -4.7969239391162807e-02 6.6468900754485569e-02 -9.9450042969383756e-02 1.1233551771194809e-01 -8.6105414972735939e-02 -1.4087137872715619e-01 9.6644893103551691e-02 -8.2971316040782294e-03 -1.2646585612506031e-01 -7.2156460157782237e-02 5.1006212077110348e-02 9.9530826843723427e-02 2.5903831249133299e-02 3.6211063525315210e-02 -3.2594238599292291e-01 -1.0204319039080670e-01 1.3074621166662989e-01 -1.2206758411396471e-01 -1.2601485162892581e-01 -1.5345617289429361e-01 -1.8511706044872650e-01 6.8775692235455793e-02 1.4808790683264139e-01 9.9321951868141536e-02 -6.8186628371912111e-02 3.5210199288325632e-03 -1.4738439209831189e-01 -1.2395217610507899e-02 -6.6219628655687524e-03 -5.5407978873215233e-02 -1.4900242522297891e-01 8.4040652924363884e-02 -2.5189000844077110e-02 -4.0790179773084752e-02 -5.9864115213161970e-02 7.1232964035478130e-02 -8.1666051108024267e-04 7.1564063483795001e-02 -1.1002770103194789e-01 1.2138773270893700e-01 1.0763558261191079e-01 3.3506262523508218e-02 1.7342069204555910e-01 1.3393503574706031e-01 1.7140278658978830e-01 -1.3380312396113789e-01 5.2484621380052783e-02 -1.0736718438218010e-01
7.8508362907478632e-02 4.4602669050679819e-02 9.4458605046197370e-03 3.6542962073767590e-03 1.1725339949799890e-01 3.7648161584403261e-02 1.5226293642979691e-01 -1.0814401363879569e-01 -3.8252200018817337e-02 -7.2286377440456004e-02 -1.1012127735559800e-01 8.0340385258870869e-02 -6.2105691211998673e-02 -6.3588541060992695e-02 -4.6870552942601687e-02 2.8198355312535221e-02 2.8957725089936281e-02 7.5696759219442258e-02 -1.3964895343749509e-02 2.9098665087865450e-02 -1.7257924594072380e-03 -1.4532825308069120e-02 1.7125459000048939e-02 -7.4090085156308008e-02 -2.2677129905787470e-02 -1.3079387168870299e-01 7.3566178678163216e-02 -1.0398633797851260e-02 1.5827873819809360e-01 -5.0218066221932992e-02 2.0701781791512891e-01 -2.0467595806411801e-01 -6.5920745429538130e-02 2.0062372109722201e-01 -1.5761936239484720e-01 -5.5688661092684728e-02 1.3408622784834140e-01 5.3994692716346188e-02 1.8344486324022999e-01 1.0653533415147300e-01 1.8445686094752719e-02 -1.5063851242027060e-01 1.8914020043947641e-01 -4.9340728980766198e-02 -8.9990803518088386e-02 -5.0538900427736878e-02 -8.3561393880054666e-02 6.3106559501421730e-02 -1.3029116672726571e-01 6.4354714331197466e-02 1.0157823885588230e-01 3.6774304771018083e-02 -2.6951693598655241e-01 -5.4383661955393958e-02 8.1715051517089965e-02 5.5220830518579712e-02 -3.3983329245786210e-02 6.1640633754980823e-03 6.1228714681579678e-02 1.5000413999085391e-01 -6.3102147906106687e-02 1.0725696286476009e-01 -9.1602535243733921e-02 1.1715270174278360e-01 1.7262442182132051e-01 8.7148344737975808e-02 -1.9486867274592468e-02 8.5437276377448065e-02 3.4710174092848302e-02 1.4022949526192899e-01 -7.5823142069009850e-02 -1.0971798614119280e-01 6.9236667886475159e-02 7.1644152857799195e-02 7.8774003021475192e-02 1.0493717567929300e-01 -2.2714087288668489e-02 -1.8800537897905709e-01 -1.1747742018647559e-02 -1.3633300494793130e-01 1.6976832231801839e-01 7.2624402285099102e-02 1.2462441262298670e-02 2.8955681420531749e-02 4.7150276499466660e-03 -6.9331851164253472e-02 -3.6046993672903989e-02 -1.7903517976517049e-04 -2.4959641233812760e-01 -1.2734612347406060e-01 -2.4600146910841451e-02 3.8831552880213768e-03 5.7406984098172929e-02 1.0338856453085170e-01 -9.2213232697328056e-03 5.0509348729160061e-02 -3.8440557637055818e-02 6.4081352862365396e-02 1.8930760516142661e-01 9.0325775535333858e-02
-1.4851596808601919e-01 3.9778507242214538e-02 7.9250719107619189e-02 5.7621816725669503e-02 -2.9070256905524020e-02 5.4332338482031770e-02 1.2234658241166230e-01 2.1395197883127201e-01 5.8003932240095687e-02 -6.5501771299441514e-02 -2.1358583366280721e-02 -5.9460503489741787e-02 5.2050365560817394e-03 -1.1294420699834100e-01 3.8859813333269968e-03 -7.9576595018273508e-02 9.7838274768600325e-02 1.8726095314650200e-02 -1.1269751114967730e-02 -1.9910453638657660e-02 -1.1398363067845250e-01 -1.0383220619558280e-01 -1.7191564175289061e-02 -5.4705614954423831e-02 8.1886313229117727e-02 1.3997817314437880e-01 -4.6447758774701232e-02 1.3533857835834551e-01 -1.8419721701673261e-01 -2.5143628541586222e-01 5.3554772944424428e-02 1.0817040567564810e-01 -1.2445300777775790e-01 -2.2162733320445319e-01 -4.9049818474606764e-03 -4.2087882924806454e-03 -1.4061688443341849e-01 -7.9436649954423830e-02 1.4809249176110750e-01 -1.0314513093374700e-01 -9.6117991223993490e-02 -8.7803343497010050e-03 4.5774311740373358e-02 -2.1536423750068701e-01 -2.3039453841865461e-02 1.1590788105611750e-02 -8.4468114952989237e-03 -3.5425976155703649e-02 7.5064767377706024e-02 -8.9674147479350680e-02 8.7175476911006324e-03 6.7907451322757786e-02 -1.1632452474843050e-01 3.6073853235194943e-02 1.2234399960541439e-01 7.1042136748872386e-02 -9.0912430569411090e-02 -1.7334164696898000e-01 -7.7040222673886785e-02 7.5046693855794266e-02 -1.1912925717040720e-02 -5.6290841691249927e-02 7.3092874346711009e-02 -6.6149358464909130e-02 4.2363341916017198e-02 1.5427765667111451e-01 9.1636610249442002e-02 -9.6986470971897082e-02 7.0052903471291674e-03 6.2715943668681301e-02 8.9721090322480837e-02 1.5215315719122491e-01 -1.7818169088073851e-01 -1.0802499594541790e-01 -2.0931901032570518e-02 2.2136773084178749e-02 -1.9359709682865531e-01 -1.7485529971159661e-01 -1.7560728452766969e-01 8.1406663044219701e-02 1.1431141812821009e-01 4.2034452255916510e-02 -3.2435455715958267e-02 4.9031308096211208e-02 1.1397636147632760e-01 3.4941890865774330e-02 5.9320444340835339e-03 2.5494724062818962e-02 -5.9059153959945453e-02 -6.3437338522591320e-03 4.4253472049377574e-03 -3.2608433539654903e-02 -1.3825448432884940e-01 -9.2936584962768423e-02 -1.1115855637547289e-01 2.0945716132228881e-01 -9.4241822686643537e-02 -6.8286315421156610e-02 1.1119234459473910e-01 1.0028914348794450e-02
-1.6233293242333361e-03 -3.7230535322588708e-02 -7.2504693184586244e-02 3.1344524247294399e-02 -7.1041305804149350e-03 3.7488478873091223e-02 1.2682489796108520e-01 -1.7012064714194380e-01 1.5059935539196930e-02 -3.5957905269540832e-02 5.8308140214606508e-02 -2.0974572882750639e-01 4.3715804513685237e-02 6.8642609140208088e-02 4.4564214225735567e-02 1.0191127729572060e-01 1.7008743327075429e-01 8.5342493037307607e-02 -4.2970797941092459e-02 3.9587174303152117e-02 1.1564506202963209e-02 -1.0420973336154730e-01 8.8448635022201752e-02 -1.4157913696748769e-02 1.8097381603630419e-02 -7.1067026513082637e-02 1.0162148792818010e-01 -4.3070954067116973e-02 -1.0684759523825380e-03 1.1906521108915789e-01 -2.5247854391520608e-01 -1.5049124905228900e-01 2.1860563902175789e-01 -4.3089692421529033e-02 -2.0563207492864899e-01 1.0293166221708380e-01 -1.0052975036571660e-01 -2.5065692197824539e-02 -9.6276570754351351e-02 -4.5511940962649607e-02 -1.3864927543253569e-01 2.8064671279125871e-02 1.1124876600911431e-01 -1.3311478449527420e-01 -1.8409491450650191e-02 -1.1420971631032720e-01 -1.0423231492372841e-01 -1.3755264116921020e-01 -1.0662552084274871e-01 1.7662213554230491e-02 9.4392438563681569e-02 8.3183480558375988e-02 -2.1578987773437919e-02 4.2664605891184093e-02 4.5975538485061813e-02 2.6156704484292390e-02 1.1077602632233030e-01 -2.3860837631723519e-01 1.4846645435642961e-01 -4.0928465335422590e-02 -1.0029199151753659e-01 -1.7018990363813261e-01 1.3098827965856649e-01 -2.4926159224284729e-02 -1.3798605820658899e-01 -3.0799005072215259e-02 -5.6428556641603018e-02 -6.0189492535611060e-02 7.3831139444059626e-02 1.7358912508772070e-01 -1.8768883034646239e-01 8.0237664449907278e-02 -1.1517333112920259e-02 6.3441568628098938e-02 -5.1150054445771670e-02 1.1269165162273430e-02 -1.2026362826690220e-02 -4.5554060445161439e-03 -2.7436871595400789e-02 -9.6881574316325020e-02 -4.6499918357397529e-02 2.0670392536197520e-02 -1.5403401975221631e-01 -9.1466314168959256e-02 8.8134536672112209e-03 -9.0194309890344909e-02 1.8829831006088951e-01 1.2268291822205110e-01 -2.1502684650992650e-02 1.6022108694536269e-01 -9.3317740354072157e-02 -1.0746338649630741e-01 3.0238402412946480e-02 1.3165080114851841e-02 -4.2198547380603343e-02 5.9604601674022283e-02 -4.5287322820678239e-02 1.0802487636990780e-01 -1.3923763821663479e-01 2.1068633460447621e-02
-1.9612133638502369e-02 -1.9386877659585169e-01 -9.0667158099120904e-02 1.1641793487410250e-01 4.0905105258755778e-02 -1.6575275699673511e-01 -3.8310050478548879e-02 1.3358673671692811e-01 3.4760607725297772e-02 2.1743793053880270e-01 -3.0680577096091449e-01 -4.7458949623007070e-02 1.4145909822340241e-01 3.2405496664313013e-02 1.8747185593399229e-03 9.3231221384424814e-02 -4.3019212068642143e-05 -3.6969637184792653e-02 4.6463826583379379e-02 -7.9327463046388297e-02 -2.8259865580925549e-02 6.2642240935687252e-02 1.7117134904003889e-01 -3.4200450857212572e-02 7.7737843051469149e-02 1.1104676474685040e-02 1.0189144628103670e-01 1.3163911961837199e-01 5.4982431801668022e-02 -4.4698623392441010e-02 1.9285153132411090e-01 -3.5745365346362482e-02 1.8462712759149330e-01 2.2213932810089921e-02 -1.7582062409223059e-01 8.5021442187552657e-02 2.3280051900172911e-02 5.5677669116100101e-02 -5.0777681573481767e-02 6.6751349665546383e-02 -4.8370762365399653e-02 1.0185109958260299e-01 -1.7090264178234210e-01 -2.7338544629987652e-02 1.6460353128808000e-01 1.0162679068161970e-02 4.0933956226132523e-02 2.0981208018234450e-02 -1.7209357834744310e-01 3.4904658275193420e-03 -3.0809488454576761e-01 -1.7609923479958021e-02 1.2767987672062690e-02 9.8049348790955018e-02 -3.3273538728905462e-02 -5.0005079133429747e-02 -2.0052302080145051e-01 3.2056688130753179e-02 -4.1796594946716170e-02 -7.5058665783459932e-02 -6.7025793616483115e-02 -5.8464439494724942e-02 1.0390624448829040e-01 -6.2787179425509862e-02 3.2005316486039978e-02 -1.0458625503158840e-01 2.1621144477549401e-02 -3.5967024062442073e-02 1.2660923810236160e-03 1.3768490702212130e-01 2.4981532235606181e-02 1.2499036690277980e-01 -5.1027082558783646e-03 3.3887970450529388e-02 -1.3176481087871370e-01 -7.8428823259057770e-02 -1.0603025609215199e-02 -1.4276334681748479e-01 -2.5928785948753221e-02 -1.7392487957856359e-01 1.4277209338830130e-01 -3.4821718303890930e-03 -1.1358750656086620e-02 -5.5644274881177173e-02 -7.2441514098677537e-02 1.4982488430596319e-02 -3.0121141371037840e-02 -1.6850380765284739e-01 -3.8780885958771737e-02 -8.7690646027626190e-02 8.5846360218187950e-02 1.0642901616453071e-02 8.1999387365683116e-02 -9.3480715438755777e-03 -1.5972526457047751e-02 -5.5020236422549371e-02 -6.8741848992362561e-02 -1.0725016039863321e-01 -4.9111408886965517e-02 3.2596146224495560e-02
8.5047862308663028e-02 -3.0938636241840681e-02 3.5172411797800507e-02 7.1556382859396458e-02 -8.0080275191957498e-02 6.0470153692245919e-02 -1.8251548915150509e-01 4.0149408794642061e-04 3.1595268886198749e-02 1.1470337479553019e-01 -4.7300651913887860e-02 -3.6755794408683040e-02 -1.0050350307870030e-01 -1.9331475612822291e-01 9.8658149997582739e-02 -4.5015880551155352e-02 -9.7491208304334720e-02 -2.7919795461239440e-02 -7.6498815050546152e-03 -4.0605186651276340e-02 -2.4697700484027439e-02 1.5881162667682180e-01 -2.7586892089424591e-02 5.2363807079383540e-02 1.6712120201137201e-01 -3.9175416264931533e-02 -1.0051240718708571e-01 1.4562476809180949e-02 -2.0361175830611611e-01 1.1625819265385860e-01 1.9695521860809101e-01 1.0990688724651559e-01 2.2208617424804231e-01 -6.6022542862351988e-03 -2.7291758609328559e-01 -1.3697160390338889e-01 -1.0796130827391479e-02 2.9964169142972490e-03 6.7641674661435267e-02 -1.2053410061829690e-01 8.5974565138096148e-02 1.0138790964291820e-02 1.8564228721000001e-01 7.3023363543194567e-02 -3.6801153843338687e-02 -8.7168392689658661e-02 -2.4378435842357499e-01 -1.4326771621952741e-01 1.2112136414384291e-01 4.6916971533042591e-02 -5.6022134782778260e-02 7.9566365629195168e-02 1.2836667204429059e-01 -5.8475464186913829e-02 2.8918424301453059e-02 9.2588957781065254e-02 9.6216037070316063e-02 8.3147354314871399e-02 -2.2968027979398789e-01 -1.1979916182949029e-02 2.1339181455239858e-02 -5.8983234599110083e-02 -2.3773385387549209e-02 1.0007615813240960e-01 -2.1498739739961711e-03 -1.4194973321039970e-02 -1.4732214575215360e-01 1.1133963510964110e-02 2.7114329702361530e-02 5.9648033915932118e-02 -1.0796390771446780e-01 -1.5561436741342680e-02 3.6890197059782137e-02 -8.8505229549884962e-02 -4.2964246688930882e-02 1.7639631362935490e-01 6.6125555867274199e-02 8.2841025769293947e-02 4.1928362263767997e-02 1.3375300119974360e-02 -3.2943846286722749e-02 1.3979977267440430e-02 -1.0429133732659100e-01 -2.9005933730193941e-02 -9.3489466960194820e-02 1.2314416019428420e-01 -1.2652643263202481e-02 6.5122916878777429e-02 -7.5542099792567527e-02 3.6021931083016177e-02 -8.2003322107442583e-03 -9.0956247568944784e-02 -3.4005701311654819e-02 -1.4778974689691890e-01 9.0939177994324629e-03 7.1219448248643832e-02 6.8864758611419816e-02 -9.0693870557935513e-02 1.2670989876895350e-01 1.8302795625812140e-01
-7.1560235370737926e-02 -1.0645171438337130e-01 2.5754782522952779e-02 4.8076803483721217e-02 -5.2762966335869091e-02 1.2618537839037269e-02 -3.5243324119176973e-02 5.4022144292419493e-02 -4.8573481238937212e-02 -1.9997052872394869e-01 -1.6901765712432021e-01 5.6801529232733778e-03 7.8832322843529219e-03 -1.0073765700472320e-01 -7.4477197655822586e-02 8.7046217841439233e-02 6.1247892548704497e-02 1.2690424044443291e-01 -1.4112823629200691e-01 5.6839959939891882e-02 -1.5843338657296430e-01 -9.2920449601746044e-02 -1.5067705932565301e-01 -5.3352497581580236e-03 3.3182638669559048e-02 1.1691616952735211e-01 -1.0871306227164529e-02 -8.9389940631652592e-02 1.5139838131486191e-01 -3.6729750230926908e-02 6.8155937734397223e-02 1.5679194317976659e-02 4.9331010146871072e-02 1.3545885384842249e-01 -1.0392187420760260e-01 5.2669681461451269e-02 -3.0688437118096729e-02 -9.0629174001403329e-02 -2.7554029918384831e-02 1.8425827001638990e-02 3.9018167963737152e-02 1.3615018170414569e-02 -1.2065770675543790e-01 -2.5862998742157351e-02 -1.7967982933718091e-01 1.7009602064681931e-01 1.3762882738001231e-01 -1.3767402843416690e-01 2.5814571744982511e-02 6.2932259265966087e-02 -5.8339610394119099e-02 -3.1097918100845959e-02 6.3384880409506572e-02 -7.2712470236233215e-02 -3.2154693740703890e-04 7.3720287438017340e-02 3.7755001380142629e-02 6.5428317833002889e-02 -2.6764680201666811e-02 7.6255653680645047e-02 -2.1175088877625409e-01 -1.0673654032819160e-01 -8.0261600050550400e-02 -2.6724320210833409e-02 -1.3535161062726439e-01 1.2129549955822300e-01 1.1809252551828260e-01 -2.1712967831250271e-01 4.0575917009435261e-02 -3.4578096590473582e-02 -7.7706002600693394e-02 -7.6287942135046466e-03 -5.2236257384789077e-02 -2.7209516887084610e-02 -3.3907646497233303e-02 1.3398665769258280e-03 2.6700521409885741e-01 1.2440950087387490e-01 -4.3292899544342248e-02 -7.8323690100948265e-03 -6.6845693690260610e-02 -5.6987569149145600e-02 1.8794651770274490e-01 2.6202940224956901e-02 9.2237246034329798e-02 -1.6847840365269781e-01 -3.9762096101685837e-02 -1.1928915858273410e-01 -9.8575204846038392e-02 2.3515037498019359e-01 2.1792434545554112e-02 -1.8175392197348120e-01 3.3679944521157287e-02 -1.6431700069428991e-02 -4.7508807797723837e-03 -1.4643741316378989e-01 5.0023328777210531e-02 -2.6571043884913419e-02 2.1955872559312811e-01 -4.5051483463240338e-02
1.0206558200254690e-01 -9.9260362259316046e-02 -2.8309528195923250e-02 2.2571764477198231e-01 -1.1678426887127040e-01 1.1512008650749739e-03 1.3198511874932281e-01 -1.4963544596250641e-01 -1.8653088060355679e-03 -1.5340445714551729e-01 1.2510545290692640e-01 1.3759835693415479e-01 -2.1357788319917751e-02 -7.3950501921005399e-02 -4.9435210866133533e-02 -5.4882750817248457e-02 1.8150911360854709e-02 -2.2024562647343829e-02 -1.0370345862132370e-01 -2.9436911016169448e-01 8.3846660839913739e-02 1.2514149774729869e-02 -1.1110716517865279e-01 -7.2499291729120507e-02 6.3624984587817041e-02 -1.8398743813544099e-01 1.1838509073731630e-01 -1.2299894200747660e-02 -2.9094071504661528e-01 8.8885537209119611e-02 4.1653728968239857e-02 5.8540803511547550e-02 -1.3405057153729469e-01 -1.5065431175987980e-02 4.7059336987175668e-02 8.4813911390683686e-02 1.4785680787693061e-02 -8.7353830393096091e-02 4.8340041135325418e-02 3.5704140702379851e-02 1.0477834755524390e-01 1.7524767358238830e-01 -1.3555279246498461e-01 -8.7013421211925290e-02 -5.1322817235186363e-02 1.4041116384615779e-01 -6.4248436242206663e-02 1.7827070528866151e-01 -7.6279702666351909e-02 1.0903828225530079e-01 2.4513937992632559e-02 -8.1482888642919998e-02 -1.0348173906775179e-01 -1.6433853440382690e-03 1.0440836954479770e-02 -1.4499080953803389e-01 -4.1399426156903507e-02 7.0171174652681731e-02 -9.8856321126027533e-02 -2.1879750879163551e-02 2.2097018599857840e-02 6.6644887512427753e-02 6.1624353388575602e-02 1.9454171377467109e-02 -1.0251720983811140e-01 -6.1814923408111287e-03 7.1437091347956103e-02 -1.6367865850903149e-01 -4.7717312848786692e-02 7.4313015485926684e-02 -5.7746559632452302e-02 7.5544209994664185e-02 -1.3700138239576229e-02 1.1078480337591090e-01 1.1289394516795700e-01 -5.1782191384792259e-02 3.8346551295005762e-02 -7.2851164017964598e-02 -5.8841812800785008e-02 -1.0682869023844779e-01 -2.2305357026780308e-02 -5.9975973375912060e-02 -3.2340543097181082e-02 6.5001306800139352e-02 -9.2981060826349774e-03 -1.0374662076772311e-02 8.9890564312890622e-02 4.1561863328509391e-02 -3.3589721758465738e-03 1.6188021642599359e-01 1.0698687899686929e-02 1.5743620565635880e-01 1.3248674552857401e-01 -5.9478055189114788e-02 8.7659552185773634e-02 2.1874703639379722e-02 1.0185233371736591e-01 -9.4064525539724081e-02 -6.4500628770039481e-02 2.2924801667918299e-01
-5.4630934000749420e-02 3.9542011654961927e-02 -8.2589937902630806e-02 1.2003991601393629e-01 -1.8937660050740529e-01 -1.6752829216721520e-02 -1.0009318505683550e-01 -2.7172409233968652e-02 -4.2436757326134521e-02 8.1368867206372791e-02 -8.3067140189079389e-02 -4.0090118369271663e-02 1.1848752633656530e-01 -1.6716900533685519e-01 -1.2175884632433030e-01 3.2746500347575792e-02 2.9927492382192999e-02 -1.6740986182054090e-02 7.8647012976702471e-02 1.3260778587377800e-01 1.4811439105887830e-01 -2.2272868354873569e-02 -1.1041998022690119e-01 -1.6309462284260290e-01 1.2026019017967400e-01 -3.8955057113047010e-03 9.7895618583581801e-03 8.9362268243964968e-02 4.7517530099940399e-02 -6.7144667071745684e-02 5.4188427234527888e-02 2.1367425802643589e-02 2.0464412329895601e-01 1.5574452494200811e-01 6.5663472037207266e-02 -7.2539665537365614e-02 1.4015190122566951e-01 1.0524285080757630e-01 -5.2290452273280198e-02 -6.1621764711355768e-02 3.0721814976882669e-02 -5.2715329871474453e-02 2.1369027055030809e-01 4.4768712592199833e-02 1.0515010003607930e-01 -3.3697145792978167e-02 9.5066423553712157e-02 1.3485067082254731e-01 2.5984595929761892e-02 -7.4495313824622152e-03 1.0990260465797599e-01 -9.9006550877434776e-02 9.0151792987752354e-03 1.1348122239014360e-01 -2.1800225174505430e-01 4.2098352940149880e-02 6.4573736779796595e-02 -1.7419420460113030e-01 -3.0744944094531320e-02 -4.7201658860894689e-02 1.8333368962608759e-01 4.5720985270779557e-02 6.0447012037983319e-02 6.4722914004545287e-02 1.5312084863301009e-01 4.4230499447168982e-02 8.8048052418878420e-02 -8.0372557983144563e-02 -6.5523039222504298e-02 -3.5874531869993648e-02 -3.7260860755808978e-02 2.9703983226954528e-01 7.2354466233364792e-02 9.2409753211080331e-02 1.3624307822368209e-01 6.2537168320387602e-03 -3.1527294941696413e-02 4.1124638333118239e-02 -2.1715626381560368e-02 8.4057113951951867e-02 7.2747311329021777e-02 -1.4080906487451500e-02 1.4580484976689101e-01 1.7292286716104369e-01 2.0686084544956301e-01 6.8318843261488318e-03 1.3547718314556600e-01 4.7953734133931739e-02 -4.4730521863207702e-02 1.6132362869963751e-01 9.2559275033113314e-02 -4.7562358071261489e-02 6.3551208106858506e-03 -3.2578995662067220e-02 8.8156028396227826e-02 -7.4997245234753309e-03 2.7554706956536411e-02 1.0644991587070760e-01 -6.4665706391193040e-02 -4.6248055500515112e-02
4.1186937863780457e-02 -7.4756387462037333e-02 3.3922328371580858e-02 -7.5210149627903738e-03 7.0059059009543651e-02 7.7535812263285028e-02 2.0184328870310081e-01 1.1904880339653990e-02 -1.2748426585703609e-01 4.8124139864096451e-04 -1.0059159493828740e-01 -1.8911431135119819e-01 1.7892537669798991e-01 -1.6211255153280280e-01 -9.6996115750244680e-02 -4.3177560066936543e-02 3.8322899450876198e-02 2.6878751112454170e-02 -2.1024717845782259e-02 -1.9832173641428960e-02 -6.2628014096779303e-02 1.9302395615716859e-02 -1.1743377819567170e-01 1.7483308096018349e-01 1.9686705725599621e-02 -4.9259365639293402e-02 2.9822278119169911e-02 1.5371601057737291e-01 -5.0119508479544430e-03 -5.6647210340323960e-03 4.5249761526071179e-02 1.6275193033962290e-01 -3.7309987901017652e-02 -1.0794196575613710e-01 -1.0468307513000590e-01 -1.4009698687041830e-01 -2.2606935131816129e-02 9.5618396234304570e-02 -1.0589147542750810e-02 -2.6905599570997290e-02 -2.3603981555748409e-02 -3.7078485396318903e-02 -3.6626842983676520e-03 3.9806793905570598e-02 5.5911415546755112e-02 2.8483355183187031e-01 -1.5004978088380330e-01 -3.7538316517634771e-02 5.4749100030672480e-02 -1.5144615719435420e-01 -2.6219554178612919e-02 1.0254306775156870e-01 2.4407047270310019e-02 9.9486475670062344e-02 -7.4446222144238267e-02 -7.7249046957356210e-02 9.2967785586573343e-02 6.4377965314167687e-02 2.1750617840844089e-01 9.0376753046546049e-02 1.6244762022413262e-02 1.0028584116521290e-01 -2.9857770758202971e-02 -2.5954760185219711e-02 6.6129276971020112e-02 -6.2499798338858999e-02 -3.3214563251905249e-02 1.7565357465295031e-01 2.4961786344052831e-02 1.8822909581155931e-02 -1.3223434562584610e-02 2.9888084131390349e-02 8.2383213471394712e-02 3.1908749706426921e-04 -4.1874463780052412e-02 -1.4684519892924410e-02 7.4845724510827327e-02 2.9694546223753861e-02 -5.7558350095057151e-02 6.8877021274152267e-02 7.0855823342361443e-02 -2.1578048823192930e-01 6.6456770058418588e-02 4.6992412171030840e-02 -7.2465084417004028e-02 -3.3422174765946971e-01 -9.8647794941189755e-04 9.1983624732203395e-02 9.2536121282128264e-02 -3.2490250357212168e-02 -1.7713918934251310e-01 1.4864932234979211e-01 -1.2704678905355191e-01 -8.3443296356334212e-02 8.5565588923212851e-02 -1.3924142467287490e-01 -7.6773371001843255e-02 8.6070793678167612e-02 -8.0615867814616937e-02 1.1562440418835861e-01
3.9392028590721877e-02 -9.2095692177406305e-02 -1.2638534489875550e-01 -1.1127689965779830e-01 1.9273847072377819e-02 6.1269521370315696e-04 -3.9828659736088352e-02 -7.9074632669323811e-02 -2.2192273738161200e-01 5.1960977124170089e-02 1.7595400439907329e-03 1.8369060647411419e-02 4.4557061608453104e-03 1.4277381679680651e-01 1.4096477625630011e-01 -1.1462304094941250e-01 8.1287655736934750e-02 -1.2872850060004040e-01 -2.1978653328501890e-02 9.1489559604261236e-02 6.3487473308481465e-02 3.7241095057639263e-02 1.6938657459543430e-02 2.9279225235334060e-02 1.7587299980336261e-02 -3.5289785139754901e-03 2.4574711348254369e-02 -1.6992949433486830e-02 6.4735954267940987e-02 4.5140706363618027e-02 2.8436591306659501e-02 1.6023202110364190e-01 -3.3702939637472583e-02 -1.0276386979054540e-01 -3.7017975341319320e-03 -1.2601710095038030e-01 2.4465954179546900e-02 -1.1242293046863280e-01 1.3879453431235150e-01 -6.2855322545386519e-02 2.0951701740450809e-01 3.6163545802592179e-02 3.7098445318726500e-03 -1.9071553424370721e-02 1.7438011994079719e-01 -1.2606576364174281e-02 -1.4829608966625360e-01 1.8319492784817640e-01 1.6290440233580900e-01 6.8623416339754245e-02 -1.4644647366719160e-01 -9.2958471708139964e-02 -1.5360690424875620e-01 1.5478200763623751e-01 -1.9220450215468931e-02 2.7631122673054669e-02 -4.5851143768416758e-02 -2.1133314654132131e-02 5.4275471326987422e-02 4.3257175462914688e-02 -6.3081964321167819e-02 1.3644598942559810e-01 -9.1393622475382810e-02 1.4251707904724489e-01 -1.3448031829031731e-01 3.6029525549231251e-02 1.8504127052095151e-01 -1.8034736560971229e-01 1.4897316441344000e-01 2.9697214793499519e-02 -1.8136381815557620e-01 -1.0841403021321409e-01 3.8402170005673468e-02 -2.0770569697927191e-01 -1.5790277746363119e-02 4.2515299002553360e-02 -5.8082065658604347e-02 -1.2667248715445251e-01 4.5335085545472449e-02 -9.7025330624767994e-02 -2.7865117126635679e-02 -6.7446033227399782e-02 5.6771704847358353e-03 1.6442427934600681e-05 8.2211171158905666e-02 -8.5340626591788819e-03 1.4041424523730489e-01 -1.0302290413631091e-01 4.5337992743813088e-02 1.4799405341546241e-02 -1.0545695625586360e-01 -2.0656778395756500e-01 6.1060950274480262e-03 -9.7131197599789262e-02 -8.3382752943631830e-02 -2.2336403336661419e-02 -6.1623792121994668e-02 8.7927346621415201e-02 -5.0306141084710737e-02 -2.2312561570720951e-01
1.8485847208296699e-01 -1.6381338117966329e-01 -2.2684862918320930e-02 -1.5415308219206589e-01 7.7306242279862727e-02 -5.1576009284598670e-02 -4.1750047423173509e-02 3.2890933491369567e-02 1.2326877574734220e-01 -1.3662554436114710e-01 2.2972117943729140e-02 -9.8658671439704582e-02 1.9543688443973761e-02 7.8676054681884725e-02 7.4173213607227811e-02 -4.3678806735968828e-02 1.4873625588398101e-01 -7.9991270203326581e-02 3.3326607524256019e-01 -6.1161068621542858e-02 -1.2812012126856070e-01 -1.9230088418389049e-01 -9.2681645085716399e-02 1.2657076557071820e-01 1.2412985687699919e-02 1.4301710746876120e-01 1.9301377787044241e-01 7.8529493865436201e-02 -5.4566822873053353e-02 6.8491790443242037e-02 4.5352859813278371e-02 -2.0100408089461760e-01 1.1386473618978250e-01 1.7793030442620009e-01 1.2148946409787970e-01 -1.9367405035400961e-02 -8.3924079818930269e-02 -9.2588985816758312e-02 8.2940115605369083e-02 2.0224319108728919e-02 2.5252471999402538e-02 5.9403778968279218e-02 6.6674904538871912e-02 2.3715254473836769e-01 2.8678772143931108e-02 9.5705329036582465e-02 9.8781679239236239e-02 -1.7317326060741591e-03 -1.5168163086476211e-01 -6.7154397565922022e-02 -3.4618777751671471e-02 3.3054910567089917e-02 7.3683694925092760e-03 -4.0566171277894518e-02 -1.0561935066629221e-03 8.5008419054407869e-02 6.0780011403015533e-02 2.7650696372652890e-02 -1.3341792162084609e-01 1.0307717063002740e-01 1.2123050742692510e-02 -1.2910829914788810e-01 -1.0539302856741430e-01 2.8409585101778441e-02 -1.1563817077634070e-01 6.6257252360496358e-02 6.7780765863080808e-02 3.5835590355070487e-02 3.6197571052549907e-02 -6.1388338624632333e-02 6.1823954479080817e-02 4.2356468345210063e-02 -3.7674594064668193e-02 -1.8305924336208972e-02 1.1119495189822449e-01 1.9952186676221531e-01 -6.0871853679263482e-02 -5.2484969308599881e-03 1.4427187276345890e-02 -8.5097270214560691e-02 3.1659857900642588e-02 -1.1439923690575160e-01 -7.8592172300210011e-02 2.1221944536872389e-01 2.6135949460639421e-02 9.0509808776398065e-03 6.0575039401950567e-02 -2.5779274654276368e-03 1.5555173324271339e-02 -7.0610978113056264e-02 -3.5353359900595620e-02 1.1376277070882571e-01 -1.8778517014731360e-02 -1.8124631200067390e-01 -5.8558747174765190e-02 7.2458388358084394e-02 5.7258116187516500e-02 3.0202789414450801e-02 -8.3954710852852207e-02 1.7838460010634431e-02
-5.8700476236098489e-02 2.2290748028634708e-02 2.0222201370699991e-01 1.3344930526395721e-01 -4.9499759758919468e-03 -1.0763781634625480e-01 -2.1487968773417190e-01 -3.5839131899483880e-03 1.1476464114908240e-01 1.4667014147045379e-01 -2.5806994978162721e-02 4.8168996456202498e-02 2.7144342361617672e-03 7.2516307593717771e-02 4.1183934091343688e-02 1.8397877595835019e-01 -3.1128413952387191e-02 -1.4959848985249340e-02 1.9388653032013620e-02 9.1214930650083570e-02 2.4289447849046930e-01 -2.9623655141373450e-02 -1.2707017826036601e-01 -3.7257673702886171e-02 1.7911452308005990e-01 -1.4901485406210541e-01 1.4730552284789261e-01 -8.1795771550919896e-02 -2.6487249572567650e-03 -1.4002185635431021e-02 -3.9222582176905427e-02 3.3193987895893423e-02 1.7972196135628229e-01 1.0354242594838750e-01 9.7367969779510621e-02 -1.0939815161822590e-01 -3.0965761975142430e-02 -1.0389883724745740e-01 3.2694241712733670e-02 -2.3682597014051059e-02 -1.5834563254645809e-01 5.2559721508282198e-02 -1.4731485556172970e-02 -5.5732704141268297e-02 2.2026793839126512e-03 1.9397443084118449e-01 -1.1855170991045340e-01 -6.0672541099532171e-02 -6.8526747990910464e-02 -3.5283633429084353e-02 7.6817707729305964e-03 -1.5453300660612391e-02 -1.1503161760657400e-01 -8.3795142747717072e-02 -1.1720495133078520e-02 5.1286201815320002e-02 -1.2068170045550730e-01 2.5768622041565992e-02 -4.4627789893795677e-02 1.6469405927446470e-02 6.4428061168126369e-02 7.0420600224112312e-02 -3.7859923921335747e-02 -2.2446988753849040e-02 -3.2068719883544407e-02 1.4030715953567330e-01 4.8137144984689753e-02 1.0139494382884230e-01 -5.0492922912137493e-02 -7.9316674412754612e-02 1.0042914501066470e-01 -1.9151260458151670e-01 -4.2613800544105941e-02 -5.2377233128511780e-02 -9.0885812170322960e-02 3.1784690291283807e-02 -5.4315280592220124e-03 -2.3214935312766910e-01 -1.1490131619332319e-01 1.2791591160396340e-02 -2.9407281667810792e-01 -1.4637417589665680e-01 4.1335360696438478e-02 -1.7548004019064939e-01 8.2240974870189346e-02 -1.7929334365192140e-01 -3.3706532068268791e-02 1.1153048228951450e-01 -2.1320181253932549e-02 2.8266937042165121e-02 -2.0294973414334141e-02 3.8809961213051733e-02 -8.6531166488473477e-02 8.1302756471794427e-02 -1.2529422275679339e-01 6.4800210048673590e-02 -3.6863696189427593e-02 4.4437090026393122e-02 -4.9019433419625003e-02 1.5897107836295488e-02
-1.6212666968357350e-01 -2.7102893443761510e-02 5.9039445748874521e-02 1.2479542962484720e-01 8.5636063083989508e-02 -1.4247134494422370e-01 1.0697998949019430e-01 -2.3768176717107240e-02 -1.1119752569169809e-01 2.3819942435912352e-02 -6.8888936525390819e-03 -1.2396984098156490e-01 -7.2841643966178204e-02 -1.5640334601972911e-01 -4.8373161574712220e-02 -6.9737469584780637e-02 -7.6742700601820701e-02 -1.2424365183145231e-01 2.7813462165589958e-01 -1.0920279517613990e-01 -9.1553560203210566e-02 7.6928202898142894e-02 1.1987509272003250e-02 -8.3524089605064175e-02 1.2498480582956009e-02 -2.2060609469152959e-03 -7.7095897851162637e-02 4.7580573571744389e-02 6.3403092017000548e-02 -3.7636456277645981e-02 -1.1448799755994531e-01 -2.2473580657455191e-02 4.2843398677401253e-04 -1.5222705421657809e-01 1.0172426294413020e-01 -2.5081423693582391e-02 -2.4891841371564260e-02 2.9075684815596242e-01 4.2388087961218852e-02 8.0146178268882678e-02 1.4167939229928739e-01 -1.5774291505360560e-01 -2.2861177590864479e-02 -2.3638101413367849e-04 1.0521985280140921e-01 -2.4299542919303498e-02 -9.8981623646570302e-02 8.0708575060896792e-02 -1.4813799982258199e-01 -7.8181406147168675e-02 1.2518264603502260e-01 4.8350753176124403e-02 1.3942126041098871e-01 -1.2850391491098709e-01 -2.9817395736761790e-02 1.3830620025819429e-01 -2.6971509787328811e-02 5.4985102068648851e-02 -4.0450036694324558e-02 1.1203380386321431e-01 7.8987288395888075e-02 1.8829058880623781e-02 3.1676209273629817e-02 7.5642370505698206e-03 -1.3264986881678489e-01 4.5182365402656119e-02 1.2347311240599521e-01 -7.3150131417755407e-02 2.3571919419250589e-01 1.2047433469364150e-02 -3.6736436714565043e-02 3.2587189802832768e-02 7.0244615161493811e-03 -8.5330869811004073e-02 7.9018450664525924e-02 -8.9436121406210836e-02 5.7894693777215359e-02 6.3809787652687605e-02 -3.3093200397261418e-03 -1.5626140250119491e-01 -2.2341284566505379e-01 2.0211537251943169e-02 -1.6902419440752120e-01 -6.6226067270105521e-02 8.3478501101044190e-03 -1.0534495295706529e-01 2.3253915239319009e-03 3.7710804058365598e-02 -8.8793032904171759e-02 4.6679126247448827e-02 1.6556539718079930e-01 3.1925212391260713e-02 1.3957895165752099e-02 1.5247160973949070e-01 -1.7973825154767431e-01 -8.8551504996163224e-02 5.7310088123631933e-02 -4.5058541703349823e-02 7.6398189206214634e-02 4.1382720768683998e-03
5.2720076071963662e-02 -2.3980423286972671e-01 -1.8394177310252269e-01 -1.4111052612975170e-01 8.6510358288595990e-02 -3.2868711415077898e-04 4.8603465578592832e-02 -1.4962456773945940e-01 1.3070046850088909e-01 -5.2843248286827807e-02 -1.4877079333349100e-01 8.6947490624761883e-02 1.8472596333949801e-01 -8.6813312153270344e-03 1.5027248998266169e-02 1.0374436483180451e-01 -1.3341042571667511e-01 2.8187155937607670e-03 -5.2219842324094032e-02 -1.1324073671744860e-02 8.0898569319963767e-02 -3.2616522598908409e-03 -5.9179698655159610e-02 -1.0852902722206920e-01 8.3582827902147605e-02 8.1791418501451663e-02 4.9732962276115671e-02 -1.9261035287345279e-02 -1.2118173384384199e-02 -5.9963473910640268e-02 -6.0196516573522707e-02 -1.5801474880668569e-02 -1.0025091624906481e-01 -9.5542632179483888e-02 8.1116792271207258e-02 8.2254851711083848e-02 9.1315172297332714e-02 6.8129734364531819e-02 -1.0449786258325780e-01 -6.6551095645210140e-02 -6.4462382089897935e-02 -7.6249209714878877e-02 2.4313119220531362e-02 -4.0568627062595577e-02 3.8926822975645543e-02 8.3832214925153511e-02 9.5484694764939967e-02 -8.1297507455129203e-02 -1.4791945565555939e-04 -4.0076993042547457e-02 1.8716977301486151e-02 -1.3821461292957559e-02 1.4645449611751349e-01 -1.3551814355106040e-01 1.5277420242548211e-02 -1.1847460835292670e-01 -1.2903896695842340e-01 -7.6490802377770312e-02 -1.9212431433761539e-02 4.8014965474481898e-02 8.6665939480689208e-02 1.4228437941520361e-01 -2.5460960332890631e-01 -1.0609311766127050e-01 1.9926903783984579e-01 1.2575815207464430e-01 -1.6343334903597179e-01 -1.0890855325784390e-01 1.3931557676962289e-01 1.2815288930119839e-01 -1.5812557081167791e-01 -2.6101159601744781e-02 -4.6515643616163657e-02 -1.4461441641375530e-01 -1.0516870655663781e-01 3.0373841196732140e-02 -2.0672536397882961e-02 -5.2387753429057583e-02 4.6675185674942790e-02 9.3501049594895705e-02 -1.2702457691244351e-01 1.8564944834891201e-01 -6.0070477232875993e-02 -4.2132048390612471e-02 3.2989810922009449e-02 4.9236927223103528e-02 1.0769854075033200e-01 3.1965216679815382e-02 4.4111399574716548e-02 -6.1748624855314509e-02 4.6598075029140283e-03 9.7309908251692265e-03 -7.5349762446580114e-03 -2.1691903879069949e-01 -3.2528599592255229e-02 -2.8472039000629119e-02 2.1937391533722350e-01 1.2655470906516009e-01 3.2840297171354310e-02 1.1319701027940640e-01
-2.7215810699153947e-01 -5.0011869348341419e-02 -1.9593371622541811e-01 3.6091698723274702e-02 -1.2328958850225250e-01 3.5111516477127257e-02 1.6442713321446620e-01 6.2160737590175673e-02 -1.1275859012747290e-01 -1.1806951204103140e-01 -1.5595728702949499e-01 1.0672575484246190e-02 1.0153346073925350e-01 8.3828122784628777e-03 1.0113772711326570e-01 5.7721870531839990e-02 8.5823760664579724e-02 4.6584232750537129e-02 -7.7974583659949836e-03 4.6161446479298200e-02 2.4414628896744350e-02 -1.1879828053700719e-01 -1.6025248662836769e-01 -9.3271950063623640e-02 5.4801554993829632e-02 -1.1854279145367889e-01 -3.7276672328256051e-02 -5.6993621760755390e-02 1.0866479374930560e-01 7.7036833921951750e-02 2.5312010245894618e-03 9.6714472829708825e-02 1.7928114174615779e-02 1.1274675034291770e-01 -1.1112970608744110e-01 -1.6791176156438989e-01 -7.7717181693832640e-02 -6.0420898379938442e-02 -6.8988250779173796e-02 -7.3589369285817927e-02 8.4058163425690377e-02 1.4631995464170311e-01 4.9758878592538268e-02 5.7122240853701739e-02 -4.4755480442273052e-03 -1.2271423913665151e-02 5.8886873489660048e-02 4.2433464557623549e-02 4.7455194491224949e-02 -1.5712527237826551e-01 1.4480558885741199e-01 3.3367345261902479e-02 1.2724858893838289e-01 -8.7872422996611216e-02 5.7265244392199127e-02 -8.4770320092739063e-02 -1.0739286693037470e-01 -3.4648222422468032e-02 -4.0796179933529431e-03 -1.9493542564770039e-02 -1.9629492542996251e-02 7.9995567182679569e-02 -1.3183276836947919e-01 6.8814932821781208e-02 2.6379615914751391e-02 -9.9152941298392541e-02 -5.5471040822273283e-02 5.6411066188453700e-02 -1.4968988730760641e-01 8.1304280889821362e-02 1.9248425640768571e-01 -8.2768499853176913e-02 5.5200570068655499e-03 4.8262597894090459e-02 9.4845466860868935e-02 -6.4817389433832265e-02 -8.4545722809946378e-02 8.5940608903545629e-02 1.4811741101120721e-01 -1.2318768762019069e-01 -3.3562525622879529e-02 -8.1359180598223418e-02 -1.0369403193397279e-01 2.7346763838866181e-02 -8.9282278866461770e-02 1.2927654085230561e-01 1.3039157560320291e-01 -3.5923996402869897e-02 7.5253773414111047e-02 -3.9278489277205092e-02 -1.1823632457551340e-01 4.7561189888913363e-02 -1.5969897124568640e-02 1.1421480694568860e-01 -2.8312711179977501e-01 9.9289825153773548e-02 -3.0293344622375662e-03 -2.5286697608165792e-01 5.0572374922864670e-02 -2.8688234237492539e-02
-7.9504562529920608e-02 -5.3430488653288560e-02 1.1795296880656450e-01 1.4027697026262800e-01 -4.2253331003558922e-02 -7.4597201439606464e-02 -9.9596451774875945e-04 -8.4222525112792157e-02 6.4120438999832552e-02 -5.5267051958785701e-03 8.5248086397308145e-02 1.5430832745557210e-01 -4.1568755633391893e-02 -1.3137114556787940e-02 1.8071197243789131e-01 -5.5059616762996443e-02 3.8742096474706278e-02 1.4047329026603600e-01 1.1235521066465691e-02 -6.2308557394569968e-02 -1.0699983860367090e-01 -1.2011247582288410e-01 5.3429086436541012e-02 4.5632934891407378e-02 2.5094217177020361e-01 2.4975020093252900e-01 1.3972583775452629e-01 2.5632939262236570e-02 9.3889025405002408e-02 -5.8179082197981458e-02 -2.5751857934695480e-02 9.9829707928165229e-02 -9.7302347261759750e-02 2.3737252563644132e-02 -1.5459476649273421e-01 3.2301672619124500e-03 -3.7129573132815757e-02 -9.8383828167174121e-03 -1.6152482744478189e-01 5.2356054243863318e-02 1.2107091422607380e-01 -8.3869230108321619e-02 -9.1089171649762924e-03 1.2878668596650450e-01 1.9593081743221669e-01 -1.3635620145547231e-01 -6.0560733037006133e-02 2.5058137423725080e-02 -2.9249506642879949e-02 2.8156714304909459e-03 -7.8558641909983237e-03 -9.7861578940853632e-03 2.5068738173012362e-02 -1.3371618480824160e-01 6.1703478708383178e-02 1.0718380364410880e-01 -5.6562261634257378e-02 2.8997835087127599e-01 1.2426890170628790e-01 5.1627147546371370e-02 -8.5243472578468316e-02 6.8161550513473716e-03 -4.2043585238861467e-02 5.5961692560651921e-02 1.4706095647760639e-02 -2.5666427109356561e-02 -6.6078033399946584e-02 1.0318443826670309e-01 -7.7088617771089316e-02 7.2733328387076274e-02 -4.2743271915907183e-02 1.2341453869958011e-01 -6.1279039879793988e-02 -2.4671645980258710e-02 1.2054538119473270e-01 -1.0414050331992290e-01 3.5902712973732522e-02 -1.6628239741443221e-01 -1.0533246910498350e-02 1.3959477048344279e-01 -4.7167908693299737e-03 3.6131451235333532e-02 8.8398028897597888e-02 3.6538693059366390e-03 -3.7493721017779241e-03 1.2723229804054381e-01 1.0386063596723050e-01 -3.9503317557626400e-02 9.3866670665835178e-02 1.4658606248597991e-01 -7.4860782308329391e-02 3.6649244352220389e-03 -1.3681092060333350e-01 1.8613610775784931e-01 9.2847726084198431e-02 7.8103610223190137e-02 1.3546677612091700e-02 2.3631027479526981e-01 -8.1230638742902581e-02 4.9629122757618153e-02
5.4428265260378077e-02 1.5161206542930220e-01 -8.9595875560095392e-02 -1.8460796318636380e-01 1.0641195898139751e-01 -6.8839086761288651e-02 1.4257399235832949e-01 2.0822969813432792e-03 -1.2786930868384211e-01 5.7406701230475733e-02 9.5123381220797790e-02 -5.8793192232331717e-02 -2.8000253122981478e-02 1.8895411273474871e-01 -8.5428790598612678e-02 8.9864011866556973e-02 -2.7019363791692310e-02 7.4833055901811371e-02 -4.0274278504322539e-02 1.6130356178491439e-02 -9.2901604890164260e-02 -7.3264923437215829e-02 -2.0856489387057209e-01 5.2710171881671288e-03 5.6961614991889169e-02 2.4445542932256620e-01 -3.7864003990793961e-02 4.0376939683782797e-03 4.6959765373101849e-02 -1.6087385357362571e-01 -5.6336122342501578e-05 9.1806907349961636e-02 1.1347603410945119e-02 7.2554121172362693e-02 2.4473524669223892e-02 -5.6028969022736838e-02 1.0434901570309880e-01 -7.0063615330042794e-02 -1.8951239332811931e-01 -6.1789689204086631e-02 1.0825917524192651e-01 7.3828553492439455e-02 2.1716374190644230e-01 5.4089098993533639e-02 1.8483821182041039e-02 -2.3495045087373712e-02 -1.4377869109958380e-01 7.7189890876852768e-02 6.7217213510706572e-02 3.3466732686692563e-02 -7.3622906843071254e-02 6.1216256602088973e-02 1.0338786306829351e-01 -5.8850019773775818e-02 2.1733942821436879e-02 -1.9023107687250251e-01 -1.0626230101372500e-01 -3.0584719718439662e-02 -3.2151654625938518e-02 1.2591734234759360e-02 1.0315988469968780e-01 -6.1477532256641029e-02 -2.1225882655860229e-02 -8.1943687101131910e-02 -4.0832625824509673e-02 -2.1555721730001351e-02 1.2064941892219570e-01 -3.4116004854412373e-02 7.8296551902456601e-02 -9.1195778016274986e-02 -1.2428669310118620e-01 6.1149936104656882e-02 -1.0547191101581250e-02 1.9583154499817160e-01 -7.5252816388943627e-02 9.3731898629910021e-02 7.0604929969220645e-02 -1.7727393149269299e-01 -3.2294242033471220e-02 -4.7788562437691827e-02 -1.4783598812489790e-01 4.3302579660995127e-02 -3.0390317471636910e-02 -6.4479967590802129e-02 -2.9333425547979960e-02 1.9406752496311290e-02 -1.4413434847632781e-01 3.6378924824450542e-03 -2.0531563925168919e-01 4.5925445765538600e-02 4.2963951986485983e-02 3.6047768507854600e-02 5.2469180026311259e-03 6.5005668162356034e-02 1.2953250225642829e-01 4.3364839391264322e-02 -1.5459117792691160e-01 -2.3293852560495310e-01 -1.2338542080199080e-01 1.6152716551993390e-01
-8.1802053174066428e-02 -4.1267423392840931e-03 -6.4020024479142595e-02 5.5973485336785693e-02 1.4669165434663180e-02 -1.1786053552891110e-01 -5.7692633780200869e-02 -2.2538908123958681e-01 8.7345479086707811e-02 8.9229188923151924e-03 1.6122675740693360e-02 -8.7384046512080843e-02 1.0932648165026830e-01 5.2244123485705847e-02 -2.1430000372285679e-01 3.3155758521884453e-02 -1.2980892265797109e-01 9.4165365054750746e-02 6.3123883538880737e-02 7.3849376267883571e-02 2.4115379745931361e-02 1.8521421467757510e-02 3.9522070155053511e-02 -1.5995061491517579e-01 7.1384308829245277e-02 5.7229652533519249e-02 2.9566838426560400e-02 1.7151355071752611e-01 -4.5027868791593782e-02 -6.0678654190197523e-02 -1.2884982010052831e-01 -4.0266620724676412e-02 -2.6926605209716348e-01 1.0424634714086899e-02 -5.8868882577660812e-02 1.7677892976711401e-01 -6.4960125820932885e-02 5.2831931884699132e-02 -7.9842541312704227e-02 -1.1820390156684590e-01 2.3217931189452558e-02 8.2586542140746427e-02 5.8191496384705860e-02 -6.2993474268140684e-02 1.3239595171044469e-01 9.1093063838506391e-02 -1.4437609382109459e-01 -5.5115629443202543e-02 9.5164487426039557e-02 1.3290005096867419e-01 -5.5326691729374999e-03 1.6733870609862680e-01 3.4667167310585542e-02 8.3495320088377387e-02 3.7311441676779043e-02 6.9709609445708809e-02 7.4327664939974586e-02 1.7832670857007160e-01 -7.7259377401615842e-02 -1.2892094611871890e-01 -1.7044146900007470e-01 7.8409506941333404e-02 5.3511198266832011e-02 2.1433851411596080e-02 2.5705590221941792e-02 1.1963210390648400e-01 -1.0977372690920020e-02 9.1460598885608670e-03 -1.3971766848603781e-01 -8.0658314222883234e-02 6.9107099468725466e-02 -1.3266575792425150e-01 5.8763949391426727e-02 -2.3974232136200011e-02 8.4631779760561521e-02 2.0200297182077101e-01 5.4657270636885337e-02 1.2589102902713270e-01 1.3863824377206740e-01 -5.8421803352186913e-02 6.0552170881768543e-02 -7.7556314865479037e-02 2.9552128225564689e-02 5.3864882156274593e-02 -4.6988673735474558e-02 -1.4775603491113071e-01 6.8196570461076939e-02 -1.2587762174823239e-01 -1.2836393300239721e-01 -6.0749485637672518e-02 1.2545695773995719e-01 1.9622370123230631e-02 2.4440836678726961e-02 -6.8233642411457504e-02 -3.7249724506237841e-02 2.4152287222577570e-01 -5.6660696418772097e-02 -3.9551404868608760e-02 -5.3217380262701237e-02 -1.5511404308070559e-01
1.8974572239232099e-01 -1.7624827913236510e-01 -5.4901199136166937e-02 5.9783374595087597e-02 -8.6915253803342307e-02 -1.0718199235806630e-01 -1.4243446598760560e-02 1.5736559024859861e-01 -2.2948304170391509e-03 -2.6044424425000639e-02 1.2712762706166669e-01 -3.4173630639207288e-02 -1.0133169938337820e-01 1.1412959568063540e-01 -2.7070059236379801e-01 -1.5852015418131021e-01 9.8787407642020167e-02 1.7302274236015089e-01 -5.6656527577730230e-02 2.1651861438369051e-02 6.2282511507350508e-02 -6.6898331169377948e-02 4.8208801729957597e-02 3.5681394176262822e-02 -1.8843429412396501e-02 6.3366717015147936e-03 7.8004084294799186e-02 -1.4087032901270080e-01 -6.6027707863361040e-02 -1.1492375004496180e-02 5.3271805482850473e-02 -2.6958843986802910e-02 -3.5194967519327221e-02 -8.9996253371045387e-02 -1.5346759836174331e-01 -1.1757012009001580e-01 7.1087987757368312e-02 3.4698598917592329e-03 7.4354138972891476e-02 -8.5788275927071878e-03 -1.8173335728438138e-02 -5.6371564527485131e-02 1.4719005910567029e-01 -1.7055034776055682e-02 8.0420309227498973e-02 5.0395939137082617e-02 2.2549983608067651e-02 -8.7567260212571246e-02 -1.4767792709650771e-01 2.5523036625331709e-02 1.2376705617962630e-01 1.5231308398264171e-01 2.9289251232639162e-03 -6.9119781135153921e-02 -5.7808673876086777e-02 4.6118489710458260e-02 -1.4114279466947141e-01 1.6714705636044810e-02 1.3407357641114909e-02 -2.4247403947771619e-02 1.3531392592368710e-01 1.4654910594186321e-01 8.0401399668946660e-02 -3.1792801660064977e-02 -4.2810738681263852e-02 5.3969757891398573e-02 -7.8288111176941511e-03 -9.8484219444065699e-03 -6.2233961467050611e-02 -1.2829506088495229e-01 -7.3049362766549220e-02 7.4058076997528852e-02 1.2488595395652530e-01 1.3070637874892199e-01 -8.5856901927061885e-02 -3.7881769308025677e-02 6.3223645118394040e-02 -6.9168787034748519e-02 -1.9905709042588940e-02 -6.2030614995300000e-03 3.7891724162599047e-02 3.6146515628677003e-02 -6.2640443633485351e-02 -6.1800398015148368e-02 -7.5216623020831791e-02 -3.1677150915332748e-02 -1.0336079316861060e-02 -1.3726661491825259e-01 1.5610867380842111e-01 -2.2781282690941922e-02 -1.8455371698759400e-04 -1.1420539215188449e-01 -2.4943045447369749e-01 1.0047059674963549e-02 -4.2447875670610188e-02 -3.9384911300880787e-02 3.1115913356410763e-01 -1.7162598975392221e-01 1.6860512272371980e-02 -2.4577801498645929e-01
1.7561060446930961e-02 7.3606218419817959e-02 -1.7872964555793849e-01 1.3644939307832940e-01 -2.1402410178131749e-02 -4.2232079622932857e-02 -3.6054835518057160e-02 -2.5884786002670839e-02 1.9372231002120910e-01 -2.7852423265609422e-01 6.4080810157108772e-02 -1.7291564861883099e-01 1.4894061788773730e-01 1.0276721202973860e-01 2.1036139632660261e-01 4.9454297374267363e-03 1.5256270959185849e-02 -9.0758974608000614e-02 -4.1482467815245096e-03 -4.7942264939834493e-02 -2.1911779725699378e-02 1.8361291303918881e-01 1.0466136452253030e-01 4.0343998882831130e-03 8.3282887003484199e-02 1.4016936303871590e-02 6.5387690337664631e-02 3.5089441652528232e-02 3.6089308788891043e-02 -5.9353420394344996e-03 -1.0390897822510820e-01 2.0795925798642051e-01 7.9364892527128035e-03 4.3020259013828069e-02 9.1598044989872868e-02 -9.0110380538246743e-02 7.2151270262032594e-02 8.0637966702014091e-02 1.5489740580703510e-02 1.4626229781004249e-01 -1.3450410183153011e-01 4.3050031636421571e-02 2.3020048029737769e-02 -1.9411878076645711e-02 1.3137593877046870e-02 -9.4285795107815956e-02 -8.1568567034546569e-02 6.3171174708608646e-05 6.1527656100707317e-02 7.2318278792984858e-02 1.4182817528396639e-02 1.6861980396108750e-01 -2.2443723298192029e-02 -2.1682768900021659e-01 -1.2398966648047771e-02 -6.3431366099095027e-02 -2.8104215522304878e-02 -3.3098672783876577e-02 -5.0475944800617650e-02 -3.1854080693903143e-02 -3.0114549842433749e-02 -4.6134448318422942e-02 -8.4281762646324032e-02 6.5767459349250920e-02 7.9519778749565909e-02 -1.2059785255157961e-01 1.7054162458235991e-01 6.7396611194958669e-02 8.3568557623516046e-02 3.9606961855660327e-03 1.9780944958205890e-01 -4.7275860324781947e-02 3.4028815860512512e-02 -3.5277690771357062e-02 -7.1114255149314257e-02 1.3351155277501020e-01 5.2200738703487237e-02 -7.5568487409064522e-02 -1.3601654702963920e-01 6.4526377446884428e-02 1.8236319164591519e-01 1.3042390665153940e-02 -2.1437720410917901e-02 -1.5634471333689181e-02 3.6298781174026948e-02 -5.2353856092469418e-02 9.8025932953138856e-02 5.9322971999986360e-02 -9.6367106901335625e-02 9.7918345490145317e-02 -3.5964276370549400e-02 1.0592014830620460e-02 2.9363134938395721e-02 3.7382076507508452e-02 1.9150556240124481e-01 -2.0874484772383761e-01 1.0632672262281111e-01 -1.3188028134442911e-01 1.1510000944103520e-01 -1.9109075034186440e-01
6.9685171390120690e-02 9.7297682075925290e-02 6.5318119362601165e-02 -3.1078135100754530e-02 -3.4926084758873511e-03 3.1417901946098052e-02 -1.0336794956045900e-01 -6.6980058540246593e-02 -3.1930062549752239e-02 5.2130343595810001e-02 -1.3088017784959190e-02 -1.8071710974303709e-01 2.4049168285251499e-01 -8.2320006183756469e-02 -1.7816121241298641e-03 1.4800154777827410e-01 1.0348974169837960e-01 -2.7687486316295421e-02 -4.0052757645287970e-02 -3.5375386608971091e-02 7.9970015280503307e-02 -4.5148323313592358e-02 7.6005407517784271e-02 1.7329982871188110e-01 -3.6677558974552077e-02 2.7712086697220140e-02 -1.4379279224550271e-02 8.9797545361819539e-02 5.2885555536540119e-03 -9.7560702803539956e-02 2.2426876358010281e-01 4.8665704962860101e-02 -3.6895160378492631e-03 -7.8874227469990371e-02 1.0469495079976381e-01 3.2219942241558427e-02 1.5956276698260091e-01 1.2300520762700330e-01 8.2459011911328067e-02 1.1380861238685901e-01 -2.9558792694093011e-03 -1.7841155655455221e-01 -4.4667448743738090e-02 3.9355926047972764e-03 -3.4646046458065918e-03 1.2963537977906590e-02 1.1083638961227800e-01 -2.5021603653053181e-02 4.9717750971608778e-02 4.7822039906355177e-03 2.0958427191582130e-01 6.0815605285293027e-02 -1.2622895371381679e-01 -1.1603562854225970e-01 5.4743636400760118e-02 -1.8579499196473080e-02 1.7362880303402610e-03 1.7347739797532660e-01 3.0108993090754880e-02 9.4269124707497445e-02 -1.6487161084499699e-01 -4.7359549735860762e-02 -5.9583123318900817e-02 9.5777968510857667e-02 -4.8322190670212747e-02 1.7833836936338561e-02 4.9205996580856129e-02 -2.6507010472418568e-01 -1.3766089807274531e-01 -8.4391696097259383e-02 -4.3927914911844751e-02 8.7533990296901870e-02 -5.9296734773497978e-02 1.2605022130381180e-01 -1.3905756520288451e-01 -9.5933515176405658e-03 1.7203268994268502e-02 6.6181954336479817e-02 8.8680763157291634e-02 6.2497389721389567e-02 -8.5313585723702220e-02 -1.6947226951332539e-01 -6.6281160575026976e-02 -2.0555860146422111e-01 -3.6322215407954647e-02 1.6984640003284160e-01 1.5491583889362401e-01 6.6629024480761259e-02 1.5963102806234430e-02 -1.1316254586919799e-01 -8.3844670328438453e-02 -6.3759808787302627e-02 1.1763793168802010e-01 4.6314842496791117e-02 -1.1944949194240780e-02 1.8143805469536839e-01 3.6166690397332592e-02 -1.1309350324567349e-01 -1.5580038320820330e-01 2.2219635945611219e-02
4.6469281806749779e-02 -7.3834559141799455e-02 -1.2029575465576070e-01 3.1202097208798041e-01 2.3768507134637702e-02 -6.5931367015300280e-02 1.0697933837394920e-01 -1.8897593185012820e-01 -1.9585597437564559e-01 1.1139559339092300e-01 1.9131281872196451e-01 -1.3835449985678561e-01 4.7253350313276189e-02 -1.6089413007260689e-02 -7.4033966023233514e-03 3.7547942219978522e-02 1.2828755632224451e-01 -4.4815702868435531e-02 -5.0404664583013958e-02 -1.0022441201739010e-01 -2.8989657245769369e-02 -9.1442669861152237e-02 1.0759901647237330e-01 -2.4620229976249169e-02 -1.9594143622709029e-01 4.5275985734805173e-02 1.0433911050612530e-02 -9.6814179090083316e-02 -4.3290516875247258e-02 -1.3903130214815199e-01 3.9097701217333553e-02 1.9155376975591240e-01 1.0091894371867841e-01 1.9316679802797759e-01 -1.0896074516796269e-02 1.9427091341724209e-01 -5.1134787937003087e-02 -1.1338029192046820e-01 -1.1880753229768951e-01 8.9676216958637731e-03 -2.8051694558439911e-02 -1.4482478286836550e-01 4.7109173393279920e-02 9.2342793426938422e-02 -1.0726131091630189e-01 7.9611611296101004e-02 -4.6202682548377609e-02 4.3378464598886092e-02 3.7846204609946123e-02 -3.8517429704478939e-02 -1.2284030247252210e-01 -1.0641081369758540e-01 -8.1944250670002064e-02 -1.2112464759684520e-01 -5.3951661626744911e-02 -3.7226647058842682e-02 3.2949980778985997e-02 1.0815131075011029e-01 -1.3700310104531760e-02 -2.1160194007668779e-02 4.3299070357044889e-03 6.1105812850589247e-03 1.5850251365543949e-01 -9.7120564520051592e-02 2.1192312710778269e-01 6.8424112682885035e-02 3.2738173152228663e-02 1.1549387058754131e-01 9.2083295827099176e-02 1.8529970464283289e-02 1.1186651736483919e-03 -6.9046857198146294e-02 -4.9933049291649163e-02 -6.9766454380110643e-02 -8.3005077492400454e-03 9.3072800888150287e-02 -1.9970919013164229e-03 1.3656047680884109e-01 -7.9400080392824285e-02 -2.4907633796780640e-02 -7.4442306799325689e-02 1.2580195264447839e-02 3.7681928280679372e-02 6.7278142024513127e-02 9.1417162925073792e-02 1.7640586567350630e-01 -7.9151656189533334e-02 1.0322569773711231e-01 5.0427376248108467e-02 -1.7463592084512611e-01 -2.2384806786152889e-02 -7.3567002485341995e-02 -9.7120426344233263e-02 -5.6305597726644549e-02 -1.9199990296683059e-01 -3.6054035964739682e-02 9.7961239005571223e-03 -6.4811351516834200e-03 5.1620079206956243e-02 -6.3049612344552156e-02
-2.6026115620182848e-02 -1.1572056575312860e-01 2.7371829094603950e-02 7.0601342430218997e-02 -6.3792506644054128e-02 9.0508108170137255e-02 -9.3603846424909293e-02 -6.0267759954939527e-02 3.1885440777160767e-02 -2.7461402158295432e-02 3.9918987745760387e-02 -3.2976694850601507e-02 1.8218550780376541e-02 3.1781219627688727e-02 -6.6694503924493928e-02 -1.9843270199153901e-01 4.4873857071234119e-02 -1.4641929679564039e-01 -5.6102793407999167e-02 6.2841676907888888e-02 -4.7528964303825479e-02 -1.3361278296052639e-01 2.7623741130897401e-02 -2.2830199258970570e-02 1.8262272520943609e-01 -7.0957256929251103e-02 -9.8942736162233730e-02 4.5368462562136669e-02 1.4928669526770341e-01 -2.2941716406803639e-01 -2.4637006066917579e-02 4.5142723527146780e-02 1.7372279582612050e-02 -1.5141768814208549e-02 8.3985060294554964e-02 6.9070310379497762e-02 4.0172464538729073e-02 8.9123401182736074e-03 -6.4022640546446633e-03 -6.2444851131035713e-02 -8.0864648609853429e-02 4.1084079345104232e-02 4.7847331875384230e-02 2.2655566655414969e-01 4.8871034801968832e-02 -8.2096855767997037e-02 -1.7472027631095871e-01 -1.2115673742927330e-01 -3.0163800093052411e-02 -6.7133616607496865e-02 1.1346114133641670e-01 -8.5132246927406549e-02 -1.2436666770174340e-01 -7.7465307474864672e-02 -7.9727485534342196e-02 -5.9157774257185908e-02 -1.8634111443546830e-01 -1.5535727897661100e-01 3.9923313632378429e-02 -5.6037299575164352e-02 2.3486121288526059e-02 6.6836739630034739e-02 4.6726934354236131e-02 4.4760543988448191e-02 -1.1409910771157430e-01 -2.7232538367477761e-02 -3.4965250527835230e-02 -9.2399208790546861e-02 -8.6816770264116910e-02 -1.4550848709636269e-01 5.3348196498134569e-02 -1.6044182480904720e-01 -1.8516532378535039e-01 6.4006292605855566e-02 -7.4958315682922194e-03 -8.4664449939629807e-02 1.5403590023185759e-01 9.4297529892067980e-02 -1.4983956326413370e-01 -4.3914053825291587e-02 5.4050313016829513e-02 1.8688595137311179e-02 -1.7124798623110341e-01 1.4612541587514710e-01 -2.5058965620781642e-01 -2.7167020383001089e-02 -6.4952258415275119e-02 -1.4313879790821621e-01 -2.5789992353222602e-03 -1.0485659206618010e-01 -3.2961612194318070e-02 -1.0684043459040660e-01 1.7297602390477060e-01 -8.8934263323529120e-02 4.3500355442746760e-02 -4.2048906827240280e-02 -6.2413676117991992e-02 1.8712069540837889e-01 6.2102753493095908e-02 1.7023906082871670e-01
-1.6293964995917659e-01 -6.4296434562169338e-02 6.6526294436629121e-02 -9.2211068110545136e-02 -1.3060378365936240e-01 -1.3747309144204231e-01 9.6738130536009742e-02 -1.0848264725698130e-01 2.2133936090107151e-01 -1.5079895491281159e-01 -1.1224040977495500e-01 -1.8212164113526180e-01 1.9133429165506931e-02 7.0741276873603223e-02 -1.1425199353993359e-01 -6.7227629949248788e-02 -2.0066851951447609e-01 -1.9861284833394979e-01 -3.7747834656965018e-02 -4.4688483504795942e-02 1.1341305874571109e-02 -1.4177798642605741e-01 4.8604498369440939e-02 2.0096279296561621e-02 -5.0152788329324509e-02 4.9540443300951503e-02 -1.5940575442383700e-01 2.5226209377927831e-02 6.8331517836304922e-02 5.2784661207391392e-02 9.9589882136116539e-02 -2.7888193321881759e-02 -1.6439465165178520e-02 7.9231160295570716e-02 -4.4334661950519799e-02 5.4594347139649543e-02 1.0225060357513351e-01 7.1044734151469854e-03 2.9441279691084482e-01 -1.4862975033855749e-01 -4.2244992148530558e-02 8.3626019775882767e-03 -9.1142562434781554e-02 1.2639589887324981e-02 4.1021908456517313e-02 2.2877915239083919e-03 -3.4074291861633630e-03 -3.5312920885857378e-02 3.6318582950252191e-02 -1.9059899604250620e-03 -4.0471024519601592e-02 1.5384462493101891e-02 -3.7090039349560393e-02 -1.0832826849030720e-01 -9.4469761188727699e-02 -1.5590012237239090e-01 -5.6041041719696608e-02 5.9784317546606743e-02 6.9068927931325588e-02 -4.1661198057416353e-02 1.3282356746856331e-02 4.7468390653540388e-02 1.4785082463796881e-01 7.3944960932382916e-03 -2.0008354826043151e-01 4.6493899337597426e-03 -1.8094359207100960e-01 5.1116913743819659e-02 1.1573800687117380e-01 3.0851142235785920e-02 -3.4014161057030069e-02 -4.3054659128503682e-02 2.2145580380435770e-01 3.5364810895554703e-02 -1.7649260609199871e-02 6.8919364863970933e-02 -1.6322545523073381e-01 2.4787421092550738e-02 -8.6880649949472435e-02 -3.2108625529495623e-02 -1.1225658140655630e-01 -1.5339249065587080e-02 1.6306924734167841e-01 8.3154509078904718e-02 1.5210281470203299e-01 1.8911300610450321e-01 -2.4212935442925791e-02 3.4594327726426281e-02 -1.5630454667554031e-02 1.0668644857808010e-01 -1.0100096272877690e-01 -7.5147727772898243e-02 -1.5260382222587651e-01 1.2601328742212961e-01 6.3780979268963367e-02 1.3495969101127280e-02 -5.0167818474411187e-02 -1.3025210623675331e-02 -5.5488365268476128e-02 6.9167733843995910e-02
-2.8304305086930631e-02 9.2050652018376960e-03 -1.8863897012429819e-02 2.3827520251458269e-02 -5.6086600769200003e-02 -1.0201918985602550e-01 7.5531864314744859e-02 2.0366300932393489e-02 5.6267545727796818e-02 -1.3889596133601331e-01 -1.5453077307293139e-01 -2.2569462026176129e-02 1.7461247286814651e-02 -7.8903149220272712e-03 4.1085781092791478e-02 6.5324120657381815e-02 6.8299093419093987e-03 -7.2339781270442924e-02 -5.3844482928356890e-02 -6.2499094938247991e-02 -8.2612230701097772e-02 2.0903780371836639e-01 -2.0617547531201010e-02 4.2582531283081169e-02 -1.4722025610656461e-01 8.4746815895539021e-02 1.6595982985386740e-01 7.3183373179723940e-02 4.7917181394295863e-02 2.7000909510021900e-02 3.6775570658422622e-02 -8.9803298373110158e-02 1.2337565346946889e-04 1.5282093673897009e-02 5.5116860900600508e-02 -2.1156014115726979e-01 1.7874656086156190e-01 -1.7864586779575140e-01 -1.7167092797526631e-01 -1.5312798419753229e-01 1.2475087494291991e-01 -3.3379402833109237e-02 2.7673177238195540e-02 -8.5293790327139486e-04 3.9579636820904027e-02 4.1125237681637027e-02 -1.6149165929592749e-01 1.6076907676719179e-01 -3.2199205144573827e-02 6.0543854585455997e-02 -3.4013039178449819e-02 4.1805612318731228e-02 -1.0877399884300830e-01 -1.4779294207317159e-01 -1.5622668402372100e-03 1.1732614284623430e-01 6.9393120813024733e-02 -1.4892430071693730e-01 -9.2661329960490400e-03 -1.7272383179670059e-01 -1.3765908168874491e-01 9.1735302023522550e-02 -2.2295037255049091e-03 -2.3795844459594401e-02 -1.4714577139860091e-01 1.2595156137697461e-01 -6.5668978101136276e-03 -3.5814440359928403e-02 -4.8412354412687042e-02 6.0724448693588097e-02 2.9043559255876240e-02 5.4798046689973012e-02 -2.6698394029240530e-02 1.9667778503991490e-01 -3.1212855143760321e-02 -3.2032094337248088e-02 -6.6104817181593944e-02 1.8225840488758011e-01 -7.4850738886276330e-02 7.9032431477635889e-02 -1.3363417259543519e-02 1.0420114303835380e-02 -5.4403819159653977e-02 -1.8272012549105021e-01 -4.7206998665527633e-02 1.6783427813961260e-02 -1.4087752646515689e-01 8.0194750006355842e-02 2.5878438424068723e-01 -7.8417995794108589e-02 2.2116696573748951e-01 4.8172316268470489e-02 -6.9677946969171303e-02 -5.3951788883294952e-02 4.3428143474115713e-03 8.8157385927487467e-02 -7.4250877704119894e-02 1.8909604997143920e-01 1.5011111495052901e-01 -1.6714870451377269e-02
-4.1498416862830199e-02 1.7461678056749790e-02 1.0900615221835690e-01 2.8896599330823658e-01 9.7484210494766507e-02 -5.3718039786759758e-03 -8.4021585390054318e-02 -7.3826060171595556e-02 7.3823370245110737e-02 -1.2161299602141930e-01 -1.0646112349837950e-01 7.3764323149907926e-02 -1.6525921417057340e-01 2.9189154570765381e-02 1.1831648236318290e-02 -5.1059679624471041e-02 9.3969173018213850e-02 5.9870034343515052e-02 -1.8596944762915291e-01 1.1064108389271630e-01 -1.6022329688735901e-01 3.2581828573229533e-02 -2.5846732498799418e-03 -2.1824237047779509e-02 -7.3918702391992913e-02 9.3107496709578519e-02 1.4744186497704340e-01 -1.4619137135963181e-01 9.7588219094418685e-02 -4.4513161055281782e-02 4.7807537849056489e-02 -4.3816117337109002e-02 -5.0681356741523152e-02 -1.3553839998619710e-01 4.8881347595081788e-02 -2.1871509215857440e-02 1.2185191085608450e-01 8.8302950122646232e-02 5.6426614620833669e-02 7.8178682207017930e-02 -2.6257170561697091e-02 -9.6482051234779709e-03 7.5102290377353886e-02 3.3187638595901972e-02 9.2706155176087171e-02 1.8859233087806079e-01 2.8114648918138040e-02 1.0280099369711169e-01 1.0683616112938840e-01 4.7536471534579067e-03 -3.1259451198201227e-02 -3.1113135773950750e-03 -2.1020581015237989e-03 -1.2329480809777520e-01 -1.6282796439856029e-02 -1.2181423186160451e-01 1.1456434398473041e-02 -6.7664547631648350e-02 -4.8302852746578973e-02 -1.0384458308953499e-01 1.9041784498678249e-01 -1.3361825717792769e-01 1.9358784450427331e-02 5.9207683107775480e-02 -1.4699071431137500e-01 -9.6426596665773773e-02 -5.0594131781869091e-02 1.6405966112617509e-01 -6.7967434691636977e-02 8.7193607687737637e-02 -4.6254021289718512e-02 1.6905601851933350e-01 -1.1787986424420960e-02 -1.3318818031349561e-01 -1.9332876374071429e-02 3.7693341707312610e-02 -2.2582108387652311e-01 1.0448026667782020e-01 2.0617848702373920e-01 8.9869400701996408e-02 -5.3488275695597977e-02 -2.8588403427710352e-02 7.2165588131175634e-03 -6.2801305001181657e-03 -7.4652908807265522e-02 -1.1865731730085489e-01 -4.6452235850523708e-02 -3.0869982194978930e-02 -2.1587339483265200e-01 -5.3331654065371450e-02 -8.9645814790247760e-02 -9.3712120391945736e-02 1.4153533681096039e-01 -1.2512002971149569e-01 -1.3792133172801399e-01 -1.4332252408939400e-02 -2.0212857498313349e-03 -3.0181545834257771e-02 -1.7817254061672730e-01 1.5858599126521899e-03
3.2505703551297782e-01 -8.2729282644378052e-02 1.6443103440541640e-01 4.0844193665036568e-02 -1.2490213426001030e-01 -8.5765007419938241e-02 1.9087955493092090e-01 -2.9165615577851672e-02 8.9602881164329962e-02 -2.2667801404179580e-02 -7.3996444984915054e-03 4.6525482962960288e-02 6.1845173235066997e-02 -1.8632741105367921e-02 1.3905773604663549e-01 -7.4149959021384507e-02 -1.7420952607345391e-01 6.2734051042232356e-02 9.7628204150892503e-02 -1.5358639827009471e-01 -2.9121851551080152e-04 1.3806946456820751e-01 2.5739910269832241e-02 -8.7631971697282970e-02 1.1550541123474600e-01 1.9384804660526669e-01 -1.1674545756148670e-01 1.0199261487995070e-01 1.7400119989375740e-01 -4.7973845835309781e-02 2.6989506451795091e-02 3.0918818943002500e-02 1.4082200454748170e-01 3.1556936434532661e-02 2.8802416046546910e-02 4.1448174296101988e-02 -1.9531559166506850e-02 -3.2778822871482108e-02 1.9958434575988920e-02 -1.1686101157846690e-01 -5.3251941603265622e-02 1.7995513274495539e-01 1.0942927319118280e-01 -1.0645546396131780e-01 -5.9007886307446918e-02 -7.4672761025333439e-03 5.4593066957963898e-03 -8.0635953518792408e-02 1.9780185919415039e-03 1.0357205432326150e-01 1.4001091181686989e-01 -3.6097959956919230e-02 -2.7683135577478129e-02 6.2572372327763387e-02 1.4105972553872470e-01 -7.0868334191507634e-02 7.6597950009655011e-02 -8.3926913005889087e-02 -3.4023933481611063e-02 -8.1014814253733847e-03 -9.1369870109799564e-02 6.6049355203428223e-02 -7.3551723599094537e-02 7.0559000774798777e-02 9.8326825456953523e-03 2.5827538809192079e-02 6.7194054608220907e-04 2.8370720697430421e-02 -8.7840298634856678e-02 -8.6650432605028860e-02 -1.3115859758217160e-01 4.7760611247435372e-02 -3.7462698632060323e-02 -7.6391244103328440e-02 1.7673417353899171e-01 -2.3283025517747069e-01 4.2933002984913148e-04 6.2341771664109417e-02 -2.2930969081917461e-02 -2.1311155989397770e-02 -1.0087488863918290e-02 -1.7852638774635519e-02 7.6623934015466216e-02 -5.2614140273540902e-02 6.3596024921040065e-02 -5.1239099960840077e-02 -1.3926733483213591e-01 9.2128977819609853e-02 -1.7903033502745110e-03 -2.0024430542241020e-01 -1.0935532005010390e-01 -5.4754119541054629e-02 4.2812512739224630e-02 5.1462604110937331e-02 -1.5849497588377751e-01 -1.5940947819914281e-01 -2.3396915893831371e-02 -1.2031922444810771e-01 -1.6891989520067990e-01 -1.3315539274627841e-01
3.6307160189244583e-02 -1.0843084919687390e-02 -7.8814203214105261e-02 -4.8590392076700142e-02 3.8683880501705570e-02 6.7509214241804658e-02 -1.0281153140668971e-03 -7.3024173709647158e-02 7.2658854927814043e-02 -1.8415982111171400e-01 6.8386855138433773e-03 5.1580923431736300e-02 -2.0624228463694091e-02 1.3816448123310460e-01 3.6554330245927552e-02 2.5156481436656591e-02 1.9779101968828139e-01 -1.1424380703641190e-01 4.7424621930337592e-02 -7.7441626363285651e-02 4.1159495479427377e-02 -1.6718247196402511e-01 8.7809534732604874e-04 1.9493076786124879e-02 5.8965301412648850e-02 -2.7221712794874020e-01 -4.5732917155679842e-02 2.4129539870894290e-01 -7.6195609182423185e-02 -1.2850878481620179e-01 -3.7587584620936802e-02 3.6203722536847227e-02 5.0983976976007997e-02 1.0586649758898940e-01 -1.3684876592062570e-01 -1.0769501268506571e-01 -4.2694622423618489e-02 1.6173917160795551e-01 -7.0125638794373391e-02 1.5601062339971031e-01 2.8145686073191629e-02 1.6875909273918879e-01 -6.8167915330539355e-02 -9.1553248211927604e-02 -5.7966979723872722e-03 7.7774256840101141e-02 9.6254788693985294e-02 8.5396148969831207e-02 1.5599759871516400e-01 3.6389098117950318e-02 1.7225442037567811e-02 1.1615110514780690e-01 3.0885338412167541e-02 1.2736978144939529e-01 1.3375256600074301e-01 1.3368331866702129e-01 -6.6940791986250373e-02 8.2751993151753300e-02 2.3681254586326729e-02 6.4331216002304917e-02 1.8142193121164751e-01 6.7480680099025220e-02 -3.4526607580701442e-03 8.0102577250511578e-02 -2.4708856316100751e-02 -5.7150236557793289e-03 -1.5062177117219530e-01 -3.7598996906961182e-02 6.8075214781422561e-02 7.5388931911925514e-02 -4.9210052969484143e-02 8.9174437690814248e-02 -5.7346076610996541e-02 3.2329370580563462e-02 -1.5381018081132059e-02 6.8914126473897649e-02 7.4495499005904978e-02 1.1508941261564190e-01 -8.0150941227909125e-02 1.5594607624521051e-01 -8.5009484014660158e-02 3.8565780497146790e-02 8.0804113059005395e-02 -7.7364972482930727e-02 -5.3426639356463142e-02 8.7982394559713670e-02 -3.2349587784638778e-01 7.0912513398231156e-03 -7.5549590738159686e-02 -4.3797269042559567e-02 1.7199925428679169e-01 -1.3410682147454911e-01 -3.9824906653434827e-02 4.5568626015884663e-02 -8.3006268769706584e-02 -3.1979771761705737e-02 -2.7560438890327901e-02 1.0273570164497280e-01 -1.1879626128420100e-01 -1.0100131208592340e-01
1.3661292587704901e-02 -8.8714773311292863e-03 6.7831489326966102e-02 2.0191201502962261e-02 -9.4463010955874144e-02 1.1640262411219930e-02 9.0672245444781349e-02 -8.3931912664292882e-02 1.1236699841822510e-01 8.1530712159918139e-02 1.4531725381146501e-01 1.0239187177359980e-01 2.1906433310891099e-01 4.1932152698089621e-02 -1.6771681304551961e-01 8.4514038721875077e-03 2.9459827901087199e-02 2.0689038207423609e-02 -1.2532448205161059e-01 6.6234481963458408e-02 5.8697428936359618e-02 -1.0444195769233280e-01 2.6158570602809950e-02 1.5807120884754701e-02 -1.8304666196328361e-02 1.9313721451408770e-02 -9.0679018953252394e-02 -8.3771366065721303e-02 -5.3497060638644713e-02 -1.5242134215373540e-01 5.9262378359101031e-02 2.0762091979862549e-02 1.0913476128377041e-01 -2.0956858024039640e-01 -5.0506772400026843e-02 -1.4592379080070489e-01 1.1555742209459310e-01 -4.3160768246387447e-02 -5.2572064557482583e-02 1.3518389191098959e-01 1.0752633070585629e-01 -1.0095449303039209e-02 -4.0863714373033988e-02 2.1107784651098301e-02 3.0243950687255390e-02 7.6304555933553120e-02 -4.7031924334201912e-02 -1.0166418074418680e-01 -1.1787789782039081e-01 -7.1479227310217955e-02 -1.8891167577286119e-01 -7.3350968836531152e-02 1.6453465264514661e-01 6.9585580507867326e-02 7.2938201746027512e-02 -6.9462397229732423e-02 2.0154066074936211e-01 -1.3197636578928810e-02 -3.3235119940984797e-02 6.5253374183345009e-02 -7.5794422169427281e-03 -8.4946806742883019e-02 -2.1427236385912149e-01 1.3594302310865469e-01 -1.8044223227999240e-01 -1.5608908039100460e-02 -3.6309631545678889e-03 -7.9624266935513135e-03 -1.1551919937970170e-01 -2.8419937868560930e-03 2.6215432418421371e-02 -1.5888169529402441e-01 -4.0330673256707757e-02 1.9094208567912510e-02 8.1880905924234124e-02 1.3466849083174171e-01 -2.0361134850558629e-01 4.7521407524562631e-02 -1.4334870209697340e-01 -6.5292237937508948e-02 1.6234855265936321e-01 8.6112322554748572e-02 -3.8144714617384883e-02 4.3782739851660254e-03 6.7569525176813208e-02 2.7265031484238290e-02 1.2794954115509991e-01 6.9959739375359542e-02 -9.3447030000571280e-02 -5.0591557606842523e-02 2.5999453835405839e-01 4.6867887903120499e-02 -4.9491414492837657e-02 1.8802987185582931e-01 -8.9527178616797778e-02 -1.6718739421711420e-01 2.9855164848065840e-02 6.9220739760251129e-02 -1.2695402785418580e-03 -9.2377080415451274e-03
8.0109825304556487e-02 1.1221608234842660e-01 1.0480478678793261e-01 1.2005661972017211e-01 2.4322023170173851e-01 1.1309855874747030e-01 9.8101662844209209e-02 -1.0724613832786280e-02 7.7845456425950374e-03 -6.2835295163442516e-03 -2.1863922445486239e-02 1.2875090716141441e-01 -2.8022548085924609e-02 -9.8369012247797510e-02 6.2423783435894803e-02 -1.1482391506402080e-01 4.5866725660694697e-02 -2.4788643162295690e-01 -9.2824011307760232e-02 -6.2136813538997353e-02 -1.6761205225244751e-02 8.8732287342760255e-04 8.1994972408142019e-02 4.3522017211910687e-02 7.5505709609243285e-02 5.7953090273702997e-02 -1.3016340782885291e-01 -1.1758613390846820e-04 8.7734878977967267e-04 1.0910019615708900e-01 -1.4315604915259891e-01 3.2482495581245108e-02 4.1444058446709363e-02 6.0747301083436477e-02 -3.9042281627478123e-02 -1.6204657960142049e-01 1.1194045775696630e-01 1.6954190488755899e-01 -2.3898459327031399e-01 -1.8026771513961391e-02 3.1158586817075701e-02 1.9107251343832399e-02 4.4625359376491140e-02 -1.7322061637112149e-01 -5.6937175152865643e-02 8.5032659415967771e-02 4.7782083938650008e-02 -1.0730443933561740e-01 -2.6505505775601013e-01 -5.9713249982336611e-02 -8.1393164074450394e-02 8.2936924565619449e-02 -3.7034037703978992e-02 3.8260916621552919e-02 -5.6295267635084092e-02 8.2571508122710607e-02 -1.9999763676076229e-01 -3.6944703193084599e-02 7.0421207992648532e-02 -4.3051232893312363e-02 -4.7235402811567101e-02 -6.6812213097794514e-03 6.0355226798124807e-02 6.8046489333717611e-02 -3.8819406762710000e-02 2.3623505525713129e-01 -9.5936213132847507e-03 -1.1946820513965310e-02 -7.1500796119609453e-02 -1.1695564360507089e-01 -1.6320453458956850e-02 -1.0699556265241900e-01 -7.7705669042332001e-03 9.6977140050537702e-02 -2.7262759758493241e-02 8.2327455735529131e-02 -5.1064647795694008e-02 5.9749632452343833e-02 1.1919830686331651e-01 1.1546515187955840e-02 -8.2168633079836129e-02 1.8935191056527141e-02 1.2051107914457240e-01 8.4554657304241790e-02 7.9094878564381951e-02 1.7513927333488361e-01 1.8865043053760960e-01 -1.3599136251310959e-01 -4.3106549771888783e-02 2.2725997134358571e-02 -9.1540177168992362e-02 1.0220664226814530e-01 -5.3898816689485693e-02 -1.6906973069094791e-01 4.7605217799002647e-02 -5.6766272285143457e-02 -1.2375431198112501e-01 -1.1286597216317770e-01 -2.3188000916710239e-02 -6.5744466752396105e-02
4.3314479886892278e-02 -4.7594257578256693e-02 -9.6539913729540419e-02 -8.1457842939709757e-02 -1.8560420744939471e-01 -1.4004248897965460e-01 -8.3492594489691999e-03 -1.2732983258692879e-01 1.2671086955372929e-01 9.3927656432783418e-02 -1.3392936794537701e-02 2.8086304208554391e-01 5.8688963906103906e-03 -1.0239221386241951e-01 1.8201797865483291e-02 -3.7963755783675661e-02 9.5674951828966140e-02 6.6648435837325824e-03 1.0884162873384770e-01 1.4143943138466050e-01 -6.7878598474361729e-02 2.5565531978479269e-02 6.7153567548344312e-02 -9.6411728356856907e-02 -7.8456707002077172e-02 -3.6096498702240153e-02 -8.6656276276660435e-02 3.1774679452899753e-02 -1.6139918125121319e-01 -1.0599054478652840e-01 5.1362133008475773e-02 6.1588584065676109e-03 1.3284328793957481e-01 5.2489869041770542e-03 5.2403411496156713e-03 1.1740248859454740e-01 6.5498631349535166e-02 -2.0941418688314409e-02 -4.3394750679002822e-02 2.1574172357311312e-02 -1.8672351266503500e-02 1.1187244892356561e-03 8.4486218956118700e-02 1.5630443487254461e-01 -1.2315473875974790e-01 9.3185510006535258e-02 1.7189556578872538e-02 1.5900677419087800e-01 -1.3934569162321431e-01 -9.7235787354948200e-02 7.1101088842541196e-02 1.5143729139630691e-01 2.6071563866166981e-02 -1.5925725340731299e-02 -4.7903559782457132e-02 -8.2430890842608795e-02 4.5029597479017983e-02 3.3934374659523842e-02 8.8613556384786865e-02 7.9312370383396100e-02 4.5061539297882480e-02 8.8029977662016617e-02 2.9162499116138389e-02 -9.1360427723450932e-02 -2.2547289326683750e-01 -3.1821125880528177e-02 5.6561276162054343e-02 -1.9826375966378849e-02 1.3311122049202659e-01 1.1600943207592290e-01 3.0466520247766748e-02 -1.2337364627444440e-01 -7.9809726920553381e-02 -9.8804800689791333e-02 -3.3649335628450461e-02 -1.6932392102697610e-01 5.6538448866172278e-02 8.3183964548264475e-02 4.9536733036085481e-02 1.2823332000984761e-01 1.1238763475943210e-01 7.8836112438638879e-03 2.5069139596896679e-02 -2.0202033665439759e-01 -3.2284168313111150e-02 -1.2181957469460380e-02 4.2466093060944898e-02 -1.2768985015262390e-02 -1.6195040717657791e-01 6.4236350583749435e-02 -1.9036944883809931e-01 9.0431642590531769e-02 -1.3200554356572461e-01 -6.8016481437102788e-02 1.4130705646405831e-01 1.4776026608749890e-01 -2.0203244927635611e-01 -8.2379879655368318e-02 8.6025669879521427e-02 -1.5982272334852510e-01
-2.1864198383122119e-02 -5.1453384160701748e-02 -3.4871171134646883e-02 -9.5464047445823666e-02 1.0423505003395790e-01 -8.3772056485200225e-02 -1.4374831357386211e-01 -1.6442202721338059e-01 9.9612124562391269e-02 -1.1431536303402431e-02 -6.4392208740856452e-02 1.1896785700160040e-01 6.2759590707202231e-02 -1.1224578687313611e-01 -2.7106619461793970e-02 -1.4930323690756270e-02 2.0518842313246050e-01 7.0337692781798966e-02 1.1475144144764250e-01 -1.1302148432913901e-02 -1.9897883933050961e-01 5.2799015731923617e-02 1.5327707572510549e-01 2.7608630382057010e-02 7.5007714380578849e-02 -5.9905502111723850e-03 5.1808112694242979e-02 -6.5719760292871673e-02 2.0217409385852839e-01 2.3426802237929550e-01 1.5310292954667271e-01 8.8914621366751850e-02 -1.3764691285987690e-01 -1.6262269886589639e-01 3.6810351419641008e-02 6.3299885080046574e-03 1.1793849820377050e-01 -1.3950249427273360e-02 -1.8317347035942219e-02 4.1263119052472139e-02 -4.9074208433869740e-02 8.5468232374380851e-02 -5.1728058346403698e-02 -1.1886378904590961e-01 3.4281518907330139e-02 5.7946387983559680e-02 -6.6591779727595654e-02 -4.0984366818206878e-02 4.1727124276372617e-02 3.6778501811886917e-02 2.4653918569751049e-02 -5.1170490692290058e-02 2.4487140860485521e-02 1.3009532274611080e-01 2.3926798316004950e-02 6.6181832469713389e-02 6.4339554074170052e-02 -1.9513620250664371e-01 -8.4773972941767656e-03 -6.0844505114158601e-03 1.7434257104033779e-01 8.8690190159836313e-02 4.3673185541558128e-02 -1.5631760715272541e-01 1.0894123724210140e-01 -7.7508774147069984e-02 1.6279580138818961e-01 3.6584183267196549e-02 -8.0050905209509762e-02 -1.4010681930862401e-01 -5.1535317632150690e-02 -6.9970460447679017e-02 -1.0950291251664150e-01 4.8393483043746563e-02 -3.3014049423646039e-02 1.3418517676806599e-01 1.4229765314757609e-01 1.4615568973931531e-01 -1.0935871360620590e-01 -1.6821205548677290e-01 6.9106519471975533e-03 2.3185646886083971e-02 2.1556066461548801e-02 2.6281795389177621e-02 6.6304816100094893e-02 1.8259425829284209e-01 -8.8715016715661468e-02 1.0267750375280291e-01 -2.1445194898516359e-02 1.1950028541373170e-01 -1.3542359854870259e-01 4.6442943913738363e-02 -1.4549412917392440e-01 1.6656092742219231e-01 -1.0096573004707020e-01 1.1120117830952871e-01 3.0252855078256480e-02 -2.4058481103810439e-02 -2.1637027416032510e-02 1.0669664674391111e-01
9.3263636470279937e-02 -1.0072335550657460e-01 1.2304572138446140e-01 -1.0187823358269520e-01 6.7834109231782042e-02 6.1451498236474680e-02 -6.9312636559750770e-02 -1.0306069202853391e-01 -1.5209796435266820e-01 1.1349429842255910e-02 -7.4487045079658296e-02 -6.9399716504290263e-02 -4.4920858695546267e-02 8.8344025302940651e-02 3.0691628283518713e-01 1.2339040448120750e-01 3.8608663329239047e-02 -7.1652768524557717e-03 1.0315501225691680e-01 1.3425384394316381e-01 -6.5386266619462896e-02 -5.7015829175446316e-03 8.4883198159318746e-02 7.6474588003230121e-02 -2.3966459680800922e-02 -2.1646654895660481e-02 -2.1014100869025231e-02 8.3816360567773529e-02 -1.4721823437976081e-01 -3.1275099756201352e-01 -2.1158062986035168e-02 -6.2884761630881678e-02 -1.8280015475482750e-01 7.9157887237573887e-02 -2.2008850905558519e-01 -1.4155248182757871e-01 1.6924314285274061e-02 -4.7545733278928706e-03 1.2810498806026829e-01 4.6860204896009498e-02 -2.9008513151619959e-02 -3.8678533561054808e-02 9.6949928869984270e-02 -2.5384972887360361e-02 -6.2796007517933433e-02 8.3627849251840553e-02 -1.0687341285623890e-01 -6.1602611756813842e-02 9.6776498964001693e-03 2.1435674518944590e-02 7.7741551059945097e-02 -8.3908949425197984e-02 7.8386486669427009e-03 6.9970047684492109e-02 -1.7448699996286679e-01 -1.8987729307965950e-01 -1.7028910047198711e-02 2.7383540016919838e-02 -3.6186089693346822e-02 -2.3997259570316151e-01 -3.4422993304681633e-02 3.9219563393253533e-02 1.0463370959839379e-02 -4.6614829526999427e-02 -5.0871461830358858e-02 2.4092851365170091e-02 -6.1321704929949306e-03 6.4899467659372240e-02 8.6741577054483623e-04 -8.0385827632544787e-02 9.0563626305260353e-02 3.9357010898230932e-02 -1.2411819678372900e-01 2.1346998119101129e-04 -3.5310542340248857e-02 -1.6830843896214071e-01 -4.9258137782820323e-02 1.3334529193185110e-01 2.1135586006615529e-02 -1.5151673871354851e-01 -1.2759373153598050e-02 1.4271825910335789e-01 9.5491812597172307e-02 -2.8392836443533711e-02 1.3882453916650300e-01 5.5984596452937560e-03 6.6206655955447599e-02 -1.0324007161215700e-02 1.0240216617071409e-02 1.9345643415595520e-01 9.3760685799488680e-02 1.6651952578508711e-01 3.7716151526522350e-02 5.5783949125567008e-02 -2.9639043344204669e-02 -1.1323398709060571e-02 1.9092791618062130e-01 -2.4447103631323370e-02 -3.6571058781082562e-04 1.5346951707617360e-02
4.2531624348686889e-02 -4.9931184812499682e-03 5.4340970631421473e-02 -3.7403538402376507e-02 1.2148526127372020e-01 9.6443015846513228e-02 -1.7279745433378599e-01 3.4995101379223419e-03 4.8275181980660761e-02 4.8470013955811533e-02 4.1991365667012129e-02 1.0748959866724581e-01 4.3454255045080922e-02 -4.5938869557050448e-02 -1.6081403273543171e-01 -1.4070266637030071e-02 2.2486825021853271e-02 1.7240813670606349e-02 1.2369764692854070e-01 -1.0241558150632780e-02 -2.6119434267962821e-01 1.5949795610032241e-01 1.2208403595537040e-01 -1.1471267098050680e-01 -7.3720762205314982e-02 -1.1108625127496990e-01 -9.1569787321303941e-02 1.3905030010121799e-01 2.2592577440489311e-02 -1.7917828014386061e-01 -1.8734851883272331e-02 1.3444284241976889e-01 9.2482045463537055e-02 1.0085283366257219e-01 1.0539256357461740e-01 -1.6989388352153571e-02 -5.4138249508145678e-02 -9.8997782099578241e-02 -1.0711793020777099e-02 3.1920104147952759e-02 -5.5264382330079152e-02 1.6463688639656629e-01 -4.7951291870411070e-03 5.6825940671416893e-02 -1.5644540576183691e-01 -4.6935211534722548e-02 -2.5177063708610821e-03 1.4004289705937781e-01 4.3615644728574897e-02 2.0797271707387259e-02 -5.3312993336938057e-02 -4.7790748463550907e-02 -8.3865384206236140e-02 -3.6152274145089328e-02 1.1224122137597189e-01 -9.4193457627206503e-02 -1.5023225850086519e-01 -6.3429901527347773e-02 1.8738626465617281e-01 -7.7064627929975579e-02 -1.3279250342236901e-01 -3.9850487678409541e-02 -2.0633408866041310e-02 2.4935804997038451e-02 -6.5694132888514126e-02 -7.8424230602859024e-03 -7.9301788720123334e-02 -2.1442431495239361e-02 -5.1847695339764202e-02 5.4381085857574119e-02 -9.7427580297964361e-02 1.2737095889550609e-01 1.9428791958420041e-01 4.4982932673734693e-03 1.4112423344743091e-02 1.8909335670730079e-01 -5.9771307666974830e-03 -1.5233069557302879e-02 1.3212542993474341e-01 1.1545503329293280e-01 -1.2054013650163110e-01 3.8661454250536922e-02 -1.2011939046154781e-01 7.5350675458850810e-02 6.8912128937677855e-02 -1.8694959192807459e-01 2.0317967404662329e-01 -5.5899772639395190e-02 1.2473413971209840e-01 -1.8151058669150601e-02 2.0690157207595431e-02 -1.7966736942536699e-02 -1.9612026110567521e-01 1.8898728637547441e-01 -8.4301780238987961e-02 -9.3077822663196579e-03 1.4589669579136019e-01 -4.5960232767638963e-02 4.5812111001687972e-02 1.3216026611066739e-01
3.6638329991461299e-02 -5.6520755715260960e-02 1.7720274089075259e-02 -1.1805138265787820e-03 -1.3151430341208681e-01 -6.9956013792336277e-02 1.3261433183207391e-01 1.8151570240528170e-01 5.2889327343399323e-03 -6.2851621766316602e-03 9.0789539232351266e-02 2.9404657462286269e-02 5.4785076427500932e-02 -1.0452003278812411e-01 9.7355877449773504e-02 8.1619107679592656e-02 -1.1416370876360220e-01 1.3306682732591679e-01 -4.5665562908518649e-02 6.2567785170840523e-02 4.0627326927712192e-03 -3.7655926420945243e-02 1.6656063815865871e-01 1.4021951983252201e-01 1.0892722785807669e-01 3.5286344602614450e-03 -2.5407126034425399e-02 4.5259044639648478e-02 -5.2611009675270638e-02 2.0235859122930841e-01 -3.9864367690339263e-02 -6.0639763566298641e-03 -1.6000765736021830e-02 7.9695907524709508e-02 7.6186061792357498e-02 9.6918555250369090e-02 1.2585012076657570e-01 -6.0959009404962662e-02 -5.4261640544805437e-02 1.3006731856497411e-01 -1.8620693235616009e-01 -7.7193880370661744e-02 -1.0855360440179790e-01 7.7961813092911570e-03 -3.6541202343305067e-02 -8.2859146186328544e-02 -2.4541060526159669e-01 8.2149532272933201e-02 7.7028769126490551e-02 -2.3064059937864709e-01 2.1662934759762421e-02 6.3607473413838187e-03 5.7712844613646390e-02 1.7715955788142390e-01 1.1731385005780960e-01 -1.0375679897879581e-01 -1.0620619182765310e-01 9.4627370693652291e-02 1.7029014158406380e-01 -1.0130116039133220e-01 1.4077236504574461e-01 2.0110009780580348e-02 -1.1259833212480430e-01 8.5513788622491177e-02 -1.2462474428159910e-01 1.5202170303031259e-01 1.4375098096620781e-01 6.5234132048810456e-02 1.1112211527585460e-01 -5.4989995403379358e-02 1.2074307824559720e-01 1.1041747849440700e-01 5.0017377801735208e-02 1.7801584038121451e-01 4.9378909587581808e-02 6.9812323480191424e-02 2.3567532563172531e-03 5.6817278239451798e-02 1.3516383391865741e-01 -4.3142239919565582e-02 -9.4779714955168896e-03 1.8615964328106260e-02 2.1553016607664750e-02 -1.1760453890707579e-02 1.1905462868757900e-01 -2.3704690975991250e-02 -6.6409508973454240e-02 -6.5641096464593499e-02 -1.2149873790203219e-01 -3.6950965519272717e-02 4.0414175411968997e-02 -2.0294700075080929e-01 4.8358045209569260e-02 -1.5343572653076151e-01 -1.2240508145311089e-01 7.8123177665952101e-02 9.8561576865220879e-02 7.5948518645346533e-02 9.3883543127326025e-02 7.0343139598942450e-02
3.6904653567786397e-02 1.6758153916514751e-01 2.5831786429275420e-02 -4.2293225155834883e-02 8.4531836041109351e-02 -4.5500591495007667e-02 -5.4440328190558253e-02 1.1231302264918940e-01 -1.0897895060543820e-01 -9.2899368190769938e-02 1.9351957132748629e-01 -3.5093138563328477e-02 1.8489573623313230e-01 -1.9887941908364029e-02 1.5217879506810009e-01 6.7775546572650155e-02 -2.3367421948930861e-01 -4.4802781052522611e-02 -5.1505150659162002e-02 -8.2823410480696150e-02 -2.2930124611424171e-02 5.6155017576823407e-03 7.8574181930873316e-02 -5.6960641320886331e-02 -2.0505090091400030e-01 1.1981583585520320e-01 6.2351606792127442e-03 -1.5324504232749869e-01 -3.8776486546736377e-02 -1.5427409918837340e-01 1.0665110719655470e-01 -1.3653410510555469e-01 6.1204778568738863e-02 4.1307725783082179e-02 -9.5033016850670171e-02 9.3136029012677563e-02 -5.4352695935455081e-02 -4.1964360397686008e-02 -3.6761443566636492e-02 -8.2229448786652753e-02 4.9067454815487903e-02 2.3512043981167299e-01 -3.1032744962862690e-02 -2.3508719728882691e-02 1.3486615250029460e-01 1.1016068430711710e-01 -1.6594564594763529e-02 -4.4818403518481160e-02 -7.9289871611293361e-02 -4.7710215634531143e-02 3.0024585792324761e-02 5.5814014761069057e-02 -4.6636509486427592e-02 -2.6818341005751541e-02 -5.4254687900418631e-02 2.8903502423428640e-01 -6.4624346026649362e-02 3.0535231242154702e-03 9.0158662388375888e-02 -8.2038803796683366e-02 3.0663306575336741e-01 1.5170137105078119e-01 -8.6085057246857694e-02 5.8189149506905812e-02 -3.7007851883504028e-02 -8.0011260446037860e-02 2.4683348427016100e-02 -1.1367371072189590e-01 1.8151788158333401e-02 4.7298535587536911e-02 1.8284431096014669e-02 2.9840821454852179e-03 9.8501874121002281e-02 -5.1376340555286011e-02 -7.5389398480316866e-02 1.9117611805740949e-02 8.2311037198245132e-02 7.9680470262095474e-02 -7.9097751115042608e-02 8.8261130678186708e-02 1.3044591883965870e-01 4.2233254584704803e-02 1.3838923322015401e-01 4.0095102901830430e-02 -1.1212102515393400e-01 -5.7429124647691253e-02 1.4387040663520179e-01 3.7133041165021162e-02 -3.9158889689343827e-02 7.0778165453889236e-02 -1.0306986702869229e-01 -1.5105021716005281e-02 8.7711355267390823e-02 8.0250320340956485e-02 -1.7394578876673769e-01 7.9834326001248831e-02 -6.6162012072637087e-04 1.5903572549069909e-02 1.9248477505051251e-02 1.3319099389639580e-01
-1.4075058579659669e-01 -1.4359971960000040e-01 -5.8887096323704667e-02 -4.2476664044057089e-02 9.4441805804785561e-02 -9.1796537235180220e-02 4.6402811033040982e-02 6.5013810563679872e-02 1.0322393395244150e-01 -1.7281089945750550e-02 4.2495801754614072e-02 -1.4917775963215590e-01 5.5131386507471417e-02 2.0359185277428979e-01 -2.7626917900507399e-02 -6.3398414017204363e-02 -1.3403103784244849e-02 -4.9246330786375643e-02 -2.4391677818305538e-02 -5.1665000391598957e-02 6.5615048973093948e-02 8.6536869201529296e-02 1.5864673998414451e-02 8.0553038890704157e-02 8.7338174649465194e-02 -3.1626239020005859e-02 -7.8986329399615834e-02 2.4548072008244850e-02 7.8335195328711249e-02 -3.1980655837169059e-03 1.4414847421924670e-02 3.1375434325416257e-02 1.2171790832520840e-01 -1.1890744721927250e-01 -1.0978465644015110e-01 -2.4038139396295111e-02 2.5457463879614371e-02 2.9057694187630750e-02 -1.0112410419434890e-01 1.7409906307278660e-02 9.0542028856412132e-02 -7.7704065090605278e-03 -6.6853955420573652e-02 4.8552390099341628e-03 -2.3466749672628379e-01 2.3231933943205349e-01 -2.8708740601160999e-02 9.7502520576524032e-02 -1.0167244954396060e-01 1.3307014098502701e-01 1.1815381616440350e-01 -1.1883812904754720e-01 -1.2184787134625071e-01 1.2486997593836740e-02 -9.3189890241418175e-02 2.9680213078994010e-02 2.2424022827911880e-01 -5.9078672118838743e-02 1.1360144067734010e-01 -3.6053316686624780e-02 7.4914647532821604e-03 -1.7748967848324421e-01 -2.8462017446326980e-03 1.2863832492120039e-01 1.2032225621136031e-01 -1.1583664483464950e-01 9.2480074280518632e-02 1.0227471161801890e-01 9.0054677045681805e-02 -1.7559815821335911e-01 -1.6681489802705320e-03 -6.5928215732287104e-02 4.0006841663647062e-02 -7.6079251957720570e-02 1.6450963654198639e-01 -1.3765172906513090e-01 1.6039913577586509e-02 -1.3638914777664629e-01 6.4864452456694810e-02 2.2375275203762679e-01 -2.0263579305890358e-02 1.1955039945584400e-01 4.8205533697328502e-02 -3.5923333298312168e-02 -8.0965569302488480e-03 5.2170794030891449e-02 4.5029070534362134e-03 -1.9048433319221411e-01 -4.5847540678057352e-02 1.1799774267630870e-02 6.2507420761117247e-02 -3.2084684224541547e-02 -7.5531129012585494e-03 -8.3727377983659507e-02 -7.0932794774517235e-02 2.8517866484001098e-01 1.0488675801343850e-01 -5.4535792733679450e-02 5.6486240167102422e-02 1.5697495114408960e-01
-7.2152480453386098e-02 2.3935201996370539e-01 1.4573505747739829e-01 3.5374924354530511e-02 -1.8054367029965229e-01 5.5302267530134543e-02 -9.9370532525161634e-02 1.4656675766495841e-01 -6.7231586714660396e-02 -5.8280934025449642e-02 4.0538945122272747e-02 -3.6548132772889888e-02 7.0406620693599473e-02 3.0734441959172170e-02 1.3713499573023011e-01 5.2764496069312413e-03 2.3711723331600809e-01 -8.6712627903789849e-02 2.3490406615608600e-01 -1.0132938867407630e-01 -1.9257236280790981e-02 7.6310832382590787e-02 7.8158846638303525e-02 -8.4761473565974410e-02 8.5051256065565767e-02 -3.0617447083526969e-02 -7.6305404321784301e-02 -6.4060390332396078e-02 -1.8807618761043841e-02 5.0907717466795989e-02 -1.1478889074102100e-01 -7.3235613003492309e-02 4.5596320446992522e-03 -4.8172700734592233e-02 -8.9349029515299674e-02 1.1428984792349819e-01 2.5130767739961712e-01 -8.2053948322190068e-02 -1.6386338041861609e-01 -6.9967808796966971e-02 -1.5301855702281841e-01 -9.8481506077100531e-02 -1.9908735926617939e-02 6.7370112567960924e-02 1.2191110935142170e-01 1.6228103934559940e-01 6.9999563849174745e-02 1.7664772324947231e-02 1.5960839318630760e-01 3.7619817297059037e-02 -3.6423322208380959e-02 5.3003336553062247e-02 -5.0082942907414503e-02 -4.6372991913096087e-02 -7.2631600840211877e-02 -1.3261244774903730e-01 7.2469710741300070e-02 4.6220194737138898e-02 6.1708946632438998e-02 2.1635587015903079e-01 5.7033724706111880e-03 3.4783497564902961e-02 -1.0482893254633500e-01 -6.3853548541962957e-02 -3.5204116138561250e-03 1.1878233109103969e-01 -1.0313696491083460e-01 2.7772072391639101e-02 -3.4596766623908232e-02 8.9123811736352879e-02 -2.1928562786378020e-01 -1.0263472705386960e-01 7.7593968075210240e-02 -1.9149133395194948e-02 5.3444360922265531e-02 -2.0971975377683100e-02 -7.5825304399782842e-02 -2.2829163694697108e-02 -1.0051044515334150e-01 -1.7051194700767919e-01 3.1440936203930708e-02 1.1994209953037650e-01 7.6866402822462654e-02 9.6113037296641196e-02 -8.6697863792231017e-02 -1.0475156567406180e-01 -6.2456592354116769e-02 -1.1454506268627750e-01 9.9255441846207063e-02 3.2702407307655208e-03 9.4118418409756849e-02 -4.4342913124703461e-02 3.0247204453437228e-02 -2.9604601997000480e-02 1.8308728267191831e-02 8.4949386214504249e-02 5.2368413622568583e-02 -1.8058658682512840e-01 -7.8759073274626383e-03 4.3261548841374432e-02
3.8533249732755820e-02 4.2391426019910958e-02 -7.1691272369778458e-02 -4.6495454380925713e-02 2.9216306933582091e-03 -6.7935474762290213e-02 -5.7796547972557143e-02 -1.1587319701087760e-01 3.8064012007601199e-02 1.9763767201273891e-01 -4.1597209267744240e-02 -1.3361715994583881e-01 -1.5938507957833439e-01 1.2046095744489280e-01 -1.7217855275918639e-02 -1.1467121828731380e-01 1.3528750086117750e-01 1.7492143958439479e-01 -1.5430621589010279e-01 -6.4375990256030025e-02 -7.5621584041625292e-02 -3.6039064603717613e-02 4.3844792562011577e-02 -1.7928965183323550e-01 3.4573790264845430e-02 2.2731001058177869e-02 -2.2980178028292220e-01 5.7334194369539340e-03 -3.6437770690243718e-02 7.3658283013640677e-02 -6.0355930821250958e-02 -1.7750557104893511e-01 -6.4775747264671736e-03 2.6890693897831919e-01 6.3059810835576949e-02 -6.2761275554120047e-02 -8.2906691141030872e-02 1.0270990212471411e-01 -3.2592772180739547e-02 9.0786715274015037e-02 -5.5497503530146639e-02 -1.1035636558217420e-02 -1.9019412147675280e-01 -1.7990570340765449e-01 1.3236413689765231e-01 9.0508079041783526e-02 -9.4702568945018412e-02 -1.7815187150121280e-02 1.2034076693073650e-01 -8.4054166435956729e-02 1.6164163039843350e-02 7.4676872100723772e-04 2.1298730455141850e-02 -7.9850157857047618e-02 -1.8420890427778941e-01 -7.5345526586407516e-02 1.4962358771753870e-01 -2.8076033250225500e-02 -2.4396776888342131e-02 2.1623610105643471e-02 -4.1208158362125748e-03 7.2419521835699746e-02 -1.5087495102494100e-01 1.6061257410848809e-01 -1.0553158744471100e-01 7.4130418994142133e-02 7.6961235279877735e-02 -7.4008504779962278e-02 -6.9165934060416309e-02 -4.9163210610446990e-02 8.7010266060718773e-03 2.4658961155527609e-01 -1.3166130064827960e-03 -1.2560520726263821e-01 2.4970373269965870e-02 5.1537758493493853e-02 1.7170711374598920e-02 -6.9583588176896152e-02 -1.1595631550323619e-01 2.6584489797830100e-02 3.3656058812041742e-02 4.0425626319140033e-02 8.4362621498005157e-03 -1.0086815045654700e-01 -7.6971851421899606e-02 7.5378654058785147e-02 2.8808352564222591e-02 -1.8538978234365448e-02 1.0904206062538940e-01 -1.1975134495440209e-01 -1.4347663630221871e-01 1.5332940355920821e-01 -3.2706568206732907e-02 -6.0862136224333514e-03 -3.9183575042003968e-02 -3.9433340893644198e-02 -6.6338562854608860e-02 -9.0330889008247376e-03 1.7882626763362350e-01 9.4293404914968543e-02
-5.7132238159793562e-02 -1.5716237730817320e-01 -1.4300051759806959e-01 -9.5192271510743595e-02 -5.7706293292735848e-02 -2.0703131237696470e-02 1.4104856966561510e-02 1.8042964112535251e-01 -3.5491210336499268e-02 2.4429697370727049e-01 -1.6265258577803540e-01 1.5426812736971289e-02 -2.1197067916115719e-01 -4.6037519941797077e-02 6.7205324370622321e-02 -4.3131703373218332e-02 2.9357239379857122e-02 -6.1124466441317298e-02 -1.9277784885043081e-01 1.8303817618968059e-03 -1.6982617275923390e-01 -2.7232357322673671e-02 1.9226758791749099e-01 -7.8042665763706623e-02 3.6309696447016107e-02 -5.7465584833323230e-02 1.4259024709415841e-01 -1.6095031628094902e-02 4.5784701535398840e-02 -1.5635742204482730e-01 -2.2312490788422129e-01 -6.1868034889116463e-02 -3.5578424920660448e-02 -9.7658655992693091e-02 1.0941901866589250e-01 7.5665249105467139e-02 8.8741600371180604e-02 -3.0902751486725780e-02 7.1331109046319022e-02 5.3981700267019270e-03 5.7676590916585627e-02 1.4133091173430570e-01 9.5134476690322840e-03 8.1745989277847833e-02 -9.7646242239597461e-02 8.3286325303747726e-03 1.7780857320069041e-03 -1.4903662998908021e-01 4.3663815909592382e-02 -1.0047855289706220e-01 -2.1921808755282399e-04 1.3360810240588569e-01 -1.5656611135020759e-01 -1.2965422304641969e-01 3.4189464063086483e-02 5.8637568755337890e-02 1.2718260874527551e-01 1.0693145485015190e-01 2.6654276936180821e-02 2.6197712478939442e-02 6.4014395393875573e-02 4.6907516953458621e-02 -7.9434780308927963e-02 2.0014342718093389e-01 1.0573728332295450e-01 4.0031435313710589e-02 8.2535481413628757e-03 3.2864012012033733e-02 -3.0530152978532971e-02 3.8519316615238990e-02 -8.0166553241761043e-02 -9.5085485846958043e-02 1.2618760462177431e-01 1.1510932751561660e-01 3.8725006833810353e-02 -1.0878232765683039e-02 1.1419157283173190e-01 3.1838767143552688e-02 -7.4780942927635374e-02 5.0955301841707643e-02 3.8077036834910892e-02 -1.0708202315263700e-01 -1.1493059527502380e-02 3.3205135669173672e-02 1.8408114496738831e-01 6.8655170423712719e-02 2.8944808546216621e-03 1.6909827876926631e-01 1.9574854790467382e-02 1.1252040869829430e-01 1.6544003626364401e-01 6.0475259350612133e-02 5.2440725551651690e-02 -6.7967477650685823e-02 -2.6941123628697619e-02 -2.4381296413955322e-02 -4.3179634733617973e-02 -1.3849568390506420e-01 -2.0686724996966480e-01 2.4037107744504321e-02
2.9288378046471140e-02 -2.0794259109249710e-01 6.8586742787643887e-03 9.3440338211945279e-02 -1.7863470861198841e-01 -1.9609757683630930e-03 2.9484643601261590e-02 1.3323453928094489e-01 -3.6561357006027223e-02 -5.9603089498769461e-02 6.5475734621330217e-02 5.9810592950306607e-02 2.3158603615081139e-02 -1.9012902695396260e-02 2.5617527963117830e-02 -9.0504063943900828e-02 -8.3727829205822418e-02 -4.9098761717797333e-02 2.2761462556302198e-02 -2.0767181042258040e-02 -3.6965155755651388e-02 -7.6052197756557013e-02 -9.7336033924011967e-02 1.8629130629127930e-01 3.9780089741404741e-02 -1.3787157832950819e-01 3.1885630485567272e-02 -5.9548616771237052e-02 5.6239006141911727e-02 -1.4160149017063969e-01 1.0274510328754910e-01 -1.5309715821430789e-01 -8.8647094125415243e-02 8.3454550712233497e-02 2.1600446774667010e-02 -2.6508759537789792e-02 2.4258980520464299e-01 7.7370087450154931e-02 -1.2456475446196560e-01 -1.8453206685341891e-02 -4.0597735609939067e-02 9.5637426407058246e-02 3.0359311130462611e-03 -1.7412807511540021e-01 -5.3164681808888413e-02 -2.3878665682740771e-01 -1.4713554454444841e-01 -5.8696095566559713e-02 6.4853343572145006e-02 -2.8662792024882009e-02 -8.0789021095775473e-02 -6.6671653223700569e-02 -9.4095088604598143e-02 2.1471826539423030e-02 -1.1158835094038280e-01 3.6938087777358831e-02 2.9455406166631187e-01 -3.0871802527058630e-02 6.6519866670697231e-02 9.4918056167221418e-02 -7.4316214488609426e-03 -1.4473839486052419e-02 -2.9581191865370011e-03 -2.7013825013244569e-01 1.5001148722384351e-02 7.6305785387173600e-02 -1.3368005602711530e-03 -4.7270611634350937e-02 2.4698740968481910e-02 7.5091917980575532e-02 1.2074844847655060e-01 6.9448952462887389e-02 5.1399700497554539e-02 -1.9830199106040949e-01 -1.1970280004472310e-01 1.4772110547118000e-01 6.4420937467081191e-02 -1.6425016841947061e-02 7.9922788791082874e-02 1.1760189908610620e-01 -1.7241707237814910e-01 2.3714701024896069e-02 -6.1888269984831122e-02 4.8922238447016667e-02 -6.5328158042209108e-02 2.0009016647232269e-02 6.9474267870217335e-02 -1.4387919265044349e-01 -2.7998672463582119e-02 -4.0509063694989550e-02 -1.4708414756188211e-02 1.6369731432749640e-01 6.3355568816534855e-02 1.4644503055027400e-01 -2.9693018422289850e-02 1.6611393092895530e-02 -5.9400869506592943e-02 -7.2648198279056039e-02 -1.2296603206057589e-01 -1.0182485153362070e-01
3.0410637445912769e-02 1.4451135266863799e-01 -6.7976971410240797e-02 -8.9782909181666773e-02 2.7471182252474441e-01 -1.3546808792921711e-01 1.5043908456728911e-01 -6.9869294569409211e-03 -3.8147232461886768e-02 -2.0022559879594261e-02 1.6722183715279330e-02 3.2209219509528770e-04 8.9886972566389320e-02 -1.5523654696448400e-01 -1.2683481151366649e-01 -1.0041786839662650e-01 -4.1830591917920469e-02 6.3369923372244535e-02 1.4883404809070669e-01 1.7512554386049811e-01 -9.4834929232525235e-04 1.3234032558771261e-01 -5.3914934458763587e-02 4.4269836533924398e-02 2.1362322761998020e-01 -1.6405914276420069e-01 8.8860529718100462e-02 -1.3451876213887420e-01 4.7928597448640448e-02 -2.7018218743340469e-02 1.0857934285265040e-01 -1.8185364520443240e-02 5.7803168610981413e-02 -3.9595818486179567e-02 -4.8586461563402850e-02 9.1348297937119655e-02 -1.3395823955615871e-01 -2.6823290521762500e-01 -4.2544864537055832e-02 1.9866227670080611e-01 -6.2774385984774262e-03 2.3157352179202041e-02 -9.4334619900840855e-02 -4.1842904052233537e-02 4.7737247694039510e-02 -7.3667610265064437e-02 -1.2534390293496581e-01 -1.0161355815756599e-01 4.1860143171237922e-02 1.4641131659902970e-01 8.4692944946386586e-02 5.6220440929631257e-02 -8.5994169953397578e-02 -1.4929639250660659e-01 -1.9970666931450051e-01 -7.6901609729537246e-02 -4.1476088555720249e-02 4.6962937761940528e-02 1.6452671386577369e-01 -2.4638690780393151e-02 1.2673034251631590e-01 -9.4328260112724827e-02 -5.0702851013629140e-02 4.3282103261865663e-02 -7.6162621376434203e-02 6.6098991446317992e-02 -2.0688649588677410e-01 -1.1460370326152190e-01 -5.6597595010441128e-02 3.7813788057740383e-02 5.5697444715288293e-02 7.5689836120397078e-02 -7.9146152012262203e-02 -1.3852769345927701e-01 5.3511365524682740e-02 -5.7744734026422363e-02 -9.2550199996698473e-02 6.0860160364305693e-02 -1.0211175032347810e-02 8.7210232344453117e-03 -1.8147920540850619e-02 -9.0524640403664008e-02 2.6151712777295780e-02 6.7488696126164316e-02 8.2022343424183991e-02 1.4780025212760781e-01 -7.5570925343010131e-02 2.2401351254120131e-02 4.7659131869799247e-02 1.3182905423883630e-02 1.2887595543995720e-01 2.1326823324104491e-02 1.2791876015800429e-02 -1.0020299906959081e-01 5.6964685578672312e-02 -5.2084245512223779e-02 -5.1609166818388792e-02 -9.1322330664559567e-02 1.1091203096099739e-04 -1.1495742041779060e-01
-1.1737553965226180e-01 -1.2565396949486529e-01 7.9093340678071042e-02 8.3873530779880329e-02 5.9368396672738750e-02 -5.7694313695898232e-02 3.2787949995779858e-02 -4.2891393498526928e-02 -1.3767320891631071e-01 -5.3167815404930117e-02 -3.4046239707589077e-02 -4.2396760940317680e-03 -3.8836117326523763e-02 6.3511105969493567e-02 9.8154453231017375e-02 -5.7321804863578870e-03 -2.9815663214661670e-02 2.4147156944836021e-02 2.9259559298867161e-02 1.5736607031152530e-01 3.9910477269432802e-02 6.3655653020165279e-02 5.0110177519042273e-02 8.1935917075554324e-02 -9.5046005628750360e-02 -1.2120332237546530e-01 -1.3777576199719821e-01 -5.2929565086842212e-02 9.7788950349723389e-02 -3.3542772368700832e-02 -8.2045178852584749e-02 -2.0576016538435330e-02 1.1616130316274879e-01 9.4027096638486726e-02 1.2510167341371320e-01 1.1536928911747130e-01 -9.0664003711739341e-03 -7.7011048525212261e-02 1.0283673309835099e-01 -2.2373473402946911e-01 1.4284258448657880e-01 -7.6771997970095679e-02 -6.6759548246274267e-02 -1.7533891972109420e-02 7.4232805570509583e-02 8.6489499229447639e-02 -1.4901761431687011e-01 9.6891250262498341e-02 -8.9321512209234691e-02 -1.7874557938176570e-02 1.6933006566681300e-01 1.1329047287114841e-01 1.5897094319444019e-01 1.0685259282891769e-01 7.6074616865045519e-02 1.2304535713814869e-01 -3.5500730248724223e-02 -6.7454883907160498e-03 5.7469818083869029e-02 1.0528077753885789e-01 -5.1998402454561957e-02 -4.2673846121131821e-02 1.6527968120816802e-02 -4.6914826784701387e-02 -7.8971019496294672e-03 1.7350203714270721e-02 5.8130204393150628e-02 -5.4000589420517019e-02 -2.5801647546942891e-01 1.8176346166139110e-01 3.4524063346276952e-02 -2.7125195900527190e-03 -1.6369210360327219e-01 -3.8686564970556878e-02 -7.7866767784303143e-03 2.2379492172918319e-01 -6.1100569737685554e-03 -3.0966306539325559e-02 -5.1801362532618987e-02 1.1054520292895820e-01 1.3978595002604791e-01 9.4075735815728881e-02 3.5882300865285210e-02 -8.1794392270674490e-02 1.1912666117977230e-01 5.6054543294518547e-02 -1.2280289439407829e-01 -1.0299903650212300e-01 9.0861813027548321e-03 -6.3723982451252409e-02 -2.9933196881764580e-02 1.5393874924237000e-02 -3.9744834022520513e-02 -4.7495718952928458e-02 2.0077961572298561e-01 -1.2560070760931169e-01 2.2372159729390961e-01 -1.4305571102065900e-01 -1.9878012928246960e-01 1.5417521968301159e-01
1.1854292918226530e-02 -1.1174290010262131e-01 3.6300848240688757e-02 -8.9076440244732366e-02 5.8442723883629063e-03 -2.3358653140561181e-02 -1.0757591733206510e-01 7.3901713718277778e-02 4.4536780853870112e-02 6.8702553513470419e-02 -3.0251437004904860e-02 8.2535193495118786e-02 8.6723281314497830e-02 2.0615181483393859e-02 -6.3688648407460276e-03 1.0135755249156790e-01 1.7285835443008030e-01 1.3037658357456419e-01 1.8753759834756311e-02 -1.5077551796141109e-01 7.4507871627383301e-02 -7.8288707879877142e-02 -2.7736575947070369e-01 -6.3002075871910673e-02 7.3711134859626784e-02 8.4239941372119403e-02 -2.1361215729869970e-01 -1.1090482654045970e-01 -6.7729216798230435e-02 2.6956665064486310e-02 1.1882846695437431e-02 2.3231440339203529e-02 -1.2512025189716361e-01 -4.7706749626143997e-02 -2.1625845108126589e-02 1.2498918889122540e-01 8.4212103660352741e-02 1.0440942244932500e-01 5.0932309710427441e-02 1.2239704767453760e-01 -2.0583341340706669e-02 3.0519570191787311e-02 1.1293464215806490e-01 5.4123632079745463e-03 -1.0560987304713169e-01 -3.9467178851397347e-02 -1.7971518355490279e-01 4.3015861964676917e-02 -7.1890251118114423e-02 6.1743826234148067e-03 -9.5044569265519338e-02 2.2799370323177101e-01 -2.2062246462263391e-02 -6.0445622203207761e-02 -1.5273300469867379e-01 1.3357815527186950e-01 -1.6302223829042009e-01 -1.3513831340555410e-01 1.0215228255043390e-01 -7.7809955168081785e-02 -9.3954372454097268e-02 -9.1445052100530513e-02 1.2238596523488909e-01 1.2737676277420459e-01 -8.7084689048485125e-03 1.9589309728508471e-02 1.5756081384500589e-01 3.0007406004922101e-02 1.0370426106004391e-01 1.2400204998748000e-01 4.0730279543225827e-02 -9.1791954303198614e-02 1.7849981979234202e-02 -1.2818689049527901e-01 5.9559187515226847e-02 4.1745814603810188e-02 -8.4760803564609480e-02 1.0506969267731810e-01 1.4373711650995699e-01 3.4937507002901109e-02 6.4555882030889175e-02 -1.4986061821172051e-02 1.6420220185721551e-01 4.6070857911614867e-02 -1.5716579085858318e-02 1.0096756907847230e-02 -1.0259391739319880e-01 1.6412463395244781e-01 2.6497655428483768e-01 -7.5124399654159110e-02 5.2988094283480322e-02 -6.4027955541390458e-02 1.6304034115394711e-01 1.1927331193456250e-01 3.4493540427707199e-02 -3.7860375209692362e-02 4.4857266591700473e-02 -7.3039784208684226e-03 -9.3898292529523281e-02 6.3757638122982588e-02
6.5891608610408908e-02 -2.7576783055632680e-02 1.4703860500304750e-01 3.6099694828902677e-02 -1.4384498418685099e-01 -2.7225556240992960e-02 -2.2302910268256520e-02 -1.5681407599727151e-01 -2.1064593357247879e-01 -1.3248509957723451e-01 -9.2269660464362455e-02 -5.7558822701681507e-02 -9.1513485018172955e-02 1.0878509562332470e-02 5.5287182129156773e-02 1.1753548233551800e-01 7.7899595787180698e-02 1.6687590154397561e-01 -4.5606642210133289e-02 -1.8034624590539450e-01 1.1807742824850280e-01 2.3132720013877631e-02 6.5702689489751609e-02 -1.2001913928518200e-01 -1.3344670480545759e-01 -5.7745962189979627e-02 -7.1780777444272479e-03 2.3878715890658120e-01 1.0925366315043020e-01 3.9235704521142483e-03 2.4006136871201861e-02 -2.3124509996640081e-02 5.2942739065919217e-02 -1.8634205850117169e-01 4.6579937073451573e-02 -9.1741939831992553e-02 -1.2962233652866131e-01 -7.5445671171047723e-02 1.4324439883433809e-01 1.1195466520715130e-01 -8.7174468090912893e-02 1.4640154524323881e-01 8.0382220491183584e-02 1.2784838999921480e-02 1.2672110450654331e-01 -6.3945704112355860e-03 -2.3881540997491811e-02 -6.9937202302558565e-02 -3.5917617748560053e-02 -1.5337265133514050e-02 -1.2216299312563880e-01 -2.0069609528254040e-02 1.5889157721652489e-01 -1.2515930725769139e-01 -7.9454698348505590e-02 6.0104888494113690e-02 1.6117792914837260e-02 -4.7721913871982651e-02 2.4111842808232789e-01 6.4285876150288038e-02 1.1085527197730770e-01 -1.5922972754034169e-02 -4.2865909508257402e-02 -2.1751612139729659e-01 -8.4475468368647250e-02 3.7971313202281913e-02 7.6817047818151579e-03 7.4280292742335788e-02 -4.5710708496818811e-02 -1.1059458852130021e-01 -2.5393932224445109e-02 -1.0574627909485060e-01 6.7168456326992783e-03 2.7586344388696060e-02 3.8530766561594099e-02 7.4701204236602313e-03 1.0718497334990670e-01 -1.2798144302652720e-01 1.6331053012691801e-01 1.5001351515420580e-01 -1.9916148098966049e-02 -1.6925215674113949e-02 8.8848232398502994e-03 1.1613079924793650e-01 9.0919040417086497e-02 1.8269044209939539e-01 9.0094202980605761e-02 -4.0868154219006773e-03 -2.8011209132452902e-02 -9.6931782737024116e-02 1.5516467168828069e-01 -3.4914084015770980e-02 8.8018109743219969e-02 -7.5276744688196090e-02 1.1145042689862319e-01 5.5656694825384580e-02 -7.8109628224972236e-02 -6.8180825684272889e-02 1.3919349943585199e-01 5.2243881447290204e-03
-1.4302868736782501e-01 -8.0597205091685664e-02 9.2431197184545802e-02 3.0006958905512190e-02 1.8654763276515809e-01 -8.9731812605406108e-02 1.9232329145679489e-01 1.4767988756999410e-02 -4.3045486312145477e-02 -2.7545160083993631e-02 1.6250922494596409e-01 2.5460224722227202e-02 -6.6632495842198602e-02 -1.2279578565225130e-02 1.8426612685305890e-01 8.6359505698906311e-02 9.1687754755755010e-02 1.2322754518291980e-01 -2.4233344922635690e-02 2.1328973203360430e-01 1.2605224750104951e-01 1.6496620858843750e-02 -4.1532828747386029e-02 4.5075106407254602e-02 1.4397746324709729e-01 -5.8048430595734453e-02 -8.2252570978215214e-02 5.2238606111852139e-02 -1.1755098474251439e-01 3.4022783594739670e-03 1.2050536182443281e-01 -3.2472263703768961e-02 3.3288127109628390e-02 4.0914938391630337e-02 7.8763618741049757e-02 3.9600664835361142e-02 -1.8301076841285391e-02 2.1257921586412551e-01 -2.2576168682762621e-02 -1.2212094457533799e-01 -8.4109486450444595e-02 1.9602167888925970e-01 -9.9248114401054216e-02 1.1837857792477099e-01 2.0120597214368721e-01 -5.0201596193449063e-02 1.4921071705328881e-01 -1.2152431491995699e-01 3.9058804028512042e-02 3.7807003724334900e-03 -7.1536285009903583e-02 -8.7679339397165046e-02 -2.4871181943634099e-01 -1.4179149082054221e-01 4.0121979397729310e-02 -4.1717908083315283e-02 7.2262948627958040e-02 -6.2549853615668408e-02 -7.8376265766191333e-02 -4.7450778016370890e-02 -5.4737549499393780e-02 4.1541246498084057e-02 1.3513648675704251e-02 -9.1979336460176600e-02 -1.2641054052797980e-02 3.2477694420806683e-02 1.7486340160947059e-01 -5.8907958353318107e-02 6.1500227332528121e-02 -3.2979612429227527e-02 -1.8987439192511171e-01 -7.2402087734847700e-02 1.1921285927470870e-01 4.4287747655183472e-02 1.8059324766699730e-02 -1.8772928748676740e-02 -5.5494528513355942e-02 1.3871548637725789e-01 1.9888730280954289e-01 4.7143166730001997e-02 1.5832052671471031e-01 -5.2458553182860711e-02 -4.9061215212311902e-02 -2.1357606788502091e-02 -7.5021524607609455e-02 7.0262446876398132e-03 -5.3926959145919953e-02 6.6560008316587038e-02 -5.5299641636313498e-02 -7.5056037708221852e-03 1.0241367027113080e-01 1.7139167967409431e-02 -2.4999352451736301e-01 2.6946938484374461e-02 5.9614048706676567e-02 -6.8846533712564509e-02 6.0365871934325278e-02 -6.9936778225224740e-03 5.3246880374820747e-02 7.6265475496837154e-02
-2.0818380695359909e-01 -3.3583357631121850e-02 2.6150440642849831e-01 -7.2990535407119569e-02 -8.8619918416923696e-02 -9.0823760360620523e-03 1.6055041971976181e-01 -5.4757886208247057e-02 6.9545061880258122e-02 1.0511384195730759e-01 -1.8959964026036120e-03 9.0547831256314520e-02 -1.0023207756913130e-01 -8.1238711708628203e-02 6.1500583582677758e-02 -1.3744200193156230e-02 -1.8660031092084219e-02 -6.3919465208246096e-02 3.3676523107813473e-02 -5.0800527892576428e-02 -9.0499083998603985e-02 -1.3116395445890150e-01 1.0601797654794140e-01 -2.3406332014229120e-02 -1.4333803439504381e-01 7.7297614532661763e-02 1.5198510637790849e-01 -1.4109390757865209e-01 5.5682510238309488e-02 5.9238460056689701e-02 2.3111258229546201e-03 1.7572271383360791e-01 1.1966809040614781e-02 1.0710649928972570e-01 -1.6516047921200411e-01 -1.1139687113066250e-01 -7.9554250772472329e-02 -6.4204341696465675e-02 -6.6190461681820453e-02 7.1396427007943908e-02 -1.9833684411194971e-01 5.9858957186201571e-03 5.2929536658612428e-02 2.2901132784131851e-02 7.4991369369469220e-03 1.4566384473503141e-01 4.9691936057274302e-02 -2.3960232543235611e-02 5.3585074757315169e-03 2.5432020477279982e-01 1.8815818221544051e-01 9.3206413740981597e-03 1.0405476288833670e-01 1.4665330416937691e-01 -1.1076290006733430e-01 -1.0248760677442460e-01 -3.8597580230760473e-02 -5.3816455492072812e-02 -2.5181046027426421e-02 -1.8199889460081161e-02 -6.8720590565383771e-03 1.0557031638489250e-01 -2.3279971042125189e-02 6.8412188997042836e-02 6.3999104518522129e-02 9.4053728391486513e-02 1.0699059359442629e-01 -1.9961625596683749e-01 1.7391581473108461e-01 -3.5780416941480778e-02 9.1048429940327608e-02 8.2723478467096739e-03 1.5247427368431671e-01 -1.1417792429753271e-01 -6.6456540825331964e-02 1.1844481935552430e-01 2.0410250261358499e-02 -1.3724014152894551e-02 3.9326134143815007e-02 1.1232987763103640e-01 1.0579435728966180e-01 -1.0749947803619030e-01 -2.2155819741460009e-01 -1.5390757703704529e-04 -7.2132013323465888e-02 5.4270765635032331e-02 -6.1267607445489184e-03 -8.7385117849667331e-03 2.9167812649579069e-02 -1.2009293589700180e-01 1.5572650601611551e-01 -6.5367858620217273e-03 8.7681680567921388e-02 4.7061333762349722e-02 1.1779162853233199e-01 -1.9333123832561271e-02 -9.2448936865021682e-03 1.1120168206746181e-02 -1.1399348986176210e-01 4.5726122019798282e-02
1.7395508141942631e-01 -1.0324381315295660e-01 -6.3126308101241396e-02 3.0387899346430011e-03 -9.8277237733459727e-02 -2.6600483688270019e-02 -9.0142452240301985e-02 5.0016085726980582e-02 1.8837323407369011e-01 -1.4388722381791999e-01 9.5562345156615880e-02 -1.9056703336455749e-01 -1.1566398494645851e-01 -8.5697882306470102e-02 -3.4262569094096721e-03 2.0255211710399409e-01 1.1064238176512090e-01 8.5160724665459223e-02 -6.8580350696270068e-02 6.7941383522130291e-02 -9.6599151715891882e-02 1.3363700271474949e-01 9.9122289247975615e-02 -1.7735206874271419e-03 -1.7703734993310700e-02 -1.8817828561372729e-01 -1.5067985839460099e-01 -1.9090688744896259e-01 7.4674712029121723e-02 -3.5269194508161510e-02 -8.5953128337893397e-02 1.9670595136711350e-01 -4.0356213697856372e-02 3.6606951607543882e-02 -1.4440652604453899e-01 -1.0981991025903829e-02 2.9727085073484559e-02 -4.1940776343978317e-02 -6.5855774886644930e-02 -1.3221507051145809e-01 1.9015012116419469e-01 -1.2998854590368900e-01 -4.1506682432657691e-02 -1.5817469049455361e-02 8.1477955645650246e-02 -1.7005605724127201e-01 1.6808523795902569e-01 -8.2493782637178770e-02 -1.8958499089229669e-02 2.4271376894459788e-03 -2.6794667124690131e-02 -5.0170239814664980e-02 6.1967386270387663e-02 2.1780387613253700e-02 6.2945774798013479e-03 7.0610601286792918e-02 -1.6512876003686860e-01 -2.0795022565150641e-02 5.9680491219680873e-02 -1.3948570249969610e-02 2.4181534393388150e-02 4.6843714322210968e-02 -3.8661576216642977e-02 -2.9441909269525830e-03 -7.1693678049972995e-02 6.3132458142722077e-04 5.1130201346403892e-02 -5.6657245498363297e-02 1.1696927566659700e-01 -6.9220397722803487e-02 -3.7257983393184417e-02 9.7547998746525897e-03 1.5837830550167149e-02 -8.2722603630291880e-02 4.0478166887057153e-02 -7.4340934203284678e-02 -1.1627536978151939e-01 -3.2100082558358847e-02 -2.7696144842075231e-02 1.0188491938635869e-03 -1.6947372064067070e-02 -2.1168540045253390e-01 7.8805781240483430e-02 8.1909181361448882e-02 7.5242508619231915e-02 -8.2463309226967096e-02 -5.3394901227448131e-02 1.7888767463678752e-02 -1.3197367410997449e-01 -2.0092952713188050e-01 7.3980707628782852e-02 3.0587137365554989e-01 4.5728347341664713e-02 -1.3228121269243789e-02 1.8801869188472591e-02 1.5965414809104159e-01 -3.3939499178169387e-02 4.9678324000179457e-02 -6.3191947094236312e-02 8.7590944635850834e-02
3.2053960707523338e-02 2.6210450095788020e-03 -8.1923078659511428e-02 -5.9611088436858202e-02 1.8896829585457461e-01 8.1235434165001327e-02 1.0322782674251720e-01 6.3514641509467284e-02 1.2509792060202701e-01 4.2619630280572147e-02 1.5855596294597571e-01 1.4026110261161981e-02 3.9173344136828762e-02 8.1243073618318378e-03 8.0689605877492590e-02 -2.0730806071855781e-01 1.5479264265264911e-01 1.3183806590966729e-01 -8.8712752013056312e-02 -7.6333029514970743e-02 1.3491751585922279e-01 7.0284946465340364e-02 6.6400489191741519e-02 -2.2781988854217869e-01 -2.6747650820670179e-02 5.0447628359712199e-02 1.1936046720998331e-01 -3.5116192363189191e-02 8.7912192694812527e-02 -2.1355335511195010e-02 -4.1926461848665497e-02 -9.7459187825693662e-03 1.4293070381944811e-01 -1.8084287110836900e-01 -5.3069371338666668e-02 -1.0539680305327170e-01 6.4620969912250623e-02 9.8291654424109143e-03 1.0585837655177779e-01 -8.8326728037435479e-02 -9.6841900954341045e-02 6.1850556655661651e-02 -1.8025028614928520e-03 1.4635493362280391e-01 1.0447748417884430e-01 -7.1414692476901381e-02 -6.8355428323505357e-03 1.2889361416438669e-01 9.0354487670927353e-02 -1.0417907182051040e-02 2.4457271170788681e-02 4.6524627440837830e-02 3.1240778217719950e-02 1.2522405478396839e-01 -2.1950247622674840e-01 2.0075331596944711e-02 6.5230577536598708e-02 1.0043223128230680e-01 -1.6277314023427669e-01 7.1709459911420373e-02 -1.7462285617635601e-01 -2.8772518040048389e-02 3.2266766261142943e-02 -6.8419952473827858e-02 -2.8265183098483641e-02 1.0525044378022010e-01 -1.2111162645711079e-01 -1.2034114970439980e-01 6.2818501578080943e-02 1.1595442283632811e-01 2.5064667717412409e-01 -3.4299683438956750e-02 -3.1369549279009291e-02 1.5581165440631470e-01 -1.0228697164737539e-01 -5.0467471273900402e-02 9.9167811924085233e-02 7.8924848593447353e-02 7.2954800157443142e-02 3.4369673721986647e-02 -1.5009137592495209e-01 -1.9695982170445520e-02 1.6485578064978881e-01 6.1004236901538243e-02 1.8547799126022960e-01 -5.8921693220526927e-02 -5.7784696322073233e-02 -4.6909078199078108e-02 -1.0362722287486251e-01 -1.1301358098087100e-01 -7.6339038753031177e-02 3.1001909539818309e-02 1.6370625021476400e-02 1.0714463579124810e-01 -4.5608403493127593e-02 2.3385431827584329e-02 7.9545953327739449e-02 1.6788047728891552e-02 3.6885558002835758e-02 1.5643899152499471e-01
4.6611714913808257e-02 -6.8229388111037667e-02 -1.0418209436466540e-01 4.0311774724959427e-02 -6.8165988135188552e-02 -3.0019698397761838e-02 1.5665716188926379e-01 2.1639049722769621e-01 -1.9616947883164360e-02 9.9611143344731215e-02 8.4598889871370375e-02 1.3792068542084091e-03 -1.1538149507766481e-01 -5.3781106373537259e-02 -1.1747501564152560e-01 2.0494562121623980e-01 4.5216942829933479e-02 -6.2861878659295170e-02 1.2635709923080030e-01 -1.0712398621883480e-01 -1.0539782943417871e-01 -9.3510956202931303e-02 -8.3044382746614454e-03 2.0125694079384030e-02 2.2107720047758891e-02 -3.2005199233984503e-02 -2.7981999472349521e-02 -1.0093668516810760e-01 -1.2823530839247449e-01 -2.3554618955252252e-02 -4.8244728903840649e-02 1.0889099852187860e-01 -2.2346174509647609e-02 3.7435899819782889e-02 3.8303654864216663e-02 -2.8972026736738932e-02 1.5661458896388841e-01 8.5011511115704902e-02 1.6375083214021380e-01 -9.4767093426928226e-02 -5.3565509693805337e-02 1.3748747602080430e-01 -1.0478581111960091e-01 -3.7833698755878227e-02 1.7160604047018599e-01 8.6847814824349251e-02 2.0220107994890719e-02 1.5866335495503539e-01 -8.2603001347613843e-03 2.2012540107457790e-01 1.6708503024081511e-01 -6.2851592954855139e-03 5.2712666128125918e-02 -2.9883442621608591e-02 -1.5287220969823609e-01 1.3003121223705130e-01 -2.5840413344623461e-02 4.4837607111197608e-02 1.0084454513394150e-01 -1.7857712878510129e-01 -1.1798312114080170e-01 -2.0034399545745621e-01 -2.5314704980869379e-01 -4.0042857778403808e-02 4.7133193682753587e-02 -5.7011091904723837e-02 -1.4001643596419880e-01 1.0196083188920500e-01 -1.5720223969613409e-01 -1.1209218376600780e-01 -7.6870347968759717e-02 -5.7571314949824162e-02 -1.1392826164449990e-01 -4.6348687681047322e-02 -1.2022229305875710e-01 2.5840407305524601e-02 2.6263399489944210e-02 7.9843560148283848e-03 7.6711591050057176e-02 -7.9398096216958605e-02 1.4788004700246641e-02 1.4313815717358189e-01 -6.8281113254584289e-02 -3.9242874118603334e-03 9.0809374231878376e-02 2.5799550151975712e-03 3.3237796452220997e-02 9.9184644480987724e-02 -1.0484806466558760e-01 -1.5539526795966960e-02 -9.1353337950768873e-02 -1.0099671282329691e-01 -2.4462929441120690e-02 -9.6779115806504036e-03 3.8910443207320768e-02 -3.6238691805642077e-02 -1.8152327123952430e-01 1.4109032339915431e-01 8.4084430246368497e-02 -2.1736526831461191e-02
-8.3628446919584765e-02 -2.3640207746441741e-01 -1.5744434832971271e-01 -7.3440965649896439e-02 -1.5582555272973430e-02 7.0227162698505347e-02 -8.0884001865619018e-02 -1.0199400595112260e-01 -2.0772981870412899e-01 5.1670380778786842e-02 3.1507631601291042e-01 5.8442344939306071e-02 -5.6431052261196588e-02 -1.3599269719290011e-01 -7.8230511039305076e-02 6.2898224920483789e-02 -1.4681512516711279e-01 -3.2052446411537101e-02 -4.0689378637031308e-02 -8.5805420975220578e-02 7.3326051759530324e-03 8.8673173868200089e-02 9.2277195358645453e-02 1.6610161461360139e-02 2.9642358344803599e-02 1.2946464090648341e-01 8.9810306105974708e-02 4.4338158213932458e-02 7.7645551750264691e-02 1.6052511306168159e-02 -2.4258003817150100e-03 5.3897254598709428e-02 -4.5194710411336117e-02 1.6165206276252780e-01 8.8731881694204220e-02 -2.3142677213631399e-01 9.0241996207721942e-02 2.9134030558887081e-02 6.6829796611666242e-02 4.2811753247254697e-02 -1.6319232017650870e-01 1.3619970796829089e-02 7.5831459647796778e-02 -6.6491908796291674e-02 1.2463621586256041e-01 -6.7542903437605136e-03 1.6674088052107969e-01 -1.1542600426751271e-01 -2.3945451141657109e-02 2.5521474617494540e-02 4.6686053293875138e-02 8.5779483311142338e-02 -7.0656495068768824e-02 1.8710897120367359e-02 6.8711134464736048e-02 -6.5378044376489988e-02 -2.1640575522483801e-02 -1.1169206971806341e-01 4.7866116748721078e-02 1.5662382747680059e-01 1.5910232823504129e-02 -1.7108236129425450e-01 7.4627863893317672e-02 4.2130481554973807e-02 -9.7118879014843756e-02 -9.4127419911150451e-02 -9.2207832160958014e-02 2.9474778319526451e-02 1.4045237710374050e-02 9.9640937034191052e-02 1.0324492829501690e-01 -2.3934208528982689e-02 -9.9244405396452059e-02 -1.1314030885134430e-01 1.3632135086785291e-01 2.8656631376749651e-02 -5.0817083115294252e-02 4.7690842871910867e-02 -5.8222834863245768e-02 -1.1317631357832170e-01 1.0050617753767339e-04 -6.1075170507965897e-02 2.6110209462218759e-01 -1.9846429841371649e-01 -8.2915192586995548e-02 -5.8910228123168387e-02 -1.1702396142357749e-02 -8.1437734886866425e-02 9.6614128032533400e-02 4.3337563996805689e-02 1.4667264569699609e-01 -3.8674724776184582e-02 -4.4187424862298673e-02 -9.4531676039114776e-02 -6.9493751719055846e-04 9.0100662645504842e-02 -5.9347164581013107e-02 -7.4633990088522492e-02 2.5969146729618729e-02 1.2457608430956670e-01
1.6891590181033070e-01 -2.3126212564627199e-03 -4.3434113767092213e-02 -1.1267682264003589e-02 1.2041053072741981e-01 -1.0053488802173461e-02 -1.0348824790790251e-02 -6.2256099504888293e-02 4.7620857611141910e-02 -3.4173919093074913e-02 -3.9781010587418203e-02 1.3983687739205580e-01 5.0276708289697249e-02 1.6715840114700311e-02 4.6502269885763149e-02 -5.9125799336188750e-02 -4.4589006409260577e-02 -2.0736630699810291e-01 -9.5175618722027844e-02 -5.1925420745352413e-03 1.4641570644559709e-01 -1.4928230639880241e-01 -6.4776813449042736e-02 -1.7114754384798050e-01 -4.7430430843095332e-02 6.0199771435770100e-02 -1.6067160869436520e-01 -2.9703297847685439e-02 7.0566486262104239e-02 -1.9539831384375619e-02 -2.2545798290443810e-02 2.1634194998452522e-03 -8.5412696115081746e-02 5.2142147143748867e-02 -2.3055244615749010e-01 1.2474038945937610e-01 1.5761318269380090e-01 -9.4060278966590610e-02 8.5530006383293625e-02 7.0388522861208322e-02 -1.1579660440749449e-01 -8.5652280383804680e-02 -8.3905428164717133e-02 1.9275555959056281e-01 1.9118310379837031e-01 -5.7981027407673483e-02 2.8176440309797181e-02 4.0085857386126848e-02 5.3668681790152432e-02 5.1051958235350359e-02 2.1836055509738640e-02 -3.4012187971420360e-02 -2.3963994999736450e-03 1.0529796195057610e-01 1.3257822889967580e-01 2.2153783748591949e-01 1.2604626048369680e-01 -6.8820263039575030e-02 1.6115842327997421e-01 -3.1204677911146950e-02 -5.5106944385269738e-02 -5.8212367063041268e-03 -1.4026763125155450e-03 -2.4201815484021200e-02 5.1297324566464339e-02 1.0784556231661290e-02 8.6549417239266471e-02 1.7320869157925931e-01 -4.0603853617011888e-02 -5.3926079155092350e-02 5.1064979070546537e-02 1.5648072539206359e-01 -7.1324184264384083e-02 -3.3029397007419838e-02 -3.6413022356813617e-02 -3.7539281400667208e-02 -6.5870870593430053e-02 1.2300949523911879e-02 -3.0425619503066180e-02 4.1889119277176083e-02 -1.2442285889436210e-01 -2.2293092394039271e-01 -2.4019334294825659e-01 -6.5914189259330930e-02 2.4553532299442168e-03 -7.4796545277166698e-02 7.6198694803785430e-03 3.2130734240946507e-02 2.5320213163122579e-02 1.6801401557526430e-01 1.3592992279919991e-01 3.0521788245751011e-02 -8.4369340249472485e-02 -1.0789303829851930e-01 -1.0888074683153890e-04 -6.1136679652506867e-02 -1.8113418273001291e-02 -2.5067158917129229e-01 1.2359688345436280e-01 9.4661375228093758e-02
9.5879557339923187e-03 -3.4988943264534278e-02 6.4021028066368361e-03 -7.7793387334925496e-02 1.1244044762654019e-01 8.9340737218042365e-02 1.5269744296356069e-01 1.2584847537307301e-02 1.3830851015037959e-01 2.4771986222065959e-01 6.9006245309759892e-02 -3.4342362541813942e-02 -2.9713660630054859e-04 -1.0114304465662400e-02 6.2518714798646582e-02 6.6064094726781307e-03 -7.8233457297989209e-02 3.9956673537083001e-02 3.9833267213228614e-03 -1.6104413126712480e-01 -1.6378653298647280e-01 3.7733260719872738e-03 -2.1138035382657661e-01 1.5601976315318879e-03 -1.4923615842639840e-01 -2.5521815192597141e-01 8.3298816906318157e-02 6.8680506726041021e-02 -3.6357451194707888e-02 1.0288274285930241e-01 1.0017709346817050e-01 4.5087191865784942e-02 1.0477640673434870e-01 -3.7245235682394982e-02 -7.9480188873960137e-04 -1.9032286952213141e-02 4.2097124591330568e-02 -1.4736451574207131e-02 9.0118681794490122e-03 -6.6083290226392227e-02 -6.4714447830079888e-02 -3.7691816560225980e-02 -3.0202267979868840e-02 1.2504467521256879e-01 5.5562654115218109e-02 -4.3985339555693427e-02 1.1584243836613080e-01 -1.1367160930659180e-01 1.1680153827452980e-01 1.9865728188503261e-02 -2.7002518562841679e-02 4.0501857039683432e-02 1.3681582340077009e-01 -2.5434760103416132e-01 7.5683072348878430e-02 1.5815386124321221e-02 6.9395253616202274e-02 -5.7813083714638010e-02 1.7219641138873590e-01 -6.6180554078189416e-02 -5.6939993475023633e-02 2.8133609226362749e-01 1.6701568367628439e-01 1.2388300017155840e-01 -1.5202881966710250e-02 7.6380808080433141e-02 2.0774775039711549e-01 6.2768531456828994e-02 -1.1896874745397550e-01 -1.5324897519747600e-02 1.2856073373984670e-02 4.6026522157256743e-02 -1.9272524846880040e-01 -4.6174810606648332e-02 -6.3331701798751772e-03 2.7689309182492829e-02 -9.2235090430542621e-02 -1.7316125491635598e-02 -7.5953672463970334e-02 -4.9562384002928950e-02 -6.5413103650048168e-02 1.6710849712489731e-01 1.3474109602201509e-01 4.3618604227661131e-02 -3.0410576779385141e-02 -4.4594388860082802e-02 5.0225546881059027e-02 -1.6818176384377859e-01 -1.2417012507600420e-01 8.3530135006518028e-02 3.0577215817040600e-02 -6.8075865823725337e-02 1.0782446523848260e-01 1.7018021590678431e-02 3.8779831877459259e-02 7.6207957083132466e-02 7.0603850511651495e-02 2.5664499939364791e-02 -6.3932209305590723e-02 -1.1665864641436539e-01
-2.9088234581528281e-02 1.9945283762376299e-02 1.4968052114173619e-01 -7.2013998632575654e-02 5.7150854988928914e-03 -6.6073734867928419e-02 -4.8362476163342346e-03 -8.9663298266491762e-02 -3.6549165255058677e-02 1.6042661929226931e-01 8.7547854201057207e-02 1.3537813912382341e-02 6.8450687185298412e-02 -5.3155873116191542e-02 -2.2464077492657469e-02 2.0671379584520899e-01 4.6304885337334477e-02 -1.1645567295416080e-01 -1.2779691562236939e-01 -1.6698641222697669e-01 -3.8897331837699792e-02 -3.8015887073772667e-02 -3.1064640410835339e-02 6.3741312535322350e-02 4.7482535095594719e-02 -8.2677233165233635e-02 7.1489664132495426e-02 1.5824629343285029e-01 3.4555675931161142e-02 1.0716706410175141e-01 -1.0003852344278159e-01 -2.2259168622006750e-01 -1.6404980485104340e-01 -3.7467513797136712e-02 -3.1760567305112779e-02 -3.9068136200664919e-02 1.2105237950565860e-01 -1.6158511793425889e-01 -1.5427359985020089e-01 -1.7641469436375551e-01 4.2037977817248703e-02 -8.5949204053749520e-02 -1.7043474719081700e-02 1.1977541936702760e-01 -3.6888018696260419e-02 -7.6379522209568014e-03 7.3385188093082632e-04 1.2177732027597241e-02 4.5597119263011091e-02 -7.9670728597456802e-02 3.5207342901983497e-02 1.3892863176135539e-01 -1.0607239059183129e-01 6.8296034495809066e-02 -1.1653939231180090e-01 -1.2018605867060319e-02 -1.3626940180052949e-01 -8.8885106978895484e-02 -7.6705794080169309e-02 3.2058295997010101e-03 -6.9858256422660581e-02 -3.5146298386486322e-02 5.9788584538039723e-02 1.0736578118301541e-02 -9.2315573368773288e-02 -2.6854216208945397e-01 -6.3444989098360619e-02 -8.9497638746149827e-02 -7.1755542693663132e-02 -2.6295464027021320e-02 4.1567774727401093e-02 8.0770362695440259e-02 3.2185284799559469e-02 -2.1565899128535279e-01 4.8771170106702372e-02 -5.5471675008892593e-02 1.1031086495513159e-01 -1.2685940469141371e-01 3.3782034027620721e-02 1.1144275631430750e-01 4.2438045730380861e-02 -4.3133404608739240e-02 -1.3670469006142339e-02 1.2782996986161571e-01 3.5796546156131211e-02 7.3745473145824136e-02 -5.7086614370348822e-02 1.2009991490333589e-01 -2.6501812685880882e-01 -5.6008466721167618e-02 -8.1625052658376024e-03 -2.3983866941594632e-02 -1.3268946424781600e-01 -6.5972974556222884e-03 -1.2229131575702371e-01 -1.7390182658456749e-01 1.6273265080277269e-01 -5.8246349038076337e-02 1.3144302888911011e-01 -1.0386243869393071e-01
7.8286735970004101e-02 -3.1286694386020601e-02 -1.3165228295919609e-01 -4.6967930521701912e-03 4.2434633891819308e-04 -5.2472566817843472e-02 -1.6976740815222721e-01 1.1021070984281090e-02 -1.1876781732592330e-01 -1.8274534095953029e-02 1.7829245409358620e-02 -9.7872852588586745e-02 -5.1738517627742453e-02 6.0978595929223327e-02 8.8355190839419076e-02 -8.8110403317836108e-02 -3.4354254574439337e-02 1.3114858438564420e-01 2.3126227021096971e-01 1.3059880135370611e-01 8.9787900229067089e-02 -1.2668222255666831e-01 1.1046480762082441e-03 -1.8432290572196480e-01 4.3477371246914712e-02 8.8904932323230296e-02 1.6034926431554589e-01 1.4592444457004390e-02 -1.2027012713138620e-01 1.8763315002088399e-01 8.6272761084043831e-02 1.1564003528861840e-01 -9.9382374635301612e-02 -1.1045325084658431e-01 -2.6603663621125949e-02 -1.3918843377983589e-01 8.7499603615502797e-02 -1.4858074855751861e-02 -1.1435435580820170e-01 -7.8097646966808570e-02 5.2975047112289141e-02 -3.8203241633848778e-02 -1.8337793449991741e-01 -6.9541478406498179e-03 -1.2791090751730169e-01 2.0801499242074240e-02 4.5882466155768027e-02 -2.2673259568006188e-02 -1.4443047537994380e-01 -1.5674735654650260e-01 2.0031941685576779e-01 -9.8403577144873453e-02 -6.8325409078769730e-02 -4.2920655544746882e-02 8.8424680114868134e-02 -3.7967797471720167e-02 -6.2247709672514674e-03 1.0611423013258989e-02 9.3539328278415740e-02 -5.8717521252198188e-02 -1.6636636174633321e-01 1.2784268830916440e-01 1.4122908204338480e-01 -6.4161126874965283e-03 -8.7968058784110084e-02 3.2067904349887023e-02 -1.2685346139498840e-01 6.9737424416739760e-02 1.4129525265597879e-02 -4.7716743106539179e-02 -5.7210122092727148e-02 4.6532136223048449e-02 3.9175130530784821e-02 -1.0382734939217880e-01 -1.0911889130089210e-01 1.2859591173970430e-01 -3.3887859877997230e-02 4.0315022541768171e-02 -8.5313631127426418e-02 2.0092716157578719e-01 8.3685166428925720e-02 7.9360754470014380e-02 3.3568650919641577e-02 5.5741764957046872e-02 4.1744090201019261e-02 -4.4756922736238257e-03 9.3958568643423600e-04 5.1127074070145960e-02 -1.1332758090113269e-01 -5.6136579347293818e-02 1.1946724835388510e-01 -6.8087769924563668e-02 1.5929640574895160e-01 7.6630712208444113e-02 -4.3615809322838033e-02 -1.8048394460103839e-01 -2.0509156107866941e-01 -1.2957666849388841e-01 5.2424206520756342e-03 1.4196783562793100e-01
-2.3001464794457908e-02 1.6428379373713491e-02 -9.9430639679870952e-03 -1.1770265497343890e-01 -1.1126084687273530e-01 1.5578420899569220e-01 1.1290270835301840e-01 1.7821397085580831e-01 1.3337490673770420e-02 -3.2846238973360947e-02 -1.2004350038663760e-04 -3.9419756238846082e-02 -7.1667363857016678e-02 5.5959424106217577e-02 2.3350865348584941e-02 -6.6089715579882163e-02 -2.6521284317013040e-02 -7.2179130845403408e-02 1.3708460063905531e-02 4.7023197599579313e-02 -2.3868207916980001e-02 -1.9720446066090411e-01 6.3811851328034574e-02 -6.5362146450459957e-02 -6.5702778014169738e-02 -1.5241816533103200e-01 9.8584887928675133e-02 8.0809824098901389e-02 6.5106048004293662e-02 1.1286002774819670e-01 8.5911150007419876e-02 -1.0303920934227710e-02 -5.1573210542251672e-03 -3.6760878635652651e-03 1.3791837944237481e-01 1.7400775818541769e-01 -7.5519944724889744e-03 9.7695581340865312e-02 -1.6673921957353591e-01 2.3170818188467571e-01 -1.9414084977563580e-02 -6.1681427518754710e-02 1.6723400867120480e-01 4.5662479402592618e-02 3.1432395336634458e-02 1.9130929955871911e-02 -2.6491204300351029e-01 3.5493785012036629e-04 5.8559645890257001e-02 1.7608475766183901e-01 -2.3559043230665429e-02 -1.0484006874296320e-01 9.3137205555924987e-02 -5.3739530233128371e-02 7.3342856779879412e-03 1.3109445487614649e-01 -1.0931472732319300e-01 -3.0816277654426009e-02 -1.9001062259125900e-01 -1.0344263815499261e-01 -6.7873767176580987e-02 2.6749312933778070e-02 2.5567080678744841e-02 -1.2725922876124809e-01 -3.5449306742879307e-02 -8.8907861990317055e-02 -1.1404613895600900e-01 -2.9877021942922511e-02 -1.0507010542705321e-02 -6.6950049739749579e-02 -1.8310682137928780e-01 -4.0542976220586197e-02 -8.1659186511335413e-02 -5.7229875806271653e-02 4.3018932493441221e-02 -3.6254931176109853e-02 -1.0334725379592760e-01 1.1408207063046270e-02 -6.2374413809862507e-02 9.3246542544679720e-02 8.9009199670519276e-02 -1.9651707782550359e-01 2.6965301979612571e-01 -1.9118735999838951e-01 8.9116342948593871e-02 -4.7973265062081452e-02 1.8717676887010690e-01 -5.5488770186195711e-02 -1.7338154446677918e-02 -6.5153792100732646e-02 2.3468518714124002e-03 7.1253548975989761e-02 -9.8316801864451769e-02 4.4618086874232644e-03 -8.1498584631785928e-02 -6.2833555020601534e-02 4.8762260615250803e-02 -9.8479437053846805e-02 5.3926318981937872e-02 1.1174182326951181e-01
8.1682288772869458e-03 -4.1984471995469303e-03 -1.1071185196121970e-01 2.2385432948360981e-01 6.2666332977377601e-02 -7.8069278204642824e-03 -1.9516736895618760e-02 1.4999703175601520e-01 -3.8950980379247400e-02 9.4139670918062315e-02 -3.9946351588171572e-02 -8.0015410910323714e-02 -1.0920634760084590e-01 2.4806970239547720e-02 -1.1052022377207191e-02 1.2931550813492271e-01 1.1845523184764450e-01 -2.1098596086111029e-01 -1.3147527611427229e-01 -2.6255964648155390e-02 -1.1423212012598589e-02 3.4176863894925448e-02 -1.6332862437847351e-01 -1.1303407974439750e-01 1.1740315094568821e-01 1.3215614002296680e-01 -6.9912517711773883e-02 7.9400292909461337e-02 4.2647260551505667e-02 4.0118164944023170e-02 6.9600920207706390e-02 -2.0075006672526419e-01 1.2655702120242879e-01 -1.2531367670306170e-01 6.1891371415828567e-02 -3.5932486417391447e-02 -5.5635278795924337e-02 -1.5686307595114871e-01 8.1939536254268072e-02 9.1763138320812482e-02 -2.5643259262472139e-02 -1.7044849482460811e-01 8.9642266859781758e-03 -3.1448030558025239e-02 3.1925675873944917e-02 -6.1760457881007522e-02 5.3028979611512671e-02 4.9963981290392749e-02 2.4385021719127799e-02 1.4242609383736601e-01 1.0675221060692190e-01 -7.2446422785977524e-03 2.9168802765828410e-03 1.1267550600097299e-01 2.3969262855861859e-01 -1.2856905814131619e-01 2.7994477368962500e-02 5.7105409101764003e-02 1.4669020273145411e-01 -2.1868493138821671e-01 4.1671921279138421e-02 1.0559317942840070e-01 -7.2515994724255781e-02 -9.6709046079600416e-02 -7.5978994258570687e-02 1.1548361500744020e-01 -1.1128617485919590e-01 -6.3945429365492731e-02 2.1963096177246899e-01 -5.8176707442943912e-02 8.9733989056374169e-02 -1.0464131435710750e-01 -7.1065497440529229e-02 -7.9646208817374456e-02 8.9843235746248515e-02 1.2508680794610830e-01 1.4967217488810830e-01 7.7275412205475263e-02 1.9453083042718620e-02 2.8299850175513310e-02 1.2643709422134899e-01 3.5996515524967423e-02 1.1541791995189400e-01 5.9872359181511847e-02 -1.6756453786351180e-01 1.5450151336753700e-02 7.0601367906527282e-02 4.3386283598019160e-02 -7.1405660223581692e-03 1.4685304837363650e-02 -4.4061262287122767e-02 1.2518620098223121e-01 -1.1374424441313161e-01 1.1892073242452320e-01 3.5027176704749148e-02 8.4999724612370396e-03 7.4443428584451243e-02 -1.3169652094084900e-02 -1.4741692565055159e-01 1.3461298054224771e-02
8.8999386012407287e-03 1.2098463220439330e-01 -3.4978590170791413e-02 -1.0183222531054049e-01 -1.5576448080631661e-01 -6.6925862696844834e-02 1.4405434766739359e-02 -1.1454753557422700e-02 -1.4816967392563460e-01 1.4279673902837939e-01 7.0818027060775168e-02 8.5058044514745523e-02 4.6455049858495870e-02 1.2013630804370989e-01 7.1123938577554557e-02 -5.3102018993689798e-02 -5.6197021539878197e-02 -6.9907112863043692e-03 -4.1647355078603912e-02 8.7096625303321309e-02 -4.0995612705170333e-02 1.1598973836501050e-01 1.2274003984973540e-01 2.3395037788885502e-03 1.6705808542778861e-01 -7.2274609961333627e-02 5.4124757301323080e-02 -3.9303379171270969e-02 -2.7359870712357130e-02 -1.2709962049596590e-01 5.0807890274874638e-02 -1.4465268355993009e-02 -3.6941999960273128e-02 5.6808534641301381e-02 -8.9684198143987176e-02 -3.8248493470848709e-02 2.5838222091543302e-02 1.5058259629912810e-01 5.0217101582386597e-02 4.8600919681888129e-02 -3.4301591442904983e-02 -1.5386272448406019e-01 -1.3291254458912810e-01 -6.8695572699226840e-02 -5.0030756164486871e-02 1.4851034399938720e-01 6.3224718611254171e-02 6.7517534412331348e-04 -1.2377434733221949e-01 1.0831225440686000e-01 -3.0238223811543960e-03 2.1271375802789111e-01 1.2220553896303360e-01 -1.3760539031761609e-01 1.6448111352709710e-01 6.4376156204434432e-02 1.3604658705046249e-01 -1.4262230122969960e-01 -7.7966010362392757e-02 -2.0995482335432511e-01 -4.6162550141781007e-02 7.0055445621336712e-02 -4.4321404849181657e-02 -1.9168398323406599e-01 -5.5534339205361161e-02 -1.2072823693601330e-01 4.2055682712234317e-02 -6.8281983586264541e-02 8.3057464302898856e-02 9.8045673850356591e-02 1.7601464449562770e-02 -5.3143247010180470e-03 -1.0817215312740960e-01 1.4014088249104689e-01 1.4211787361797151e-01 4.7954379169831342e-02 -7.4419840845482463e-02 -8.1359392144126852e-02 2.5249860908556632e-02 5.5537651903983569e-02 -1.8417603604518240e-01 -1.9183319289843631e-01 4.0045553709876234e-03 3.7725392312300171e-01 2.3492747037241791e-02 3.7818294665386250e-03 -4.6643876612604128e-02 -1.5785824146973441e-02 7.6779427868431491e-02 -8.5772156312901068e-02 -1.1243999390551600e-01 -1.2665791748883209e-01 -1.4718713299906760e-02 -1.5668730572971482e-02 1.3195746695882330e-02 -3.2477544157608972e-02 -2.3328506390081591e-02 3.5086291788425657e-02 1.5120597361892569e-02 5.4115502841750818e-02
2.3043139979461391e-01 6.6612019525726859e-02 6.5202383665582384e-02 -5.5190145042861072e-02 -1.0774605795207880e-01 1.5049353014720870e-01 1.3305174536023290e-01 -2.1850854253060010e-02 5.7796928597610119e-02 2.7583413199614430e-02 8.3827929032312973e-04 -5.2026231949274630e-02 -1.6537809573459389e-01 -1.5445002773057859e-01 7.0816501488695810e-02 -1.8801104335345830e-02 1.5843185259540350e-02 7.0357169003937653e-02 9.2422977138352111e-02 8.6674984018466850e-02 1.2129959245048900e-01 -3.1719194130084012e-02 -8.6963156369133404e-02 -1.1150995335542610e-01 -1.2560267988508589e-01 -2.5643145881979940e-02 2.0006711386361630e-02 1.3824522712116920e-02 2.5001472815779441e-01 -1.1563617989193320e-01 8.6978431137986645e-02 1.4202673996362619e-01 4.3943332015779303e-02 1.8480221714104180e-02 -1.4670382315173961e-02 1.3032827495110791e-01 8.3431440810842403e-02 1.4747824645566349e-01 -1.0586482133542410e-01 -4.0709292681951663e-02 1.0693783150231970e-01 -6.0793832147279639e-02 -2.4449891798962489e-01 -4.8332685248406328e-04 9.5788119138085867e-02 1.3742782813687501e-01 -7.1531235355780529e-02 -8.6279342344230796e-04 2.4302193740968162e-02 -3.8986814803483642e-02 -3.5853104243953507e-02 8.5148246299650787e-02 -8.0332806418876107e-02 -5.9967017353836922e-02 1.1699901370616431e-01 -7.6614310488662629e-02 -3.6107039270615090e-03 -1.3454627005823031e-01 -7.6799399588582826e-02 -3.7809624327835523e-02 8.3125427509844144e-03 -1.1601209815332880e-01 8.1058762893561384e-02 4.7051764360251581e-02 -8.6194558757200057e-02 -5.4665936656572378e-02 -1.4479607611811299e-01 -4.3451978589812527e-02 5.6274115826936352e-02 -7.1783588177011609e-02 2.2370385418136951e-01 -4.9076608622697922e-02 6.3770317969393656e-02 -3.4540173187430398e-02 -2.1446020094346679e-02 1.2440629421012871e-01 1.6800499380322620e-01 -2.1718417892811079e-01 1.4795459398330230e-01 -8.3908708951546132e-02 1.0420504159993270e-01 1.3998629107820310e-01 9.6857627888321703e-03 3.2316514432577221e-03 -2.3497176091731780e-02 4.3745700857381657e-02 -1.6766876159081429e-02 9.8296106417946574e-02 1.4851137059162489e-01 2.1189063579317510e-01 5.9213482891988481e-02 3.2064166563355340e-02 -4.5871576012200613e-02 -1.0585730030454260e-01 -1.2772401282414220e-01 9.3574036337223471e-02 4.2730623650581667e-02 3.5975094017536353e-02 -6.2525988122994369e-02 -7.1791065628198342e-02
-1.9608221819336130e-01 1.4159101483562420e-01 -1.7742074129870439e-01 -4.2471933758510680e-03 -6.4560143252922045e-02 -1.3227071951600941e-01 1.0948883216989750e-02 -1.4833027689319250e-01 1.4722271358952431e-02 -1.4142477690245181e-01 1.1477110396138780e-01 -2.2673797061667129e-02 -1.3871200742635370e-01 -9.0784422470749082e-02 1.3256394006847469e-01 -5.1738426647228851e-02 4.9872524690422408e-02 -6.4379862407906205e-02 3.2627297891868107e-02 -9.8276505835700551e-02 -1.2587623990706140e-01 -5.7617605255813442e-02 -1.3570460130895101e-01 -2.8616290105223111e-02 -6.1979540734302292e-03 -2.8075969749945449e-02 -5.3682828097894484e-03 -3.1409926071780808e-02 -6.9170594803842869e-02 -1.0806773215138450e-01 4.7633435627433759e-02 6.1378366262033882e-04 9.4646721270348358e-02 -1.1531690760355670e-01 8.1270457685209116e-02 1.6090428667069289e-02 4.6462657871312520e-02 -1.3212835988910029e-02 5.2000026590415353e-02 -5.3076851079059940e-02 -1.0027839461481640e-01 -8.7679732124497978e-02 -1.9095768715969821e-02 9.8473716586239143e-02 -8.2110754410180953e-03 1.4868060397716980e-02 -6.8888015746209799e-02 -2.4435600381849620e-01 -2.7253989555337432e-01 -6.5145133759631269e-02 -2.0384218227484019e-01 -3.2040882490258641e-03 -6.2828795315008540e-02 2.2553318178725931e-01 -5.9521460854533303e-03 -3.1661723721993058e-02 2.4899926225321920e-02 -1.5023898304759370e-02 3.9917259791436462e-02 -1.1407404806697190e-01 -3.3481253758404300e-02 1.4520863941841369e-01 -1.3235176970120541e-01 1.0499435962298601e-01 1.4371076080910161e-01 -1.2073448676890840e-01 -1.5958025521530511e-01 -8.8200932920129316e-02 -5.7336557405198621e-02 -1.2537419326514981e-01 -7.8529307616318864e-02 1.5460588505310019e-01 -4.9465427322075643e-02 7.3890829451554090e-04 2.1012165894626740e-02 1.1934901181288481e-01 5.0595542989217857e-03 -8.7389105974204781e-02 2.1253573345282531e-01 -1.5905096312736601e-02 -4.3009697642447220e-02 -6.8460093415623660e-02 3.9134328309447568e-02 -1.6583283732296181e-01 1.3415650333316370e-01 -9.7988766782600045e-02 -1.6921880389508459e-01 -5.9439958239577179e-02 9.7815822481620671e-02 -1.8154004105198410e-02 -5.1782037116218961e-02 -5.5552743538675549e-03 1.1431226781275090e-01 8.8236768143506658e-02 4.4392675990356123e-02 4.4131017717964197e-02 4.5643417620095543e-02 -4.2940489981695022e-02 7.7230391293994366e-02 -7.8862444547851615e-02
-1.6965782489070111e-01 -5.1441828779834227e-02 6.7517840491897838e-02 1.8165885445618021e-02 -4.7014895804506462e-02 2.1827906539816339e-02 -5.0518523318367897e-02 8.0337030977459395e-03 3.0169616027120431e-02 -3.4364128269489383e-02 2.7166462681668468e-01 -1.4370892288667339e-01 1.5981802234022879e-01 -1.1267690132575400e-01 1.6684957469392511e-02 -8.1644333759483656e-02 3.0206491745574500e-02 1.0177880335437629e-01 -5.5750290665480130e-02 1.3075901501852999e-02 5.9455951480055398e-03 -9.9860722507545907e-02 1.5272895715103690e-01 -1.5609743194557940e-01 -1.7287181896233891e-02 2.8526958149585169e-02 -2.5972697016194340e-02 3.2365945320956241e-02 6.5258234830416317e-02 5.5033398994602821e-02 1.7710081071755851e-01 -9.6215419062463628e-02 -5.9951307585098378e-03 8.1774770525780388e-02 8.8525239858883803e-02 -1.0741313611932660e-01 -9.0341241469337544e-02 -4.4183060713765113e-02 1.0961559846543380e-01 8.0643160570746136e-02 6.8182487806343353e-02 -4.6147897738603373e-02 -1.1009224657197909e-01 8.4998738840759230e-02 -1.5840626098131480e-01 -1.0034503582961930e-03 -1.1875849018369360e-01 1.2136354873144140e-01 -1.6190336373719010e-02 -1.8474273725608611e-02 -3.1972134423426182e-02 1.0373093426793210e-01 4.8098749745507409e-02 4.8138838005443121e-02 7.1167860580663850e-02 6.4247768263568455e-02 -6.3607135759030820e-02 -1.9616328657698770e-01 -5.3880636867630963e-02 -1.0655301939477220e-01 -7.8117315382245006e-02 6.3962199007345398e-03 -1.8950116860872379e-01 7.3057171337570739e-02 1.1274454686953440e-01 9.4140406866513371e-02 -2.6189370598837410e-02 1.1674977950873421e-01 -5.0183630620116708e-02 5.9670749813537503e-02 -1.8070856911658961e-01 -4.2528954137926742e-03 3.1175272191100781e-02 -6.9034104358763240e-02 -2.5722746745007319e-01 -1.9846661502177321e-01 4.6348930481925413e-02 -2.2637076186332261e-02 6.5871740769565965e-02 -8.0796519508661291e-02 -1.6144034513624489e-01 5.6429637191162743e-02 6.0741108209834527e-02 1.0963991524683890e-01 -1.6465330402673939e-01 4.0372478419015589e-02 -6.1783194874950237e-02 1.1871500277969630e-02 -6.9513832437338330e-02 1.1092660913086910e-01 1.2533286725969231e-01 1.7812555151542639e-01 -6.2889818509316117e-02 -1.3215250750219221e-01 1.1311562438084830e-01 -1.5640997466413020e-02 -4.9328153790755787e-02 -3.5144803545165207e-02 -1.7546316313416579e-01 -1.3373368324941179e-01
-1.1017750634022309e-01 -4.0696035619462667e-02 8.6884728174755121e-02 -6.0925506954048331e-02 -6.1990907817709898e-02 -8.6025043870293874e-02 -9.9532325349261305e-02 -5.9102335764073498e-02 5.6337897196225367e-02 2.5711281701251601e-02 -1.1863708031236150e-01 6.8205895858560697e-02 1.4088679153519711e-02 1.5174241068459060e-01 -7.2031896650445390e-02 -1.4138446994818360e-01 6.5751406117700972e-02 -1.2279675472130171e-01 -1.0654727669318960e-01 -6.0439143293339839e-02 4.6475477041013229e-02 1.2373345504329200e-01 -1.2828753725537331e-01 1.4704593830093570e-02 -2.6815541742046511e-01 7.6098506563836224e-03 2.2756066416829208e-02 2.9483795519023220e-02 -1.3032910750768800e-01 -7.5754409494275726e-02 1.2291625920569420e-01 1.6247137160288641e-01 2.1680695439286218e-02 2.2976110496999450e-02 2.5896333617631669e-02 -2.2093566854188111e-02 -1.1082398034750469e-01 -2.9534061651268210e-02 -2.6837505321754651e-01 4.7418837893319063e-02 -1.4834889416201211e-01 3.1216791274908690e-03 2.9562466623915481e-02 -1.4632605241006411e-01 1.4523582342354191e-01 -2.4434519952125150e-01 -3.4001900048381543e-02 9.2864006010271449e-03 -7.7223717106783066e-02 -1.5520343977135659e-01 3.0434237370508499e-01 6.7079258187327032e-02 -7.4369449547563443e-02 -6.2226622734099832e-02 5.1125777565364072e-02 5.7925430615761532e-02 1.1234522797143320e-01 9.1633219540543945e-02 2.9321028786853071e-02 -2.9355351212659250e-02 -4.1669590788914732e-02 -9.1685649004473402e-02 -1.3516105423383079e-01 9.2239349648684452e-03 -2.7377681603425939e-02 -3.9917211936965062e-02 -1.4509565403335501e-02 2.5572108770491458e-02 4.9417869084451831e-02 -4.6059905437101423e-02 -1.1745611457350340e-01 -2.4944827791857891e-02 -2.8304406458216441e-02 -2.7498739193862060e-02 -1.2844585444832790e-01 -3.4599027343436818e-02 1.3352124944406520e-02 -6.4172483690613624e-02 1.3815723539036140e-01 -2.4055217882999519e-01 9.2247477010458392e-02 -5.4338191634000277e-02 1.4044788378605599e-01 1.8287227973255099e-01 1.1566794744453381e-01 -3.0075487836712499e-02 -1.3849604942738691e-01 -3.2021997314735040e-02 -4.4042849525534417e-02 6.3664491881905746e-02 2.3676857940295320e-02 2.3393290181998531e-02 -4.6554574016430900e-02 -9.5398093124728606e-02 -7.7480055001668630e-02 -5.2199143355270670e-02 5.7172910615245973e-02 2.2511406517681229e-02 -4.4334172781557372e-02 9.4037741599102748e-02
-9.4507253972457485e-03 -5.1625018413211508e-02 5.5303232498949563e-02 1.8824315447386400e-01 4.2201347909124512e-02 6.5925816726162850e-02 2.1314554539976320e-02 -2.5133559330902531e-02 -1.9761178456751299e-01 -5.7567005826682692e-02 -7.9006799320028562e-02 1.4313623618879881e-02 1.3297612907455281e-01 -2.2537578752060469e-03 7.5526537947368785e-02 -1.3096976156372939e-01 -1.4375250404643120e-01 8.0671023435742936e-03 5.6369892356753930e-02 1.3453279246275390e-01 -1.8647282678736130e-01 -7.5869456062356788e-02 -1.0590382920343290e-01 -1.4170487181182750e-01 2.3877431204688580e-02 5.5218568064155628e-02 -1.6272438438029199e-01 -9.8137235574051934e-02 -1.6077309679685250e-01 1.0864528744717040e-01 7.2847565869207320e-02 -5.6042244965283532e-02 -2.1815360228728740e-02 -6.6306627842730281e-02 -6.0800169451385496e-03 1.6726488840102031e-02 -1.9417989825377669e-02 8.5236009278481448e-02 -9.2307562920881686e-02 -3.6087688644554998e-04 -6.4281886477085992e-02 9.6314743552628271e-03 -1.7299807224800730e-02 5.3585580936274677e-02 -8.4583536035021847e-02 -1.0274650517806071e-01 2.0068663777138099e-01 3.0878843129819460e-02 1.0464139047950979e-01 1.7409482098068149e-01 -3.0721828904568791e-02 1.6202137075323109e-01 -8.4991013249580194e-02 2.4406364100218951e-02 -1.0001832796899830e-01 -1.4564920748104041e-02 2.2218154316448410e-02 -9.4858894259875648e-02 2.4719716133871500e-02 -1.3956594367990819e-02 1.8010239530700699e-02 4.2667013199543358e-02 -5.0084311792056621e-02 6.9918154856013034e-02 -2.0348413233220719e-01 -1.7627719271886069e-01 -1.2770659682944200e-02 1.7320612363084520e-01 -3.1707253560198209e-03 7.6583784966841708e-03 1.6458055552466520e-02 -4.9241889341106800e-02 -1.4718384363101919e-02 1.1095511024045231e-01 -9.6074874514773437e-02 5.5145293836136089e-02 2.3964385246866449e-01 -1.9103568312299271e-01 -1.3125306010931320e-01 -6.2031833235960787e-02 -2.5035678722302879e-02 -9.0652217338733507e-02 5.1013177893450396e-04 -1.3844581611565371e-01 2.4721935778282020e-01 6.9693815059076403e-02 3.4343677608922617e-02 -1.3392845788039330e-02 1.2671527441494921e-02 -2.1583047149757620e-01 1.2075533322275500e-01 7.4481557499911782e-02 -1.6878560697612139e-02 -6.1585471261612477e-02 -2.6702245176806371e-02 1.2352403980757520e-01 1.1228252906182561e-01 1.5010902915231311e-01 -7.2825628963939903e-02 -2.4303451460478930e-02
1.2736575825576599e-01 5.3999194268936852e-02 2.9659087088554890e-02 3.2488897284344467e-02 -1.4511690131222540e-01 -2.0982365411977261e-01 6.2892250033452668e-02 -3.8868836326950783e-02 5.9802401755893790e-02 3.9417960179001010e-02 1.1281325899734281e-01 -5.3494160052164580e-04 -6.9373313963656355e-02 -1.7895471355378108e-02 8.8681658481922124e-02 -1.4699098323229690e-02 -2.0667818660450740e-02 -1.6021235357845731e-01 2.9616941924351860e-02 2.6971615075966660e-01 -5.9190344124961283e-02 -4.9195193771419059e-02 -1.2999500563304719e-01 -2.1095478441061921e-01 -2.8918365003040181e-02 -4.2705027294484853e-02 5.6238905026059063e-02 1.2695712562242700e-01 4.0039542072284447e-02 -3.1099381514944860e-02 -3.3526976400877289e-03 1.8852458614471591e-02 -4.8282380312214913e-02 -7.9688302621959875e-02 8.5122534466577762e-02 -1.8038632311320371e-01 -4.8488360283552190e-02 -5.5038956985159503e-02 1.4755286491310670e-02 5.1429912015290687e-02 3.8415756689756581e-02 3.7614016356694582e-03 -5.7827924810461742e-02 -5.9622114230889318e-02 -1.2242479893260950e-01 -9.7163701837373412e-02 7.7415405380617516e-02 -1.8269287945176609e-02 2.0809241461027059e-02 1.0438084518231280e-01 -1.3962451435879961e-01 2.3994561065101710e-01 7.6101299679242868e-02 2.8976774576180059e-02 -1.5956946115646151e-01 2.7254708323079892e-02 -2.6688287674167640e-02 9.6130365483784327e-02 2.0332938160235811e-01 6.8517646392217413e-02 -9.4950533516539259e-02 -1.3624480825609159e-01 3.1706952882339358e-02 -1.3863191413962761e-01 1.7393119632116091e-01 2.8375983320716041e-02 1.0237847979573531e-01 -6.2740513760637967e-02 -1.0046708161798611e-01 -4.3955249792013783e-02 -3.4641646107691777e-02 -1.7973242234052170e-02 1.8373009585342029e-01 5.2709169088629042e-02 8.4192893301436068e-03 -1.8409214813956121e-02 -1.2929598771493911e-01 5.9322199719607623e-02 -7.9360572976546112e-02 -6.2406997534806559e-02 4.5467340726693208e-02 -1.5688848079399541e-02 1.7330199060262921e-02 -1.1682603545474120e-01 -1.7780603601781450e-01 8.4567620673131755e-02 -4.5246549268928550e-02 -4.5963717951553552e-02 -4.5860861117233323e-02 7.9311761767472622e-02 -1.3625377901205951e-01 -2.1140469579772041e-02 6.4999737685253522e-02 -1.2090852353843309e-01 -2.1809590349008581e-01 -5.7556256822872048e-02 1.5251392215257009e-01 1.1728282095394750e-01 -7.1401245391901694e-03 2.1147539274768551e-01
-4.9547236948862927e-02 -1.2428546216863660e-01 -9.8500176551799185e-02 -3.6621742262505717e-02 2.8878742859443789e-02 1.7797025787038551e-01 8.6519281641478457e-02 -1.5358942029701519e-01 -5.3809361726311823e-02 -1.1930717057798580e-01 1.1331518907076871e-02 8.9177213341903885e-02 -6.7034605712637238e-02 4.3815362744321823e-02 -1.5166981062035981e-01 -9.3819493099608034e-02 -1.1817041972177440e-01 -9.8434262440726655e-03 6.8738085960694931e-02 -6.3255765494617114e-04 -1.4912928462205510e-01 8.9693155838273322e-02 -5.6361989047853153e-02 6.8295378450348915e-02 1.4342768683055840e-01 5.3005113256433664e-03 4.1049637986143070e-02 5.3073019934510329e-02 -1.7193853331036249e-02 1.6868015230899040e-02 -9.7707512425649193e-02 3.9328882127416642e-02 2.1010691481003041e-01 1.3801828604372809e-01 -5.1256825454390441e-03 3.2770425887878141e-03 6.3631397954359258e-03 -4.7355561284972987e-02 1.3266277152747089e-02 6.2632278492013402e-02 -7.2655874941220250e-02 -2.5143304007560507e-01 -2.5573465867954209e-02 -3.6053374988900218e-02 1.1669935157722490e-01 4.6227025694909170e-02 7.6179091921098369e-02 5.2049663343784809e-02 1.0759144059275839e-01 -1.2489442432568609e-01 -1.3433337433615769e-01 1.3529283413067661e-01 -7.0759309095995995e-02 1.1656840044269350e-01 -9.9536014887211238e-03 1.1864660350529990e-01 2.6090716097785720e-02 4.5226938267717863e-02 -7.6661904586523014e-02 -1.4356379868021130e-01 1.6662342633173680e-02 -1.6280513615210941e-02 -1.1206958266076360e-02 -1.2462203158345039e-01 -1.0793429455091710e-01 1.2743447866400351e-01 7.4365268908882801e-02 1.1729114798935570e-03 -1.4193017761097501e-01 -1.1754779024825460e-01 -6.7854074108920526e-02 -1.3664355964581920e-01 1.1234712666099340e-01 -5.0893397054276077e-02 -2.1379708611154699e-01 -2.2534107743616660e-01 -6.7603446325166905e-02 -9.2669294679428332e-02 1.7219832032493051e-02 1.3655857276565089e-01 1.4798245878137409e-01 5.3651121095249978e-02 -1.0336063607893551e-03 7.2677988154760884e-02 -3.4383803288671667e-02 5.1002210696433688e-02 1.5352229624436510e-03 2.4148538231967270e-01 7.7682440019543279e-03 6.4429981173869666e-03 -4.8915757595465710e-03 -2.8120384905907500e-02 2.1853773595037060e-01 1.7332605305293819e-01 -7.9400493389065865e-02 9.8209112940369964e-02 8.8470296880594476e-02 -1.0957084035993710e-01 3.9025574269078290e-03 5.6376560662005970e-02
4.8727379536992813e-02 -1.2812527905784001e-02 -4.6599066227889431e-02 1.3254921987158410e-02 8.3230893212867321e-02 -1.1130979582779030e-01 9.0332768915057343e-02 -8.7904190365140467e-02 -1.0884636259639460e-01 4.6588575683029113e-02 -1.2097589541412269e-01 -6.9126564350124936e-03 -1.7466682573775549e-02 6.6426131717334386e-02 8.6488751662491828e-02 5.5761565695572043e-02 -7.8336478564277594e-03 -3.9422685611719278e-02 8.6092907912197369e-02 3.4453436179254823e-02 1.0870380780241561e-01 -1.6837876490511169e-01 4.2530767681725860e-02 4.1142722747314051e-02 -2.3206987331551279e-01 -8.5146770105824734e-02 -3.7683289590872859e-02 -1.2374131118466949e-01 5.4091392917030726e-03 9.9426845260266128e-02 3.7811499287292862e-02 1.4533774332043881e-01 6.3691883658720236e-02 -1.3193680124389839e-01 1.1951672143514550e-01 -6.2258188226249336e-03 1.0934281271752390e-01 1.9494611620176409e-02 8.6015868724546418e-04 1.0996219664477580e-01 -2.8327772090180749e-02 -2.4678479675074649e-02 1.0714736002468631e-01 -1.3113699550523841e-01 2.5508390261605871e-02 -1.0912222005237150e-01 2.1942128672353300e-02 -1.1826008688022020e-01 -3.9888589817276041e-02 -3.9441899981456901e-03 -1.2718759479392369e-01 1.2832629095301051e-01 -8.5544549510100612e-02 5.0802018423405218e-02 2.4836004289051139e-02 -6.5694354200758143e-02 -1.1289035264199131e-01 2.8389046536965050e-02 -1.9823016611348501e-01 -9.8851810852216435e-02 -9.6369494812523895e-02 -5.5121793627376910e-02 -2.0263491238135389e-01 2.5375265093723141e-02 -6.9834634047474364e-02 6.7892710599354283e-02 9.5558967857943163e-03 4.5864476450507979e-02 -1.6295374378901800e-01 6.3031629974221612e-02 7.3497381383428262e-02 1.3610135115182509e-01 1.3888613269572961e-01 -1.5067993597356980e-01 1.9997437361267040e-01 -1.5830744824390300e-01 1.8725309212721761e-01 1.1668626233653361e-01 -1.9450294272889210e-01 1.4003877901787201e-01 -8.4857136231265604e-02 1.0462312350104620e-01 -3.3804863566200570e-02 2.1233916682978929e-01 -8.2259585983880376e-02 -1.4387698266190380e-01 -4.8115490433510932e-02 -3.7619092373327633e-02 -2.5555686872105490e-02 4.1877858935275153e-02 -5.4882796993794619e-03 -6.8518300287503206e-02 -1.3253676685465279e-01 2.4745899357978909e-02 1.0812777334491951e-01 2.1931008827193010e-01 -2.9277998735681949e-02 -1.8729687990411991e-04 -1.0361378924739550e-02 8.7831612920681201e-02
-4.3376184056013508e-03 1.9335644294936780e-01 -1.0907578544830870e-01 6.3736896127780940e-02 -1.3186371908549610e-01 4.5622789118629367e-02 2.1710619988589391e-02 -2.8482030275722540e-03 1.0465545872466780e-01 6.4037638298098498e-02 -6.6539774945918251e-03 1.0267133415505340e-01 8.8311444190955046e-02 1.9232971206944749e-01 6.4873269052055180e-03 -4.0614387577884881e-02 -2.4100200546779530e-02 1.9567050539825370e-01 1.3692347618736819e-01 -1.9018237012738820e-01 8.0070463886769833e-03 6.7136686083271169e-02 -8.3188082347725317e-02 4.7654773396370267e-02 -1.1699613625719980e-01 2.5594175940371128e-02 -4.5565648139447197e-02 2.3493315817539249e-02 1.2817851331935870e-01 8.2544538510142026e-02 -4.4939991865012519e-02 8.9840661193774540e-02 -2.9898924548603940e-02 7.3528107340720184e-02 5.4412730971136671e-02 -8.9114407071778409e-02 6.7695874325197636e-03 5.7929053991752508e-02 1.4917447927879290e-01 -8.0229617553172025e-02 1.0369269876433559e-01 -1.0150737247331290e-01 -3.1800738852065337e-02 6.5358000957568413e-02 -1.1809287258865230e-01 6.9343020373603639e-02 2.4053971856234459e-02 -2.4949203848376891e-01 9.9093742590190964e-02 -5.6502388059505582e-02 1.2156131831398210e-02 7.1857318716056912e-02 -2.3091619967734739e-01 8.4910916055790070e-02 -1.2647428618846859e-01 2.6284135891745941e-02 -4.4922578706758171e-02 6.5618899960611723e-02 4.1527917043004563e-02 -2.3272375227485881e-01 1.6732582303657939e-01 -1.1004097985806560e-01 -2.4610861242518881e-02 -1.1934694730830531e-01 2.2140504890470471e-04 1.4415098154351191e-01 -1.3682074473337091e-02 5.3785992233890247e-03 5.8463646732802452e-02 1.9683315902169071e-01 -9.0354582733707195e-02 -3.3980708740673081e-03 -1.8889087403122529e-01 -3.4984828730163432e-02 2.5415079216252381e-02 -3.7522675250024742e-02 8.2240142289817200e-02 1.9972821130382220e-03 4.5002522606281861e-02 -2.1925051639263241e-02 1.1169395379132320e-01 -1.6381264946151711e-01 -1.3701247235416730e-01 -8.0300500908350045e-02 1.0297955291629950e-02 7.1228403967543083e-02 1.1235604766513420e-01 -1.8449754856851691e-01 -1.0813356967695199e-01 4.2836345222817603e-02 1.4426405681893281e-01 1.3967585111010339e-02 -1.2250149333341540e-01 4.6681593038670989e-03 -7.7585325746680950e-02 -1.1516203214996240e-01 -1.7432146250686769e-02 5.7757953857383262e-02 -8.2959362328074118e-02 1.0718322574872891e-01
-6.9640076305385018e-02 3.2479575751080493e-02 -2.5164997637614123e-01 2.7413540445136480e-02 -1.2072944874155070e-01 -6.6915284835334293e-02 -5.2448999463670029e-02 2.2365540061169621e-02 -9.6410756459142932e-02 1.8516090099024770e-02 -1.4854322842859941e-01 1.0354916435540459e-01 -1.3846816522056250e-03 -1.1570221329407300e-01 1.0654843449155681e-01 -1.7766064358285541e-01 -4.2946002264309481e-02 1.0448286100990950e-01 5.8709925626345798e-02 -1.3570134581583909e-01 1.8924034113447030e-01 -1.8572099447974130e-01 1.6635075523349149e-01 7.9956987343306252e-02 -2.1007243934153350e-02 -6.1851810991574120e-03 -6.0112725097354290e-02 1.3013810433182549e-01 -2.8537410279000790e-02 -1.0986445923338559e-02 6.4584326923829607e-02 -6.4110163836069212e-02 -4.1222740529047813e-02 1.0131884469461941e-02 -1.3419797020235401e-02 -3.8334217473728012e-02 -6.0551286049710523e-02 -1.5861430456812819e-01 -1.2901721684756259e-01 -4.0930666863570483e-02 2.9641097126000261e-02 -1.1031214131427440e-01 3.3092592760117841e-02 -4.5965573826755972e-03 4.7493927443568743e-02 7.1623281657850368e-02 6.2057027699417691e-02 -9.1614735846284920e-02 1.2508125733038150e-01 2.3354527212823251e-01 -7.5285108998743716e-02 7.6183013804753327e-02 -5.4379189909015448e-02 -1.2776932415348299e-01 9.4369533398425062e-02 5.8592924457553180e-02 -1.9809569133594680e-02 -6.1225606477511428e-02 9.5741336970610033e-02 6.4105786821634760e-03 1.2371312483308150e-01 -2.0525660029183149e-01 1.0468216639439019e-01 1.5725379543570389e-01 -3.0309216351776639e-02 4.5924241077503949e-03 6.6856734104460358e-02 -1.2238975580269490e-01 -9.3804447633803693e-03 -1.6291040390897479e-01 7.6131682785774590e-02 -9.6370918313590001e-02 3.1365071186724700e-02 1.6024835687956551e-02 -9.6821022683829264e-02 -2.8758023591161211e-02 -1.2983816382548041e-01 6.3868479863134001e-02 1.0765523782678170e-01 -4.1895872770785929e-02 -1.0578564624467859e-01 1.8109008110316849e-01 -5.7643904289649113e-02 1.9278388956881758e-02 9.3276232885971616e-02 -2.2753095307113960e-01 -5.6139184933152148e-02 4.4051503175661290e-02 -1.0162531022704530e-01 -9.2161867059859029e-02 -1.3414450669957401e-01 1.7642673645439541e-01 -5.9909227689291203e-02 8.0766798468971640e-02 7.0524041180360847e-02 -1.0206807267791421e-01 7.3235326345789151e-02 7.6153581670145756e-02 -4.5432527732855242e-02 8.8666034367026178e-02
-8.0262721647702581e-02 -3.2335732671999072e-03 -7.0246111712042536e-02 -1.0061818281203640e-02 -5.5932335696559532e-02 3.7406685697834130e-01 1.0907546620544420e-01 -1.3214382952845971e-01 -2.8988539482471268e-02 6.8531992654161003e-02 -5.0676107721368872e-02 -1.0786639547498281e-01 -4.5513309546365878e-02 2.8773739759519110e-02 -4.1832579941256699e-02 2.8016157223999438e-01 2.8653805738184070e-02 -1.1773534677286290e-01 5.6312182469022011e-02 6.0305215010818307e-02 7.3769209458486223e-02 4.8487989154798607e-02 1.0510946671950910e-01 -9.5634725998879386e-02 4.1761516567288812e-02 2.9021615956358809e-01 1.0254179778554910e-01 -5.6740057274755340e-02 -6.1226189724600658e-02 2.7424410068956330e-02 1.4762364255479360e-01 7.3776063565189315e-02 1.7677128733219531e-02 -5.0649873070696530e-02 -4.7424068817533159e-02 5.5288974719804707e-02 8.9724985073582147e-02 -7.8193757289186268e-03 1.3378479941053890e-02 9.8539891679023925e-02 -1.8949738055982868e-02 1.9979562129474501e-01 -1.2682911256572471e-01 2.2247668079199479e-02 -1.4500367705752060e-01 -1.1390474473815940e-01 -3.9252268129943070e-02 3.6357033703020881e-02 2.8537584113807451e-02 -1.2567420344168609e-01 3.5681372006216308e-02 1.0962969879577500e-01 -4.3634577461794796e-03 -5.2104016929877449e-02 -5.3762467523485173e-02 1.6662937165193681e-01 7.4909898520777216e-02 1.3156378908111031e-02 2.5002947901446099e-02 -4.9838278702547950e-02 1.4375067692326030e-01 2.1460686993962599e-02 9.2366660967179617e-02 8.6316888670928855e-03 -7.9553980811980632e-02 1.1064120599554170e-01 -2.8035415228751210e-02 -6.5309266569803029e-02 -1.2028622424580390e-01 -6.2469814394244018e-02 -7.2008270987434897e-02 -3.5940921006163203e-02 3.4313722694129863e-02 -7.8381761365506675e-02 1.6836535607263711e-01 -1.7281524714067392e-02 -9.0468592768258971e-02 -8.0155492096208744e-02 7.5036384795115784e-04 3.9405104697947894e-03 -4.7055340859445079e-02 -2.5407106626354051e-02 -1.2506420550540001e-01 -2.6179125582527121e-02 4.6499532837130368e-02 -7.0008601018515415e-02 -2.0726513332137109e-01 -2.2472145629944909e-01 -1.3815268881545649e-02 -3.9283806362004917e-02 -1.3250597161501559e-01 1.7613258088463099e-01 -2.9546958553502239e-02 3.4777573166013487e-02 7.9325275109136367e-02 -8.4061486901502155e-02 1.4077094846460569e-01 5.4334795489338832e-02 3.1629014639674012e-02 -4.6745813245581469e-02
9.8785408256095886e-02 5.0408211231369682e-02 -1.0473751692765870e-01 -4.2467904973054048e-02 -2.2343049233990719e-02 7.3147944230893519e-02 -4.7793374864079280e-02 1.0184505955772520e-01 -1.2449289762123150e-01 -5.8966496838317603e-02 5.1082512579424602e-02 1.2871366187942729e-01 -1.5459184000397100e-01 -2.4538123110779061e-02 -5.7844744390368769e-02 2.3719958742548279e-02 4.3231042896161267e-02 -7.2073941308786693e-02 9.4776989036723394e-02 4.5217131778111423e-02 -2.5816753079705899e-02 1.2589264358397970e-02 -1.0614077262507830e-01 -1.5423460424959501e-01 -5.9663600696098072e-02 1.2879699389891441e-01 5.6135164932217152e-02 1.8589199624692471e-01 7.1029357521761038e-02 8.7954148407614605e-02 -6.2333649267310711e-03 5.2508530739556938e-03 2.2893579254169991e-02 -8.0278665169877909e-03 -7.7069133606443643e-02 1.1634639754225699e-01 -2.5402012354276790e-02 1.1987024097431810e-01 -8.8913686277184278e-03 -1.8306644047347459e-01 -1.3459581626339559e-01 -1.2336725910158610e-02 -1.6534556585937589e-02 -1.7358870844758470e-01 5.0297979209974206e-03 1.0919813599851790e-01 -1.8698006372352829e-01 -8.2919886510947810e-02 -1.1274600271205359e-01 -4.6436213026632728e-02 -2.1200846905808701e-02 -2.0999470548300081e-01 1.0826050188389310e-02 -6.1024043440619007e-02 -1.8812058196963910e-04 -1.0829569982934090e-01 2.9746244766962509e-02 5.5818914494357802e-02 1.1817257600888420e-01 -2.8280310016805539e-02 3.7646632920615938e-03 -1.1099092400999951e-01 -1.0075291258265520e-01 2.0563240896177329e-01 1.5951619595811619e-02 -1.2036363140344999e-01 1.3696355256172960e-01 -3.8258805839696673e-02 -6.0172627475760049e-02 1.9569162547438451e-01 5.8911336787865302e-02 -6.9904092223009875e-02 2.8583246553673822e-02 1.6217228838333541e-03 -1.9221623124307491e-01 -9.4655265633734081e-02 -9.5001072885885621e-02 8.4495617363949324e-02 -1.3994590983120181e-01 4.3251948863149363e-02 -1.2312800003518889e-01 -2.1090458201268089e-01 -1.7055598412589570e-03 1.0474554943078170e-01 -8.0001264007969378e-02 1.4534037067702610e-01 -3.6093965774838643e-02 -1.5206132514299310e-03 -1.5075881296338481e-01 -8.4293842668970581e-02 7.1676817625987016e-02 2.3371391630263649e-02 -8.7707080450652050e-02 8.2187561046197413e-02 1.3224154756939541e-01 1.2047175877015651e-01 2.5469551749319891e-01 8.2213277640043797e-02 -3.4677571619155310e-03 -1.1357260948428240e-01
-6.2970941025434560e-02 -5.7370446378671988e-02 -1.0594266510834301e-01 -1.3925831066025340e-04 7.9019030469162782e-02 -1.6160219627719821e-01 -1.9948843732887422e-02 -6.3763107581447459e-02 3.9115130685594808e-02 7.7655755805177154e-02 -6.2311795883768983e-03 -1.1905240466203899e-01 -1.6966732804363460e-01 -1.0066255785780590e-01 1.9576805280895379e-02 2.9356182995717690e-02 -4.6939000273118793e-02 3.0501267711652080e-02 4.5584833059908347e-02 -1.8980342405991561e-02 1.1257489030865601e-02 9.0186282776995821e-02 -1.0112651948074140e-01 -9.0449125919665873e-03 -1.1329434735848050e-01 -1.6558193729826060e-02 -1.0931124500141870e-01 5.6150744447596067e-02 7.9768843941735237e-03 -1.5745272309142570e-02 -6.9847989050813186e-02 5.9018591197769019e-02 -1.6510056176070359e-01 -4.3634294648945082e-02 -2.1185696445430119e-01 -4.4133408363948329e-02 -3.2908140685683471e-02 4.5661049750764113e-02 -1.3032094982626871e-01 -1.5272173206687480e-03 -1.7705324697169461e-01 1.5635164699246470e-02 -6.1973275025595610e-02 1.7801577384115849e-01 -2.4042473248877450e-01 2.4787419246449650e-02 -6.0112823570158687e-02 1.3468374472489961e-01 1.3669724026036860e-02 -6.9283112312158810e-03 -8.5555155245219491e-02 -1.0205201068341230e-01 -1.4761940372884610e-01 -4.3396739892238481e-02 9.2558684597574728e-02 1.9924137310242140e-01 1.9163159321574821e-02 -1.1540281677017310e-01 -1.1239817166758030e-01 1.1539855045748630e-01 1.4774327120554889e-01 -1.2953866275861680e-02 -2.3134562192378499e-01 -1.6420811106088040e-01 -1.1281592691666500e-01 1.5106312420906201e-01 -1.1166898894491301e-01 -6.1030084937379943e-02 -1.0434992372831890e-01 -7.1116844270110377e-02 1.4523080188790061e-01 6.2363989908553102e-02 3.2700609213783177e-02 5.9355344310442940e-02 3.6076171747536342e-02 -6.8057469330780593e-02 -7.8402741731036910e-02 -3.7476109103907848e-02 -5.4417481644063827e-02 -1.4995820523221479e-01 5.2646196344534567e-02 -5.6595783536394211e-02 1.0417602658670140e-01 -3.9558871641906607e-02 -6.0970505692896207e-02 4.9363541837632037e-02 1.8020458822462609e-01 1.7964179445487560e-02 -4.3055742398014157e-02 -8.2648631255925281e-02 -7.2133071384434588e-02 -2.2898229255782249e-01 6.4874986028701171e-03 4.6742805033137887e-02 1.7149554314411700e-01 -9.3288979404167208e-02 6.1621044199564781e-02 4.2448675868249188e-03 -2.0542208079954261e-01 -7.3626757702104847e-03
1.1620609803799140e-01 -9.8245498510080645e-02 -4.9197529970753752e-02 -2.6902161123122999e-02 -7.9429065344480410e-02 8.6099029810446891e-03 -1.9402805067805251e-01 -1.5833013887961600e-02 -1.0115191766249230e-01 -1.2705723138578390e-02 5.3657432161626127e-02 -1.8377570797964829e-01 1.2708175573171270e-04 9.5428189426146059e-02 -1.2367040023186400e-02 -8.1542797550359439e-02 -1.0791862244716249e-01 -1.6112743126814921e-01 3.2215642155824183e-02 -8.1264703165356500e-02 -1.8227784613518089e-01 -3.6815226171273328e-02 4.9330229347333408e-02 1.0298252068986999e-02 4.5392378448860394e-03 -3.8304120922233308e-02 -1.6330628070695299e-01 -2.3647320475220460e-01 7.9792868410559686e-02 1.1403103647000710e-01 1.4829830156643939e-01 -9.3099437519650982e-02 -1.6392708928477391e-02 -1.1616616421864170e-01 1.0380920664188630e-02 -4.1748742989463551e-02 -1.2406084047942240e-01 1.2929953642067649e-01 -1.8249226138619210e-01 7.5781130452071827e-02 -1.7987705192029281e-02 1.3832029212434291e-01 1.0317725505552609e-01 7.6690145143993055e-02 5.5234927899451419e-02 1.3243345936564421e-01 1.5883041422653048e-02 -3.7257963675840552e-03 6.5663233754245681e-02 -3.4822988129372762e-02 3.1653152675013049e-02 -2.7761700208585548e-02 -1.1463852070545460e-02 2.1996561201828701e-02 2.5574122852881111e-02 -1.0676467743591020e-01 -2.3796161140878701e-02 5.5692831434808812e-02 8.3245051077756371e-02 -3.9289914246415203e-02 -9.6704203857366541e-02 1.8833189151069449e-02 5.5550070168559937e-02 -5.6857669618668748e-02 1.1029683146238910e-01 2.3150640767930050e-01 1.4261043853440260e-02 -1.5482462243929720e-01 -1.5850824860165719e-01 2.1199194661445789e-01 1.6008716951122071e-01 -4.2545091827718887e-02 -6.6099708960286677e-02 9.7627066031317350e-02 1.0225682576610071e-01 -7.8866685371238171e-02 -1.2665750337220211e-01 -1.8492383040894231e-01 1.8540490900966280e-01 5.5242001399321443e-02 4.7340408533614257e-02 -3.2869909048103982e-02 -4.9440331073522331e-02 -5.1287188098187511e-02 4.5091690729018273e-02 -4.1003578371918363e-02 -1.4431391947371541e-01 2.1825176796298901e-01 -1.4953074916999751e-01 1.5350613621295250e-01 4.0545641349581607e-02 -2.8486085653338131e-02 -9.2981003693620071e-02 2.7903480962841250e-03 2.6281522450853700e-02 -1.8850496616220520e-02 -4.5947220747061682e-03 9.3140098254880149e-02 6.5470359835110237e-02 -3.0595566526984950e-02
1.2966695437992941e-02 -3.7933392482666630e-03 -2.6868247442059380e-02 -6.3920801838276082e-03 1.1810332232956700e-01 -9.0157351885696596e-02 2.2355200046648951e-02 1.7939379255137719e-01 3.3521675739346023e-02 7.0897267245908460e-02 -8.2728634902757663e-03 -2.4764298066152601e-02 8.4783550193334778e-02 5.6396714987992577e-02 1.0672743144620379e-01 -1.1407038700137941e-01 1.5505017157627979e-01 3.0597991164499669e-02 -1.6705643751605451e-01 1.0076135599196040e-01 -1.5143516615607841e-01 -4.8763190785568157e-02 -3.3380233641564817e-02 2.0762814676124060e-02 -6.2609987102786951e-02 1.1534307975913360e-01 -1.8675214375812851e-01 2.0594106246825419e-01 -4.9803787101201619e-02 1.2219350496744590e-01 3.7963997982149743e-02 2.0909321353522059e-01 -9.2170564905335352e-03 1.5833024382983771e-01 2.2452397802879519e-02 9.2160156015226331e-03 1.1331551192182580e-01 -1.2511987757505130e-01 5.7780725530385608e-02 6.8052407196301318e-02 3.5444545229754230e-02 2.8351347162797028e-02 -4.9725661167590501e-02 2.1712465529184821e-02 1.0035574983302560e-01 7.0295575303144286e-02 -4.8325101089006797e-02 -9.6732669468980889e-02 -1.4280333527864311e-01 2.8215815987998390e-02 1.7480153545890251e-01 5.8804596534597450e-02 -2.9929244235654739e-02 4.9232252713417843e-02 9.3240495538721463e-02 -2.5294775822634879e-02 5.2945971773264537e-02 -3.9876593925925541e-03 -9.9981779237965029e-02 4.2521653560444551e-02 1.8060044958633550e-01 -1.2981704878835990e-02 1.7011980484698319e-01 -2.2160781824320180e-01 4.6809213587792248e-02 -3.6206539957702302e-02 -1.2503230173557961e-01 -7.3297276973664019e-02 -1.7174805776702079e-01 1.2136320107059480e-01 -3.8051357785686392e-02 -1.0732815576666500e-01 1.9142567578450109e-01 -9.2947046088722576e-02 1.4110132101368000e-01 -3.1604432331861908e-02 -1.4710860958745810e-06 -5.8395765203090547e-02 2.7002542819052441e-02 -4.4387497403542572e-02 -1.9127424023648429e-01 1.2194972071002360e-02 -7.2762316793400427e-03 -5.5027668111784778e-02 1.3015312406899290e-02 -5.3058285666392722e-02 1.0065747801769320e-01 8.8251751080502538e-02 -5.0439086511296312e-02 -2.0149596784517491e-02 1.1560844110429090e-01 4.1648193735716682e-02 2.4850357437142470e-01 3.4211111495273727e-02 6.3928239494774136e-02 3.0139983786461998e-02 6.8942401691118912e-02 1.7902340586100121e-01 1.1750269795792979e-01 -1.3107503551017169e-01
-1.0824580927572920e-01 -1.2487297733586560e-01 5.9386008950308621e-02 -1.4515924975133151e-02 6.2347387024651868e-02 -1.4019188289770770e-02 -8.9844685559398910e-02 -1.3562654781380609e-01 7.7344642754147763e-02 1.3846239888246389e-01 2.5730011650061672e-02 -5.4498415502294457e-02 3.1345004534943703e-02 -1.4451400276836321e-01 1.6096635863759609e-01 -1.0000514525990510e-01 7.0351982567217683e-02 1.1047494620039830e-01 2.1959771557307370e-01 -7.0500663584149803e-02 5.4536407664798177e-02 -1.4079592117136361e-01 -1.7907101284758001e-01 1.7088422831171710e-01 -2.8650525098401939e-02 7.4394772793762720e-02 -3.1370328267409653e-02 -1.7819512813456381e-01 1.3623119649268869e-01 -1.0647109417001550e-01 -2.0004503994836600e-01 -7.1544773069814674e-03 7.4879440382720291e-02 -7.1943198984201304e-02 1.7920567365201100e-02 1.3867101344887950e-02 1.0262281870643480e-01 -7.6677282662279377e-03 9.8771065468024513e-02 2.5531070639033270e-02 -4.2953955793611970e-02 5.5684032306447979e-02 6.9414351170929742e-02 -2.1035556344806480e-01 -6.6619386571320743e-02 -4.3022052409238933e-02 3.7539921387027268e-02 1.7570789755531060e-01 9.4576824137715634e-02 4.4914188462234260e-03 -1.4897718013184630e-02 -3.3491936341706399e-02 3.4089678192005840e-02 -2.1180405596442398e-02 1.8712838580315780e-01 1.5203717907833489e-02 7.5976760628438236e-02 1.2346243031424760e-01 8.0921504144289988e-02 -2.5142211171154172e-01 7.7718218550036383e-02 2.9518428464486979e-02 7.6217417883090735e-02 4.8099456477428328e-03 -7.0699407500211106e-03 -1.2074079325745760e-01 -7.9860342777980778e-02 -1.6397007110961709e-01 -7.8490357000973746e-02 3.9444829623656981e-02 -5.9757377793289941e-02 -4.4042262214482923e-02 1.4040143988879211e-01 1.6548893009685650e-01 -4.4296166260209817e-02 -1.2832556489272930e-02 -2.9590129336042360e-02 -9.5545293090838701e-02 -8.6594270846151747e-02 -7.3283338556144198e-03 2.7188103831026510e-02 -9.2019061601964505e-02 1.2048469975169571e-01 1.9848150059251560e-02 -1.1747785879841960e-01 1.5693667717743689e-02 3.3606634084283257e-02 -3.0077812125532000e-02 -7.3321971494546639e-02 -1.0386003894228300e-01 6.3542021312963576e-02 1.1482020096610999e-01 -4.0838427175675103e-02 -1.9662777156732419e-01 -2.9243457848991232e-03 -8.9365335662396461e-02 -1.1345679947761001e-02 -3.4095349849775858e-02 2.4648235281188999e-01 -3.0744849686096261e-02
4.0991834384045221e-03 7.4833825634063683e-02 4.4360821253443129e-02 8.5953052350910220e-02 8.8404902308244521e-02 1.6419372277262000e-02 -5.8694492471679030e-02 -8.0190309779151925e-02 1.1035579582124939e-01 1.2495336756221770e-01 1.8377912330028640e-02 -1.6800783423874871e-01 -1.0859043725392430e-01 2.6965781541111431e-02 8.9421939262671557e-02 -1.8980614903281440e-01 -4.5589684930643817e-02 2.4673641346976399e-03 -1.0360389382422210e-01 -7.6036792657236091e-02 1.4179780513900160e-02 -4.1094925107494643e-02 1.4934240597413131e-02 6.1181218990512647e-02 8.7006008102576776e-02 5.3882294424204306e-03 2.7182378005150559e-01 1.2849794696142339e-01 -1.6584408680396220e-01 6.5411253618611082e-02 9.6449632925576720e-02 5.1453705107179351e-02 2.4982134529196549e-03 6.9108484676709936e-02 -8.8239357433638241e-02 3.0458991637224531e-01 4.8758735951673821e-02 1.3095028389062791e-01 5.8976261114228240e-02 -6.2888747371107376e-02 2.3009849155526049e-01 -3.9047366003416732e-02 1.8455365395198639e-01 -2.5996271337087661e-02 -6.5048599006139560e-02 -3.4609235143671091e-02 1.5023793989164869e-01 4.5872910334717347e-02 4.6674971392214389e-02 -5.1977641678008023e-02 4.8635252412941983e-02 -2.3846401153799320e-02 8.2796038297338018e-02 6.3913259889184712e-02 -3.8911125375580273e-02 -6.5808651690174511e-02 -8.2206966760185490e-02 -2.1488894817321039e-01 2.4255728293145229e-01 7.1533221338585223e-04 3.6274064454553369e-02 -9.0660679919007420e-02 -3.3307099449831118e-01 -1.4698020986345620e-01 -6.0764449190327127e-02 1.3369278810410599e-03 6.6795164597253529e-02 -8.6267563395796193e-02 -1.1800049687971501e-01 3.2865864791671480e-02 1.2836555262644239e-01 -1.4219108955698009e-01 1.0781537483227450e-01 -3.5092232984110343e-02 6.7749577955579154e-03 4.9412856004561918e-03 -4.6636195712424734e-03 4.9426383270535480e-02 -1.0889336324276680e-02 -2.4957973748631079e-02 -1.5176229132138711e-02 -2.8839761784332001e-02 3.1758088717758780e-02 -5.8702112050606423e-02 4.9623843181331180e-02 -4.6182433754857068e-02 -1.1638834959680890e-01 -4.6679112056336063e-02 1.0848468230215361e-01 3.2047433822131308e-02 9.4129181984443408e-02 -5.8150261978309288e-03 -4.8228374658690093e-02 8.6391559041277224e-02 -5.2251187449877758e-02 -4.3868515788763572e-02 -6.9718640297364423e-02 -3.7957526682107473e-02 7.8874700160531136e-02 7.3625410593841211e-04
3.3961858326912772e-02 3.1192228896370619e-02 1.5184543630285209e-02 -1.8828147419979080e-01 -7.8544364567347952e-02 6.9262630193328845e-02 -2.6622955386463139e-02 -5.5807519736473271e-02 3.1479692600694061e-02 1.1057526536730040e-01 3.0874194553039209e-02 -4.3626553352346172e-02 1.5597384151625721e-01 -1.6979380615388440e-01 -2.3073924458160170e-03 -1.1565097728320470e-01 -3.3353517048432237e-02 -1.1925655617171400e-01 -9.1184935772089304e-02 1.1830744660563321e-01 -7.8062608633463143e-03 -1.8773796805670029e-01 7.0419862887465767e-02 -5.8592892525054794e-03 5.1534811618215867e-02 3.6996883202736003e-02 -7.4454746533718377e-02 2.8809425052336031e-02 -6.5735056483274046e-02 1.2843700617879289e-01 -1.7017360802100021e-01 1.2255831826705350e-01 7.2397907408628157e-02 -4.0343974694713902e-02 -1.6484292872333540e-02 -4.7816796742531628e-02 -6.7917459472465705e-02 -1.3478227585654531e-01 8.7562723775341286e-02 -5.0581530593960478e-02 1.4998870412644900e-02 -5.3046423514247681e-02 7.1875354822864335e-02 -2.4473257068820090e-01 6.8223641908896904e-02 1.0471125283127590e-01 5.1362089948817108e-02 1.1773579227581869e-01 -5.5051373036079668e-02 -3.0627612480333410e-03 -1.2017119735885810e-01 -2.0612329904793511e-01 -1.5961545151672499e-01 -3.2857383823587788e-01 -9.0964067343091357e-02 1.3287873547269069e-01 -3.4363637092424758e-02 -1.0172121815620020e-02 5.1633215328723116e-03 -2.2297195718825279e-02 -4.5395034197787093e-02 2.4494073015666751e-02 -9.9270585848388007e-02 -1.5966418542857461e-01 -3.0075900778555660e-02 -2.5243161395583469e-04 -3.8480661708858152e-02 1.5105678489116220e-01 7.1021564599146936e-02 8.8925261939060307e-02 3.5486423288993617e-02 1.3148945265152451e-01 -7.8174116613842687e-02 7.2044387232350224e-02 1.2127392022895070e-01 7.0753972965591841e-02 1.6108894663266191e-01 2.3275167595054450e-02 1.8577139469931461e-01 -2.2101978597975930e-02 1.4412895253856081e-01 -1.4543961916994190e-02 -3.1629583658741120e-02 -7.6420681512389191e-02 -7.1447012674562299e-02 -3.6092256833786883e-02 -1.9540556222621361e-01 -8.0926914771129843e-02 -9.9618375965848507e-02 7.2567584903807424e-03 2.8540483159176441e-02 5.7027277370301499e-02 1.1798663876043031e-01 1.1957851428566590e-01 -1.6406207195741321e-02 9.7524501099001126e-03 1.4791775775171220e-01 -5.2834649539668897e-02 -1.0881333083392540e-01 -5.0333209124000799e-02
2.1550030936784391e-02 1.1036336046239439e-01 -3.9270851597828478e-03 -4.5331335445340043e-02 -5.2358494137762467e-02 -1.1722664251387560e-01 1.7184391407601661e-02 -8.7336386371696412e-02 -8.3246549645993373e-02 -8.9742735837254589e-02 -7.2176929996896816e-02 1.0070455995484430e-01 2.7536422609219170e-02 -4.1912414594960638e-02 -1.5651811479048630e-01 -7.3954186847937520e-03 1.4575254933863299e-01 -1.8788871736443670e-03 -7.5461467118058206e-02 9.7629984063926811e-02 -9.3983172337816570e-02 -9.2578710633621303e-02 1.4359420581418730e-01 5.5764088260542570e-02 -5.6339607298707309e-02 1.0609280330409540e-01 2.3304087390506881e-02 -4.6815029052095877e-02 -2.0664464121496449e-02 1.8842093236231669e-01 -3.3938873568838672e-02 -3.8534666380660623e-02 2.6518349442485228e-01 -6.1403145954928564e-03 -7.5213919135399973e-02 3.8944648666692262e-02 2.0387158347298571e-02 2.1627763537108571e-01 1.0290410445325079e-01 -2.0848101017346940e-01 1.1082511235889081e-02 1.5672553896035449e-01 1.9436515927933939e-02 4.8642277286766377e-03 -1.4186785692267709e-01 -7.9766617360478853e-02 -9.8272323699184386e-02 3.8126107006183879e-02 1.2765590533318891e-01 3.0807287239969110e-02 1.3030104226762220e-03 1.4381948269600200e-01 -1.5771847489631241e-01 -3.3995016266451877e-02 8.1607942083279331e-02 -2.1030523981813772e-02 -4.6613168802461427e-02 1.7982565779167500e-01 4.0986892302672280e-02 3.9037252010036258e-02 -1.6750266204721649e-02 1.3204459092221460e-01 -6.4092718670039198e-02 -1.2903802032028891e-01 8.9575942241596360e-02 -1.2237310921323841e-01 3.2473187459709757e-02 -5.8291764247133081e-02 4.4060969796375540e-02 -2.2750628401127751e-01 1.7267794253290139e-01 5.7632051183314423e-02 -2.0356760122794790e-01 -1.3293131037369699e-01 1.0579720662413750e-02 -5.8063302369400542e-02 -1.7347783085503660e-01 -9.8700004074986247e-02 2.6192883485309511e-02 -2.4553749362118561e-02 -9.6958697877981281e-02 1.0500614345987780e-01 1.0629510658295860e-01 4.3629259803158987e-02 -9.1217925440556902e-02 -7.3326172836109149e-02 1.1320475289656499e-01 3.9816844310615038e-02 9.0160310032944016e-02 7.2636568190683707e-03 2.5362938370449478e-01 6.1287497418689517e-02 4.0467203278646148e-02 -5.6169847783094917e-02 -1.0809837169348959e-02 -9.7846647104062975e-02 4.2346929142146203e-02 2.4459254608035129e-02 -2.6295348073510399e-02 8.8605374981207199e-02
7.2803016498162926e-02 8.4535509278370100e-02 -7.8703042341772431e-02 -2.8232217367531700e-02 -1.2307141395330359e-01 -1.4016447878642649e-01 6.3765954930995503e-02 6.1605131838834350e-02 1.1021540614096700e-01 -8.0116313301460601e-02 2.7648776759140670e-02 -7.2434567851583226e-02 -1.8269147011427830e-01 2.7103064300494899e-02 4.4386038653565413e-02 9.5697527446505726e-02 -3.7757131275543289e-02 -2.9878971178830569e-02 -2.6676824266169651e-03 9.4967511412042960e-02 3.8001850252844943e-02 1.2073296871483490e-01 -6.1926170965679463e-02 1.9459118250574381e-01 5.8761946083841610e-02 1.6500948755463640e-01 -5.3731446497020573e-02 -3.6602310993022268e-02 -5.6748956364945237e-02 5.1830015574214350e-02 -1.0615082308247660e-02 4.8383015741301008e-02 -1.0022594366781150e-02 3.0594185750236390e-02 -2.6509420682243021e-02 8.4717419450395570e-02 -1.0070521910424650e-01 -4.0961757710438203e-02 7.5568964037024636e-02 2.2599110655700030e-01 -1.2148826090482800e-01 -6.7137334230243859e-02 1.4094304383623710e-01 -7.1489430833275316e-02 5.0619295046018510e-02 1.1138074712294981e-01 5.3746410382761352e-02 1.9208568429491610e-01 1.4977986399669661e-02 -1.1238335690151760e-01 -1.3338374486744711e-01 5.1480447877315587e-02 -4.8461805400931687e-02 -2.9896821255096968e-02 -4.6512185246094143e-02 2.9312537823943621e-02 5.8786208220785063e-02 -1.6168808440045440e-01 4.2546204556394802e-02 1.4023441617849511e-01 -1.0026784132060231e-01 2.3653973184032459e-01 1.5930756613213060e-01 1.5386336429942529e-01 7.2574580979464343e-02 -1.2081605507156490e-01 -1.1075825674615290e-01 -1.2329041169188069e-01 -2.1744448075675679e-01 4.7404623713581027e-02 1.6444382453353459e-02 -9.1312086838218717e-02 -7.4094609104865067e-02 -6.4305311744277907e-02 -1.0593936206717250e-01 -5.8353693164214869e-02 1.9134241589446230e-01 7.9013320896454922e-02 8.7968709168759221e-02 -2.5063111516442419e-02 -8.7743494813589132e-02 4.9967646480123952e-02 -7.2855175735180466e-02 1.0201178040494170e-01 6.8985418702575338e-02 1.6620483653833309e-02 1.1820906401654289e-01 -1.3898164692387149e-01 -9.0479030378047651e-02 -1.7526160135460260e-02 1.8267147954968810e-01 3.8230925049270552e-02 -1.2844607936160390e-01 2.6609482617465180e-02 -1.1237441762556750e-01 -9.0028351353256791e-02 -5.3933728835553897e-02 5.4944469860453947e-02 -9.7800889513644129e-02 1.7780826478440201e-01
-3.5015372773421517e-02 1.0606564482731511e-01 -2.1965121128127409e-02 2.9954160233463409e-02 -3.8241511795625273e-02 -8.5582169535868932e-02 -2.1398527791355110e-02 -4.3923192343150771e-02 -1.4111738675063210e-01 -7.5126617437099558e-02 7.4982733174727312e-02 7.2497712015412136e-02 -8.1107058055531096e-03 3.8558613623232200e-02 -1.1688940744209700e-01 -7.2077060173273644e-02 -5.0999248421756238e-02 3.4525870618686401e-02 1.1189685902033919e-02 1.0957102625574680e-01 -1.6202575264014831e-02 1.4239568109743790e-02 1.3647806927407529e-02 2.1888387849240931e-01 -9.1321732506051606e-02 -4.7227899686820757e-02 -6.5421939032241166e-02 2.1139392000874291e-01 -8.7898104455356087e-03 6.7946454562587008e-02 -1.0721149488513160e-01 -6.7256239668863238e-02 3.0085723261816629e-02 -1.4965508407043809e-01 -2.6417083379937051e-01 1.8257581336888151e-02 1.9706598689328839e-01 -5.6822607613417628e-03 9.1861104688623865e-02 5.1632077021389862e-03 -1.5316391233086710e-01 1.1311257815098760e-01 -4.3478394757852548e-02 1.6216081671707630e-01 1.8509974248869080e-02 -9.4407522723922471e-02 7.5036995499516312e-02 1.3614206137727311e-01 -8.3575295454119874e-02 -1.4970804474722391e-02 2.8527623417405942e-02 -6.1892595688343273e-02 1.5384293555822631e-01 -2.0551607181494341e-01 5.9446687550216468e-02 -1.1714818779430160e-01 -7.2290796270566685e-02 -8.7094315051962384e-02 -1.2470475893577090e-01 -1.4922566753074271e-01 4.5027319378246411e-03 -1.3925224283281301e-01 3.6357832100699650e-03 1.3388131017498001e-01 1.6781047232306759e-01 2.7412480722560578e-01 6.5220992303607436e-02 -9.4653629373326609e-02 -3.2795929439455439e-02 3.5104159004670017e-02 -6.2031926142875102e-02 -1.7359920871592781e-02 -4.3935256689983122e-03 -1.5421946684810481e-01 1.7798824954662579e-02 7.0918056408058788e-02 1.7707098310676120e-01 -9.7875483263270002e-02 -7.1564851823756714e-02 4.5426795610332089e-02 6.1272313739182627e-02 -1.1645428731205380e-01 1.0605223366283810e-01 -6.6200831665079798e-02 4.5437680527221032e-02 1.0492454213217430e-02 -6.8306917034618733e-02 -2.6081458038576190e-03 9.2186549308939589e-02 2.7283064169275700e-02 -9.0315649923275010e-02 1.9649633250716689e-01 4.8609627689992933e-02 6.6660437922321158e-03 -1.9902910947064981e-01 -1.5346212060215860e-02 -7.7339392224914746e-02 7.5537318665248321e-02 -3.9910337732807458e-02 1.4016195663437019e-02
8.8547764405786336e-02 -3.8157786843561713e-02 -7.4090145432680582e-02 4.9912693431102037e-02 4.6416375038286953e-02 1.3500673201679260e-02 -1.0866049888773720e-01 6.3344750814450387e-02 -6.0059958826544912e-02 -5.8925439977143973e-02 1.3492185895810841e-02 1.4747836952580151e-01 -4.0984491703015803e-02 -1.2813028393936399e-01 2.2173279789930080e-02 -5.4214815746158072e-02 1.7092004928922679e-02 -1.8003125320960570e-01 -7.7271128167406250e-02 2.4555574368770799e-02 1.8595040667735099e-01 3.9783760382437118e-02 -2.0101585914636760e-02 1.3434886516911240e-01 3.8039731162391129e-02 -6.7742206689953413e-02 3.6196377107091317e-02 -5.6522080399157688e-02 1.6592835470532341e-01 2.2197832024527912e-02 6.0897921849102990e-02 1.0081075698291370e-01 -9.3711901240801962e-02 -3.6804628569739838e-02 -8.2010379448929673e-03 1.5997052454286881e-01 -2.2800771846119511e-01 -5.0231023884166670e-02 4.5986243194193949e-02 -7.0285875948089035e-02 -1.2258904762044660e-01 5.7967280374228013e-02 6.8641035338769404e-02 1.3185145454049449e-01 -4.0426047662704108e-03 2.1164219218955649e-01 1.5226634209547250e-02 -2.0415846786400339e-02 9.0279311003560445e-02 -2.4459479116997981e-01 8.7964453294374426e-02 2.5139172301312190e-01 5.6589987430360221e-02 -7.4597467061540759e-03 -8.4516395958085910e-02 1.9595295497137691e-02 7.4463517117498559e-02 -3.6419870113613313e-02 -1.9007756334363291e-02 -1.8192592426703860e-01 -1.8101179712501819e-01 -7.6511932170721469e-02 -7.3498809411349120e-02 -6.6604570175470071e-02 -2.7388720065834510e-02 -1.1127099523050580e-02 4.6355373178178769e-02 -4.4192703753113179e-03 1.1734358445029060e-01 -5.1987957628667127e-02 -1.5996485735419549e-01 1.9784027214098229e-01 1.1877670337806021e-01 7.9210246355171501e-02 1.3023857517906831e-01 7.0281810796300317e-02 -5.3577738214620807e-02 -8.0838778237891207e-02 -1.2133918787809200e-01 -9.1582930079471700e-02 -5.2216742847164099e-02 1.9162692528471301e-01 6.2109912647237031e-02 -1.1417611115288789e-01 -4.7517268626365641e-02 1.1345230307317400e-01 6.8851224106169270e-02 -7.4949379933470672e-02 -9.1451382656202479e-02 -1.3100449891471350e-01 1.0851164758730270e-01 1.2746491187884831e-01 4.9460055594777973e-02 1.7976264833622521e-01 2.2656234435017970e-02 1.4383189595714220e-02 -7.7879310966410181e-02 7.6471246885638874e-02 1.9758296926565250e-02 -6.0886413937236913e-02
