# CEC 2013 LSGO F11 rotation matrix (100x100)
1.5613001733199541e-01 -2.4884893501312389e-02 -1.2936546695581880e-01 1.0954348776449049e-01 -1.6729571648433270e-01 7.1477734595392542e-02 -8.4132924329813855e-02 1.4834743291046951e-01 2.7438288014390427e-01 -1.5479234923428711e-01 -8.8716528725050620e-02 4.0325003127153917e-02 -7.3579209474379390e-02 -8.1034408227949162e-02 1.4096870234133731e-02 -1.0026450478803750e-01 1.4604735291811999e-01 6.7122075116317487e-02 8.9837502568760504e-03 -6.5822795815598703e-02 7.8807597593653342e-02 -8.5454017063394602e-02 -2.1239208232686649e-01 4.5488893338769112e-02 5.8087159018568577e-02 -9.1576940932305950e-02 1.2767289638573129e-01 2.1119927807285589e-02 -5.1543674328470707e-02 -1.2068228319308461e-01 -8.0289695063418282e-03 -1.0094889306224250e-02 -9.7380123688570380e-02 -1.9598980461502530e-01 -1.2945671596067121e-01 8.1683726125154454e-02 -1.7906086895259361e-02 3.3634421226990112e-02 8.4364193269877305e-02 1.8375225970435779e-02 4.8368274112642697e-02 3.9457206084819257e-02 -2.0033098786796519e-02 -2.6568888693014902e-03 1.8114584228103389e-01 1.2234890693082530e-01 1.1882526404860060e-02 1.2840231907665400e-01 -1.5885687160721060e-01 -1.1505352417998890e-01 1.1591822857456580e-02 1.9803375075222571e-01 8.7762002869684394e-05 -3.5462311145096539e-03 6.0614319157532522e-02 6.0570236025043252e-02 -2.0447137124992749e-02 -5.7233236528081703e-02 -8.0188654377696705e-02 -5.7459591425118500e-02 -1.1005704067275950e-01 -7.3463833913072540e-02 -8.5880695383267341e-02 -1.8728762263851931e-01 -4.9564651200999559e-02 1.7521790462946860e-02 7.6026289976529760e-03 -9.1675481585769977e-02 -6.9494487213603129e-02 -1.0540159727044759e-01 2.2287396201777120e-02 7.4006185924363102e-02 8.8166284285889934e-02 1.5459798338911721e-01 -2.3908442827000189e-02 -2.1349790030987449e-02 -1.1133830146840600e-01 -8.7000268787546978e-02 1.1840105993731860e-01 7.0485261457939180e-02 -1.5364801061499139e-01 5.8233116038658363e-02 1.0404741581780720e-01 -1.5783185880271461e-01 1.8623017359844371e-01 -1.3568893437209011e-02 -4.6092579481642797e-02 -7.1524808988466457e-02 -4.5590852516186756e-03 1.3173154994412991e-02 -8.4582295483785888e-02 -6.0829855612851438e-02 1.6623085401984261e-01 -2.8802587358609969e-02 -1.4616232094695850e-02 -1.1500105942444599e-01 -4.9811988829657986e-03 -6.7512696941382899e-02 -9.7555366879169519e-02 -1.7909767982792979e-01
-7.1600747292281525e-02 -4.3612254293036501e-02 1.7419824085580071e-01 -1.7456509096695291e-01 1.0189909496755679e-01 3.0753457781973359e-02 8.4645335547429128e-03 1.7382207570949040e-01 -1.3979625215852440e-01 1.9203259224684459e-02 9.5491022133875388e-03 1.2436031378004700e-01 1.4821181984915291e-01 -1.0759395399015770e-01 -2.3072955733343781e-02 -2.2786480943965789e-02 -8.4912473036290917e-02 6.8388433537669144e-02 -2.2653091566079728e-02 -1.1223850973385210e-01 -1.9225062856232381e-01 1.8492312635369199e-03 -2.8153053460008348e-01 -1.3697016953695780e-02 -6.6630382562993667e-03 -6.6009912150670549e-03 -4.0465389349252201e-02 2.0591467489763621e-02 -4.3480066181958987e-02 7.0476854642845407e-02 5.2668292985065389e-02 -8.0206472835012171e-02 8.0731296404862388e-02 -2.8680739265555269e-02 -5.5134795951104557e-02 4.9824077825621232e-02 9.8567935550401053e-02 6.4672358093032456e-02 -1.3688455157842791e-01 -2.7541000041672670e-03 6.1541281868379087e-02 -7.2126486084046829e-02 -4.6296345216654169e-02 1.4900704623122990e-02 2.3721238786910309e-01 4.3029251300706853e-02 6.6670167034943037e-02 -1.9621729741542210e-01 1.9525374364975120e-01 1.8951439862212139e-02 4.7421237844632327e-02 -1.4957817330215131e-01 6.1409295692814093e-02 -3.6589296619123933e-02 -2.6712590723596372e-02 3.2334455632556082e-02 -9.0431210609935350e-02 -1.3289976723251720e-01 9.2619172250641230e-02 -1.0334929011168280e-01 -1.6341503436404470e-01 -9.8153652568211708e-02 -1.1509262957524830e-01 2.7400410384492441e-02 3.5519150435579197e-02 7.5732416672115346e-02 6.8575297618893444e-03 1.0263373309796220e-01 -8.7673258805953627e-02 -8.9667946261595383e-02 1.0495249250944171e-01 -1.4398212685792980e-01 -5.3786285192280493e-02 -6.5378391270263334e-02 9.1966749418851551e-02 -9.5234913202863980e-02 5.4912897071133393e-02 2.4412099294617160e-02 6.4156441992302112e-03 1.0291724601073381e-01 6.6775837619223649e-02 1.1259699381342381e-01 1.3348967730113701e-01 -1.2696398681476090e-01 2.9966589066659260e-02 8.1456136870353454e-02 -6.9268853914302542e-02 1.6434278060407809e-01 1.9680015534451401e-01 -5.2005870943113257e-02 -9.6253074111839074e-02 6.5094396411174593e-02 -6.5182393594258439e-02 1.5640346332729690e-03 8.9546344511983039e-02 -8.9196390344165766e-02 8.2686491806094983e-02 7.8426759888687525e-02 -1.8355431055330390e-01 -1.4582956268270450e-01
5.7794405251003753e-02 2.3903720884093701e-02 -6.5038908571153686e-02 -1.2151976366207830e-01 3.0479230307515891e-02 -3.9997635990645188e-02 -7.9991575023640307e-02 -1.9916419492349599e-01 4.9945606840317368e-02 1.0141285329190630e-01 1.1476907089563970e-01 -7.1834145653999629e-03 1.0441141204732141e-01 -5.0156992467392483e-02 1.8209480102635420e-01 3.9257221553086308e-02 -8.3828406526602839e-02 3.0204586508963149e-01 2.2260055092018938e-02 -2.5074232677962771e-01 1.0569810792788641e-01 -1.3893277672584950e-01 3.0713607953782252e-02 5.0899951189790807e-02 -9.3109687851193626e-02 1.4069013360192370e-01 -6.1490889855860542e-02 -3.9301188276180427e-02 1.0639638356898730e-01 2.7527706879561360e-02 1.9765815377126409e-02 -7.2968895650624921e-02 -9.5837973027232556e-02 1.3680651799142460e-01 -1.1125764161562560e-01 7.1631516435635270e-02 -4.7201710194200233e-03 1.2645913264424290e-02 6.3048822099743135e-02 6.1645921466582217e-02 4.0782905992503768e-02 -1.3086945191165811e-01 1.8364793911204499e-01 -4.2331062602796933e-02 -1.7284836331676861e-02 -2.5790443005289279e-02 -4.0904418672533471e-02 -1.2606560679815260e-01 2.1252233840554972e-02 1.6737558317529079e-02 1.3708947188632021e-02 1.1199605313898280e-01 -1.1733278847286770e-01 -2.3865711686868050e-02 6.9664594940588159e-02 9.1544169433527597e-02 -9.2417340631571282e-02 -1.3845217505724730e-01 5.0767074383568221e-02 7.1953407380167297e-02 -1.2709536565493901e-01 9.4275692677037629e-02 1.0148617936785050e-01 -5.9361682222600243e-02 2.8561285843386769e-02 8.6785065202049497e-02 1.5097994658165401e-01 6.0053191272620703e-02 4.7004316604109253e-02 -1.0150861286526440e-01 -1.8546318714882961e-02 8.7218574304708418e-02 -1.1725978734472230e-01 1.1652785964767159e-01 -6.4276008031292298e-02 1.3211261119062351e-01 -4.1800667443699591e-02 -2.7761599467704512e-01 6.2056930825010757e-02 1.4572195181068040e-02 5.8056161025077671e-02 -1.4935045779614610e-02 -5.9941677851967898e-02 -4.7278797682670487e-02 -5.3303442347700340e-02 9.4445338528083400e-02 -1.2007656117887340e-01 1.3131097255311791e-01 -1.0065519013498871e-01 5.5649406221572127e-02 -3.3201918534906888e-03 -3.8451853385448819e-03 -1.3756314474042859e-02 9.8047283406318506e-02 -9.0500803946034158e-02 1.5693452149849910e-01 -2.3986759738760019e-01 7.5722134524082690e-02 -2.0610601089782229e-02 -7.8551688682498566e-02
-7.8347066130365517e-02 1.6933702450274399e-01 -1.5804403131972100e-01 -5.6803093455127143e-02 -7.4721936912752737e-02 4.3329146768684983e-02 -8.6966761402214834e-02 2.3602725446728889e-01 -6.0318570255957070e-02 4.9513181272511912e-02 -6.9831275119075692e-02 -1.1694296005813740e-01 6.2247105430823277e-02 3.3461641079780592e-02 -5.0036191091026548e-02 -2.3615270720567259e-02 2.5839321464458501e-02 -4.2319789482443623e-02 1.3965596768587199e-02 -2.2545976077743279e-01 4.6668342579306181e-02 2.8696369396741559e-02 1.3059258113976460e-01 -6.8159445571760763e-02 -1.1341656463486781e-02 -3.6473806432244221e-03 -4.2555591306505158e-02 1.7515511161851910e-01 7.3088911061124431e-02 -4.9944704303595100e-02 -7.1654099469751251e-02 -1.3380877264354860e-02 1.8780601668658761e-02 1.0965884786406049e-01 6.7681007795882334e-02 6.5977245094193421e-02 8.9947130328663014e-02 -1.8026943981762470e-02 1.4503801480237061e-01 9.8686082714138312e-02 -1.2763264834524340e-02 -6.5295547229963294e-02 -6.5192932045265078e-02 -6.6423329249318749e-02 -7.1556811078689331e-03 -7.8763599151242633e-02 8.1615543056401257e-03 -1.2689755718880269e-01 -1.4100953976212011e-01 -1.2507564107078879e-02 -5.6591742444130518e-02 -1.0857204992069031e-01 -1.5292761665694869e-02 -2.3228096754544559e-02 1.3015032104328869e-01 -1.0671901001078130e-01 6.4124456299269925e-02 -7.6643288046083419e-02 -1.2072256551462909e-01 4.3564421947997013e-02 -1.5331194736676500e-02 -2.5674940427061029e-02 -5.4586305458845928e-02 1.0916735349133430e-01 -7.6629681294705029e-02 1.0693172846939760e-03 -1.3323832384772619e-01 -1.3304766331796400e-01 1.7259278183485841e-02 -1.1434308976000490e-01 5.9161848228620792e-02 -2.9774571458550041e-02 1.3785444363242991e-01 4.1698052051928670e-04 -4.9440857899381713e-03 -6.1683258205543857e-02 -1.4830410050503359e-01 1.0064126492377491e-02 8.6111198488742199e-02 -5.4831330375361982e-02 3.8817637071259091e-02 -1.4892629217448999e-01 -2.3639416027277790e-01 -7.9119424129097407e-02 2.2529952455173380e-01 1.0968093472270531e-01 -1.8289329870060000e-01 2.3152585894686861e-01 -3.0862698721276689e-02 -8.5234845734463105e-02 -1.7869624420695802e-02 -1.7186264395585810e-02 -3.3249603944486201e-03 2.0493114783218880e-01 2.1269208073462970e-01 -5.2955352554165808e-02 1.4195730158344549e-01 -1.6479242526568010e-02 2.2714263367081360e-02 1.9301767299390271e-01
1.1796178269503760e-01 4.8581499768244121e-03 -1.3568229541224791e-01 1.9294053609654189e-03 2.1067306079609440e-03 -9.6657359973591081e-02 -1.0925124490539070e-01 6.1471431007535333e-02 -4.2077960223277450e-02 -2.2836272611035002e-02 3.6453093751388457e-02 -2.1132661318448931e-02 1.1001821913515010e-02 1.7172724451971341e-01 2.1904087364762209e-01 8.5657879671102097e-02 -3.4761190441010982e-02 -7.5651037766821831e-03 -2.5462874602136261e-02 6.1310944481322273e-02 2.4088825908221610e-02 -1.0537950083809119e-01 -1.8567560667083510e-01 2.6975779741578759e-02 -5.8025346400413680e-02 1.1480361553892909e-01 3.1964605917523758e-02 -1.1748687577936390e-01 4.6302109322212161e-02 4.0896997642938561e-02 1.1566938149766330e-02 3.2035817690311219e-02 2.4041093503824750e-03 -1.6957269292423950e-02 1.3905348403750650e-01 1.2442507848389180e-01 1.4297871941638560e-01 7.9962606078399612e-02 3.0547895796797380e-02 -2.7295001245659561e-02 1.9896293157378331e-01 6.8543343699940792e-02 4.2756110275671548e-02 1.0053772712471799e-01 -4.4274322944062403e-02 -5.6110715812455622e-02 2.2972896714799920e-02 7.3273192310790783e-02 2.0187199973855999e-01 -6.5092563944640816e-02 8.6140626861259381e-02 1.7114936149969640e-01 -6.6034942778476061e-02 -3.0118865826669301e-02 2.1092131619422801e-02 -2.3694939685906430e-01 -6.3004566086077393e-02 6.7804130111095567e-02 -7.1256026758842045e-02 -5.8459750253146210e-02 -6.3838999575021538e-02 -4.5105118296196997e-02 8.6753812902211000e-02 1.7177425937355140e-01 1.1837359941631501e-01 7.6980099526195583e-02 -2.2346198028792341e-02 -4.5988347629549023e-02 -3.2424595350639407e-02 1.0382000536599470e-01 1.0970875403247850e-01 -3.4595161313608187e-02 -6.7673400337546374e-02 1.1293383580030580e-01 4.4413944807478460e-04 1.3237981369406210e-01 -5.0506551886984961e-02 2.7984993464610469e-01 -4.4576974795436743e-02 -1.6034066088218030e-01 5.0339197142308667e-02 -1.2610674842053540e-01 1.6287377460972322e-02 1.7871270910386780e-01 1.8828667090971471e-01 -1.5420505428427189e-01 6.5523331162370441e-02 1.1737405657543221e-01 -4.0134551948345851e-02 9.5982942029912435e-02 7.6081745665792328e-03 3.3406577055880467e-02 1.5817693808988301e-01 3.6694020194843829e-02 6.8166083060115318e-02 -3.9280468944183827e-02 5.4886974516566857e-02 2.1793719019618490e-01 -8.9662777869191565e-02 -8.9366244911767839e-02
-2.2602759552579441e-01 6.0795354341581453e-02 1.6567258907106391e-01 8.4485779588905574e-02 -3.1495451806367911e-02 8.8367695440653829e-02 -8.6741687505609316e-02 -2.4879353444721219e-01 2.0327140233619461e-02 -1.4999491250444639e-02 -1.3317785223403730e-01 1.5324686388318449e-02 1.5096462139830890e-02 9.2557098557613290e-03 -3.1623280194805543e-02 -1.2825394415198091e-01 1.0730046374968201e-02 7.5901982558312375e-02 8.0315252399507306e-03 8.7069815065464601e-02 -3.0920077353815929e-02 -2.5079355077688759e-02 -1.8405048852479089e-01 -3.4328246594909378e-02 1.0749662701507770e-01 7.7075510996639895e-02 4.3984261363954363e-02 1.2791018611449129e-01 -2.6304420055373860e-02 -1.1543168801198780e-01 -3.3435605324741803e-02 -5.0449903192006103e-02 -1.4909367413234689e-01 -1.0164189133741471e-01 -8.1425258933976521e-02 1.8662491334372380e-01 -7.9079900179462551e-02 -1.2805652698189721e-01 -1.6289034974000940e-02 -3.1961995531320217e-02 -1.1188274014207780e-01 8.8799129940059798e-02 1.4931740001305879e-01 1.7539734210530000e-01 -9.7155059502415042e-02 5.1844870971184287e-02 9.1639042011993813e-02 -7.6153082855079882e-03 4.0583725614400892e-02 -9.5510338998020944e-02 6.1875144802137436e-03 3.5430592271450359e-02 -7.6858931390299090e-02 -8.2743740581667932e-02 -2.4581933220218469e-02 -1.3806353983541809e-02 6.4154571786752934e-02 1.9691485273718601e-02 3.5600077860486593e-02 1.5910701822327869e-01 1.5661107429594609e-01 -1.5323984861184650e-01 1.5119889495822410e-02 1.8016503526151961e-01 7.7478078181925827e-02 1.0677246684415399e-01 3.6751385817489789e-02 1.0591791149726350e-01 6.5333147054638316e-02 -1.0823062559816980e-01 -2.1556247110927001e-02 -2.6869171411049281e-01 4.7559321467480369e-02 1.0573947212237229e-01 -3.4660682615087403e-02 6.4715232433402339e-02 9.8884997915452286e-02 -2.4830117211015381e-02 9.0085907097751827e-02 -6.6548429667708464e-02 -4.2215249606644821e-02 -1.1841990605916861e-01 -1.1413300326400901e-01 -5.5106603134776201e-02 -5.7901680829908356e-03 1.6414451201312499e-01 -1.6824355850032231e-02 1.2790090629772620e-02 -1.9763190115642721e-02 -1.2183498323611820e-01 5.2433465623387522e-03 9.6392892871052571e-02 5.3693897950257641e-02 7.6449400803230941e-02 -1.5607461919355761e-01 -1.2269170186791931e-01 1.7512339425887649e-01 1.2462941969852109e-01 1.5367467333427601e-01 -2.8585124781569091e-02
-3.1260418981404088e-02 -2.9487027094655610e-03 -3.2520554054869061e-02 -7.7692176297468260e-02 -1.0796126645292380e-01 8.6960429353000274e-02 -1.6968968691890612e-02 -2.0031869988185432e-03 -1.1548782250864520e-01 -1.1397838379769019e-01 -2.5046616327628720e-02 1.2665640581509571e-01 3.2295029556572458e-02 -7.2264069045481494e-02 1.1933455252725500e-01 -1.1664876291315381e-01 2.4360799530190330e-01 8.0586251801766484e-02 -1.6294865817578458e-02 1.0399010894502400e-01 -7.9007281123118722e-02 -6.8529126323445252e-02 -2.5493945816912410e-02 1.4857688905598851e-01 5.9288905959049308e-02 1.0700604604941570e-01 1.1814560388825590e-01 -1.4844992996457401e-02 6.8332530620249535e-02 -1.4213834410672271e-01 -9.0825545292853360e-02 -1.1185518251060160e-01 4.7628863340332200e-02 2.7527978021675909e-02 1.1011608655112259e-01 -6.3004439267548215e-02 -6.8750835736820115e-02 4.6345262022137450e-02 -3.1942158178385742e-02 -6.5080858329271712e-02 -1.0302624835551150e-01 -2.2453972770931990e-01 -6.2427071904777110e-03 -5.0741287277491068e-02 -6.1583026243572023e-02 2.1667548887358801e-01 7.6661039728308747e-02 8.7221905507661721e-02 1.5226899253976650e-01 4.3697385307443007e-02 -1.3931234911703161e-01 -1.8220474714224150e-01 -1.6001329027600869e-01 1.9497899430557242e-02 6.8386672436000398e-02 2.5176309311360279e-02 -1.1228200883062870e-02 1.8960762454510529e-03 -6.1991027837913160e-02 -1.4806471947416361e-01 -1.6762659681794559e-01 -4.7762981205077347e-02 7.1181999452827244e-02 -1.1083691616573660e-02 1.1625877506478401e-01 -4.5626030957882327e-02 7.0670572966559736e-02 -2.5884439062553541e-02 1.3460218808943861e-01 8.3951614786395373e-02 -7.0282682660734272e-02 1.5004806068776910e-01 -3.8600750150028902e-02 -1.1656115178180659e-01 9.9781979479718050e-02 3.9364687834227363e-02 -7.6800395392185680e-02 8.7783424058600568e-02 1.4924843735399401e-01 -1.3082489897830689e-02 8.0517973111286431e-02 6.7050993605473383e-02 -2.8306563502120730e-01 -1.3128110970667181e-01 -3.4123435931843152e-02 -2.0659868996514150e-01 -5.0743542083612557e-02 3.2257188569185080e-02 -8.3257957722525852e-02 -1.3341091901451729e-01 1.6445133677140339e-01 -4.1732199738539338e-02 -6.3852349930547409e-03 -1.4610547019528891e-01 -7.7258381238265422e-02 -5.5941633202636329e-02 4.3606253662872518e-02 2.2378024815968480e-02 -1.0992328115101049e-02 3.8889418776386797e-02
-1.4302114151747139e-01 -5.6265101073877437e-02 -6.0855247157038071e-02 1.2935021488567290e-02 -1.2844961240780489e-01 -5.3248683264571287e-02 4.7645008913506717e-02 1.4669119950482201e-01 5.3875225018513509e-03 7.5497273194659570e-02 -9.2577389704874863e-02 -1.4898898523285461e-02 -2.3877993602938888e-03 7.2330995454726155e-02 6.9143894093507907e-02 1.0563291016016600e-01 -4.9267060582216943e-02 5.2065354844634641e-03 6.8032232363932313e-02 -3.2090622360105459e-02 5.5486751206714667e-02 2.4001162801508899e-01 -7.4103612511413092e-02 -5.1875694637976422e-02 -1.5404250938232261e-01 5.0012100874653520e-02 -7.9323352942056481e-03 -2.7451482809185999e-02 7.6079563687193055e-02 1.8256429401908279e-02 -8.0749270462059410e-03 -2.6801799428031500e-02 -1.0796055968543250e-01 2.9838005060852799e-02 -2.3233908126247221e-01 1.2759684943192459e-01 -1.3287573671044051e-01 -6.0836718166133411e-02 5.3249234841257827e-02 -9.5922125154344812e-02 2.3774140045098521e-02 -8.3678392367556781e-02 8.6468823555218635e-03 2.7536531159135860e-02 1.6237416259308279e-01 4.5976908056358387e-02 -5.2384743837999639e-02 -1.1446630607677030e-01 -1.1308338429269890e-01 1.0112866502062720e-01 1.4213724494299851e-01 -7.6152438846503146e-03 5.8927427629517873e-02 -4.2734360457051049e-03 4.0061921696470909e-02 -1.2351666110723319e-01 1.1786269593476820e-02 8.2564988886127400e-02 -5.5487208994182510e-02 6.2328180859286222e-02 8.4489751678396716e-02 -1.6133607824736110e-01 -5.1890164805887817e-02 -1.4734349909682981e-01 2.7600584658926820e-02 1.1911325597584931e-01 1.9622030637650509e-01 1.2023453611781761e-01 2.3625250597484149e-02 1.7080458444382409e-02 -2.7686786572616701e-01 -9.8846432792880107e-02 -4.1214649007951000e-02 -7.8590950778064411e-02 1.2619469099697500e-01 1.4845342422118391e-01 -1.7400638848433239e-01 6.1410300101906748e-02 -1.2847582118482609e-01 -7.0566599309299580e-02 2.1381448986071451e-02 1.6168839433975929e-01 -1.2637046541149899e-01 4.9693856153405290e-02 -7.1127558150164472e-02 -1.1003238174410990e-01 5.8981714058313692e-02 2.1054679064636310e-02 -8.5510445820367861e-02 -2.4172398071517970e-02 -1.2582493125259350e-02 -1.0548723031533661e-01 3.3815046157701437e-02 -1.5732694249313539e-01 1.5475653903478981e-01 1.9404565695546130e-01 1.7989095966803539e-01 -6.5718515741864991e-02 5.3887830409822063e-02 -9.8790720633125426e-02
1.3409532890642531e-01 -9.0360986883264507e-02 -3.6265910641734622e-02 7.1448616147377117e-02 1.2388714113923530e-01 2.2383104488691030e-02 1.6736555269476641e-01 2.5292284541366821e-02 -1.4537392488883280e-01 -5.4227976446009794e-03 -8.3730826320012622e-02 6.0265214953188539e-02 -1.7428322648219560e-01 5.0601222583116542e-02 8.7626479947916905e-02 -1.1041907147974590e-01 -5.7332715351632382e-02 6.3778599494841215e-02 8.6947702085929154e-02 1.3914726450054571e-01 7.5240245575228376e-02 -1.0745025435902759e-01 1.6295160854691512e-02 1.2931924232809431e-02 -9.5087646551871657e-02 5.3066623517115392e-02 -1.6014026729528999e-01 -3.4589509366921641e-03 -8.2748446362290493e-02 -2.9177713183732020e-02 -1.4731854541777789e-01 1.8264266039791081e-02 -2.2456018697063040e-01 1.0319867436200800e-01 -1.2758623131892061e-01 -9.2158495272606181e-02 -6.2894146901612130e-03 -1.4676183716654380e-04 1.4879757921308351e-01 -3.7737023313388247e-02 2.7837078200544211e-02 1.4942696555394369e-02 1.6611109285423750e-01 4.5370733965984053e-02 -1.2313066879947430e-01 -9.1713502510600616e-03 -8.0770898259134305e-02 -1.4143113488210551e-01 -1.4657963230824239e-01 1.0488211703141530e-02 -8.1010204614084161e-02 -1.0061836952416210e-01 -7.1247046263844732e-02 1.7277008000003560e-01 6.5950326404159917e-02 -1.6795589488223760e-02 8.8582196798900803e-04 1.3229287856882510e-01 -4.9514055100917977e-02 -1.1160440260207539e-01 -7.0616163692117248e-02 -3.1272812915714800e-02 9.0391591107973138e-03 -2.8611715673314140e-02 -2.6380648512549322e-04 -5.6853724269195619e-02 3.7868206176998549e-02 -7.0758965726288009e-02 -7.3859367475558296e-02 -1.5252736126781011e-01 7.1916921293411736e-03 4.5040395367866297e-02 -4.9228836545174577e-02 -9.0664803718346981e-02 8.0319073310212319e-02 -6.8326640309405266e-03 -6.4083082572927261e-02 1.2123685441334790e-01 9.2671974532053031e-02 -6.0377088865556261e-02 8.4165608075016607e-02 -6.2016154718056099e-03 2.0891177857645099e-01 -6.2940517774972934e-02 -1.2381070259106670e-01 2.2906564458164841e-01 -1.5955462336876730e-01 -1.2453361909719859e-01 6.3329668100612607e-02 -7.2719688463591600e-03 -4.0516380705277792e-02 2.3110971361576860e-01 1.5622905452759489e-01 -1.0498333130614231e-01 7.2114208948203695e-02 -4.9294730833116487e-02 1.2575268544779100e-01 1.5239613683867090e-01 -1.1692688490125190e-01 1.1460085659856670e-01
-7.0443459699136762e-02 -4.5411427591868718e-02 3.3785635799355333e-02 1.0765745985517440e-01 9.7551055583839242e-03 9.0967764909493098e-02 1.2605270880376909e-01 -1.9845235246158180e-02 -6.7189637534645491e-02 -1.8083203678728489e-02 -1.2629446182966661e-01 7.7157091364073943e-03 1.8842065370292649e-01 -7.4563226999255036e-02 -6.3082281980493565e-02 2.2869154666501770e-01 9.9807802392711767e-02 -3.2452832114916473e-02 1.0703794724073699e-01 7.7722805659307143e-02 -1.7517638071283790e-02 -4.3145752693434184e-03 1.3828449535302359e-01 -4.6475718877537077e-02 -8.1488625120628502e-02 6.6509661082358923e-02 -3.5056028102347460e-02 4.1190085795611037e-02 7.3031657425773307e-03 9.0622654919209900e-02 5.4622158332692128e-02 8.1407872778502907e-02 2.1229119096855310e-02 1.3585602538073380e-02 -5.9348635127336132e-02 1.2153464082077189e-01 7.5844753914554572e-02 3.1416745999857172e-02 2.4400138456119342e-03 -1.1462893621906060e-02 2.6743745890978332e-03 8.7436131734457204e-02 -1.6014180439604669e-01 -4.6822134941001559e-03 -1.7624669808348539e-01 6.9106369945092963e-02 1.5783232070190600e-01 1.8648743918282740e-01 3.1770857824460277e-02 -1.2716132418446871e-01 -4.1804465425526592e-02 -1.7897806453212989e-01 -7.7797195976942943e-03 2.6944279831935501e-02 2.7611932947116041e-02 -2.4803579623307129e-01 -1.4626079608737089e-01 -2.3801019678510110e-01 7.0512893557323653e-02 4.6502438184965657e-03 -5.3427362151766473e-02 1.3842946863565589e-01 2.2453128745291949e-02 -9.9124196596493588e-02 -1.4921992419911931e-01 1.2732253380298811e-01 2.1848643263332121e-01 -4.4081746827541103e-02 -3.7563512960119637e-02 5.9071748550566218e-02 -1.2076256897998680e-01 -6.1772098726145877e-02 2.7464284443883859e-02 1.8730524702843820e-01 2.3763316069214821e-02 2.5476957885862649e-02 6.4120406887197987e-02 -1.9542713745356061e-02 9.4699762438235663e-02 6.6579534267486834e-02 9.0451524931721511e-02 1.3047685749853341e-01 -6.1146003512226939e-02 -6.7728169932532875e-02 9.6447289084988314e-02 1.5265661117372670e-01 2.5490649381772909e-02 -1.6092849205266549e-01 -1.1833249692122159e-01 1.5503625661822451e-01 -3.2447136439587562e-02 2.7360083044229499e-02 7.6520855193986326e-02 -5.2486231626432747e-02 1.4985114687432879e-01 -1.2136517241655539e-01 -9.6670131604726428e-02 1.2734430249649800e-01 -3.2152703188565723e-02 5.2883311056036632e-03
-9.8321293906799737e-02 -9.2702686172754400e-02 -1.0468697820051311e-01 9.5498613667131305e-02 -1.3938365101772729e-01 -1.2696474282124021e-01 1.6640286778125811e-02 5.8218470674134958e-02 -3.1934317866832533e-02 5.7302374204392598e-03 -5.1101799758651638e-02 -1.8977537157711849e-01 9.6264326749110035e-02 -8.1048196905180465e-03 9.9932151755051615e-02 -6.0038036146333532e-02 -1.1772719487564930e-01 -1.0405613929772651e-02 9.8996938054763242e-02 6.4317586410246055e-02 -3.2786816204375513e-02 -2.8434033332574670e-02 -4.0889496664581852e-02 7.6771192839945462e-02 8.1753466390183716e-02 -2.0946696274091740e-02 -1.7700659733533259e-02 5.7342423044370948e-02 -7.2263352804056602e-02 -1.3405087816975031e-01 3.1866865488292893e-02 -2.8863676540108851e-01 2.2092635357197479e-01 1.6233287768055990e-01 6.6025268424580091e-02 -1.2827239052031181e-01 -1.6864778917981629e-02 1.2692003863117760e-01 9.1714436572769509e-02 -7.2118718570736446e-03 3.6542548744286203e-02 -3.4386366454372527e-02 -9.0723815887253131e-02 -1.8723458298550440e-02 4.5093073800264352e-02 -2.0736771502752599e-01 -9.8765982250405334e-03 6.3504207474607360e-02 -7.0346441876709770e-02 -1.0985548260324810e-02 -1.9319974844468021e-01 -2.4539885574537880e-02 2.7051768096443510e-02 5.2123103842081242e-02 -5.2943458164098733e-02 9.9004028020266865e-02 1.1757320986566980e-01 1.1849154515667280e-01 7.0850195342139280e-02 1.9041488237939411e-01 -1.8298326864650710e-01 -3.8641550997016161e-02 2.4105636230247751e-02 1.4153685497341240e-01 -4.0186800986096657e-02 5.4810386487595307e-02 3.7915580283909928e-02 5.5730630777776548e-02 -6.4559997442480518e-02 -7.4802749025000517e-02 -1.0742529641975550e-01 -9.8077503973813887e-03 -5.5611159209384767e-02 8.4002685660242077e-02 1.2897963114287139e-01 1.6914026000532731e-01 1.2722937081151681e-01 -1.0551828669037761e-01 -5.6923190723016881e-02 -9.2485940225616556e-02 -1.1170662539819250e-01 3.8957067763637693e-02 1.1369180136731870e-01 4.7866681080618728e-03 7.3037020888268448e-03 1.6622913601072861e-02 -1.4322774962261050e-02 -1.4813484324431660e-02 -1.1678078952473719e-02 -7.5604710366381197e-03 1.4206005192860119e-01 9.2532738785378696e-02 1.5811255626523330e-03 -7.9665818902635299e-02 1.7682271277338860e-01 -2.2368832244594650e-01 -1.1135483001770130e-01 -5.4077364566387717e-03 1.5341657012602969e-01 -1.8451463790022191e-01
-8.9778890667787672e-02 -1.8875997066251299e-01 1.8638464627398160e-01 -6.0850230421164962e-02 8.7446153439938834e-02 1.1728352921710800e-01 1.6272944757143110e-01 9.8568409154237480e-02 -6.5327609713379687e-03 1.9899413454849660e-01 -7.8816238083225326e-02 3.4719681758084341e-02 -7.1085933012607377e-02 8.2200112367418379e-02 7.2032848364648711e-02 8.8246649370470817e-02 1.6754193028045120e-01 9.6280779418625270e-02 -1.3244192805077401e-01 -1.5195953472856721e-01 -2.6566721297704630e-02 -4.5077204079097183e-02 4.9967828431841083e-02 -2.8244582148602908e-02 -8.5132501481967136e-03 -7.0987696643383821e-02 -7.9205524483309350e-02 -1.2023951316875700e-01 -2.6123887106873731e-02 -8.0009287531490308e-02 -1.0996095794067960e-02 -1.8436755941955221e-02 1.7404095349701601e-01 -2.3830785029813301e-01 1.2334156272362440e-01 5.5875521632266521e-02 7.8804706552710380e-02 -8.4898114105285971e-02 3.2129412943352913e-02 -1.0966638854830971e-01 3.9818666309252397e-02 -1.0677710064571690e-01 8.3878163429044181e-02 -1.0911087825756580e-01 -5.3488847529642829e-03 -3.2073976913838308e-02 -2.2584948475546429e-02 6.3727753852279911e-02 -1.5054007958601631e-01 -1.9528006110865689e-01 5.0855502419346603e-02 2.0705831670292128e-02 1.2088479563994220e-01 -7.3982371569918298e-02 5.3925219519570227e-03 1.3409578497774700e-02 6.5832111533943000e-02 5.2332335057619452e-02 4.6582828948043623e-02 6.4332610494044581e-02 1.2057185021306560e-02 9.1204105491921816e-02 1.9686255684906079e-01 -5.4426982534420743e-02 1.4811213786153171e-01 -9.3044818441172919e-02 5.5166586222687018e-02 -6.0913592620964581e-02 -1.5372548860067811e-01 1.8119906184760659e-01 -1.0149982611312650e-01 3.8287124540801833e-02 -3.3466963332059937e-02 -5.3030151625200722e-02 -2.4578592898930541e-02 1.3261909389604470e-01 8.0002596567045017e-02 1.8782695564165779e-02 1.8946012088824910e-01 -4.0576750545286713e-02 -6.5597344209547470e-03 -1.3000314011328601e-01 3.9295073321023437e-02 -2.6259359404562841e-02 -2.6854019149500370e-02 1.6051043852854038e-02 -1.0201726040863390e-02 4.7791582432906363e-02 -7.5925764558552822e-02 -2.6164551897117949e-01 -1.5253425644946489e-01 1.2417258380546310e-01 7.3477860075992579e-02 1.0403317391577969e-01 1.1056232646792211e-01 3.4706729712096422e-02 2.0060410382132269e-03 -7.8698013334702069e-02 2.7794561397643910e-02 -9.9192108930430720e-02
-7.8675411324109643e-02 8.8860751754103365e-02 -2.1014610531289800e-02 -2.1867183526148379e-01 -6.1469478090079473e-02 2.6822064533688840e-03 2.1995738984213951e-02 -1.7386158044827199e-01 -7.3296934265872651e-02 -1.0017122412560010e-01 6.4484521203817032e-03 -1.5712506092487311e-01 6.8021385270738713e-02 1.6838139839887481e-01 -7.2336648381749288e-02 -1.2468035558076240e-01 1.6706079671865129e-01 2.7532766972460539e-02 -1.0167457424592361e-02 7.4030749273255286e-02 -3.7122301506201071e-02 6.2835139659078151e-02 -1.2404879159187290e-01 5.7085078915326210e-03 -1.2973078853775649e-01 -1.3024405821956041e-02 -2.7918053573040110e-02 4.3994102423293047e-02 -3.1883482897325503e-02 -5.8878631876614358e-02 -2.4171833823148890e-02 1.5372918592582499e-01 -4.9968260526409382e-02 -1.0165427220416710e-01 6.0460700373597007e-02 -1.2197613724389250e-01 -2.0858315104871700e-02 -3.1841353863390758e-02 -1.0412212004990661e-01 1.2683470260415919e-01 -9.6657455053304808e-02 1.1652290968919799e-02 1.3777080092300351e-01 -7.2412194918592590e-02 -8.9754455242357888e-03 -1.0208093289030749e-01 -8.6257594948321664e-02 -1.1614184416969479e-01 -8.3529689238907162e-02 -2.2557773253853880e-01 1.1167928466842151e-02 2.3050531720934331e-01 1.2118435261365740e-01 1.6696938149504351e-02 1.1251435389123080e-02 4.9970917910987282e-02 -4.9892033656458367e-03 -6.8695611048529476e-02 1.3181208718219861e-01 -3.9407148481242570e-02 -5.1822623477682718e-02 1.4069069102064929e-02 7.3470653769865946e-02 4.7374480713926199e-02 -1.0846203260773740e-01 3.2712649074519260e-03 7.0869148686557429e-02 -1.8579935799062089e-01 7.2999119817749591e-03 5.7967798291619988e-03 -1.0303279679603940e-01 1.6887683313690009e-02 -5.2775004706242877e-02 -1.3090851906075529e-01 -6.3078380241179829e-02 -1.1151482091934289e-01 -6.8724867802188769e-02 2.6439641962225431e-02 1.1582681837204480e-02 -4.0926508901388547e-02 -6.4366552079291650e-02 3.2648877015233818e-01 -1.1171524822620039e-01 5.5048859846199998e-02 8.2939453777082228e-02 9.9479999803431980e-03 9.3247127914150463e-02 4.6204965179744359e-02 -1.4181698671140440e-02 1.5194587112819380e-01 1.8146918738097201e-01 2.4426056584079861e-01 -9.5908510713209216e-02 3.0863116320588319e-02 1.4781067724949920e-01 -1.7750146580138130e-03 3.9798626681105190e-02 3.4988166754355760e-02 -8.8415443532413845e-02 -9.8131449861620354e-02
1.1220713777669200e-01 6.2383762886651990e-02 4.0596096063806889e-02 1.2453081219091920e-01 8.1728589662366499e-02 6.0989944657153773e-02 -2.2385470748233268e-03 -3.0862365077241199e-02 7.6508019195022064e-02 1.7167416068121080e-02 7.6128168760925832e-02 8.7747924948177389e-02 2.5765146449939071e-02 5.4042851895882447e-02 6.0089397783346502e-02 -7.2623723512141442e-02 -1.6166833597582472e-02 4.3064412792518346e-03 2.5303908094090079e-02 1.4035067903376211e-02 -1.6055265863535270e-02 -1.1824904379269859e-02 5.6936512246820919e-02 1.2281079437579250e-01 -9.1654503593487036e-02 -1.9385391411649089e-01 -1.3017095291284991e-01 9.0102636371656789e-02 6.7070549532334683e-02 5.1628533426831991e-02 1.5130267384040369e-01 -9.3831831579695504e-02 -3.1945755238056733e-02 2.9879667861836701e-02 1.8764251651583030e-02 -1.1926860152443710e-03 5.5003513859093918e-02 -1.4411831741419109e-01 -2.1602507231879370e-01 -3.9300123516996438e-02 -5.9766217353987378e-02 -1.5381318611440820e-01 7.2279725242925225e-02 3.8630297324488187e-02 -1.1288068236077550e-01 -1.7063841309361960e-01 1.0913081015028990e-01 -2.1289948538276121e-01 -6.7312211463898333e-02 3.9947815222109308e-02 -8.6260996625799856e-03 -1.3621411021266691e-01 7.9244696161738654e-02 2.4363410638919419e-01 8.0601578682481606e-02 1.6948740704729731e-01 6.5727014537322020e-02 -4.2362507996180368e-02 6.1826286852046511e-02 -1.5229735208927569e-01 2.6479132019933880e-02 -1.7523335462404330e-01 3.9876689828342783e-02 9.9397295743693589e-02 9.4671369295394672e-02 6.6959372823569355e-02 1.2653972713082931e-02 3.7145881316409238e-02 -4.2020391498662463e-02 1.5794498508929181e-01 -1.7140511872823599e-01 2.4638733567929751e-02 -3.4721686852437733e-02 6.0501026755158407e-02 -7.4650653162837380e-02 5.2562676569188942e-02 -3.1826614673329749e-02 4.6769881293729040e-02 7.8260611629746221e-02 3.5783789232854968e-02 -9.7122122133231112e-02 9.1761366724786367e-02 -1.6362836396585699e-03 -2.0785162359848799e-02 2.3994904172359149e-01 -1.0043964096839600e-01 5.2721372758871433e-02 -1.0989717188758991e-01 6.9946694281631638e-02 1.2694401681795359e-01 -8.5904471226557158e-02 -2.6014539237447631e-01 1.9414199627269249e-01 1.7289086794127620e-01 8.1749637646314367e-03 -8.4195701209832677e-02 2.2113595378202771e-02 4.9648495834504293e-02 1.1888540961103290e-01 4.4422112565027372e-03
-1.7658874568745039e-01 2.7060078682312479e-02 1.0696713655050390e-01 -6.3725408389629706e-03 1.1264918131785670e-01 -8.6425839996069287e-02 -9.5548396749131334e-02 1.5033126943717670e-01 5.0710043059776028e-02 -1.9650868837164701e-02 2.5712432427836471e-02 -7.1004736706086549e-02 8.9353522808048549e-02 -7.8761750102165989e-02 1.2211980708417310e-01 1.5611991213663731e-01 6.4868585188464820e-02 8.1812583920364002e-02 -1.5415718397078279e-01 7.7235822657767503e-02 -8.3196167474320445e-02 -2.7099677526905681e-02 -2.2274714025280321e-02 9.7650678061347279e-02 1.9931618276035751e-01 1.2161753786771851e-01 1.0174532167700440e-02 -3.2194386501607782e-02 2.5929979511042811e-01 1.7453895173229611e-01 -7.8142525851049263e-02 8.6159350617069488e-02 9.3842788507135358e-02 7.1170951314321980e-04 -8.6692150903060184e-04 2.8619028640199870e-02 3.5978609875376232e-02 1.5683727209199722e-02 2.5220894482941510e-02 -3.5491518980051540e-02 -1.3019221645033249e-01 1.4470095928280940e-01 1.2849008933229020e-01 4.2598681614680799e-02 2.3351069704377399e-02 -6.4959409312674535e-02 -9.3812173235910512e-02 -1.4140800172170140e-02 -1.3730703014961801e-01 -1.5688811367679581e-01 -1.5015259268493769e-01 -1.4017545247193730e-01 -2.4188242668879669e-02 -6.5419232834047603e-02 -1.2042678164280329e-01 5.6276749476790872e-02 8.4276644063975364e-02 -5.6613139556522647e-02 5.4946623986876011e-02 1.0103802390036710e-01 -7.1115714566023502e-02 -3.3380957364788538e-01 1.3646786991575760e-02 -7.2108812142456735e-02 -4.7117920098396333e-02 -8.7297792220306630e-03 -6.6878332750126029e-02 -9.7029654154708919e-02 3.4493330930748703e-02 1.9725038032645199e-02 5.0841433760547547e-02 5.8148185107079350e-02 -9.3125368387073026e-02 6.5475728198494771e-03 2.5580584253564211e-02 -3.4528978628603421e-02 -1.3028326219785041e-01 5.1556366707841673e-02 -1.1631272780527840e-01 -7.6888374616245439e-02 -1.1639089401114210e-01 -3.2200001676910173e-02 6.6660932360364938e-02 -1.8811148134302991e-01 9.3195143636205513e-02 1.6810401010088391e-02 3.6474840531500803e-02 -1.4682435735045479e-01 1.8658661535291748e-02 1.0492095359984099e-01 -1.6213418812655860e-02 6.0968643046612772e-02 7.6588391380284504e-02 -8.0546263433090390e-02 -4.5734434964352443e-02 2.4964456764211401e-01 -9.0583369470178698e-02 4.1187410167330747e-02 1.0558630778911119e-03 1.3815906045057269e-01
-8.1268772787402008e-02 -1.7642803040490679e-02 -1.8081681991016721e-01 -1.5425074017851129e-01 -1.2657269894352080e-01 5.8851314232917083e-02 7.1430453884793993e-02 -7.4707987529031461e-02 -2.1795972088643291e-02 -9.4751687896364137e-02 1.2449780179658280e-01 1.8436387646002231e-01 -6.9647432400157666e-02 -1.3222629896867030e-01 5.9775479259777810e-02 2.0695348459649229e-01 1.8822790990728239e-01 2.8181441937255619e-01 -6.0241152203511832e-02 1.0043719271929270e-01 -2.9438699178950541e-02 1.1030057805213700e-01 -2.9454291086901958e-02 -7.4792581409488607e-02 -1.1379892862328310e-01 4.3870414598025417e-02 -1.2095288156418990e-01 1.6884263558731341e-01 -1.4579349222391641e-01 5.3628291034377829e-02 4.3920025900467903e-02 -1.1990563179175071e-01 2.5036035802700991e-02 9.5233789232952434e-02 2.2947587431101910e-02 -1.0477041268406551e-01 -3.9754132910009773e-02 -6.8082693006015868e-02 1.0828550509572110e-01 1.5464053296405891e-01 -1.1030873791940120e-01 2.5390958247133558e-02 -1.4340836883378649e-01 8.9536584441424413e-02 9.5816175445455995e-02 1.9958255923483201e-02 1.7348876245184791e-03 5.5086342300922578e-03 9.6277250733981280e-03 -2.6429348585403249e-02 -1.2567522988388530e-01 3.6747891942171679e-02 3.5580140838219809e-02 1.0520027725433440e-01 5.2540353686128437e-02 8.3646794110926556e-02 1.3631416016397269e-01 5.6520687720432797e-02 -4.4088398003095573e-02 2.8310092248151161e-02 9.1189948279852703e-02 1.1918038249111471e-01 -5.4371912015793368e-02 9.1812089231681909e-02 1.7528813324058951e-01 -2.8033124667493851e-02 8.1274945758609843e-02 4.6703873039075069e-02 -1.4720928733106850e-01 6.7085833998633271e-02 7.7689376072182459e-02 -1.0163506216485670e-01 1.4869496781989031e-01 -3.3074245489475212e-02 -1.5470846049684789e-01 -5.4797757361222110e-03 -8.2118289687416024e-02 1.2743120240268249e-01 -1.6581454278304111e-01 -1.5872010395849990e-03 -2.1622505728125369e-02 -2.1011023076446861e-01 -5.9344015558392631e-02 -1.0072411740879331e-01 5.8496706317945263e-02 7.4301097216513776e-02 9.6144172675280290e-02 -8.4650314848977587e-02 3.8780838389849748e-02 8.1108257817269339e-02 -1.1962691533841030e-01 1.5285613116650941e-02 -1.4227538808412959e-02 -4.4920188226900692e-02 2.7425571930060299e-02 7.5584999039923120e-02 -7.3204523785294170e-02 4.7481015074726678e-02 -6.9405671388117027e-02 -1.0892074657159929e-01
1.3268988987074021e-01 1.3946420371606191e-01 6.2311622199508018e-02 -3.8607550810370879e-02 8.1210037231469218e-02 -2.2073080155316602e-02 4.5676250865664847e-02 1.0052390772807621e-01 -1.9445902000904569e-01 -5.7410690341723823e-02 -2.4955932228791250e-01 2.2633321530861721e-02 -1.4614923142776659e-01 -2.4772302722504291e-01 -8.6143810155408743e-02 -5.3326806073623723e-02 4.4025752286835612e-02 -7.7360180909709628e-02 1.6294888570934099e-01 4.5921623711539593e-02 -5.5873821316462548e-02 1.8087481235074471e-01 -1.5091407824639519e-01 3.1614513561482220e-03 -1.5875869594481621e-02 2.3147498154359489e-01 -8.1089767435439594e-03 -7.6255172460091961e-02 8.3468898279473722e-02 -1.0476897643663870e-01 -1.0178071651788551e-01 -3.5544853313523153e-02 1.2158631060352700e-01 5.4085477966956917e-02 8.7702390922314282e-03 -2.2613855583775579e-02 -6.7155883651171339e-02 1.1541924468684619e-02 1.3792677427644781e-01 -4.2364382856239897e-02 1.9399493237882148e-02 -1.2451601753608380e-03 1.0298905957799800e-01 -3.9865137831729798e-02 1.0015850929872290e-04 -4.5034413207744317e-02 -7.8298073528296305e-02 1.5229165879068159e-03 7.8196679480936129e-02 -1.4585016126760419e-01 -9.0095170301281446e-02 1.8141935355541511e-01 8.6964879420428978e-02 2.2449653076220580e-01 -5.3369399167673900e-02 2.1438396189206701e-02 2.2367649430053999e-02 -8.8850177404480896e-02 1.2448364812061630e-01 -3.5668086387065902e-02 9.8460768841613491e-02 2.2200238099523099e-03 1.2435854430762200e-01 -2.8490555170312650e-02 -1.1900734522145880e-02 1.6489963646798850e-01 -5.3195130159547133e-02 -6.0649755682981081e-02 1.1730600712945551e-01 -6.9661488206531536e-02 -7.8809542958669820e-02 -2.5094354998698571e-02 7.0385806115584440e-02 -2.2708143083865429e-02 4.2099192344813768e-02 2.2109989037194539e-02 3.4064953431346010e-02 -9.0008222216017508e-02 -9.4469689784509370e-02 2.1385279435632240e-01 1.2519210836008440e-01 -1.3577532302236431e-01 -2.5750154573757629e-02 4.3945684175111951e-02 -3.5691073866403113e-02 -1.5055808726736611e-01 7.4493978061293001e-02 4.9009881953844354e-03 6.4389055408155732e-02 -9.2268309175791811e-03 -1.2314300385834660e-01 -9.0887904093044938e-02 1.5354439169005660e-01 2.0227196241055520e-01 3.6170983379840128e-02 3.9504174797622069e-02 -1.3447319833205401e-01 7.2636742163131570e-03 3.0638562900432750e-02 1.8570832756040150e-02
3.5710006506841967e-02 -1.2478525526527839e-01 3.7321635640104767e-02 -5.1981997549141963e-02 -8.4601977976080669e-02 1.3509381547683660e-01 -8.0677410942989317e-02 -1.1347276271564170e-01 6.1303237646325337e-02 1.2775667745336161e-01 4.8172889598679443e-02 1.1530228789934510e-01 2.4479933532022380e-02 1.6684746499659009e-01 -3.5388684463277670e-02 -4.0763816456986533e-02 -3.7435525138248757e-02 -6.0449714250552913e-02 3.2111269611795792e-02 9.2531331767467501e-02 -4.3840978367624191e-02 9.9851107808992839e-02 3.0407771715205169e-02 -1.5170767721131559e-01 5.9005933490608807e-02 2.0126226536995011e-02 7.4650417281152256e-03 1.4702468236039351e-01 1.5025314576529661e-01 4.1542107151237552e-02 8.5451945767026694e-02 6.0238682384010173e-02 -1.3717966826410069e-01 -7.2362566406811213e-02 -1.4768270440060141e-01 -1.2572852702482501e-01 3.1103979942170169e-02 3.9248668425337059e-03 6.1862432771889943e-02 -1.0893009718813450e-01 -4.4434644840422477e-02 3.5131087641007391e-02 -1.1630012189642699e-01 1.1695051647844300e-01 1.4490901025416880e-01 3.3776188640310782e-02 -1.5076646803027611e-02 3.8033249023380539e-02 4.5399716598747662e-02 1.3417890444794811e-01 -7.0204348871223829e-02 -7.9473587032973331e-02 6.0202163994968493e-02 2.0409562225912120e-01 -8.9359997145188649e-02 -1.7526706808440601e-01 -4.2403486032920367e-03 -2.8494362222270350e-02 -1.2555321041896500e-02 -1.1150774738503349e-02 -1.9823485479732739e-01 -4.1691518387624207e-02 -3.1162011466804591e-02 -4.8561403272472423e-02 1.9934832013070600e-02 -6.0428242655061323e-03 -7.4578047192356597e-02 -2.3788411588191599e-01 -7.9771188811465620e-03 7.2433990172694515e-02 -2.1837147692520150e-02 -4.1652928309669789e-02 1.4826028816492920e-02 -6.9765468489832658e-02 -3.3755361584422057e-02 2.0155825396276519e-01 -1.0764269191521721e-01 -6.9204117118565361e-02 1.2832460751775229e-02 6.1052732714241012e-02 -4.5246577454256268e-02 -1.0358072667468921e-01 1.4409932739467329e-01 -1.7712228511903341e-01 -1.2659456771179281e-01 -1.4935736194541760e-01 8.9782211359431055e-02 1.8864032958101690e-01 -8.6238914530707950e-02 3.5521223596000129e-02 1.2374934167297420e-01 2.0993251442258470e-01 1.0000512459824709e-02 2.9363184368992601e-01 -2.3929950947306100e-02 -3.4251166229922213e-02 -1.1644335272985770e-01 1.7439737141652260e-02 9.1762721736273561e-02 -7.1350189744716942e-03
1.8772371244876671e-02 5.8355495585565860e-02 1.3133657408095689e-01 -9.0292291715222378e-02 -5.3367518691864443e-02 -1.1934094483991050e-02 -1.1602479797610139e-01 -1.5151234294980370e-01 3.9356053609789027e-02 5.5208760403749710e-02 -1.4181256723847829e-01 -8.9499816503634200e-02 -1.2813707056279180e-01 1.4325343073402960e-01 -7.6577692193690206e-02 1.5209354171663009e-01 1.5340954503884419e-01 1.1712242496304670e-02 1.3915005260565219e-01 -1.7971811964882439e-02 -7.1087574071850403e-03 -3.3733005526974141e-02 -1.1038544245429500e-01 -6.7493411632657159e-03 -2.4340964487757039e-02 -1.3909700529486771e-01 4.3804618983397332e-02 -7.4134490732698288e-02 9.9949201967444848e-02 1.3522191012108689e-01 8.0455076224484390e-02 -9.4204843422579621e-02 -2.0678887315539310e-01 1.0541194283565159e-02 9.2301085724661058e-02 -7.9902253771422557e-02 -6.4829304273763294e-02 1.2839000313517140e-01 6.2865261105378026e-03 2.9625793458430659e-03 7.6234460867744408e-02 -2.3777196160959951e-01 1.2137909847510590e-02 -4.5390023117548549e-03 -1.4030315610356059e-01 1.2686225374135360e-01 1.1897129409114780e-01 1.6009060413863421e-02 -1.1203314717903080e-01 3.9036185016314603e-02 -1.6299330600521481e-01 -1.7541400214771671e-01 -7.8603037526722569e-03 -3.2461451669675803e-02 -2.0569505808285041e-02 6.2775177062429785e-02 5.9687558049383978e-02 3.4234495529649071e-02 -4.7565490146252607e-03 -1.0141309272343140e-02 7.8058172316440133e-02 -1.8968756855031661e-03 -1.0263050359966910e-01 -7.6315623081811085e-02 -7.8717310283208969e-02 -5.6199408275483753e-02 -7.6157459181119921e-02 -4.1656956375190918e-03 -6.6135209270418605e-02 -1.4137219538130061e-01 8.4587240182623522e-02 1.5324781786433671e-02 -5.7052475819736402e-02 1.2895602238790640e-01 2.2932200226427699e-01 8.5253323734100731e-02 1.7606788283167851e-01 2.9056705830582799e-02 -1.3779970309571810e-01 -9.2481094576049819e-02 6.3112834215084027e-02 -4.3026343359140691e-02 -1.3659166725365909e-01 5.9685974666648198e-02 6.3224793559164466e-02 1.9462376733481879e-02 1.6846611201751399e-01 6.4032786996163424e-02 1.4198405689385821e-01 6.5025975631660821e-02 -7.3735274908357490e-02 1.2159192692886051e-01 1.2657007209720561e-01 8.9659811879975862e-02 2.0542113778869091e-02 8.1797640952837064e-02 -5.0060635143619373e-02 -1.8920164655942079e-01 -1.9026717389977160e-01 -9.1404980609603850e-02
-9.8651942235522982e-02 9.3081322322461094e-02 -1.1682086657419540e-02 1.7549832084553760e-01 4.2496722752212663e-03 2.6106582755070801e-02 6.4507592641732406e-02 -8.0707887067290124e-02 -8.2183818384519131e-02 -1.9606237430283649e-01 1.0932546028636339e-03 -2.8605093068743710e-02 1.0204181197709980e-01 -7.6065946022264297e-03 -1.7292388459300551e-01 -4.4503311911572141e-02 -1.3624075560109741e-01 -7.6248731475621084e-02 -4.5657360399767262e-02 -3.8445966890909893e-02 9.0409503705308369e-02 -1.9291684925601729e-01 8.7050379719973009e-02 5.2161889689151177e-02 -8.6085655629543997e-02 -5.9437363030277877e-02 -1.6655697156129771e-03 1.6761576168342690e-01 6.6921340016146205e-02 1.2361106459387169e-01 -2.5615808153044523e-01 1.6662288128590750e-02 1.5092102320618250e-01 -1.2703511033521439e-01 1.1929373120607530e-01 -1.2919370730118709e-01 -1.4936927811924769e-01 2.5429800496569500e-02 -6.9664939550851929e-02 -2.9595134510558379e-02 7.8434637281677960e-02 2.4323840760276359e-02 8.2789618617557889e-02 -8.6925665316844786e-02 1.8091840288636130e-02 9.9989667064828189e-02 2.0680728309555779e-01 1.7165066776135510e-01 -5.8238596507469799e-02 1.0243791593464860e-01 -8.8487510220590773e-02 1.4755571537257001e-01 1.8703302216878320e-01 1.1645639709587390e-01 3.0295496543767089e-02 -5.2398336789523228e-02 -3.4573537174191642e-02 -7.6055416611493162e-02 -1.6772749152998970e-01 -5.9886790697804178e-03 -5.1995978068116393e-02 -4.6318552816071022e-02 -1.0249200985752920e-01 4.5050280143950341e-03 1.2410180107822261e-01 1.5429752586152851e-01 6.2497657858252197e-02 1.8938775252021370e-01 -1.2365477635631129e-01 -5.0613564039619018e-04 6.6828421149817713e-02 2.3621610073671868e-02 -1.1229266508911449e-01 -1.1887166075691430e-01 4.5670667231903460e-03 7.7907236252810194e-02 -3.5332577579273348e-02 -3.8013471196948187e-02 -2.3752492703187199e-02 -1.2730982699432391e-02 -2.8978962732160531e-02 -5.1625308006021622e-02 -5.7925312756797517e-03 -4.4004738041281341e-02 -1.5796195198554588e-02 2.7464308651235611e-03 -6.9259185938676304e-02 -1.4190854699529300e-04 4.8691934475728157e-02 -5.0658392127325209e-02 3.4966355403723053e-02 6.8276784454197867e-02 7.7459461900643817e-02 1.2574987928106651e-01 5.3883233512970197e-02 3.0290395995195368e-01 4.7365316695910688e-02 8.1631514086291976e-02 -4.8952260308379202e-02 -9.7374110499520397e-02
-1.1471039531633240e-01 -2.7227309343702731e-02 -5.5303668519430492e-02 8.4207192176108239e-02 -4.9878565311713467e-02 1.0634695225005220e-01 1.2422333091232540e-01 1.1076511756532960e-02 -5.2794624186283751e-02 7.5273819925332858e-02 -7.5204948323924145e-02 4.5978180184827182e-02 -9.8211329838332001e-02 1.0207770285166720e-01 5.9213214051285323e-02 5.3253171398194868e-02 2.1424679100160909e-02 -5.8859767523608060e-02 7.8049084517062287e-02 1.2750497231854570e-02 -7.1586713948475739e-02 -5.4496525585459928e-02 -3.5491821075527709e-02 2.3230423719509380e-01 -7.9662984282557581e-02 4.1534893998771423e-02 1.3811409092400549e-02 1.3226149216239391e-02 -1.0161920266336640e-01 1.0174601107396470e-02 1.4272883333305111e-01 -3.0579977015721311e-02 8.8962140317265972e-02 3.7146462048720061e-02 1.8637999490428232e-02 6.1343429010066383e-02 1.0722307908198520e-01 1.7621046622045111e-01 2.0310387514543271e-01 6.9603278146474309e-02 3.6597109296675652e-02 -3.4432586338918689e-03 5.4221192575783519e-02 -6.4646130635132720e-02 -1.7848117537414769e-02 6.2570794669291746e-02 7.6357192053801468e-02 -1.2158913791705940e-01 3.3670978631247142e-02 -6.9736228045910436e-03 3.1499454244058250e-01 -3.5198590862930708e-02 -5.6580762477089798e-02 1.6232661868196180e-01 -1.7629041293191650e-01 8.7856798918597698e-02 -7.6429720051076566e-02 -1.2041364245577819e-01 -8.9162288109891422e-02 2.6428517331461610e-02 -3.6732423695497360e-03 4.4184622074184617e-02 2.4844833390080489e-02 -3.4795158585618553e-02 -4.6749690520144771e-02 1.8197631005323091e-02 -7.7940567486862761e-02 3.2924013583940523e-02 -1.0140654339538681e-02 -2.2183311875717739e-02 2.4543274910176591e-01 -1.6064372478319711e-01 -1.6794456301094521e-01 -2.4143549334599651e-01 -6.5981284862310779e-02 -9.4880523805069575e-02 -8.5080741031364569e-03 -1.1722075768985550e-01 -1.0725944205762450e-01 -8.6127657661539847e-02 -1.2886808411924999e-01 2.0161029298534770e-02 -1.2985263120090171e-01 -8.8413068173008785e-02 5.4723650974495802e-02 -8.4610054375676869e-02 -4.6859575617884612e-02 -1.7347037597762560e-01 -1.8547016477327699e-01 8.8895796746512989e-02 9.9551581927626847e-03 1.1843487440433220e-01 1.1311816244184961e-01 7.9792883974879145e-02 -1.1876201248634741e-01 -2.0090994231896440e-02 4.2292358598153557e-02 -1.8107984505760050e-01 1.2007050471424600e-01 -5.3655718208777629e-03
1.8406757813642141e-01 3.3135609187433038e-02 7.0149073035905465e-02 -4.3075953384180948e-03 2.5260880849164190e-02 1.2283373902912380e-01 -1.0802740222334790e-01 -7.4876540983716891e-02 -1.5766240636261439e-01 2.0919748660384228e-02 1.0374934394619310e-01 -1.7483676051612379e-01 -1.0616274292955770e-01 1.1057750553514530e-01 -1.1838921748061280e-02 -4.5103639114162591e-04 -1.1094306953692200e-02 5.9365204042131303e-02 7.2701267324167082e-02 -3.3494378938033517e-02 1.4632827270137671e-04 8.1476721446202910e-02 2.3381967130308049e-02 1.6394544821286899e-01 -3.3687903812651611e-02 2.1254727839925350e-01 2.1798175429253530e-01 -5.4409479079908223e-02 -2.7617751714180881e-02 -5.8038992281828072e-02 1.7596622824531860e-01 -1.8407006634101861e-01 1.4285934598793809e-01 3.8029422293292953e-02 -1.0670757293680050e-01 9.9463509421450602e-02 -3.4581460133941512e-02 -1.2232083390642140e-01 -2.4400773926772971e-02 -5.7312232394164483e-02 -2.1155085955252581e-01 -1.2376690227415740e-01 -1.7518624362772680e-02 -1.5507050649590079e-01 1.5394870254003970e-01 -2.9432495277932850e-02 1.1627297153914050e-01 1.5345518553789619e-01 -1.8702251763804539e-01 5.0486137018497579e-02 1.4137434603807611e-01 -2.0049610884842809e-02 1.3283350900891619e-01 1.0452061980949419e-02 5.6889986461473023e-02 -1.7295685199009020e-01 1.6547642620864719e-02 6.1977685364240899e-02 5.3458003906589932e-02 -9.9216743077130007e-02 -6.0949146629384172e-02 -1.0514302934074840e-02 -6.9399272977632182e-02 -2.4181125331860379e-03 1.1808463469866731e-02 1.6249239707835531e-01 2.0043618577346761e-01 -1.2278603968465650e-01 -1.7478122773218811e-02 -5.5779397464907669e-02 1.6166849079850959e-01 7.3142532972672938e-02 2.5375563545433390e-02 1.2944353982310770e-02 -4.1104118556619752e-02 -1.3879910129570211e-01 9.7025212650248091e-02 1.1401044497200510e-01 -1.2027781219067680e-02 -1.0887653641330970e-01 -1.3648800245367901e-01 -6.1900094416458967e-02 6.5301738187397790e-02 -1.3408613579496159e-02 -1.2661272312810759e-02 1.4000210561927809e-01 1.0165691321396469e-01 7.6582238363264419e-04 1.1811857312759159e-01 -4.7200693233176882e-02 2.8555388883399771e-02 1.2544930188127530e-03 -2.3424982040091691e-02 -1.8382195676661991e-02 -4.0377527266230298e-02 6.6881768961735144e-02 -2.6668050290387869e-02 8.3317563513025300e-02 5.1949808664445513e-02 1.3856514605338280e-01
-5.7044401016466538e-02 -2.4780511112018541e-01 3.8513598188645977e-02 4.6788355610522657e-02 1.3346882154800191e-01 -2.4753957412175429e-02 1.7430164171478080e-01 4.0228597673169122e-02 9.4946381623989537e-02 3.9966442244193538e-02 4.3462535076732423e-02 -1.8778946908760641e-01 1.1135011637448230e-02 9.3266135755512514e-02 -9.5522048177434205e-02 4.9336030694796321e-02 1.7444945608045399e-02 -5.1796987343389687e-02 -2.6362017176498720e-02 5.5138920885738569e-03 1.1099855914901829e-01 -2.9770239892476469e-01 -2.3396161343520969e-01 -9.7882168304815928e-02 2.8076353340400161e-02 1.1897633624460770e-01 -1.8223289750614460e-02 2.5582059538227661e-02 -1.6923042141702670e-02 -4.3359284996376438e-02 -7.1993216265744828e-02 -1.1505388521084230e-01 3.5874471804319893e-02 9.1144684342837207e-02 -7.0263768281958142e-02 -1.2154520655382969e-01 -9.2087308386980496e-02 -1.4899833682468380e-01 -1.4858683975455361e-01 -2.0834519156671009e-02 4.6358310336496497e-02 -1.0073307363273880e-01 -4.5758669411900862e-02 5.0899611785383041e-02 -6.2778727930417805e-02 -1.0977244332827081e-02 -4.4081066191987699e-02 -1.0640751894158750e-01 2.2584726364609950e-01 -1.0329930038017590e-01 -4.4773937703084757e-02 3.6031489408967589e-02 -9.2308592125152800e-02 8.5042371470232192e-02 1.0188284887601810e-01 -1.5778454168338191e-01 1.3240446127666011e-01 2.2555531664262309e-02 -2.5216057218679078e-02 5.8515154338146642e-02 -1.3511079192195539e-02 6.0960338266577763e-02 -5.6261463227628643e-02 -7.6197934904155690e-02 -1.6762298149777929e-01 -8.7460191074335059e-02 1.8847426907345599e-01 -3.9935989194981432e-02 9.2704350522067089e-02 -1.5116861813043120e-01 5.5746936377498120e-02 -2.8280606106460349e-03 7.2312511635641910e-03 -2.9849859733628539e-02 -2.3457407243206230e-01 -1.5913338610945481e-02 1.0304797436587830e-01 2.0396941660088722e-02 -3.3528557964099939e-02 -9.2967965427961444e-03 -6.1385174804000707e-02 -5.7089245814775653e-02 -6.4777940315797946e-03 -1.8766511334064051e-01 8.2061341604286603e-02 -1.7282861902735580e-01 8.2373392767100151e-02 -1.8996109237988570e-02 -3.6214644223209178e-03 2.4774744050966840e-02 -6.1631740965418270e-03 -1.4135353830084030e-01 -3.3983249355975867e-02 7.0583848664098614e-02 7.1160216038604424e-02 7.9744053857268821e-02 8.5942065180761112e-02 -1.4563051515499009e-01 -3.6293281732555867e-02 9.8814534505455978e-02
-1.1405628380957790e-01 -7.2673473574293726e-02 9.4731321995070991e-02 2.5779759031886668e-01 1.0191040404177240e-01 3.9711551761597373e-02 -1.6785870887537330e-01 -1.5136248447186610e-02 -3.6134223642395297e-02 -1.3681745067194290e-01 1.4489740444099131e-01 1.6177831728715650e-01 1.6238788633627779e-01 1.4955909488026481e-01 1.4751393331128071e-01 1.1765899850416781e-01 -1.6126162323195241e-02 3.4452716065123373e-02 1.0472015003696120e-01 5.5658703462319681e-03 1.2750438936759401e-01 1.0044519175772630e-01 -1.3067825117325710e-01 -3.1134546367117249e-02 -2.5107594936095551e-01 -9.4983513941806388e-02 5.1823554099690798e-02 -5.7755857197925087e-02 -6.9519598119537826e-03 -3.5220925782996883e-02 -5.4980476957465170e-02 6.9798484633898608e-02 1.1181409849677861e-01 -7.1733521193944137e-03 6.2766351516668081e-02 -2.9392991748742121e-02 2.2259253100176049e-01 6.0154437715687521e-02 -8.2541711946807317e-02 -1.1539022613683080e-01 7.9382025890527459e-03 -3.2596206751701079e-02 -1.2311680638234360e-01 2.2423534006056102e-03 -1.0119945687055359e-01 4.4419365174597547e-02 -1.2049381271800810e-01 2.0663598677400571e-02 -1.2365952759769090e-01 -1.0127723548858079e-01 -9.0875519945493435e-02 6.6635830976002369e-02 -4.9911392014969802e-02 1.4641496506251700e-01 1.8575544108479511e-01 -3.7020011695136352e-04 1.7819575225779841e-01 -4.0690520729041731e-02 7.7537503716420583e-02 1.8697503380974680e-02 6.0934859689150432e-02 3.8437513427273889e-02 1.5363779367247050e-02 -7.1514196048672596e-02 -7.4594269212073336e-02 1.8361613104732029e-03 -2.4026784960633710e-02 -3.8972850354818560e-02 -1.0736207615566750e-02 -2.2059345717826989e-01 3.9723423519605290e-02 -5.8828271500522271e-02 -1.6970330744083311e-02 -6.7542209727782174e-02 1.8747411157238039e-01 -2.1044950784659910e-01 -1.0098628677700670e-01 5.5543887257796333e-02 2.9683382661269901e-02 9.1113066752085733e-02 -5.6855731479972048e-02 -8.1098265251403789e-02 -4.7461282514887980e-02 3.0702474135535431e-02 -1.3054092023014841e-01 -1.2914778486589701e-02 -3.6602191746840020e-02 1.4553371938988571e-01 -1.9833437566792081e-02 -1.4546731345592111e-02 -2.4490670925566619e-02 -3.0625908507372030e-02 -6.5285444070395354e-02 -3.8962866935510300e-02 -1.5329123379825099e-01 -2.5262695650695630e-03 -6.1470847488607518e-02 8.4362027304578490e-03 1.5372527066458330e-01 -9.6466647922152787e-02
4.9577341662133241e-02 -4.4473242512032560e-03 1.1440124045349061e-02 1.6393348655318910e-01 1.2526807631671269e-01 1.4597403393542449e-01 -2.0483303802617061e-02 -1.4740214445740871e-01 1.4724844632179320e-02 9.3101515383214428e-02 -8.7849845250654687e-02 1.8937066052892380e-02 1.8400658092420730e-01 6.0593022620071104e-03 -5.4684349001119008e-02 -5.7535459424540676e-03 -2.3740047060347800e-03 -1.7275565106225590e-01 -6.7190083252524083e-02 -1.7299996390480341e-02 2.1120374063285818e-02 1.9008719154243511e-02 -6.9086504042808750e-02 -5.4229620214697218e-02 -2.0692126949277409e-01 5.6192240420839167e-02 7.7118149832448191e-02 1.1760458543598890e-02 -1.3087782068873141e-01 2.5128688869344870e-02 2.5339895495695718e-02 -1.7780766522981281e-01 -1.1471189008739430e-01 -3.1489544271913097e-02 7.8301176754502752e-02 -7.6729749142487966e-02 -4.9450148264680541e-02 1.5481184514931740e-01 -7.4736434559901282e-02 -7.3592657858917984e-02 -4.5465279789471687e-02 3.8423152927190951e-02 8.1288602618123942e-02 -3.5442487090478647e-02 1.9020331412698180e-01 -1.2568658607599389e-01 -2.9276489456210291e-02 -1.3575688560661389e-01 1.1968110912575601e-02 -1.5641678267642599e-03 2.4596460782068900e-02 -2.1249200192277839e-02 -8.9258816330598234e-02 -1.6241427865376579e-01 -7.7331001403583663e-02 -1.1839365659992181e-01 1.8772287242475000e-01 -2.1638471012786969e-02 -7.1566838396113622e-02 1.2199626122588920e-01 4.5853845280576670e-02 5.2382230757065412e-02 -8.1259645122114865e-02 5.9340642328661972e-02 1.0287973069015829e-01 -1.1125237448286300e-01 -1.2433597696121490e-02 -1.9131370793463059e-01 4.5381491082989750e-02 1.2366539367426831e-01 5.2988061611509422e-02 1.3287770280159000e-01 9.9542553390647742e-02 -4.0968516286059027e-02 7.4458370180363428e-02 2.6642625974122171e-02 -1.0976512703501499e-01 -2.0723692765689000e-01 -1.4977377252634499e-01 1.1106002453952640e-02 -6.3071204292715370e-03 8.3190001407251635e-02 -1.5177540931758690e-01 7.5818049677384993e-04 4.8740626515931737e-02 -7.4881047996255029e-02 -8.0927995392678545e-02 -1.5353179609366249e-01 5.8550670702730498e-02 -1.6598619755770799e-01 -1.5722085514982420e-01 2.0137718852523211e-02 1.1774831292401181e-01 -1.0965099270946700e-01 2.9377728986951651e-02 -3.2211468091256842e-02 -1.6476414934899611e-01 2.3364816367208011e-01 -1.0942068177941400e-01 3.3421959200832949e-02
-2.1832152745141879e-02 1.1604172124178350e-03 -2.0784547672839861e-02 -2.1311216171864189e-01 8.3768070089948646e-02 -1.4347684941936051e-01 2.5030126312643359e-02 -6.7024825322094916e-02 -6.1428413692101100e-02 2.9132789776274062e-02 -9.7950416752653327e-02 8.1354170910364842e-02 1.2217767019091150e-01 2.8551671436532372e-01 -5.1374263200509602e-04 1.4127685402218940e-01 2.5797797508808800e-03 -4.1892357607846292e-02 -1.2642082576332200e-01 -4.2605968954475028e-02 -1.5438363920461839e-01 -7.6252951489960127e-02 -7.6526557078240465e-02 8.6674103699555336e-03 -6.8527819707551049e-02 1.9528390379660771e-02 -9.3538146537672326e-02 -1.3246456310794119e-01 -1.1242875671299550e-01 -8.1652943567453840e-02 -7.2372976073290527e-03 -1.4029382234628721e-01 -1.1755256380020110e-01 -5.7315148118177270e-02 -2.6121951704371298e-02 2.1340056514241600e-02 -3.9523949941712162e-02 -1.8102201570931609e-01 1.6467158963802739e-01 -7.2188342387559459e-02 8.3764976812091829e-02 1.6325443975663731e-01 2.5251513602415010e-02 -2.0982970896606480e-02 1.0766346444530210e-01 5.8139688997562979e-02 6.1418398707742641e-02 1.1302533605469370e-01 -3.7332902006472282e-02 -1.1747215099906180e-01 -1.8166789020924959e-01 -2.9974895003406311e-02 -1.8039408609431659e-01 8.7613897942226043e-02 1.0502624922842931e-01 -1.0721420434783920e-02 -8.5328752541636133e-02 6.3346052422204369e-02 -3.4975660931466292e-02 -9.9887446073609124e-02 3.8219281279027982e-02 -1.0134930516134200e-01 -8.8526765692634860e-02 -1.8631855202239989e-03 -8.7272431244930102e-02 1.3428221631528309e-01 -8.9945569962479363e-02 5.6590099263441752e-02 -1.0041231773636621e-01 1.2311117093705130e-01 8.6798103090301074e-02 1.4490333103969019e-01 5.2948074691368661e-02 -5.3738917223368217e-02 7.1936581377679110e-02 -2.5186847180163171e-02 -2.3249567787680461e-02 -3.3922359565915307e-02 -1.1095711620674700e-01 1.3190009775317760e-01 -4.0248753684727162e-02 8.2835094384492491e-02 -9.0825629310710282e-03 6.4445277084262773e-02 8.9451235826200712e-03 1.3747760831591779e-01 -1.0794131683507960e-01 -1.4527752401621249e-01 1.4352281845269460e-03 -8.0573152202633905e-02 1.9837265339326660e-01 -2.1777106553762970e-01 -9.3364090817352419e-02 1.9445842616272141e-01 -1.6522969204088730e-02 -2.1657311092226090e-02 -4.7238228995040918e-02 -6.0804952068004667e-02 1.4109899052395350e-01 -4.0709011732668809e-03
-1.1515590584376660e-01 -1.4082798252335840e-01 -1.1786460269846290e-01 6.9939026052545761e-02 9.3551732286128703e-02 -2.2331641980799369e-01 -9.8251119924437913e-02 -1.4698911266611561e-01 1.4288085297902409e-01 -1.3045101912722371e-01 3.6001698727173737e-02 1.6040909908771401e-02 -7.6929481465056182e-02 3.3583401164148173e-02 -8.8844382367709807e-02 2.8296485805453488e-02 -2.6432220448064890e-02 -2.9902772988700841e-02 -6.0248057831865640e-02 1.5135172338862919e-02 -4.7021720669401482e-02 1.1468692734421430e-01 5.2557820437086657e-02 -4.4195062607624680e-02 1.8269947554031451e-02 6.7231386724527246e-03 -3.7651971368316897e-02 -4.1748768080450971e-02 -1.4571708110836101e-01 2.3290323737883381e-01 -1.2348239018928631e-01 -1.2319978579860330e-01 -7.4097375424698103e-02 -1.1858336617649611e-01 1.9741315362106309e-02 3.4302843964936047e-02 -1.0362322784964130e-01 2.7886946277682589e-01 1.6112601593063161e-01 3.1822463339819438e-03 1.2841603743607930e-02 -8.3484722628625621e-02 7.1201787036965516e-02 -9.3721965150931716e-02 -1.4008022114334731e-01 1.2559910584621130e-02 -1.9699127093566851e-01 1.0880319832590961e-02 1.1721441441622850e-02 4.0877735324354243e-02 1.2820809650531859e-01 -1.1905217769352930e-01 1.5738509591216640e-01 5.8483520200298560e-02 5.0367501533353932e-02 -3.7986217901574547e-02 -1.1022498611138359e-01 -5.4660973878376130e-02 2.2964730274682241e-01 -7.8525836747099856e-03 -8.0301277476386504e-02 -1.4174495661873560e-01 1.8379408771632710e-01 5.3551524724514514e-03 1.2654330560110290e-02 1.0344956830765470e-01 4.5413519789847317e-03 1.8884101986041190e-02 2.5415361132202122e-02 -2.1454092431056539e-02 1.3019932879743559e-01 1.1361963185447960e-01 1.6694876028472880e-01 -1.9160630039606431e-02 -1.4715186746640671e-01 -3.1073530276123501e-02 1.2057032642597170e-03 5.8949753587731003e-02 3.5989885339080173e-02 -6.5886338828163332e-02 -6.4924039864018457e-02 1.1465364301096520e-02 -1.0193528330802730e-01 -1.6978652373502709e-01 -9.9620615031698917e-02 2.7684869001440779e-02 1.1211936733488320e-01 7.3127380245630036e-02 3.2366644645028197e-02 -1.3236849981331111e-01 -3.6949754696603873e-02 -1.5996286357069170e-01 -4.8892239325443090e-03 4.1402391959143747e-02 1.0942721839713390e-01 -1.4727412386397681e-01 3.0738134160047489e-02 4.2756712671055207e-02 -3.1621400111013422e-02 -3.6449179086941362e-02
4.0628109247828920e-02 -2.2948541598629441e-02 -5.7445511312352877e-02 4.1281331390713412e-03 -9.0206120237222798e-02 -1.8568245435382710e-01 -1.2435091697115910e-01 -9.5664385511651698e-02 -4.1688940744795358e-02 4.7627803324759868e-02 -3.9766102077039019e-02 1.7817398874706881e-02 -1.1126774965693720e-01 -2.1543240008859221e-02 -3.6109054645589597e-02 6.4604817751323304e-02 2.0800794842650551e-02 -1.2375168236001090e-01 -1.1741107916321819e-02 2.1616993784187119e-02 2.2245433008448870e-01 5.3664680371469042e-02 4.0041317781014468e-02 -8.3821245189066654e-03 -8.6389019386977059e-02 1.8355796505372470e-02 -5.3301954393554368e-02 3.4756312036103919e-03 5.1144172465786397e-02 -1.1971488048878100e-01 7.9825830326523781e-02 5.0283450130018802e-02 1.7539385834611409e-02 8.9170176991886785e-02 -8.4164202486247397e-02 -3.5456532436494180e-02 1.4139634873894899e-01 -1.4202651792475410e-01 -6.7798937650847782e-02 9.9300987450611819e-02 -1.0239013679644780e-02 4.0177877964373471e-02 3.4638550033883747e-02 -2.2501725704369921e-01 2.9139405328707301e-02 -1.3890449783727979e-01 -1.9289078742441371e-01 3.1745709056381223e-02 -2.3456381448609381e-02 -6.2061373579086559e-02 -2.0648080428278159e-02 -7.1726175553984181e-02 -3.0886167088511711e-02 7.1514391454336149e-02 1.5568833064909970e-02 -4.4150898923974953e-02 6.4811498460075013e-03 -2.2113261465275680e-01 -8.8736611616746675e-02 2.9282988353549332e-02 -2.4039166509859860e-02 -7.5267583014795136e-02 3.1091950992199299e-02 -2.0494383042766981e-01 9.4248982001856760e-02 -8.1766821741754467e-02 -1.0456850335152250e-01 1.9206325796513291e-01 -1.0954727636549130e-01 4.2621960276523291e-02 -1.3815943007577170e-02 -1.2249568252379860e-01 1.8803831825905819e-02 -9.8351901210220957e-03 3.6192973651645997e-02 6.9980392516947112e-02 2.9314515455639051e-01 7.5670230448918893e-02 -8.1782334212962937e-02 6.4674951141678302e-02 -1.0439314792873420e-02 3.8002207992811968e-02 -1.4688132398360740e-02 -1.9175631155893841e-01 1.7900267455425331e-01 -7.0154323792720158e-02 1.5952983232363369e-02 -1.6537570527941289e-02 -1.7686063212207649e-02 -2.5598465187772512e-01 1.7668951166488350e-01 6.2485780342764412e-02 -2.2941508379370239e-02 -2.7311534502292241e-02 -1.9413702958813861e-01 -8.4560198193687035e-03 6.9378934899898825e-02 1.8125710944733089e-01 -1.7764453845763559e-01 -3.2540575593608623e-02
-9.0415704916218184e-02 -5.4888993398730671e-02 3.6276636737204153e-02 1.5130151388729871e-01 -1.0397409218240210e-01 -8.3024318241928352e-02 1.4162103118307939e-01 -1.0284476652691760e-01 2.6591710139457930e-03 -1.6341382101040819e-01 -1.0898129490831680e-01 -1.1340271029678070e-01 1.1011283714205120e-01 -1.5538616627711071e-02 3.6528186752345697e-02 2.0999182234361841e-02 5.6603665940854003e-02 1.6383339470067260e-01 1.5193607953423571e-02 6.5611057390924071e-02 1.5617338480260609e-01 -7.5972636858549353e-02 3.9191573009929911e-02 -8.3449472976159331e-02 -2.8121878205373201e-02 2.0690847807796200e-02 -1.8605459876798280e-01 2.2085948385230411e-02 1.4802831265011029e-01 -5.4177184445365477e-02 -1.3198814403337360e-02 -1.0564133756444700e-01 5.0225837275622909e-02 5.4023980949924860e-02 -1.6019981290268051e-01 -1.1513289849244010e-01 2.2206457543343518e-02 -4.9410062708836057e-02 1.3851022385300751e-02 6.4881063725542434e-02 1.1309009034375950e-01 1.0508120506424690e-01 -1.4920963724229849e-01 1.4111239512106020e-02 1.3133653101837461e-01 2.8327093817303129e-02 1.1957101560270250e-01 1.2474177396675820e-01 -4.1610512025853003e-02 9.8554613380846777e-03 3.2413127086612059e-01 -6.2948153202776455e-02 -4.5440610334789779e-02 -7.8328262618682865e-02 -3.9638228888437918e-02 1.4350849394141121e-01 1.0854728034535061e-01 7.0821059297912020e-02 1.1881022026253410e-01 -1.7631529482481839e-01 5.3456103752194560e-03 -1.2754263632998550e-01 1.3423331618291270e-01 8.7257938195234950e-03 5.9492893967818490e-02 -3.1371301156730300e-02 -1.3534238463899689e-01 -2.0457910348347219e-01 5.2241567761237867e-02 -3.3437118182005038e-02 1.4786509138448570e-01 1.2496559779296500e-01 -9.0103515131993384e-02 -9.4001474065264906e-02 5.6041367613538548e-02 1.0317766235227270e-01 3.3569259551036477e-02 -6.2207240921936281e-02 -8.8073604718433077e-03 1.6120517494051051e-01 1.5809243322046579e-01 6.3124215052176288e-02 -3.2443157619115773e-02 1.0660776968199100e-01 1.1129231230498690e-01 8.6724817070580273e-02 1.7701898217692091e-01 1.1354456792248130e-01 2.2478155150191582e-03 -3.0469863072534079e-02 -1.2271862209406660e-01 -2.9636514023419561e-02 -7.5284975001946627e-02 4.4533613880527192e-02 -4.5281644258702278e-02 4.1888051996566708e-03 1.0038969670922950e-01 7.0984719946272007e-02 2.0228475546700219e-02 7.7122215990813370e-02
-1.5986720111217770e-01 2.0237774245199760e-02 7.4148272645401386e-02 -5.4992283218551277e-02 2.0411823234419349e-01 -2.4490571056021270e-02 -5.7870914861787803e-02 -4.1513797440036110e-02 -1.4461568482069909e-01 -8.0003006554503361e-02 -2.5081605779407219e-02 2.2215470453589990e-03 -7.8904873537137626e-02 -6.8823222258263969e-02 3.1701587193309511e-02 -8.9584243699665278e-02 -1.2310146239647660e-01 7.1789202914054426e-02 -3.9496320971058173e-02 1.1584150210111810e-01 1.3286961753133830e-01 -5.2661617859689848e-02 1.7235928636462571e-02 -1.8479676405939760e-01 2.5731369070796491e-02 5.8609248636696788e-02 -9.9047891710307354e-02 -1.2472798355109700e-01 -1.3784636431990310e-01 -1.3916106346399240e-01 -1.6762209770266809e-02 4.3682556873652058e-02 -1.0540729903785311e-01 3.4853802677990132e-02 5.7487953238300998e-02 -1.2685260222926360e-02 2.2032983035212852e-03 5.0860961093896623e-02 1.5518910148504081e-01 3.4606181605838669e-03 1.2853151172949079e-01 8.8116665881935903e-03 2.7745340370943631e-03 -1.4917976060283220e-01 3.4948917151809790e-02 8.9417026243534509e-02 1.2072797490259229e-01 -3.1788830387731379e-02 3.7403966131184962e-02 8.3414870975950517e-02 5.7118251810041043e-02 -2.9630326759026632e-02 1.7000146447704009e-01 -1.4582121734435760e-01 7.3871535762496263e-02 5.8367125461307158e-02 5.0395636076576412e-02 -1.2828871448327500e-01 -9.8928894997404714e-03 -6.9615648190766146e-03 -1.5513986787727849e-01 7.4080776953495783e-02 -4.8659073007496917e-02 -5.1755768712327441e-02 -3.4096141728505308e-02 -9.3260931922686627e-02 1.5011512801846630e-01 -1.7245422488699910e-02 -1.8060465443302001e-01 1.3197967510983999e-01 -1.8414160542717811e-01 3.7975618755329323e-02 -1.6306106043302061e-03 2.2055025701310310e-01 7.0807556900165824e-02 -1.3493023599890869e-01 -1.7467453742576111e-01 -4.8413746050215409e-02 -1.8040132530220790e-01 -6.9425300707401758e-02 -6.0598263386745142e-02 -5.9195127076059312e-02 3.4336297526334999e-03 -6.1454420267776547e-02 1.7023288674542819e-01 -1.4026627948016029e-01 9.9624908900464493e-02 5.8239985590398911e-02 1.4169273621351600e-01 4.8431073226085759e-02 3.7835359900917492e-02 6.8432344314819413e-02 4.8368020655418627e-02 3.4968854687689531e-02 -1.7503662416290841e-01 -6.1482226934869773e-02 7.7757037472557397e-02 -7.0273532978672573e-02 2.3579192909847790e-01 1.1152633581720750e-01
-4.8113662186804657e-02 4.5516909510442037e-02 -4.4830059404469907e-02 -9.2847268944660361e-03 -1.8745991968760389e-01 -3.4310906375784572e-02 1.7188978459393871e-02 7.6564935146451185e-02 5.0365049633785998e-02 -1.7638982295721711e-01 1.6906385828167581e-01 5.0809301549701799e-02 -8.2204599785131352e-02 2.0727289992165729e-01 -1.6358779499882001e-01 2.7764683554452649e-02 -1.0991809594313870e-01 -2.0440508076375491e-01 1.9931397709413400e-02 -2.0610252605518101e-01 1.3005812794225849e-01 1.2351135465064359e-02 -1.5596033400032949e-01 1.7943343987647409e-02 5.1315604321110278e-02 4.5608800339493452e-02 -1.8834967411631608e-02 -9.3545388511544342e-02 2.4752570325583510e-02 -8.1938400127392636e-03 3.4761333795872838e-02 -1.7958655307504401e-01 1.2776518346993461e-02 9.3991606534391814e-02 -3.8458703868200217e-02 1.0251887309592220e-01 5.3652393904438440e-02 2.5017580221693769e-02 -8.5697526282279765e-02 -2.6340000419098300e-02 -7.1729743315959618e-02 1.2261679048033119e-01 5.7848090973860698e-02 -1.3507663317950161e-02 1.8285495488091670e-02 1.5798184721240341e-01 -8.0288473140791503e-02 2.5844880461704859e-02 7.5652218087568474e-02 -1.2804959147344369e-01 -2.8049161252524098e-02 -1.0823519134770850e-01 5.8263615624800189e-02 -5.1242324859183057e-02 3.1439338283450430e-03 1.9038134409513710e-01 6.5336533889383047e-03 1.4538026810676299e-01 -6.9729599794127947e-02 -3.0356134701600541e-03 -6.2479616284930400e-02 1.9669549482446441e-01 1.3859504333981140e-01 3.1343184768639003e-02 8.6687965514057191e-02 -5.9340345328544007e-02 -4.3115957772909858e-02 3.1941371489656957e-02 -2.8394757413887899e-02 5.5850593209588170e-02 -5.8786660309144744e-03 -7.7078467397809061e-02 6.5991893014912539e-02 1.2256623681739780e-01 2.5566554871124730e-02 -1.4187672009033699e-02 -2.9333012220612201e-02 6.3658647706895707e-02 1.0028869829072699e-01 5.1061849221486509e-02 1.8539021083560411e-01 2.0164492628556180e-01 -5.1945504967699861e-02 -1.7259228456731709e-01 -9.2570837755344221e-02 1.1671933499662959e-02 4.9689556334477678e-02 -7.4313310722762566e-02 8.9213496693220276e-02 8.6653101552135695e-02 -8.2221104265056105e-02 1.6273984989684370e-01 1.1694319372898580e-01 8.2740537521201085e-02 7.2581641664437965e-02 1.5680568678209761e-01 -8.2953104080439113e-02 1.0423429197500410e-01 2.1858569777717021e-01 1.3316615384676420e-01
2.4773549050456530e-02 -2.8462503690537731e-02 5.5663562246867353e-02 1.1101968742278021e-01 -1.3832259129880770e-01 1.4022331945869399e-02 -4.9764298333232752e-02 -2.6824392534140290e-02 -2.1476008503361299e-01 -3.3619312440185088e-02 -5.3858112950548910e-02 8.6335150935851923e-02 -4.9067688608074291e-02 -7.3702055648940862e-02 -6.4329670963998598e-03 -1.8764389270168949e-02 -1.7568527064249639e-01 5.2501788015835243e-02 3.2889115722503227e-02 -9.8318312163551330e-02 1.3705235924772299e-01 8.7626254347514011e-03 3.5425735926807443e-02 -1.1841627756561710e-01 8.3591565969127798e-02 9.8109337909421612e-02 1.8544015964702891e-02 2.4566141921089960e-03 1.4237278760783401e-01 1.9270115891536249e-01 8.1562263582994274e-02 3.2286724565912188e-02 -1.2538721768720590e-01 -4.0401878545585863e-02 -4.6126629458831073e-02 -4.7153072139454431e-02 1.0363940171554650e-01 -3.5424840886811798e-03 1.0415014559733491e-02 -1.3816748763982711e-01 -7.0457353567082451e-02 -3.4009966177659223e-02 -1.3301338948533620e-01 -1.4331423809315530e-01 4.1432603406225323e-02 -8.5752283289676889e-03 -1.2560913121509251e-02 1.6349127353893721e-02 1.8700788464649601e-01 -1.9497921551450600e-01 -5.2697460384084037e-02 1.2485317223007210e-01 -6.0143645054386512e-02 2.0235832714776170e-01 -1.3589059575325399e-01 1.9522090080226209e-01 -4.9010047947893577e-02 1.0925901502042989e-01 4.3580600491290429e-02 1.0211439432011971e-01 -1.4566840492499639e-01 -1.1940795584366810e-01 -9.4654129403873549e-02 -5.1706412711544643e-02 -1.1153161664872149e-01 -2.0713693866284749e-01 1.4231473908986700e-01 -1.8307332821521961e-02 1.0063595990031560e-02 1.5045195851648979e-01 6.4886008679095067e-02 9.1496485553736705e-03 1.5088450386700390e-02 2.7174199266437979e-02 -1.2890059031913700e-02 -5.8687820457211777e-02 -5.0637621046958653e-02 2.7052350062804091e-02 9.6583531503536199e-02 -2.1717050643565669e-01 -7.0203620574824058e-02 -1.7382009330632081e-02 -1.7534358509465919e-01 2.1505074199161789e-01 1.2215483081404519e-02 9.3361193527826389e-02 -4.1334682096088017e-02 -1.6864684517162740e-01 5.9961977562960629e-02 -1.1754414187249260e-01 -6.4541892513719917e-02 -6.4464479099098013e-02 -1.1902318541627080e-01 1.2887381268908499e-01 7.1401530260555054e-02 -2.7234444867284449e-02 7.9792803116555691e-02 -2.5362985821496320e-02 -6.4737048502013006e-02 -8.7186003335427184e-02
-1.3286007681528230e-04 -5.0491040806121337e-02 -8.0351142845308685e-02 3.9348621013463293e-02 4.7785195216670892e-02 1.3905191516244850e-02 -3.8121444157432960e-02 -6.6267384394161619e-02 3.4803408478945863e-02 4.7641543302754760e-02 3.0712960191822399e-02 2.9628011361569249e-02 2.5971828714643059e-02 1.5026004360294401e-01 -1.1268922468253040e-01 4.4416491489152783e-02 -2.5888711083751181e-01 2.4625302003183740e-02 -1.2402611929459020e-01 3.4562000085168271e-02 -3.6409774155670607e-02 4.7270789744899018e-02 5.4756493392619787e-02 -6.6660340994368933e-02 1.4607732277323840e-01 -7.1265731680211853e-03 -2.5536686004414988e-01 7.0601316875330822e-05 1.3949964267428960e-01 -1.0232937615583509e-01 2.2088007719549660e-01 -9.1323866569445480e-02 2.4949903149914041e-01 -3.2721448046327962e-02 9.7407781985318395e-02 1.1183059723952370e-01 -2.0658470529210041e-01 7.9120095460230491e-03 5.4779270300042378e-02 -7.9280825979694304e-03 1.6169469844679880e-02 -1.0987463604709420e-01 1.1262571904832649e-01 -6.9206754036477275e-02 6.9229964857092249e-02 4.4315374871743141e-02 -2.1639839565258501e-02 1.6202783813290531e-01 7.1598756902082727e-02 -1.3296476782417729e-01 3.6334298430862277e-02 1.9386649879714030e-02 -4.0677826467046992e-02 3.6199974134967138e-02 1.4197325885285930e-01 5.0530426917156701e-02 9.5146230463688419e-02 -1.4062644039858821e-01 -4.0021522705798313e-02 -6.8784361256675239e-02 9.4047156881475677e-02 -6.3170538983435359e-02 -1.0068844950897780e-01 -7.0225021899432361e-02 -1.7904279136620301e-02 -3.7529150116415409e-02 -2.6377465405506770e-02 -5.6335039161592639e-02 2.9058664379263549e-02 -1.1175897570238810e-01 -9.8299414387407205e-02 -1.5220303564061591e-01 -1.6985076028777631e-02 -6.3426799940489678e-02 -7.3398180005708996e-02 7.0085887870531063e-02 -2.1591102723667410e-01 2.7177412104230018e-02 6.4285530834277849e-02 3.4532194222526243e-02 3.1448990988835447e-02 -3.0926392425360681e-02 -9.4234115283168399e-02 1.1778919700243680e-01 -9.6194422776508637e-02 4.3535033740144821e-02 -5.9698819136608308e-03 -2.7148751134312511e-02 1.1193585744040049e-01 1.0459332512609611e-01 5.9928581565027367e-02 8.6428420670592088e-02 1.4235707258409369e-01 -1.3392773268033970e-01 -8.1537018728432331e-02 -1.8450518723812490e-01 -5.7103530250941628e-02 -7.4472383833795980e-02 -2.7619846368269252e-01 8.4797880516323185e-02
-3.8628363453173928e-02 1.9303957838368042e-02 2.0657744543782591e-02 1.9985587017185150e-01 -7.7310978466553970e-03 2.2085751114613692e-03 -7.6460178997494604e-02 6.8384503135773322e-02 -5.1383405437602357e-02 -1.1863384152908441e-01 1.3621152917022169e-02 -1.3705028330620700e-01 1.0086303509553239e-02 -2.5218662451171200e-02 -6.4269279905237703e-02 -1.4450660680551600e-02 1.6431996143748900e-01 9.7616152856234192e-02 -1.8023165937523719e-01 7.7660375219708158e-02 -4.0063163571391842e-02 1.4626261733209769e-01 3.9436230318176613e-02 1.3568899322817640e-01 1.2718883032515879e-01 -1.0516545051350860e-01 -1.3484280911332261e-01 -1.6783073884795990e-01 -4.7373894684906492e-02 7.4701170293907881e-02 1.8805265660904211e-01 -1.6432210746921949e-01 3.7599895804675820e-02 -1.4627986104102370e-01 -5.8254116333215977e-02 -1.3063075940164279e-01 -1.2368940760465990e-03 -1.6437311010340719e-01 1.6692699673815201e-01 -3.2673247658365753e-02 -7.8754616384532544e-02 1.2704440893773569e-01 -2.9528611808851400e-03 -2.9669678096473320e-02 -1.0549043349249420e-02 -1.1627300214498540e-01 1.0718595839557810e-01 -1.8093238741569709e-01 1.8013553378971789e-01 1.0720879640713921e-01 1.0982581653269100e-02 3.7516228069008242e-02 -1.4600858310466619e-01 2.3303610410615180e-02 1.9734409531694828e-02 -6.3985655575513251e-02 6.4462738428773758e-02 -7.0931626308503345e-02 -3.9877097826632429e-02 -1.0963899439140121e-01 6.4555811447578923e-02 9.1231533774795828e-02 -4.5185486849706634e-03 -1.7767850599632920e-01 -3.2317370581499277e-02 -4.6127786842533082e-02 -5.6272989764232513e-02 6.4977476882369767e-02 -6.3518847147734508e-03 -6.9813783495304094e-02 -1.9525255202028559e-02 1.0540131791792810e-01 -1.5609864774607980e-02 2.5240047774720697e-01 3.1667930902606611e-03 -1.0230276313368500e-01 4.7167064596854900e-02 9.2363317337244288e-03 -2.5156696190632370e-02 -2.8904499654094140e-02 -5.8709408467172541e-02 1.4705262092540869e-02 -6.7236470245634769e-02 2.0094847289370471e-02 -2.3408640275163331e-01 -9.1590207108077332e-02 -1.4650554795588910e-01 1.2168936655005071e-01 -8.1508534705283339e-02 4.2870447404272781e-02 1.2186264829170080e-02 1.1896589512818560e-01 5.6114418959468393e-02 1.1513606368703590e-01 1.4234626933133071e-01 1.0559968659349940e-01 1.0827384141400639e-01 1.4713452933984550e-01 -1.1105279248624150e-02 -9.1204887514234959e-02
7.6815495754157359e-02 -8.2783053556008998e-02 -7.3536072280095219e-02 7.8002790467808836e-02 1.7139396691001191e-01 -6.4664074619404641e-02 -4.2448817845826908e-02 2.3453229288491081e-02 1.6800343049179330e-02 -2.8785760021460671e-02 9.3895941550318756e-03 -5.4355417997654053e-02 -8.0268953183458322e-02 1.5635117033062190e-01 -1.0822035085456400e-01 -3.9842918756654723e-02 1.0512954833643380e-01 6.8128560315655826e-02 3.2886683226674318e-01 -4.7901550644746847e-02 -4.8958121255007377e-02 -1.8064007671654139e-01 -1.6048678647486361e-01 8.2127678775940391e-02 -2.8987879407208018e-02 -3.3866031319474417e-02 -1.6877206003981959e-01 3.8188952842234489e-02 1.2223986421613110e-01 -1.3241922017495780e-01 3.2352126848092640e-02 1.7190510221346911e-01 -2.4244306882542688e-02 -2.0179826171172080e-01 6.4236174166068721e-02 -1.0946150649551310e-02 1.0645812248158761e-01 -8.7934824830105590e-02 7.6167198707164790e-02 6.3104735469814530e-02 -1.2874984720761690e-01 1.1684369525698010e-01 -7.7344874445233774e-02 -1.5156547123108891e-02 1.5568902290696321e-01 -4.7785894665295633e-02 -6.8437971368442499e-02 6.9640826785086693e-02 3.4968536540855827e-02 2.6795724784309971e-01 1.3456142703822289e-02 -2.0184755753532049e-01 4.9222453043998270e-02 -5.8360739229308831e-02 -1.1601573151264220e-02 1.2806127507263260e-01 2.5817205541024419e-02 -5.9813224800673782e-02 1.3547265582537640e-01 1.5631581689368890e-01 -1.8301409639677899e-02 -3.3063295183411223e-02 1.9805642803625979e-03 8.5933150450008031e-02 6.3690719946003531e-03 1.5938744037703681e-01 8.4848837845307570e-02 3.6766576348743168e-02 -2.9191084480219540e-02 -3.2882786620860818e-02 -2.0108411771387742e-02 -1.9470587800882451e-03 8.4635061716471470e-03 8.7882915324578731e-02 -9.4818157721355045e-02 -4.5039242473934357e-02 -1.1042178049856370e-01 4.6448918403688332e-02 -3.7367352766584741e-03 -2.4488575109510271e-02 1.8782727221632389e-01 -1.0028028137525290e-01 -1.2727543978543229e-01 8.7685155793019234e-02 -3.6370887458649900e-02 -1.4733251622177501e-01 -8.6412969918842952e-02 -2.0505312604263029e-01 -1.8338366722818539e-02 -1.1618328858531360e-01 9.2840664096359819e-03 5.2043136175954748e-02 -1.2381735416607439e-01 -2.3164023506175441e-02 5.8698276425534990e-02 4.3037895813329313e-02 -9.3220347087252312e-02 -1.2446629843217229e-02 -7.0504149837809699e-02 -1.6544122919382089e-02
9.1271150259431569e-02 -4.3726365382829042e-02 -1.5634836857530639e-02 -1.0764362660247991e-01 2.0959379231386890e-01 1.4213201603549080e-01 1.9406015646929481e-01 -1.5383197541422280e-01 2.0377999623105669e-01 -2.1083952917045451e-01 3.0158322986714049e-02 8.8553529824335495e-02 8.6084209743178194e-02 1.5386405972130569e-02 2.8071991361066771e-02 1.3213662530998781e-02 -1.2372085299688029e-02 8.1430420131621273e-02 -1.0005478973547580e-01 -1.1501329562644910e-01 7.9721832898233022e-02 1.6339717639123161e-01 -3.8190877307456093e-02 7.4834669903571819e-03 1.0819558900948729e-01 -5.7788007700107440e-02 9.5664694963911709e-02 9.7194357556423513e-02 -6.7680884114862672e-02 -9.8449016419689853e-02 1.7351069668504529e-01 1.4916934630020101e-01 1.4768422738491641e-01 3.5641379703601789e-02 2.2062640028863291e-03 -5.8950838939239102e-02 -3.4482622278409602e-03 -6.0291671703681507e-02 7.2123513613241402e-02 2.6274385773958669e-02 -2.9512339616421610e-02 9.9021630252409690e-02 1.6381909314222809e-01 -5.0026623946584872e-02 -1.2239973738352630e-01 8.1055584561138289e-02 -3.8068837223999383e-02 4.3882895798212640e-02 -2.1339439922827538e-02 7.7954724101779768e-02 3.0334628328068242e-02 -2.4747307810129161e-02 7.2018077980965448e-03 -1.0779876379267830e-02 5.4264521712000073e-02 1.0146998840655050e-01 -6.0180484491075131e-02 1.3166633451843010e-01 -1.2808516723456909e-01 1.1913162867054070e-01 -1.6804666340849200e-01 -7.6178711933718835e-02 1.9979467699936231e-02 -1.3477617081605769e-01 -1.3480133102409339e-01 6.9027642066687281e-02 7.3262790959943813e-02 -1.1774824882966830e-02 1.2898442890044609e-01 -4.0707795047478502e-04 3.0250028329132980e-02 -9.4328470459929675e-02 2.7211798416078990e-02 -7.2963681547561804e-02 2.9290055626241529e-01 9.5438809492017690e-02 1.3951039581062111e-01 2.8712774579903150e-02 -1.7102847269059829e-01 -9.2166015692914258e-02 5.3937725978640350e-03 -6.8281932517982216e-02 -3.9668153695938818e-02 4.0375648711641912e-02 5.6419657157103717e-02 -1.2182559656864431e-01 -7.3870233947670144e-02 6.7903916004096549e-03 2.3645243074894209e-02 4.1116722402785452e-02 -1.3174337131265890e-01 -5.0838270006043997e-02 -8.8219085164275304e-02 1.1385545083323410e-01 1.7078432727678050e-01 -9.6723106214798973e-02 4.7239213390861769e-02 1.3923393164730780e-01 -2.9686534757355450e-02 9.1192944613904800e-02
8.6130858161620402e-03 -6.0619417686817612e-02 1.3387552905457939e-01 -8.4543273963535396e-03 1.6029872892795831e-02 1.0387684501965290e-01 -9.5639957277874374e-02 1.3860186811339001e-01 1.2670034679375580e-01 -1.6720880768933269e-01 -5.2291201134422368e-04 -9.3691384131468613e-03 -8.1229381792180075e-02 7.8515368258237614e-02 1.3786877616965690e-01 -1.4791391063147990e-02 -1.5521554306298859e-02 -1.3073224355445470e-01 -1.4128046199470111e-02 -2.8995760427924729e-02 -6.8859400307461072e-02 1.0639002656604500e-01 3.7076152005490998e-02 3.5644346563928599e-02 -1.9307561535449529e-02 1.6520757227717481e-01 -8.6590580628712707e-02 3.1064522370697879e-02 4.9981002665721530e-02 -2.3956194582405641e-02 -5.3463815213194009e-02 8.1667609406138431e-02 8.5530662207398855e-02 -1.6583806096047021e-01 -1.3405528005589809e-01 1.7426192928763859e-01 -1.5441764022637369e-01 2.7306806640594278e-02 -4.7605985224094503e-02 -1.9825215473964819e-01 6.0250101662856062e-02 -1.0176033505550430e-01 -9.8044510506514790e-02 -1.5347047694027779e-01 -8.8555468855882419e-02 1.1285522308506660e-01 5.1216741286543906e-03 -1.4762181779913680e-01 5.7463151649828570e-02 1.7190696650363960e-01 -1.2311054259230580e-01 1.1882647784298481e-01 -6.1191434615201289e-02 1.2665460875972151e-01 7.4783755838051080e-02 2.1814771598393051e-01 2.6024342583884599e-02 -3.9326249724051361e-02 9.4568231257821975e-02 9.2040722622143911e-02 1.6578690189581829e-01 1.2905522628736429e-01 -3.5569862219936910e-02 8.0603480487578580e-02 2.1063065407627590e-02 -3.1295925234731653e-02 -2.4693529192155349e-02 -1.0605269992849820e-01 -1.8105751431534589e-01 3.4070980855329683e-02 1.3843255327818510e-01 1.0469771684548780e-01 -4.7185409662026320e-02 4.5238139574751118e-02 -6.2848929177613033e-02 1.6683511035062051e-01 7.4682530044193104e-02 -1.0110195331976260e-01 -2.0212235104095641e-01 7.7179684525770327e-03 6.4467372428925973e-02 7.9839028414743461e-03 1.0690765275978349e-02 -4.2225508911303437e-02 1.7007354194917931e-01 1.1171218423819930e-01 2.6537890379013860e-02 -3.3635658310294239e-03 -1.2732169996527359e-01 4.4043248058055783e-02 1.2544996822575860e-01 6.4801387231702132e-02 -1.2892699923018611e-01 -1.1258092409384871e-01 6.5232577041612338e-02 -5.6357564510683349e-02 8.8369406905108527e-02 1.4414299937815900e-01 -3.5591208323057733e-02 9.1818085616618042e-02
4.4259300394029567e-02 2.0976919382190359e-02 -7.2141617701319827e-02 1.1904675277796860e-01 -5.7923647746139423e-02 7.2399854078779205e-02 -1.4092996811179331e-01 8.7899697795821088e-02 1.7964715310022061e-01 -5.6476887293526012e-02 8.5164637064745530e-02 2.7152605039655991e-01 -1.4272920028455749e-01 2.4010434930696468e-02 -1.4805317751997610e-01 -1.1067569634448120e-01 2.3341575185924091e-01 4.2369164202246852e-02 -1.6410410538294170e-02 -8.5496065583485395e-02 3.3535200213563710e-02 -1.5265598303061370e-01 6.7061306005716817e-02 6.2084926291354682e-02 6.1837777671857198e-02 -9.4333708316038586e-03 -1.4354181884030939e-01 -7.5219351150056610e-02 -4.8223473645768837e-02 -3.3522264876018761e-02 -1.1136582940676970e-01 -1.3282816874104089e-01 -1.7748960526832721e-02 1.4872993891381750e-01 -4.0061962176852588e-02 2.1832546101516651e-02 2.0214633879641329e-03 1.4634078118938309e-03 -1.1167387277488901e-02 -2.5282476157845200e-02 1.5683296505056721e-01 -1.3768987064380811e-01 -1.8733273141677959e-02 1.4744302981456661e-01 -3.8986074662641347e-02 -6.1577455688774083e-02 1.3070556389391121e-02 6.9706074702667986e-02 1.0772015444103500e-01 -1.9648615850845461e-01 4.5453084387961848e-02 -8.2441990581498856e-02 1.0330139549882610e-01 -1.3327389054934640e-02 -1.3935079489316760e-01 -8.9529904983927031e-02 -8.9099327020476932e-02 -5.5078363977643360e-02 8.2732471395856336e-02 1.6355604908934970e-01 5.2733007378199317e-02 -9.3160768784143408e-02 -8.4143946622940266e-02 -3.5629463973991318e-02 6.5558497578969366e-02 7.7014005097225405e-02 1.0883921252230480e-01 -1.0845488194125361e-01 -7.5286550234243160e-02 3.2387723766125108e-02 -1.5066631225885219e-01 -2.9586459419687211e-02 -1.0832342808763390e-01 -9.8573572107277727e-02 7.2342543990925962e-02 -8.8284806464612758e-02 5.9019784022471107e-02 1.0407274761015640e-02 -2.4194909572889711e-01 6.3955059096269681e-02 -1.7852955668733070e-01 4.4055784208965929e-02 -1.3457751132614800e-02 2.0555979014622849e-01 -3.8519469604805033e-02 5.3562714783380573e-02 -9.5722434732203002e-02 9.3095736494237011e-02 3.1058793031865290e-03 -7.8598745202156407e-03 2.6514599726540071e-02 8.8852213067616620e-02 -1.5564561872375579e-01 5.3345483732535219e-02 2.8495437431143689e-02 2.9497364435033650e-02 -4.5804456740746187e-02 8.7137853398504522e-02 -1.9008529215210821e-02 1.9086537873550530e-01
1.0714868132946359e-02 2.0308471668198678e-02 -1.3285620358941891e-01 -1.0113597320675989e-02 5.3160040199206587e-02 1.5632776484858151e-02 -8.4494667261199780e-02 2.4959827426023450e-02 -3.7716245892874339e-03 -1.4732087150837370e-01 -1.4517145932785661e-01 -1.0459142877955800e-01 1.6129066034496181e-01 -1.5263384636851649e-02 1.9309659826920199e-02 -1.3782520955105251e-01 -8.2159648810960745e-02 9.2126311931616134e-02 -2.2539265433452551e-02 7.0181981061694917e-02 6.9063561379729105e-02 -1.1704250044074730e-03 -6.7927173688848028e-02 2.4544587693040970e-01 6.1681475856008458e-02 4.1619727283137807e-03 -7.4009058584197669e-03 -4.0968893347583579e-02 8.9549922814664715e-02 -5.5823059304111796e-03 7.3831856390083134e-02 1.0918102030614819e-01 9.6307583840635497e-03 -1.2634266510940820e-01 3.1398693256607232e-03 1.0091047172486810e-01 -6.4965094478592111e-02 -4.7966360730427669e-02 -1.0626993865880199e-01 8.2231609518710391e-02 2.1144944906883351e-01 -1.9195229183729502e-02 -1.1025826995632960e-01 6.5875167732517351e-02 -3.2535720981925843e-02 -2.2969139033994761e-02 -7.3744396858871172e-02 -1.3261232404048939e-01 -3.1028797001029600e-02 -1.1949909580371530e-01 8.2766590511600222e-02 -2.6864639884355718e-01 -4.8194075252066239e-02 2.1056518113048339e-01 5.4778031769262478e-02 -8.1628979703962781e-02 -4.8306483080053390e-03 1.6084092561250148e-02 -9.5280004433997922e-02 1.4926042539520501e-01 3.8928268199634750e-03 2.4693777446598339e-01 5.6012297101184702e-02 -3.3490614575400292e-02 1.4403480043773240e-01 -1.2236299167464699e-03 6.5846328465439807e-02 7.9584211922589909e-02 2.3873528117808041e-01 1.7988910793702159e-01 1.5251517825884331e-02 1.0473715916129600e-01 2.2413748823298860e-01 -4.6920575936642200e-02 8.1266636580070162e-02 1.1651626058709799e-02 -8.4373090272450893e-02 -2.2950209357674650e-02 -9.1899758719842600e-02 2.3792072476786691e-02 -7.9498508676097687e-02 -4.9523272777249439e-02 8.5341501290075325e-02 1.9244314191440660e-02 -2.1150654347293581e-02 1.8586959899035660e-01 1.5536508249417241e-01 1.9197366513106070e-03 1.3486394376391531e-01 -8.4180060199239001e-02 1.8000879820612641e-02 1.3650505797934220e-01 -2.7245252344905831e-02 6.2164604076108958e-02 -4.1860255697219843e-02 4.2076432148689898e-02 2.0124287862453940e-03 -1.5691995811236700e-01 -2.2610088700386059e-02 -6.9980622922667754e-02
8.1009182077634301e-02 -1.1244349103619800e-01 -4.1494871417367190e-03 5.0504592234104743e-02 -6.3065633925077552e-02 1.1951608341675431e-01 6.1726789163189383e-02 -6.6471052880837780e-02 1.4883973874271739e-01 1.2823126736783011e-01 -1.2230159556053820e-01 -2.9358354221766449e-02 -2.0616430657674059e-02 -1.1353530514449039e-01 2.2961324515307219e-01 -8.0237785987386026e-02 -8.5279578371254647e-02 -2.0788442971327498e-02 -7.4986690249979338e-03 6.2177035726952497e-02 -1.4055297951577811e-01 3.8708103524690278e-02 9.0143696603048287e-02 -1.0810155414738540e-01 -1.9137705496392609e-02 -5.6490313853458729e-03 2.5112211597386129e-02 5.0114899800304891e-03 7.4553825526942646e-02 -9.4767082792297175e-02 -1.8381956864314319e-01 -1.8996667545161910e-01 -5.7949677593056928e-02 -6.8400679567515461e-03 -4.7284086398469649e-02 6.3878880785745440e-02 2.3317122074962240e-01 8.5171527710678138e-03 -1.8834709815073369e-01 1.5500652654666960e-01 -1.1075612392717840e-01 1.0836207614247061e-01 1.0755372383601840e-01 -1.1937654034133180e-01 -5.7780406473489088e-02 8.4416763111814855e-03 -9.2908976465839357e-02 1.4802255258145250e-01 6.3885556126656903e-02 -7.9234227585318256e-02 -6.7191688042693900e-03 -1.0821272505411250e-01 7.7550601567483640e-02 3.0055186511375571e-02 2.1301820296246229e-01 1.0076174808441481e-01 -2.9689853438825829e-02 -1.6643155239490659e-01 -4.9788929576204358e-02 -5.8007475145146967e-02 -1.1671322569235900e-03 1.2746380603472230e-02 -1.0705762195920890e-01 7.4287915561168413e-02 -9.4190713631055634e-02 6.5507962451974225e-02 1.1840521477854710e-02 -3.0343739737643920e-02 5.5043017062026883e-02 7.0176655522034850e-02 1.7231715975934489e-01 4.0505014031218367e-02 -6.4866179185625768e-03 1.3338193057623629e-01 -9.7171499267792380e-02 8.0506041900739900e-02 -2.4114073314127571e-02 1.2457765472065779e-01 -2.5583610666787160e-01 7.3355228739933220e-02 -5.3450014953137247e-02 6.4015782921459166e-02 -6.7455351598141963e-02 1.0739241644979550e-01 -1.5707607139149499e-01 -5.4218582880503623e-02 -1.1264479696154441e-01 6.2295850455640747e-02 8.9713315145135003e-02 -2.2216417846035322e-03 -6.1826775592529311e-02 1.4328188516054580e-01 5.0482651473251119e-03 -8.8847591636892972e-03 8.8148877902805178e-02 1.1186113178650850e-01 1.2171437613237571e-01 -1.4860679099350940e-01 8.2082240822475019e-02 -7.2488649778166062e-02
1.7060720717850630e-01 3.7127375374804848e-03 2.2312546189227239e-01 7.8975660618699310e-03 -9.3789845662486673e-02 -2.8459698226277828e-02 -9.6540798060957885e-03 -7.8552458257969693e-03 -1.1065161383390990e-01 1.0794283776332191e-01 5.2044307257406913e-02 1.5773949943860721e-02 9.5739728539017202e-02 9.1261902867112180e-02 -1.9663041246424720e-02 7.7299596962570175e-02 -3.8876554370885427e-02 -7.2864959656545644e-02 -8.3182236840889379e-02 1.8726829437854021e-02 1.8722428356911520e-02 2.1874538076075960e-02 5.0310638961686888e-02 1.4063689015926681e-01 1.3289342708083751e-01 -4.0005631186768621e-02 3.4956481842815620e-02 6.8420647764489528e-02 7.5765419983878535e-02 -5.5608887054948243e-02 -2.3213131583626870e-01 -6.7858777606269960e-02 -7.5620881381832331e-02 -5.9699274709808507e-02 7.4894747205339909e-02 -1.2019944686413610e-01 -9.6523608748824943e-02 -1.7085598862130910e-01 1.6378494455417439e-01 2.0484064493041099e-01 1.1839940380001580e-01 -8.3317884161773141e-04 -2.2484507458960459e-01 -5.5493649140436543e-02 3.9593191815269629e-02 3.4499993676138582e-02 -1.0589543556610009e-01 -7.3640487739412674e-02 -5.9756052468515890e-02 1.1821307613409691e-02 -5.8426211759527807e-02 1.6085890254167980e-02 2.1448825388965850e-02 -9.9887415794233048e-02 1.4712631067640311e-01 6.8971673685040216e-02 -1.2439690094611940e-01 -3.7965405220457063e-02 1.0999748437607210e-01 2.4301486105110770e-01 -6.8511454109703801e-02 1.3127620693191719e-01 1.7206627436591179e-02 -7.3641219361812393e-02 2.0027459758578681e-01 6.5214569474240341e-02 2.4722362429453519e-02 -1.8724928213163311e-01 9.9195281890224404e-02 9.4830590528224012e-03 5.3140474119341363e-02 -1.6501986167458330e-01 -1.9470728352578950e-01 4.8773222716984666e-03 -7.5808243448520821e-04 -7.4939001988812884e-02 -5.6789702016645264e-03 8.0193798048658366e-02 -9.3274812839744078e-02 -7.4150685279390532e-02 -1.6851428773691150e-03 1.0532668789402100e-01 -3.1122964085774321e-02 -4.7312906429105739e-02 -1.0700672878835780e-01 -1.3816549535740400e-03 7.1133295824996165e-04 -4.8598809750792442e-02 2.9489666168356780e-04 9.9823209664390233e-02 -1.1887476412483640e-01 -1.7916450750345400e-01 1.6343299330861699e-01 3.5699134283613418e-02 -9.9909841805294997e-02 -1.2538641590498500e-01 1.2089237056543049e-01 8.4637936414661205e-02 -2.3405705034028480e-02 -5.1548793427407473e-02
-5.4838693770582772e-02 -1.0420195791737330e-01 3.5285268968911362e-02 -1.1146708378684900e-01 9.9664496055786270e-02 9.0630471909567870e-02 -1.9801043379504259e-02 6.0722494485054651e-02 5.8532529609394909e-03 -1.3690290797384699e-01 -8.6294710407052444e-02 -1.2798960386719660e-01 1.3707671228571841e-01 -1.1898270925759689e-01 -4.9357589607996598e-02 4.0878064011296372e-02 1.8252633611896170e-02 -1.4415716858499489e-01 -3.0491419352932109e-02 -4.9926558455740677e-02 1.3875082656937060e-01 -4.9547911916707618e-03 7.8166480884031499e-04 1.7557333924792819e-03 -5.3191113324550232e-03 -6.9827150685759468e-02 9.7083815740750895e-02 -2.1524544324794140e-01 -2.4884633465268240e-02 1.3725888424309171e-01 2.1475257189201341e-01 2.0006852582920300e-03 -1.7097412311613330e-01 3.8378506576473348e-02 7.4053154955871489e-02 -1.9122525354317861e-02 -6.6637212087098843e-02 -2.7400469453280230e-02 4.5866199324369222e-02 8.3700391752363670e-02 6.6567210126935616e-02 1.1692601265599301e-01 5.0034860255697089e-02 9.8355009884287886e-02 1.0417456236631829e-01 6.9730481430085825e-02 -9.1438983085650447e-02 5.2982288372106008e-02 -3.3513883271528877e-02 2.0988088805208509e-02 -6.2203898113314018e-02 -2.9127495420082219e-02 5.8157279055266173e-02 2.2518512953149311e-01 -1.0484622555859950e-01 1.3314751421780360e-01 8.1520563976987384e-02 -6.8315374502635501e-02 8.2873230344494092e-02 -7.1363867772650677e-02 -1.9033705475900919e-01 1.2829106786192429e-01 -4.3995654941349521e-02 1.8357394444412700e-01 7.9502901750343913e-02 1.3380688467912211e-01 1.0311302698842031e-02 -1.5076169088494679e-01 -9.4051337804346491e-02 -1.0910264561970150e-01 -1.2242812398033880e-01 -7.0450681045111457e-02 -1.4709131326358579e-02 -4.0401310489879973e-02 -1.4506913171757260e-01 1.7260550859979520e-01 1.2443863893322060e-01 1.5755882659263001e-01 2.5715750082408239e-02 2.3702478595886780e-02 -1.3613338495925531e-01 -5.7790007555449897e-03 -1.1577009692784430e-01 1.1448571447879870e-01 -1.0431501263094071e-04 5.0217762827566757e-02 -1.9860713468429311e-01 1.1220851985101260e-01 -1.2574840182608660e-01 -6.8390600706900381e-02 -3.6449427589694272e-02 -6.3884612879303929e-02 4.7500497959402879e-02 -1.7390510231199979e-01 -1.5348904655176329e-01 8.6334376166536997e-02 6.4339192578243692e-02 -5.4903542159861929e-02 3.0244797721975920e-03 1.1673194406430350e-01
-1.7089885354968710e-02 -7.9253594707453176e-02 2.1547475410461739e-01 1.7174405986693639e-01 -1.2229604902437340e-01 -9.9222307959150654e-03 5.9423776687101873e-02 -1.6615788180283680e-01 -6.5436252946203213e-02 -1.9197837792987511e-02 4.3942147114969021e-02 -8.0463665568370243e-02 -1.6620760422840331e-01 7.6336855718395227e-02 1.7518259139901629e-01 1.2297203618818880e-01 -3.1583085601143208e-02 1.3790054155372239e-01 -8.2134908440955084e-02 -1.2825051468524801e-01 1.2033502284247760e-01 -1.2190012702834860e-02 -2.2648054305452320e-02 3.6240229745844781e-02 2.4150876217802611e-01 -4.6269691965826597e-03 -6.5562311793147005e-02 -2.2265628652591821e-01 -7.7653877151722506e-02 -8.8614100160777105e-03 -4.3455085548154887e-02 1.0609012133279870e-01 -7.4816395768066049e-02 -1.3516061449109910e-02 -6.1180329932015519e-02 -6.0316003667529601e-02 5.9577714162945862e-02 6.7649057885906305e-02 -6.4837509635576246e-02 3.0433611632124911e-02 -6.2436954189782873e-02 -7.8904760550888714e-02 2.0010573216310851e-02 1.8391106626772451e-02 8.8890405575422937e-02 3.3105689456385888e-02 2.6636548646003590e-02 -1.5445320608904099e-02 -9.5118375600285882e-02 -4.3511789594405888e-02 -1.2465040660277921e-01 -4.4353874319011638e-02 1.4272562098371450e-01 5.6095450061072950e-02 -8.5628857822645107e-02 -2.7635860798657680e-02 1.6849097253910979e-02 1.2468087301082450e-02 -9.5268054895447526e-02 -1.1299785340322830e-03 -4.3026553444104977e-02 8.1039401290743621e-02 -1.9069459238235190e-01 1.3057116570316940e-01 -4.2764939274335619e-02 2.0095308745654719e-01 -1.2354718595681330e-01 1.5096028460641689e-01 1.9001864309641489e-01 1.2237126651830429e-01 -4.7263255476931117e-02 -1.6849125148015408e-02 9.9029479500741174e-02 -1.2197152168217110e-01 -9.6345336660766834e-02 -1.8680519839677051e-01 -4.8525709621457698e-02 -1.2551762234037880e-01 -7.0844204207059641e-02 1.6068306330631291e-01 1.2410856537956021e-01 -4.7541322044940021e-02 -6.3465807273025837e-03 2.7714407869434000e-02 1.0876352495285700e-01 -4.7681772954884891e-02 1.6057969029776780e-02 1.0284514549764170e-01 -1.5144491391290760e-01 1.6790044186140150e-03 8.4818028084438835e-02 -2.4480064872675511e-02 1.2948142560112971e-01 -9.6283817592397028e-02 1.7048929709517971e-01 -1.1644350982004960e-01 -6.6816804019419109e-03 7.4305735003009576e-02 -8.4489734301131214e-02 4.5118261141747863e-02
1.3221273960905791e-01 -1.7273237623078080e-01 -2.3417698332126129e-02 1.4091206738681400e-01 -5.6243178985085407e-02 -1.5078490528919039e-01 2.1017957110362012e-02 5.0904347730100627e-03 5.0148762293702007e-02 1.1988277241448279e-01 -1.6535725871277621e-02 4.3107408417694691e-02 1.4540494783889349e-01 -6.6716927867031747e-02 -7.8523348182841582e-02 9.6222163182612310e-03 -2.2848392396451561e-02 7.5548041139986519e-02 9.0604796241284452e-02 1.0901868077804451e-02 -1.6785588583897010e-01 5.9806222799144687e-02 -3.3617410217703099e-02 1.2137621487548411e-02 1.6977274276962001e-01 1.1907139387640380e-02 1.8854972921137869e-01 -4.5107015311639909e-02 -4.2285629903239717e-02 6.3025691357878763e-02 3.5846123269909630e-02 7.8535561982155458e-02 -6.4575696027368693e-02 2.5603855057800601e-01 6.6960939550898171e-02 -1.4673348589422511e-01 -5.4237006561359873e-02 3.5965800226360423e-02 -1.8083525227224340e-01 -1.2277288066360180e-02 6.5191007253004002e-02 2.3448091545354020e-02 1.0346271235431249e-01 -1.7269866481704650e-02 1.2183119232210191e-01 5.8659778451225053e-02 2.2004974105351391e-01 -4.7190127749374637e-02 -9.6880321826660010e-02 -7.0494333395416567e-02 5.7029591745812229e-02 8.6999056229473279e-02 -5.6224378619255978e-02 3.0680208878246251e-02 2.2033616266473180e-01 6.2057152885760622e-02 -1.1507725165406610e-02 6.5056050777614199e-02 2.7626571006216077e-01 4.9867385257178078e-02 6.8613169012042174e-02 1.1205160097566760e-01 1.6054065608120241e-01 -7.8069286061643192e-02 1.3885852564501561e-02 1.0684960503022051e-01 -8.4371609379947837e-02 8.3521054544948667e-02 -2.0576801531508279e-01 7.9391228572851053e-02 2.8374574089805950e-02 -6.9572364723008595e-02 8.9068911844572954e-02 5.8225504397430503e-02 8.3481525466502726e-02 5.1485554297799608e-05 -1.8464951185549311e-01 7.1533597291600299e-03 6.0950520819726744e-03 8.9872302978035636e-03 -5.7053045210303202e-02 -8.7068766371682871e-02 -6.7972914134644430e-02 -4.3043597960394517e-02 2.9772267441295561e-02 -5.5970520783270070e-02 -1.3420309611534811e-02 -6.2593130342826514e-02 -1.1532548476131130e-01 -7.2097477248582828e-02 8.3904279839606397e-02 1.5132551049411749e-01 -5.4216806652203672e-02 8.7098276141600192e-02 2.1632263820579568e-02 3.7321148493855219e-02 1.4779492074312969e-01 2.5036643015783561e-03 -1.1760724391854140e-01 2.0411476940628770e-01
5.9432081138358503e-02 -2.7163303493919072e-01 -1.0903128388525850e-03 -7.9484960442573402e-02 4.0356585934683614e-03 -2.2271039824667171e-02 -2.3837224965701429e-02 -4.2049193103117319e-02 -9.2897461749198676e-02 7.9167465125251676e-02 -9.4400989721269590e-02 -1.8802154607936779e-02 1.5425194093047981e-01 5.9985400104868580e-02 1.8412182557099910e-01 -1.7755900344937911e-01 -9.9402631084952925e-02 -2.5026979279596531e-02 9.6283977789643094e-02 -6.8696073233554991e-02 2.7292639349021850e-02 5.6951049341333659e-02 4.8704445374234240e-02 3.4130622700146489e-02 1.4864739604746799e-01 -9.2135283984588423e-02 -6.4370055984451946e-02 2.0517907029292509e-01 -1.9260401645579881e-02 -4.0757579458995420e-02 1.3837127209488409e-01 -2.9789391332180021e-02 -8.5900524554402037e-03 2.1912453619411049e-02 -1.9779925324324019e-02 3.1375887855276591e-02 -7.3866161931216923e-02 1.0316400892070000e-01 3.3811161619537129e-02 -1.8182478188589389e-02 -1.0466333780581150e-01 1.2521452431611299e-02 -1.0144292239163490e-02 1.7992837700952111e-01 -9.9392847461816189e-02 1.9572511924900779e-01 -1.9052911240400941e-01 1.3590864014973539e-01 1.1036416446758800e-02 -7.7823332332676728e-02 6.2942206176679468e-03 1.1022755163364061e-01 -2.7047386485338071e-02 -2.5120080577091300e-03 -1.3128451333850100e-01 -7.5450798385828813e-02 3.9953026505208801e-02 -1.6545295689394621e-01 -6.8904554260337481e-02 -9.5128343195095694e-02 6.9721886667299962e-02 3.3472369612833133e-02 2.7300270306906290e-02 5.7764853984674833e-02 2.6505932421116440e-01 -5.2626083806986759e-03 -6.8776062668006052e-02 1.5703532482736461e-02 -1.1992837487677491e-01 -1.0894955677787720e-01 -1.3737037774535690e-01 1.5637640508991041e-01 -1.1766563340166110e-01 9.0143546005452393e-02 7.1870139167008198e-02 -3.3592239409109781e-01 5.8850464933062341e-02 -2.1305813995311462e-02 -1.0528990160787730e-01 -5.5796846849828920e-02 2.5899017859584331e-02 6.8298339282962684e-03 -1.7251605246253229e-02 -5.0623392099655301e-02 7.3969303211803131e-02 -3.1990597873411269e-03 8.7537586320048627e-02 -8.5872585409170810e-02 -2.0577040652133359e-02 -3.9164444085795933e-02 -5.1802604694771069e-02 -8.6444701831107432e-02 -7.2016530587289976e-02 9.6449727852277303e-02 1.4330704821931939e-01 1.5473434250506660e-01 5.2955186419903919e-02 1.3195880921464830e-05 -4.5060196408664717e-02 4.1873181128747723e-02
2.7529096323005389e-02 -1.6824370858498569e-01 4.0327128485632920e-02 -3.0020854019667281e-02 -2.9432266420828360e-02 1.1035245205044659e-01 5.4065460118713743e-02 1.2128905663434940e-01 -2.0872731463058469e-01 -2.4642281919709150e-01 7.9086202984777573e-02 8.4125154007550967e-02 5.1537574790602621e-03 1.1318062738113410e-01 -1.4234800835081130e-02 -1.9299085814182521e-01 -1.2283801458473960e-01 -1.5407308398390201e-02 -3.8094202544425859e-02 -1.5438699326039829e-01 -1.2546126888331741e-01 1.2611967512892441e-01 -5.3850752826914393e-02 -1.4693014018288469e-01 2.5380308579729061e-02 1.2938030061465891e-01 1.6767581517995261e-02 -2.6748700493959848e-01 5.6196067662565199e-02 9.5993772418402207e-02 -4.0566437303476532e-02 -6.2369424629223923e-02 -7.7859789344004837e-02 1.4126160865594911e-01 1.0441584085309399e-01 -7.4710141721924139e-02 1.1542728695226301e-02 -8.9797006049003883e-02 -3.0138745093525290e-02 2.0113380627219560e-01 -7.1547683540288190e-02 8.0135192060067917e-02 -1.1247597626145310e-01 1.1378269033383009e-01 -2.0948021702934089e-01 -3.5733041308220047e-02 -1.3771476085828290e-02 7.7511052855826684e-02 -1.0295325068766550e-01 1.6192032746913779e-01 1.7978733952000611e-01 -1.4598056264727650e-05 2.4642322963583999e-02 -1.0129158289427130e-01 6.7434083999983491e-02 -1.8509682295286919e-02 2.5333656936379970e-02 -4.5787781455617238e-02 4.4152768897083149e-04 1.1145501212696179e-01 1.8445061545029370e-01 -1.7778389718634521e-01 -3.9635216401230439e-02 -2.3977812550770729e-02 3.8846686005012503e-02 -7.0151021951133430e-02 9.3051718283307050e-02 7.8796890102890860e-03 4.3163129770127470e-02 9.5935042003054537e-03 -6.1351751334294173e-03 1.1263898430366311e-01 5.4005083423770703e-03 -2.9648389536441101e-02 1.3458197521167180e-02 7.8909722050093695e-02 7.7628212205510957e-02 -4.9843856955191612e-02 4.3595726237525598e-02 1.0738168120510359e-01 -8.8664270088707295e-02 -5.0533383730583741e-02 -3.0851121211331899e-02 -8.0961859020704435e-02 1.4459889234319079e-01 1.6927032337505640e-02 -9.3749455265891249e-02 -7.1819954030190217e-02 -8.6997529070302726e-02 4.1936170319399238e-02 1.0883323730600870e-01 8.5084291378250201e-02 1.1515703287220690e-01 6.6052754089266863e-02 -2.1398263660638791e-02 -3.2597667364461451e-02 -1.1775321017069749e-01 -8.9518789441043425e-02 -1.1085164266214380e-01 -1.5390421594232401e-01
9.9882195163914694e-02 6.0112712840354882e-02 1.0750462285264030e-01 -7.2318357028042846e-02 -1.2106066103438121e-01 -4.0797644602530048e-02 -1.1178631319399771e-01 -7.9811115382212028e-03 -3.1746462472347282e-02 -2.6542159574986450e-02 -1.6783991635759621e-01 -7.9974484649694172e-02 -9.5900678761485780e-02 1.5368911142592839e-01 3.4919061989340777e-02 -1.1438407997597580e-02 3.8427884401271532e-02 4.3448316868183581e-02 1.8749879068068501e-01 3.3745498397655289e-02 1.3739810904959979e-01 -2.6024308136545059e-02 6.5265419529413629e-02 -2.8704626492616240e-02 5.6057327039885189e-02 -1.1828927420290930e-01 1.8683128873627251e-02 1.2516581421219619e-01 -3.0757453802844951e-02 1.5881307903429459e-01 1.1645934275828231e-01 1.9259731275784980e-02 1.7151094799983110e-01 1.2537031457356601e-01 -2.7949693130858901e-02 -2.3848809587786689e-02 -1.4618934444789239e-01 -6.1010669167209423e-02 -1.9943091506682858e-02 -1.4349224024124349e-01 8.7913844904073182e-02 2.1520863463063100e-01 2.4618280611666842e-02 -8.1090968367556991e-03 -2.2222731720351840e-01 1.3286265780141909e-01 1.0860631314709600e-01 -2.1604198169030969e-01 4.5288612379176058e-02 -1.1159321257971480e-01 1.0291611015702910e-01 4.1841753996616993e-02 9.6417160402041235e-02 -1.5539851306717400e-01 7.9532348845578915e-02 -4.9136651979619277e-04 4.9899015001459983e-02 1.1681318771778091e-02 4.4556567163524838e-02 -5.4169975618992137e-02 -8.2759360420662134e-02 -6.5469976354285336e-02 -1.6079754705222979e-02 4.7515481366767323e-02 -3.5539171018506122e-02 -2.8073230776764241e-02 5.4055142648932637e-02 -5.3131619440080310e-02 5.8908274107369117e-02 1.2032630223366880e-01 2.4680014366634570e-02 -3.4696529488762159e-02 -5.5413004465907412e-02 -1.8093808053209811e-02 -1.0419298522155240e-01 -3.1006358544301590e-03 -1.2624492524232711e-01 1.5675224489556619e-01 -1.8427859447715100e-01 1.6338744935430360e-01 6.2864187186693664e-03 -4.1597640075106343e-02 2.8076642112519739e-02 -1.5834461792015889e-01 -6.2856663544252650e-02 6.9889940255720064e-03 -2.3948469855809179e-01 2.2971430308431538e-02 -1.4402261729816851e-02 -2.1468706006547270e-01 3.0556915456589811e-04 -4.8627815548515557e-02 -2.2305711101423289e-02 -1.0028876239071800e-01 1.7611334993142540e-02 -5.2322454472285569e-02 -2.3591289469847479e-01 -5.1932232156946673e-02 -2.8719890463042451e-04 -1.3795256612364681e-01
3.5701995322062523e-02 -6.0760901120237541e-02 -1.1985312267193519e-01 8.7955317916111452e-03 3.0601358803012839e-02 5.1033295231084658e-02 6.1512608501469043e-02 -5.5367781448212888e-02 -5.9426099731461814e-03 9.9526937397796347e-02 1.5963788850051011e-01 6.3442966600423492e-02 -3.1356415291155453e-02 -1.4762886038993711e-01 1.0128321804458290e-01 -1.5695570660410149e-01 1.3784686185109471e-01 -4.6652174468675856e-03 1.3017905872959229e-01 -6.7586971917625346e-02 3.3495199660080202e-02 1.1333562382839351e-02 1.2792552604811450e-01 3.3979479997917950e-02 1.9132329257381300e-02 7.9307491254002174e-02 -1.6602092265922200e-01 -1.6877010822704819e-01 7.2233465987044998e-02 2.4200072582087929e-02 1.9252618962464510e-02 2.3822352281765619e-02 -1.0310286526942949e-01 -9.5454924800231308e-02 1.4445940893182341e-01 1.8907268367027399e-01 -1.6050734489181750e-01 8.6238758427122711e-03 -5.4593981098995929e-02 -1.0016452214562779e-02 5.0779497630080300e-02 2.3933415230028651e-01 5.4306295801262380e-02 -7.4539163263584285e-02 4.7772473796627767e-02 1.1217769262432140e-03 8.3085043837950137e-02 -8.6067505177826291e-03 7.2786634080663992e-02 1.4157208303930091e-01 -1.2602787562001380e-01 6.4216687498638306e-02 2.6826134529591011e-03 -6.7690210661126484e-03 1.3926592474942351e-01 -1.5439209977064339e-01 1.7153520982710849e-01 8.1622204117436953e-02 1.1764908502663821e-01 2.3981543345046728e-02 -1.6670108182553520e-01 1.8329854311879220e-02 -6.9862909967362885e-02 -6.9329083810255251e-02 5.6405958330408958e-03 -1.3086614503723890e-01 -1.4028923814816979e-01 7.0143365020103168e-02 9.9235725588865301e-02 -9.6474620663838079e-02 9.2527186394524050e-02 -2.2621679625802349e-01 -1.8846011111579741e-01 -8.2535339901157606e-02 7.7097766971284357e-02 -4.9782795694910793e-02 2.7136303337930021e-02 5.2730017567012302e-02 1.7018132480911431e-02 1.1855237678713990e-01 -1.6465075835140211e-01 1.0291823194258030e-01 -9.8439260153559027e-02 -1.7121237811451490e-02 9.2149633836723602e-02 1.2975502551006340e-01 2.2956442573598609e-01 -2.5480226052598580e-02 1.4636781909773080e-02 -1.0611674436087390e-01 -7.4227662383411696e-03 -3.0697609395963301e-02 4.0742292833363600e-02 2.2464476580914092e-02 1.8215628792486679e-01 1.4478611639602451e-03 -8.6108988548710672e-02 -5.0097588279859689e-02 1.0450895087411960e-01 -1.3691205500717091e-02
2.9249414489612279e-02 4.9063644903908972e-02 -8.2945738859364182e-02 7.2542263507076529e-02 7.2435235318729335e-02 -1.2987249884865831e-01 -1.0435946135055650e-01 -5.2266422109807101e-02 6.9079577576997758e-02 -1.1348919240326839e-01 -7.0483753837290780e-03 -1.7927328244353569e-01 -4.2420559827246469e-02 7.2197875002722095e-02 1.9420812143288499e-01 -7.0049116351589613e-02 -9.5557108744851266e-02 1.2263366621819299e-03 2.3398032646851231e-02 -1.3502159669623201e-01 -2.2655729483127451e-01 4.5947757580450922e-02 1.0287625747858030e-01 -1.5508236797146890e-01 1.9131921375150018e-02 -2.9013339946399049e-02 -2.2967941632578710e-02 -4.0355393162583783e-02 -4.8295799977784638e-02 6.3858874055412129e-02 -1.0699347433649770e-02 1.5276134234203750e-01 5.7178318914464323e-02 3.4422339460688102e-02 3.0721966882358238e-02 -5.7127150291362783e-02 3.3468776738228088e-02 -6.6121294152435311e-02 1.1508067246526101e-01 1.0458262540494380e-02 -5.6846868681139723e-02 -1.9746429472455829e-01 -1.0872213476558430e-01 4.5269191002392066e-03 8.8876539624718948e-02 -5.9435459953885170e-03 1.1181877157016600e-01 1.2474534487371359e-02 1.3586653289018119e-01 -6.1282745174797537e-02 -1.2565562335662120e-01 -1.3248062637801931e-02 -8.2733720581533526e-02 -6.5991030146030652e-02 -6.8200131719104006e-03 -4.2974915439629023e-02 -1.6395784753043169e-01 1.2706820739906291e-01 -7.7348121778081966e-02 -5.1519737834232290e-02 5.1298870489529302e-02 1.0057417279958930e-01 -3.9806297560556671e-03 2.3205474642082499e-02 -8.7317373735804407e-02 9.6156904277591548e-02 -1.6883625632759001e-02 -4.3534791364288873e-02 4.4737044250823643e-02 -1.2903228648408449e-01 -1.8631589734229020e-01 1.1348891631420360e-02 -7.8885915261875716e-02 -1.3954693478022120e-01 -6.1786894683452463e-02 7.2106674785897926e-02 1.8735279376153120e-02 9.6820637016737460e-02 -4.7681546021312228e-02 1.5266737858090049e-01 -1.5465595184168029e-01 1.2007345607905860e-01 -6.2481885593115648e-02 -1.2837375562029071e-01 7.4478897213059420e-02 -1.1736331404119541e-02 6.7036267754216991e-02 -1.6886953078886771e-01 6.3906240417325776e-03 -1.6731341600774319e-01 -3.5198263263471419e-01 1.9647824316166559e-01 -1.4367510090645810e-02 5.2449856641335058e-02 -1.7309315645404891e-01 2.5491213429327010e-02 4.9398190840226293e-02 9.0964359382021215e-02 5.7637736751292613e-02 -6.0449947191404348e-02
3.6444574592153063e-02 1.5538424892612249e-01 -5.4776297852648932e-02 1.0701314878889361e-01 -6.0161015980613422e-02 1.3663052090463560e-02 2.2573225264604421e-01 -9.8479786072937073e-02 6.2638275567902468e-02 8.8275557189936727e-03 2.5479592991463718e-01 9.3308087800872186e-02 8.3677230149888787e-02 -2.8718262702176769e-02 4.9031674601669108e-02 -6.7788988907348829e-02 -5.5007620945143679e-02 -4.3698189605399437e-02 -5.8379184312189400e-03 -2.8924685430056041e-02 -1.6118423964990100e-01 4.9737242053987787e-02 -1.8809558833662640e-01 2.3033717352251130e-02 -2.0138776237001950e-02 9.9415163733868842e-02 -4.8307483445134157e-02 -2.0928531861137919e-03 2.6370226826246412e-01 1.5929174340371360e-02 7.1554396621259456e-03 -5.0681501764369599e-02 -7.6221399940388623e-02 -1.0367957537678520e-02 -1.2508786205252909e-01 -1.0484004157110779e-01 -1.4347121987917291e-01 -5.6294098792594657e-02 1.1600142043681450e-01 -5.4085032896424988e-02 1.1465634051630520e-01 -3.6464617075863723e-02 -3.2710885664848630e-02 -3.6220097788006847e-02 -6.8675037161278235e-02 -4.5767645310023477e-03 5.5908307887062123e-04 -7.7680815317368368e-02 -4.2199499692822566e-03 -4.0201652031074349e-02 -1.0952047706326460e-02 -3.2564211470035888e-02 1.9364232035361531e-01 -1.0211681577632740e-01 -8.7915978822595969e-02 -3.4755294960601610e-03 1.5431647623487391e-01 -1.8690516678581259e-01 -2.3214176457971639e-01 -4.2334237719936642e-02 -3.1610443820512563e-02 9.7011353332979625e-02 2.0314772639086240e-01 1.5211474791172430e-01 -2.7241113377072868e-01 9.9953618853162327e-02 -6.5711433145520776e-02 -6.6279114666568648e-02 -1.2262580568791490e-01 1.0274020314054870e-01 -2.0053503546498808e-02 5.7912520642328250e-03 -4.5353294758680739e-04 9.7314983596273441e-02 1.0069402485800520e-01 -1.2297043284487860e-01 6.0798039647733171e-02 1.3045099165015839e-01 1.3575433532490820e-02 -4.9046475464448638e-02 -6.4513669353050293e-02 -5.5242713341365393e-02 4.2643370454577438e-02 2.0977867655587380e-02 -3.3509421416258171e-02 7.3134939707792640e-02 3.0693740745796720e-02 -2.3176261369260161e-02 -1.4360542262815851e-01 -2.1870632431421930e-01 -7.9131802827074813e-03 -5.8089865674404551e-02 -3.3782591704647293e-02 -7.3706025081972215e-02 -7.5550289264193229e-02 -1.5972851127562460e-02 1.0631932365056320e-02 -9.4332891191384841e-02 -1.0745304217793930e-01 -2.2808139157605479e-02
-2.8126845100138489e-02 -1.1398389913541900e-01 -2.8355259083944109e-02 9.0066629278343732e-02 1.0706844327454390e-01 -1.8785973233517009e-02 3.1374698198161993e-02 1.7333779561386339e-03 3.7031327638399891e-02 8.7188915258392216e-02 -1.5515272361098381e-01 6.7418537590446803e-02 -2.1254410533993059e-01 4.5013638846357763e-02 -6.3960715699093326e-02 -1.7577465233418879e-01 1.4415798523418430e-01 -4.0987661270812652e-02 -1.8430372780526821e-01 1.0193201122660329e-01 3.4786213889609961e-03 7.5695699677259559e-02 -6.5738718123724157e-02 -5.1905693288932950e-02 -1.2507616507025399e-01 1.1057275741291500e-01 -9.8160075957356832e-02 -1.6983747025370189e-02 -6.8619039085685788e-03 2.5322023032048740e-01 5.1644459050696097e-02 1.6131947006510369e-01 1.4776337242742829e-01 1.1254434519665020e-01 -9.8588705583912944e-02 -1.1622833658703501e-02 -1.1874205537157120e-01 -1.0985082989590279e-01 -1.0932317869288780e-01 2.3088009878670229e-01 -4.0873539940123473e-02 -6.8345052723493116e-02 -5.5864547369438557e-02 -1.0921253328572780e-01 -3.3253345741479062e-02 -2.8054433225397780e-02 -6.1102469145884707e-02 9.2159663961732113e-02 1.7087836050350590e-02 -1.1188629906210321e-01 5.1199314138546642e-02 5.8026670178911886e-03 -8.8744532959759259e-02 -1.1121218108461990e-02 -1.1435317020357621e-02 3.1918434024908959e-02 2.5029443362896722e-02 8.9741840687991528e-02 -3.8047410648534508e-02 6.4478890090838223e-02 -9.0313808761752976e-02 1.1620500893439881e-01 -2.3806681980735550e-01 1.6631975931218590e-01 5.2385864571437027e-02 2.3952915764682359e-01 -1.3926408861372930e-01 2.4973427388155422e-03 -2.4903747047472370e-02 5.6122359020665024e-03 5.9504463169111732e-02 2.8646533552270551e-02 -1.6584543114045139e-01 1.8336562751767971e-01 2.1699680909277899e-01 9.5202817033046543e-03 -1.5371200982556221e-01 -4.3136002893735002e-02 1.4750335672258399e-01 -1.5082424960144741e-01 4.6930994452180817e-02 6.9801535583340193e-02 8.9974105996123120e-03 -1.0153503071463101e-01 -1.4272068049356920e-02 -9.0184741942368283e-03 -1.1733646055465121e-02 8.5580268889736452e-02 -1.8690953627905751e-02 -2.4132464508085590e-02 -1.7632788861965211e-02 -9.6075563979206829e-02 -4.9768371509435722e-02 2.7078488962356592e-02 -5.1693489992261490e-02 -8.6108170978116960e-03 -9.2316303408081377e-02 -3.5624863945991417e-02 5.3501329158441469e-02 -3.4252323863697469e-02
-5.3675443274000159e-02 -1.4289421036574640e-01 -2.3535473059752571e-01 3.7531083433162943e-02 -4.5643128501109118e-02 1.5433726849194560e-02 -1.0598294595586120e-01 3.1245649265811961e-03 -1.8393799412351100e-01 2.2363231494516550e-01 8.3118241675668933e-02 -6.6303076726095964e-02 7.4732777824176561e-02 -1.1799102135592481e-02 5.1465290101988949e-02 -7.7075365670927154e-02 6.2217691570803743e-02 -1.2701109291172449e-01 -1.5951459323401909e-01 9.7661901485626562e-02 1.1278630205158061e-01 -6.1833496650730062e-02 -1.1659763119937581e-02 3.8313238382729917e-02 3.7676659888972903e-02 -1.9118745936710249e-01 1.8901433672566800e-01 -1.1086011014879010e-01 8.2454602539627650e-02 -7.7940706820311206e-02 -4.4511237552817308e-02 8.5413927489497252e-03 -1.1730440498799929e-01 -3.0418650216170899e-02 -4.3941835347682749e-02 9.9983214510562021e-03 -4.9757252473372850e-02 -1.4456207110994970e-01 1.7934528469428640e-01 -9.6482741866753430e-02 -1.5988259349877590e-02 8.6991537925630667e-03 -9.7367008773622310e-02 -6.6148900962060539e-02 -2.1204091498461211e-01 3.1848494711988307e-02 2.7569722387192270e-03 -8.3165530610048846e-02 1.0463572685421910e-01 -2.9107165283897458e-02 7.1489022100184055e-02 5.7380566216584418e-02 -1.3036911061224151e-02 -6.7752823012848004e-02 3.7622099075741017e-02 2.2802507150810311e-01 4.9569143433531298e-04 -1.0453843711657269e-01 3.2352348029704298e-02 -5.2115631291080058e-02 5.4879821870873209e-02 -8.2628433215296448e-02 -1.3772669089726480e-01 3.6743114679734179e-02 -5.6240629641989948e-02 2.4370126189846680e-01 6.8846854284027134e-02 4.6836784079542081e-02 -9.9878313587159429e-02 6.6198632372720209e-02 6.2882042354149459e-02 -5.8502572566005100e-02 1.2768088428476640e-01 -1.9470119772886380e-01 8.4915845390373140e-02 5.5710914716364968e-02 4.1926073009940973e-02 -6.7669152836342297e-02 1.1613738881400720e-01 8.3195982266818888e-02 1.2815842469954351e-02 -7.8961590251153888e-02 2.3244034413714490e-02 -2.7457815526801599e-02 3.2815799961433932e-02 -5.3877545499818741e-02 1.3382466428600609e-01 1.4567101265669289e-02 1.2136576241176519e-01 7.2021593485104979e-02 -1.8039374681754280e-01 1.2320596173105360e-01 -8.3838785289377729e-02 -8.7294660615208769e-02 1.2094244143959131e-01 4.1955068793623651e-02 -1.6629529092263390e-01 6.7934287405633412e-02 6.7147473539631210e-03 8.7611999409616767e-02
-9.7084254475771903e-03 -1.4197112779250960e-02 -6.3717657784127191e-02 -1.1031751098979130e-01 3.5120046101492768e-02 8.2202235643471538e-02 1.1959125218778470e-01 -3.6706931653769863e-02 6.5371687202685380e-02 2.7494771731166701e-02 -9.1519450237954811e-02 1.5855114644749910e-01 2.6914396343221299e-02 1.0708037645417340e-01 7.0857969944430341e-03 6.3462741686191218e-02 -4.2340130987166047e-02 3.7708440428714310e-03 4.0250933311560870e-02 -1.3765773569807391e-01 -1.3506805627111981e-01 -2.2959124486847701e-01 2.1251985874145420e-02 4.2099669533806922e-02 7.1067539701350380e-02 -3.7133338481705941e-02 -7.5317872073226034e-03 -6.0442529235203027e-03 -9.3998004714140854e-02 1.8066461414252319e-01 -1.5284147581330401e-01 -4.0614710509724837e-02 8.6650050036969489e-02 5.1792754906027791e-02 -9.8665306758539656e-02 -5.3020361675128573e-02 -2.5044338733266801e-02 3.6911028287253282e-02 4.6196477894724523e-02 -1.6110456309328261e-01 -4.3118764875438899e-02 1.6603012719384910e-01 -1.7614406034038541e-01 -2.2745060290834870e-01 -3.4752276225415421e-02 -1.1386909735002620e-01 -1.0666192191762790e-01 -1.0640456477533029e-01 -1.6145171335709221e-01 2.6714247310500861e-02 5.6703205431841798e-02 5.4876733604738659e-02 -5.5670476849577169e-02 3.3007115079532218e-02 -1.1347395590430159e-01 8.1537293696899604e-02 -8.5566589841359300e-02 -8.2564724624704510e-04 -8.3310389947110677e-03 -1.9255064217426210e-01 4.8795407310254738e-02 5.8320945264577123e-02 -5.3682747147256897e-02 4.0163848462364309e-02 1.0355135192468280e-01 2.2539553356752489e-02 4.4639345739965301e-02 -8.3405503040425752e-02 2.5231179610634369e-01 -7.1666406430431165e-02 -1.1421164552213900e-01 -1.6136834625094620e-01 3.3178686581648742e-02 2.5282770036934960e-01 9.3702224415462984e-02 -2.4834821098949000e-03 -9.1671994917014534e-04 6.1124238958921058e-03 7.3759607067207106e-02 1.2740027154407421e-01 -1.7783095455391679e-01 -1.4560288439527441e-01 -1.1643639986245689e-01 5.7761914352100423e-02 5.7900260793508317e-02 -1.0460892443172400e-01 1.6998448718318571e-01 3.0033657031242229e-02 1.2251556694022450e-01 -4.2372392909997968e-02 1.6496532452051399e-01 8.9572948714064654e-02 -5.8621560964681879e-03 -1.0665504598815920e-01 -3.6308859462357360e-02 7.1195107870032082e-02 8.9961628131384572e-02 7.8219244956934331e-02 -4.0101808667464579e-02 -8.4008339819623447e-03
9.3421246625001036e-02 -9.4756703327843417e-02 3.1226164379944462e-03 7.0666571840604431e-02 3.8150402231186602e-04 1.3811581976283879e-01 -4.6491576826943860e-02 -1.5488615167433031e-01 -1.4200518775555571e-01 8.7900857538103505e-03 1.4811104007702830e-01 6.5732355235784468e-02 -3.6763725072912562e-02 -7.3206217450232008e-02 -9.8816265363258979e-02 -1.2113668622788870e-01 5.8654035864750950e-03 -8.2330092730265703e-02 2.4604496739191389e-01 9.9531846800703116e-04 -3.7366709311141777e-02 1.8161929690635081e-02 -4.6389694478617231e-02 7.6548520496220837e-02 4.9328116319127167e-02 -4.0957868739974389e-02 1.7779449783397148e-02 -2.5550524170696590e-02 -1.4309068088733790e-01 2.1953085244264139e-01 2.6631403985049101e-03 4.5573729078690513e-02 1.1529174411077429e-01 -1.5643912975228730e-01 -6.4334706254333976e-02 1.0146371438001860e-02 -2.1380295416103729e-03 1.0195997991470441e-02 1.6282478057670721e-01 -1.1388514213958419e-02 7.1544332153527568e-02 5.8361005450384210e-02 -4.5892335511842269e-02 2.6456714434154649e-02 2.0043488127930550e-01 -9.4534284557464127e-02 -8.9336472085336349e-02 -5.8072822579436828e-02 -6.7387603798139517e-02 -3.1595832308981592e-01 -4.6385587078480811e-02 -8.5394157334094639e-02 -2.5703212649494132e-02 -1.2161376357391949e-01 2.9338708856157980e-01 -3.5584358629136573e-02 -2.7722844709507959e-02 1.5273643977284909e-02 -1.0777571691063870e-01 -5.8334491202380247e-02 -3.2405793305255982e-02 -1.3256188785078660e-01 3.8578257319072370e-02 1.2335337916085511e-01 -4.3457537499961847e-02 -1.0175229410393390e-01 -1.6373195284568320e-02 1.2149353099918379e-01 -2.2111338797947372e-03 5.1403706480688198e-02 -8.5265349892212086e-02 1.3846959221803221e-01 -1.1073163649462960e-01 -1.9159480260480470e-02 -1.7099130578236348e-02 1.8729748565685381e-01 1.3427323430084551e-01 -9.4063185667150773e-02 -7.0127293904665072e-02 -5.3779358534115059e-03 1.2399918072238621e-01 -1.0595149498674220e-01 -1.1307795111318369e-01 -6.7616767980730755e-02 3.2838898039542000e-02 1.2875241814309740e-02 2.7274945834939771e-03 8.1958554953568158e-02 -5.3672903885780512e-02 2.3752406741761101e-01 -3.2721330071995257e-02 -1.7470918017391510e-02 -8.7176573410945313e-02 -7.0915925586583370e-02 -5.2131823551948363e-02 5.2889063980281530e-02 1.1590801161076179e-01 -7.7620743467961884e-02 2.8770516874221809e-02 7.5906118604903094e-02
6.8803685558356781e-02 5.6507191152522463e-03 -3.7593167854545681e-02 -5.5516748216405183e-02 -5.4499885998781448e-03 8.4652981543672706e-02 -7.5313358043000891e-02 -1.3820020009655129e-01 -8.2883049402202088e-03 -1.0757624377670720e-01 -2.2349132908668881e-01 8.4729654928934195e-02 -1.0392934232158881e-01 -4.2317501647273423e-02 1.8348746394333690e-01 9.7601443999815102e-02 3.2560621994339907e-02 -2.6946900474222762e-01 -5.8894217531795530e-02 -9.1662854362383125e-03 -7.7925224940418106e-02 -3.7605515569467007e-02 -2.6353273740733860e-02 -1.4844805924277690e-01 1.3387582848746321e-01 -1.6206290403227441e-01 -1.0885952412682680e-01 1.0194943009394720e-01 2.6279712446716539e-02 3.4214542125600211e-02 5.8921311140929687e-03 -9.9209990763311565e-02 3.4003407249888110e-02 6.4944758144874548e-02 1.4079539166436819e-01 2.0391211343945970e-01 -4.1700691641993949e-02 1.8215832875348521e-02 -3.9907868500966601e-02 1.6526962717458080e-01 9.0033004089704272e-02 8.5136298911593591e-02 -1.2821536283261900e-01 -1.7912707698384479e-02 1.2500790469534229e-01 -6.7862965523406302e-02 3.5038382121131910e-02 -1.1323580039066759e-01 -1.2596584270549721e-02 6.5940121613753302e-02 -4.3655780537116988e-02 -3.5065266951619939e-04 -3.5176146356248633e-02 8.1809538315150504e-02 1.0508350018319911e-01 2.6553710719229379e-02 1.2422278445353190e-01 1.5011865148744830e-01 -3.6524104789739831e-02 1.9726684744282370e-02 2.2104103947486230e-03 -1.4517938038322720e-01 1.5327850488803471e-01 -5.2301188806419818e-02 -1.3060452639167400e-01 1.1495730947423149e-01 2.8364717798426448e-01 2.7198483060231139e-02 -2.3425788102543491e-02 5.0968223466663069e-02 3.5999364546547848e-02 2.5196672291986438e-02 -1.5847957627225611e-02 -2.7483035881518441e-02 -1.2282168292887001e-02 -2.6249794457180659e-01 5.6141362723565860e-02 -1.1269752933294649e-01 1.3318595275362391e-01 -8.7184270928535951e-02 5.7027862920496060e-02 6.3264022288294142e-02 9.9170568730954992e-02 4.7806381010061468e-02 -5.7800468104435003e-02 -5.0427767980862313e-02 7.7266021084601372e-02 1.2305122423467001e-01 -1.8891849596334490e-01 -5.3362889537550112e-02 -1.0576518915369801e-02 9.0374383893732313e-02 4.0763212905014008e-02 1.2345072525974379e-03 -9.8065471383550332e-02 1.2709048149167529e-01 -6.2269502330409773e-02 4.3655974298660478e-02 -9.0525490471693643e-02 9.4664275250046309e-02
-2.8208063532784072e-04 7.2208439621733622e-02 -1.2127556321850450e-01 1.7885354357386851e-04 2.8371490611114059e-01 -1.1507373973567840e-01 -1.4717872303067569e-02 1.3549610554031141e-01 -5.7184161293651989e-02 4.9613158433551047e-02 -4.0158401961615953e-03 1.2559739225323691e-01 9.1111956467720245e-02 -8.3294399740391420e-02 -3.9909169398821290e-02 3.8539141013725957e-02 -4.2831293808897497e-02 2.2903914162837640e-02 2.6790552820993661e-02 1.4938651340674611e-01 9.8024202992890528e-03 -2.6033953022994809e-02 3.4299101288702352e-02 -8.2283184824524166e-02 1.5971319976656359e-01 -7.2853043438263987e-02 6.7809958611333196e-02 -7.0649431208553243e-02 -4.0126591636584922e-03 -1.3589047307929469e-01 7.0037087290859584e-02 -1.2829262392266319e-01 -3.0561705756212709e-02 -1.0881257293471711e-01 -1.4357235537404181e-01 -2.7060037116645071e-02 -3.2098076982770618e-02 1.3157578039467341e-01 -8.2187333275685573e-02 7.6057718976975081e-02 9.5522576986209598e-02 -1.1858045639867010e-01 -2.9626204979903630e-02 1.8288971923561770e-01 4.1866273473395790e-02 9.1016117934073944e-03 8.1662865453820573e-03 -2.4871636045998881e-02 -2.2912929294629580e-01 -3.1761986966021949e-02 9.0793625411227527e-02 1.1339725453747231e-01 1.4261499827137711e-01 1.0559928072327060e-01 6.1278922861427082e-02 1.0475797182080809e-01 -7.4247025853779167e-02 7.4490424497188304e-02 -1.0468330996879310e-01 -2.3132027257594750e-03 1.1284830987349570e-01 3.2494579542825641e-02 -2.0148832738164510e-01 -6.8483376327686000e-03 -1.4146198250093900e-01 -6.2700018218192752e-02 -2.4781337057652751e-02 -5.3539521517771638e-02 1.4953743015128529e-01 1.1162269434360091e-01 4.9173544837383273e-02 -2.3564913799472620e-02 -2.3693417560001581e-01 8.3839296312625239e-02 -9.8958536316519977e-02 -1.1016199820848621e-02 1.1178973439884550e-01 1.5821167065441699e-01 2.9980390731383991e-02 -4.8086068506582223e-02 1.4577105250103589e-01 7.6698227149888110e-03 -2.1689558463006431e-01 -1.4644116639003249e-01 1.5142178741812350e-03 2.7483378374446130e-02 3.9153528701857773e-02 -2.2425400001578090e-02 -1.1132796739783850e-01 -1.1683365534722480e-01 6.2099908614062373e-02 8.6647751580345475e-02 -8.0637663000879628e-02 6.0035820281752722e-02 2.8619352434787661e-02 3.0880646177002351e-02 -1.6461003345225431e-01 1.8561364113311610e-01 7.1991748265686259e-02 -5.9891882088923307e-02
-6.7044771620207902e-02 -4.4306419419987968e-02 2.1807726781754161e-02 -7.8904071161850012e-02 -1.1185043675810670e-01 2.7874494974192431e-02 9.1901055803341701e-03 2.4522896421836120e-02 1.2749034239258619e-02 6.5340035209968422e-02 7.3106483028805250e-02 7.8785205410709019e-02 -9.1316274144919662e-02 7.8877261810761351e-02 -5.1887341233339872e-02 -4.8482322543271297e-03 -2.3292633190464140e-01 1.9034358619457700e-01 3.9729844431463802e-02 1.9925139730186961e-01 6.4274018935477600e-02 -2.3738672663826389e-02 6.8125206467678709e-02 8.5359493980049286e-02 -1.9247108495473009e-01 -8.4356068353417159e-03 -7.3034131610631950e-02 4.3256769585121667e-02 4.6926865288241602e-02 1.4177000060077991e-01 -1.3511615685524109e-01 -1.0064462757533520e-01 9.0909424073160050e-02 -6.4430038387167663e-03 2.0966424012054150e-01 1.7366179934630599e-01 -1.5501339318072210e-01 -1.2265591192982790e-01 2.6141234738762311e-02 -5.3989258432394722e-02 -1.6748856697564641e-02 9.7499893768577036e-03 3.2936861810927538e-02 2.3450724028851369e-01 1.2072652191823280e-01 1.4296739035844819e-02 -2.2894358697657529e-02 -2.5557672170195230e-03 -3.6903063279924819e-02 1.6900650632124540e-02 6.2602848401096551e-03 7.6783860876876914e-02 -1.2229495126110710e-02 1.8765198527579761e-02 4.1049236124800680e-02 5.8848003693644603e-02 -7.1442954787533278e-02 -8.6871163927262171e-02 1.6755195788646490e-01 -1.9103283873203251e-02 -9.7731389071963867e-02 6.3881991612956102e-02 -1.4460513800468411e-01 -5.8765646074531268e-02 -1.4657313570398700e-01 1.8768520291193289e-02 -1.1831522459505500e-01 -4.7164821171369657e-02 1.6226939483831421e-01 3.7208753792244011e-02 -8.6487583683847319e-03 1.0904530349974230e-01 2.5275948740632209e-01 7.5246795604490976e-02 1.3522099496353929e-01 -8.5438927228199138e-02 2.4312614326074050e-01 2.1161149264741740e-02 1.1237695150928730e-02 -6.7146517369850722e-02 2.6755327550958372e-02 8.5522972643547870e-02 3.3591618232571348e-02 8.0432404766411485e-03 1.5189151376130061e-01 -1.8942423032304481e-01 -9.1562228281796568e-02 -2.5556086852065701e-02 -1.7522342699439639e-01 -1.0219172759223009e-01 -1.4713757787108789e-01 1.5168032081978941e-01 -1.1509944067468220e-02 -5.1755903292790909e-03 -3.8645925253933171e-02 2.1593900351471320e-02 3.7630879239258397e-02 -3.9931583326102927e-03 1.4119595059309060e-02 5.6587522794532358e-02
2.7441493372818798e-01 -1.0377819727360080e-01 3.5221347429960609e-02 2.7180364148149821e-02 -4.1120197780694897e-03 2.2669614748114041e-02 -4.8695992430174920e-03 -9.8816674604979463e-02 9.4337086771737730e-02 2.6151415405320830e-02 2.9497462597584900e-02 5.9135272227587382e-02 1.3009307077744420e-01 7.4114995118132534e-02 3.3241357751931502e-02 -5.3970616337860627e-02 1.2342635701442360e-01 -1.5594886057143831e-01 -4.2747054465770658e-02 6.0711959054050260e-02 8.3149608266864336e-02 4.0388258959826548e-02 -1.3868918192007440e-01 -1.6688163251038751e-01 -1.3640563509017821e-02 1.5742206064290579e-01 -4.9793041950596327e-02 4.1355554383024462e-02 4.0056671566957053e-02 6.4378358845926811e-02 -2.3470075609766151e-02 6.7015115218294091e-02 1.7726436100999571e-01 -4.4514966410596608e-02 1.2065888565023250e-01 -7.2759576017340427e-02 1.4631115118650909e-01 -1.0786539989363939e-02 1.8925700881076160e-01 1.7563249088216171e-01 1.1554680110045271e-01 -1.9840494159652380e-01 -2.5075531059861551e-02 6.2909954552067535e-02 4.3367943026277639e-02 9.3036570702348900e-02 1.8587509279462250e-01 -8.2565647951849702e-02 -1.1308895386100290e-01 3.3741450994901209e-02 1.4715407976293671e-02 8.1356764285549207e-02 -1.3399980015009380e-01 -4.5123466295551383e-02 -1.6749972940720989e-01 1.1796488767882450e-01 -2.7627603217935261e-02 -1.7774007390335839e-01 1.0813866682744780e-01 -9.0036072477842885e-02 -3.4810752023197939e-03 -7.1951274523615966e-02 -5.0358761306284028e-02 -3.4267677751810222e-02 -1.2722679619466420e-02 -9.9731911033452997e-02 -4.6786048657370891e-04 1.8610391443069929e-01 1.4730579267103650e-01 2.3924281337787678e-03 -7.8214467028461687e-02 -4.6094603399843108e-02 1.5967188089857370e-01 3.9578818813398198e-02 -9.1195066558249563e-02 3.5150524097696367e-02 1.4066803941667439e-02 8.9291972871011593e-02 -4.0243036680284762e-02 -7.3011006148092486e-02 -1.8672371188201021e-02 3.7675640493054822e-02 3.3767732747884957e-02 5.2536727290038209e-03 -5.1404356578656198e-02 1.7899252699259699e-01 5.1943917127302344e-04 1.3896035495363879e-02 7.8478306877797693e-02 -1.1330157248639861e-01 1.1077642843915220e-01 1.2699218285849120e-02 9.8694688063797734e-02 -1.0513609714929810e-01 1.6901970599725899e-01 1.3156511633039900e-01 -1.9094973795484509e-02 9.7048376417020882e-03 2.3324356325182810e-01 9.4705351745887859e-02
1.0742895934199770e-01 1.9059697686332849e-02 -1.6600103317640630e-01 4.0282987462593643e-02 5.4553543785708661e-02 1.0569719838828560e-01 2.9928883087134751e-02 -3.4677805203273140e-02 4.0802064408956482e-04 -9.6876179529324896e-02 1.0594506341176660e-01 4.0141569363312833e-02 -5.2647457777900572e-02 1.5770297269716260e-01 -1.1411854794265799e-01 1.8526201700236461e-01 -4.4809568503188582e-02 8.3374381151993318e-02 -2.1475123829159611e-02 2.5682818962017978e-01 -8.2670710065666772e-02 -1.3771185577351211e-01 1.0897351061669830e-01 -1.3269995512779501e-01 6.0274277993613817e-02 9.3719965606873460e-03 2.3856082140830470e-01 -1.8426362013248768e-02 4.9054550772106617e-02 -2.0346616275654161e-01 1.0281500344425090e-01 6.8122144477618427e-02 -4.9666580135174838e-02 8.7465098187265930e-02 1.4895378647294361e-01 8.5018039336291734e-02 -7.2514796948615109e-02 -1.2720346707557489e-01 -7.9104444336428034e-02 4.0196060178995789e-02 1.0593380979129629e-02 -9.0108483533935281e-03 -7.4312631169945187e-02 -2.0123587521400971e-01 9.6011170265871387e-02 9.1876394480782719e-02 -1.8505780277775971e-01 -1.1405443638506810e-01 1.0963659147493060e-01 -5.8928770728028011e-02 -9.1333712685449809e-03 -3.3976618933393717e-02 1.0248875256996171e-01 6.5775545982371592e-02 -2.0363558808222509e-01 -6.5156820756847977e-02 -4.7209163719960347e-02 5.6162020238444176e-03 1.5164225473701479e-01 -2.1102816590185019e-02 5.9306444874122038e-02 -1.0728398349431650e-01 5.2893379872520248e-02 1.2370701116587619e-01 -1.0282642013143960e-02 -7.6580792264360140e-02 -5.8050172281496240e-02 1.0024577337164731e-01 1.1392259491901180e-02 -4.6292588249778242e-02 -2.5914026767739001e-02 1.1910750679462880e-01 -1.3595344865602660e-01 7.7831294736350379e-02 1.2388680671253190e-01 -1.0223822977009410e-02 -3.5042270023747317e-02 -1.6523409816099460e-01 -4.5915691823308409e-02 9.0315595933938966e-02 -2.2338797365353061e-03 -5.0441805879289293e-02 -2.2974590820199699e-02 -9.3944743071078571e-02 2.1244229241276429e-02 1.6125353439763609e-01 -8.7454180014176264e-02 1.0314271141592420e-01 -9.4795923205189897e-02 -2.1360516990328829e-02 -1.2068022959690870e-01 -2.0030691824810050e-02 1.2655335117185770e-01 -5.6818133316263723e-02 1.3010534946243371e-01 8.2814646232275468e-02 1.3302013700517920e-01 -2.7546862814296250e-02 6.3081033864410385e-02 -1.3005419094859241e-01
5.5015292514097452e-02 1.0960321066077260e-01 1.5623600058111081e-01 1.4611348617055731e-02 1.1729405341614130e-01 -6.5905728694513471e-02 -3.8408468854582579e-02 8.6017589433264013e-02 5.2556812144178559e-02 8.6631302371136865e-02 7.1802416099803673e-02 1.2161308359618681e-01 5.6362523044290902e-02 4.5918908335317851e-02 9.0697068276617901e-02 -7.0039638325653311e-02 1.7916419740971148e-02 -5.5920679709703172e-02 -3.3288938907238522e-03 -1.6213386334307589e-01 1.7512908929539239e-01 -1.0022354465232130e-02 9.3867812798717781e-02 -1.3566318440731601e-01 -5.9718429373953698e-02 -1.2433707291808380e-01 5.9662682515900449e-02 -8.6968704144525982e-02 1.0601088328699650e-01 -1.5098340217472730e-01 -1.7749810927537871e-01 3.5866398899091129e-02 9.9834606562458891e-02 4.7763011981333307e-02 1.4657992818526160e-02 9.5590714717816341e-02 -1.3178066915454850e-02 -8.2988714562969829e-02 1.7859011347680831e-01 1.0829334582271130e-01 -1.3001773798581459e-01 1.5253868582775371e-01 4.0072780542424448e-02 1.1562246854978191e-01 3.6328377761794962e-02 -2.8096032056854080e-02 2.3692264918448591e-01 -4.9382584987517728e-02 5.4520359499184448e-02 -1.4488438532260670e-01 7.6373424280826677e-02 -5.2847903063329982e-02 1.0804449448489210e-01 2.1646724158753139e-01 -1.2965603553965829e-01 -6.4386972132188094e-02 6.9316942236526569e-02 1.2099714984071180e-01 7.9749847760910667e-02 -1.3809607407598701e-01 -1.3972151483864300e-02 5.7404848974518717e-02 1.6286485440565272e-02 1.3084679956140541e-01 3.9835701783696768e-02 -9.0523278072509022e-03 3.7655420685065839e-02 7.8258877512669911e-02 -1.6554080443319269e-02 -6.7645485416116258e-02 6.8837671543975298e-02 1.0435844952271620e-01 9.0363248823924533e-02 9.4761105187343792e-02 7.7633948898992791e-02 9.0633087320469999e-02 3.3830650893373121e-03 -1.0131759321402529e-01 -1.1749483024486010e-01 -1.4356582853034880e-01 -5.4832809123269502e-02 6.1715458554821682e-02 -1.5036381700735391e-01 -2.0123750238409099e-01 -1.5651696959824540e-01 -4.1624878813490078e-02 1.3700638586793240e-01 -6.2399874564868930e-02 -3.0089320949486079e-02 7.9160774336888881e-02 5.8140013743521193e-02 9.0172341360981768e-03 -9.3244020932274907e-02 -7.8556754075997909e-02 -1.2712629738477170e-02 -1.1492949270473091e-01 3.8083146526078228e-02 -6.6166552205511819e-02 -2.4578709996845119e-01 -6.6244311905841249e-02
8.9531152819166016e-02 -1.7393452946685301e-01 7.0730408255243349e-02 6.1639292272909693e-02 -1.2497035896179320e-01 -2.4528881252847459e-01 -1.6038288842828061e-01 -1.0253786023035250e-01 8.0153708992975553e-02 -1.2597968138376981e-03 -1.2213221959519879e-01 1.6562920967347811e-01 -4.9877933628318723e-02 -1.6732479430340699e-01 -2.2566897089812719e-02 1.2735822293327431e-01 -1.0642485951136670e-01 1.6032951233831461e-01 4.1176360263556720e-02 4.4465618427740917e-02 -9.1475134895244128e-02 7.9593461155503351e-02 -1.0600773260046940e-01 -1.7363096859442950e-03 -3.8052702557425572e-02 -1.3587765152238760e-02 2.8507415949454169e-02 -7.9818317017034596e-02 -1.1287399509713450e-01 -1.4142351623715790e-01 2.6997197015400359e-02 -5.3487123688489201e-02 2.1171594787258090e-02 -1.5119907042977221e-01 1.5348704904851229e-01 4.6441642181073148e-02 3.2441821000556481e-02 -1.0028571463850570e-01 5.1630996932650108e-02 -8.5925966328275344e-02 -2.8632063136372972e-03 8.8383665484657897e-02 -7.9965332902485878e-02 -9.0544983892835190e-02 -1.6100992568270059e-01 -1.1735016961895441e-01 1.3263765878255979e-01 -6.5208833227142727e-03 9.1817172575999022e-03 6.0981351109523609e-02 9.3355384834792915e-02 -2.5152709523029230e-02 8.6917599273371657e-02 2.3406068768840469e-02 -3.7358392668652728e-02 9.1834231739673974e-03 -2.9694642226625521e-02 -4.7743753412397047e-02 -1.5517238388824020e-01 7.9123365423903982e-02 -2.2414310280397400e-02 9.2276248015108253e-02 -4.7496740595551833e-02 2.8577992226536841e-01 -6.7890990341321650e-02 -1.3375075715078430e-01 2.3489271093598389e-02 -1.6006364932004821e-01 8.1634678986503312e-02 -1.1334949977615330e-01 -9.4841736782220423e-02 -4.2747029796317337e-02 -2.8059437574287270e-02 -1.3672117789778940e-01 8.8907397424057663e-02 7.2628748029908569e-02 -4.7023524828045012e-02 -1.3256492576803479e-03 9.3509228563051050e-02 -5.1971947348180947e-02 8.8544739295227763e-04 1.5325543729919691e-01 7.6681730790767635e-02 -1.4226555669135690e-01 5.1607064787282761e-02 5.0443961690911213e-02 -5.7455820461358373e-02 1.9854778350640690e-02 3.0911398614151511e-02 5.0048767796328983e-02 8.2439577875803333e-02 -1.1092497339200991e-01 -1.5312059944699700e-02 7.9012435189843924e-02 4.4908177543491593e-02 2.8561136054897490e-01 -3.5013589665240769e-03 -1.7780258730724939e-02 -1.1005784244437440e-01 1.5847802421031160e-01
8.5558470544591121e-05 -3.0393191585462550e-02 3.2398174797892573e-02 -7.3165521247491289e-02 3.9896658715644337e-02 9.7540233170139851e-02 1.6412316773380170e-01 -7.9564346734224620e-02 -8.1344045398419898e-02 5.2839233557555952e-02 1.1931763575749560e-01 -1.4395408965646089e-01 -2.2569934513633871e-01 -3.2566602397687078e-02 1.1667267088714900e-01 -5.3982554239831053e-02 -8.9247455969166639e-02 -1.1177413219128060e-01 1.3855406642811119e-02 1.1688151339262060e-01 -1.2551421227827911e-01 3.1058610250321611e-02 -8.7929564760120704e-02 2.6321799624311550e-02 1.4451264487964829e-01 -1.6783890507378221e-01 -4.3524738418081341e-02 5.9029373730961641e-02 -9.5173396157972975e-02 -4.1341175514952033e-02 -9.5778088652014981e-02 1.4698067693766911e-01 -1.8832516829927811e-02 1.2703573563410431e-01 1.1208960767834730e-02 7.4715000145388788e-02 4.8172749738846617e-02 -1.0052582738252840e-01 6.3716905262619486e-02 -2.0483281774283330e-01 1.9523187518560939e-01 -1.0866741723570930e-01 -3.1799022776063918e-02 1.1672698968431600e-01 3.5288126210182520e-02 -7.1527192692319011e-02 5.6547198388563182e-02 1.9477120645377491e-01 -9.8673854367532735e-03 -2.4847113292870899e-03 1.1252508325377600e-01 -7.6387170389155962e-02 2.4353713066834069e-02 8.9330966038472029e-02 -7.8965188517664264e-02 2.5884968676082570e-03 1.4478177089140060e-01 -5.8163970624055070e-03 3.2283584834495033e-02 1.1137696666828500e-01 -8.7173160994792418e-03 3.6168356433567223e-02 1.0192925930794920e-01 -1.5150329710318411e-01 3.2159469702351950e-03 -1.8523522332283000e-02 -1.0218961226055390e-01 -3.8248732762363173e-02 2.6986563722827040e-03 -8.2657577475790476e-03 1.0219741252580020e-01 -2.2113025059245291e-02 1.3357400601445460e-01 1.0185363721915640e-01 -1.8242203421066441e-02 3.6196328178372178e-02 -8.5459713238661375e-02 -1.5667681292504371e-02 3.8231677410615873e-02 1.2940672782026310e-02 -8.5883140959149645e-02 1.5354140053304480e-01 -2.6776678948097488e-01 -6.7481571415350231e-02 6.5535027588291564e-02 8.2315041138253872e-02 -1.7977759825130871e-01 1.0584178567436260e-01 1.4448831392486361e-01 7.9982117851694443e-02 5.4875940598287917e-02 -1.2250698676753149e-01 -7.2179271109978349e-02 -4.6792634011485860e-02 -2.2362795584625179e-02 2.0009444636107779e-01 -1.0261049602204581e-01 1.8359046611394089e-01 -4.8276544717603502e-02 -1.4419591993862180e-01
-2.3915377795212908e-03 1.0520541311673751e-01 -3.9833171149907511e-02 -6.5462532881999380e-02 -4.8832628181128969e-02 -1.5595598676590641e-01 -1.0008853499752481e-01 -2.8936663086338400e-02 -2.4363894643630559e-02 -3.7351292192239739e-02 -1.1526134110011891e-02 3.2350013211236033e-02 2.0054090690017801e-01 5.8794260743407233e-02 5.5700532131925697e-02 -1.0947483606403820e-01 1.0334043727051510e-02 -7.1559060670130015e-02 1.1366847506206109e-02 -4.1153089147790110e-02 2.7110998192304510e-02 1.4040124138872991e-02 6.6752143465831967e-03 -8.0341690605329127e-02 -8.9621453254101383e-02 9.4893944482598316e-02 1.4293295872268481e-02 4.8950999232761437e-02 -2.2442546178270911e-01 8.0703216945441816e-02 -5.4923483952424253e-02 -1.7354194466883011e-02 -9.1799383151489444e-02 -1.3535208343136659e-01 1.1472029119143450e-01 -5.3004221965998528e-02 -4.0562478488948952e-03 -2.0463395226235789e-01 -8.7598768146820057e-03 -1.0433318335202450e-01 -7.4838946942704945e-02 -1.8209599637224491e-01 9.5212839871851696e-02 6.8434622276077554e-03 -4.2883609638513691e-03 -1.4347656268877679e-01 5.6456347135768532e-02 1.7786203956594271e-01 1.0811416795773500e-01 2.3743385866717211e-02 1.5032758424176720e-01 -6.1495368913013541e-02 1.2229090526443740e-03 1.9004103834042180e-01 -1.1342162425313161e-02 9.1773653104832223e-02 2.7329232741967569e-02 1.1626829933788420e-01 -7.4761222175774175e-02 7.4356723072175793e-02 -5.7361552324012931e-02 -7.2806140466575145e-02 8.1705865422306595e-02 -1.6876217472154101e-01 1.6970850429020929e-02 6.3029567068092957e-02 -1.0217780584653180e-01 -1.1870279423744910e-01 6.9618991371313041e-02 1.3844745070839259e-01 1.8736105809359270e-02 -1.7400578328221589e-01 -1.8549061335627101e-01 2.1221027828090211e-01 -1.3615669945111869e-02 -1.4448313978821420e-01 4.9010689117447249e-02 -9.3309481267748628e-02 -4.9709226788183902e-02 1.4343906377625981e-01 9.6012958132111692e-02 -1.6594000433092329e-01 6.6398671094923520e-02 -1.0619515319797319e-01 1.7146736460167161e-02 6.3130276127988938e-02 -3.5542255816971097e-02 4.2905402065088867e-02 -8.6692551531521875e-02 6.0169519668073393e-02 -7.4916268497782296e-02 5.9837308912273290e-02 2.3046384788519191e-02 -2.6610636149688771e-01 1.3805580952528021e-01 2.8459727239370260e-02 1.9150327205014799e-02 -1.9924420568354079e-01 -4.8081895805097877e-02 7.8180971217855569e-02
4.9214671565623608e-03 2.9427379786793832e-02 1.2143941024008970e-01 -2.5936399911476778e-02 2.0192606897557929e-02 -1.9250872637723682e-02 -7.6290972764008244e-02 -1.8415991373047131e-02 1.4725419682803451e-01 -8.9301991047546964e-02 5.8513566235343539e-02 -9.3524714952159638e-02 -4.6431069193997671e-02 4.3598519785261691e-02 -1.4403697166622399e-03 -2.4060012277548028e-02 -7.7923321922409847e-02 5.0258572351632398e-02 -2.0821740426022439e-01 1.0856174240953900e-01 -1.2911111889815721e-01 9.7105681948134334e-02 -6.1986179851641968e-02 7.7292874441647105e-02 9.7294777601715468e-02 1.7449524999391799e-02 2.5224359874040760e-03 1.7213704856077641e-01 -1.2175554150069981e-02 -2.2687577893075819e-02 -1.2389531670884051e-01 8.7420861624369947e-02 -1.1475269664182820e-01 1.1268227729002060e-01 8.1437568215312547e-02 1.8662209266322369e-02 1.0316190670576671e-01 5.3743833983584038e-02 3.4943864312159047e-02 -8.7158869599205466e-03 -6.1341165167579431e-03 1.6533781436311169e-02 -5.1046994383510930e-02 -3.4453598044346147e-02 2.5357129791463939e-02 -1.1001711608328139e-01 5.4208728393642172e-02 -1.9959337133639721e-01 2.6999328975839829e-02 -1.4178311015726019e-01 1.6627125720553529e-01 2.2654566849900880e-02 1.1372979030258810e-01 6.1952160125348793e-02 8.8158457740678584e-02 -8.5244122284956370e-02 -2.8858201081149891e-03 -2.8857322001295600e-02 -1.0380573493493821e-01 -3.8532973882371771e-02 -1.9725682558908139e-01 -1.9374416824284521e-02 -1.9234222956977959e-01 -8.0520549813028391e-02 1.9570371103912779e-01 -6.5657443013570072e-02 7.6733268389082024e-02 -9.3864054764161344e-03 -1.9074250826065400e-01 -1.9617749998095380e-01 3.4904018940069857e-02 3.6490498410690408e-02 1.5215369231890230e-03 4.1093702117077871e-02 8.4998190863688677e-02 8.5016917186465785e-02 1.4000905296099281e-01 3.7126273573953671e-02 1.1991122290083750e-01 1.9060659318445430e-01 1.8773669884065239e-01 -7.5111897491155905e-02 -1.5180104197325381e-01 1.9021926294285321e-01 -5.4499532936836209e-02 1.5204326846962581e-02 1.1124297945723011e-01 -2.1123994388972619e-01 -1.6243164135869009e-01 -1.0265228187391830e-01 4.4749364090055532e-02 -3.7312316754137577e-02 1.2203051545544699e-02 -5.6771104367075477e-02 8.0788881931789763e-02 2.4276329124733691e-02 -1.6282637786342349e-01 -1.2139936141658010e-01 1.1361158666627490e-01 6.6971779700325557e-02
1.1243051545988270e-01 1.4049437567499851e-01 -7.4078445328548598e-02 4.8554583233173243e-02 -9.0230932723958338e-02 1.8591456349800961e-01 -5.9769965727384813e-02 1.3854641246034549e-01 2.2326567152962501e-03 7.0613565118806967e-02 -2.2908560458900901e-01 3.6073847768441088e-02 -7.9884900020183256e-03 1.5237055270136279e-01 6.1923854791917622e-02 -1.7503124509243000e-02 -1.4706925509683669e-01 5.5787214778079026e-03 -2.8537358291349801e-01 1.4783975868590879e-02 6.7830510431675553e-02 6.2865869388725751e-02 -8.0156473448246696e-02 1.8954378735186650e-01 -6.7742750010798006e-02 1.0720406421411741e-02 -1.8808941055895431e-01 -2.0551969517042020e-02 -1.2117256806686670e-01 -8.2675198707739858e-02 2.7887317995573022e-02 1.4109837618466661e-01 -1.0907465537150790e-01 5.7130061270891298e-02 -3.2143533443484987e-02 -2.1542176281109029e-01 6.6539294275802796e-03 1.0084066790436090e-01 -9.7003120714762206e-02 -1.3379613276255600e-01 9.6155776287294187e-02 6.4676505837546430e-02 3.4535818187763037e-02 -2.3158128638971830e-02 1.0021122671057919e-01 -1.0598268377706610e-01 3.5413031220699741e-02 2.0431863152256460e-01 1.7568149351557850e-02 8.4837009136755973e-02 -9.6688428877341845e-02 6.0412547088292074e-03 5.8515877308877161e-02 -1.1793391065661410e-01 1.1475538001230389e-02 3.5443556778408887e-02 -1.1390634295440179e-02 -1.0369743765064150e-01 1.9560834143331449e-01 -6.6010230578523482e-02 1.8210656277269859e-02 -5.4802036223455482e-02 6.5332199347414896e-02 1.4627892797850589e-01 -6.2596196646441046e-02 -1.0620062585016520e-01 1.5571353670376659e-01 1.2770467566525409e-01 1.2970684309553990e-01 -4.1505305121228582e-02 6.9345042673290124e-03 -2.9213798859580101e-02 -1.5762328628286242e-02 3.6890202290337458e-03 1.4960668722826150e-02 3.2782040453327687e-04 8.0402359192781603e-02 8.8190757524981275e-02 -3.0886046989287521e-03 -3.1118735394688079e-02 -1.6504264763168221e-02 -7.5244079145726520e-02 -1.2109707129933010e-01 -2.3470099676866391e-01 -7.7889749698122082e-02 8.7935499134104061e-02 1.0147984877947520e-01 1.5786494415577720e-02 -1.5400296201645500e-01 7.9873270340393474e-02 -1.4844230389611249e-01 -3.6880124850688922e-02 -1.1082596911167940e-01 3.8851563785958353e-02 -6.3472291080964374e-03 3.6928033694756127e-02 -4.5132695743386901e-02 -8.7430883444262739e-02 -3.5069247625476523e-02 5.4492589592707467e-02
-7.0401270719300954e-02 6.4837903100548253e-02 -3.6287640881407401e-02 1.0267062232025660e-01 7.9860419477022729e-02 6.0627560091514522e-02 -1.6749902938622240e-02 -7.8272971706461802e-02 -2.0636695485892549e-03 2.0103534006693239e-02 -1.1878194226211780e-01 3.0222261790771341e-02 -2.2004456832965130e-02 3.5731121193160173e-02 7.5243820018297658e-02 -2.7509976933407908e-02 -9.2374404973749213e-02 1.4670236608015820e-02 -1.8462812489609921e-02 6.5553123361040896e-02 1.1483708319486310e-01 3.9826483641570076e-03 -1.5314196362659790e-01 6.7020545609788637e-02 5.6350601512496129e-02 2.9174996274183801e-01 -4.6286886045941729e-02 9.2289926198393477e-02 2.0512202230365931e-01 3.5781450107614951e-02 1.0287157913166479e-01 -3.3541792008442019e-02 -8.9401049183288311e-02 2.7981725207017289e-03 1.7129106299168559e-01 3.2827334475881299e-02 6.8811363609125667e-02 -1.0911593106536921e-02 3.7177969915674743e-02 9.8545365066573909e-02 8.0324808214904952e-02 6.3897197969154912e-02 -2.3806084043706790e-02 -1.2783323548297320e-02 -5.0899213188376147e-02 1.5116531133146540e-02 6.5441791432869448e-02 -6.6861761099981307e-03 -9.4191992070433064e-02 -4.5119073867444882e-02 -7.6532000816026943e-02 -1.4706198221939221e-01 1.4792501713306350e-01 -6.8368738573538021e-02 1.0106750772145680e-01 1.2553711233686969e-02 -2.5983349824292967e-01 2.2003317454632229e-01 1.1801169513829139e-02 -1.8954951694852429e-01 1.7410782304607311e-01 8.2283215256137979e-02 -1.7162846163988360e-02 -8.7482681995216055e-02 6.1490312150141273e-02 -6.5212849401121070e-02 -1.3362116960887599e-01 -1.1849452016859610e-01 -1.6160229171748200e-01 -2.1007309976461289e-02 -8.6696521893847328e-02 -1.0570122656219340e-01 2.0466622485072330e-02 -4.8115899895845873e-02 -1.1906261588637680e-01 -4.2526429807929277e-02 1.0794819310753410e-01 -2.0996062417386799e-01 6.4624519754882301e-02 -8.6708159664405354e-03 -2.0404622567376471e-01 -1.3641467140854350e-02 1.9599053324137030e-03 -5.6719004556365797e-02 -5.3004499637207513e-02 -1.8957779675106171e-01 -1.0656728943859070e-01 5.4081082989447297e-02 4.6258767719918131e-02 2.5810172569235412e-02 -8.7198063773308715e-03 -1.0036938203923350e-01 -2.0827865159134851e-01 -1.5590328086589009e-01 1.6759635056768549e-01 4.8685960692076417e-02 -3.0949857040774329e-02 5.8506359942440890e-02 -2.2085544079627002e-02 -8.5504203172540191e-02
-6.6604399335353448e-02 -1.2005598353448750e-01 -1.1137811387840810e-01 1.4399089457501121e-03 2.1926285976472901e-01 1.4232503807769539e-02 5.2894929982674942e-02 9.3501268308117003e-02 -4.4010490293322890e-03 -6.5796283926714740e-03 -1.0941720521082519e-01 2.3232307356685290e-02 1.2482360774256290e-01 1.2075604697691100e-02 8.2479790866908334e-02 -4.6793884805300057e-02 7.1304611544044841e-02 1.1400567168754300e-01 2.0768379784154320e-01 -4.0901290694252877e-02 1.1656993912540201e-01 1.1492882505694790e-01 -2.4255224817281009e-02 7.0484592869954246e-02 1.0121491953981759e-01 -9.7631148842010865e-02 -2.0535327750989030e-01 7.3637235609089344e-02 7.2650600160536274e-02 7.8623460447382526e-02 2.3908593010244499e-02 -4.8940167858246987e-02 -1.5109613797924901e-01 3.9565048563964457e-02 1.3611661995817070e-01 -6.4518927241875856e-03 -2.9994716768965160e-02 -1.5060708701624700e-01 -5.5571884246605439e-02 -5.6983713049185113e-02 -6.6626584456404805e-02 -1.8342092450309619e-01 -8.4258266823111605e-02 -2.1646708833294301e-01 4.7998359251003021e-02 1.9169123204477181e-02 4.9207993237835278e-02 1.5585069060938929e-03 -3.7980659145286533e-02 -7.4118600798962389e-02 -3.3427293238383393e-02 2.3139509030684410e-01 1.1143584497861050e-01 -9.7397683622057835e-02 -1.7253364368313900e-01 -1.1683593950916180e-01 -1.6233923127529379e-01 4.8778549813102159e-02 -1.0851879472055480e-01 1.3091093423919439e-01 -1.6427517245479310e-03 -1.0088274641504660e-01 4.2304475066008568e-02 1.2734734999709421e-01 -2.2388628341423810e-02 -6.5157895528936333e-02 -9.5935214398062286e-03 5.6420823874696123e-02 -4.6904586449458600e-02 3.6518689149408597e-02 2.5414291715040138e-01 1.3257340661872110e-02 2.0282685252858590e-01 4.7714369362623382e-02 3.0020489548036131e-02 5.1882859452842892e-02 7.6824557951830102e-02 6.9985689134555717e-02 -1.8228013386593200e-02 1.7134134138926441e-01 1.9731636990167429e-04 1.3506917440504801e-01 -1.1109756867226260e-02 -4.6306131803406987e-02 -1.7238014803820931e-01 -5.6434409601582997e-02 -2.6944332919548120e-02 5.3309370766863262e-02 -3.3833424535819473e-02 1.5911249860409499e-01 5.7326772384314710e-02 2.0025342629983130e-02 1.2542473380262281e-01 -6.8562868494269208e-02 -1.4782240531547680e-01 -3.6931909552306047e-02 9.0062577076041386e-03 -9.6970926661971678e-04 4.6009701827578728e-02 1.2259456306786511e-01
7.2118746978572790e-02 6.6672741420011408e-02 -1.6055942843866491e-02 -5.0722216890357150e-02 -8.6333168696237597e-02 -2.9786498621335090e-03 4.7031520118206813e-02 1.6295551753385269e-02 2.3799641686555188e-03 -1.6704653061071789e-01 -7.7214406322137608e-02 -4.8555368888180753e-02 -2.3170829352964540e-02 3.0145659400423509e-02 1.3014778308556871e-01 1.5749144042250160e-01 -1.2897558494073880e-01 -8.5471531764296074e-02 1.2481774265591861e-01 1.1438508254531329e-01 2.3929011707689799e-02 6.9046083181282150e-02 1.4577777469873701e-02 1.4327880031021020e-01 6.3457159183243406e-02 -1.4483307354131261e-01 -8.7641918466296279e-02 -1.6484253625560191e-01 -5.7845330713198528e-02 8.2403251681646347e-02 -1.8002248454178571e-01 -1.1706356923885250e-01 -1.2101442514156660e-02 -1.5118602229462511e-01 1.1221912311875680e-02 -4.8342581884910363e-02 3.9216187144472461e-02 -9.8713364574769688e-02 -4.6152733703150282e-02 2.6428454359331011e-01 -9.6642409792668957e-02 -1.9001840972038231e-01 1.1593987107163251e-01 2.3610993043322152e-02 4.9699742095297178e-02 2.1007375824307231e-01 -8.4558757275042307e-02 -8.5290387049335323e-02 2.6327317752952380e-02 -2.4955246978930441e-02 4.5401777783115667e-02 3.1894405780626939e-02 2.0825642803480489e-03 -4.1158841349655542e-02 -9.7530245804822044e-02 -2.1184655909920561e-01 1.6132244978860291e-01 -8.9172728524732084e-02 5.3159126003506772e-02 -9.8845254548930422e-02 -1.2299194935473481e-03 -7.1070922838307169e-04 -1.0834927340666379e-03 1.8409604563531551e-02 -4.9629572360803620e-02 -8.0771743958864134e-02 4.8761971029822701e-02 -6.6217526483854884e-03 -4.8600979768360891e-02 5.9364844794761722e-02 4.0409307642318412e-02 -1.9940687053286510e-01 -8.8994951752620247e-02 8.5942646530840230e-02 1.1583346783308200e-01 1.7706772054227671e-01 -1.0631774101432920e-01 -1.3527476816668971e-01 1.3425032621549030e-01 9.4683615920353476e-03 -1.1296990422948790e-01 -1.2949148555061060e-01 5.2629865809773357e-02 -3.8148610571169411e-03 3.3326617175151188e-02 -3.2442772514522183e-02 -5.0013106861012457e-02 -1.2529412906421469e-01 4.8443257662565707e-02 -1.5000044265105259e-02 -2.9361168530282460e-02 -3.2021708776891748e-02 -3.3274587641405501e-01 5.6556639897885612e-02 3.7191924883660923e-02 -4.2296577336687617e-02 -7.0408105583391070e-02 6.3329304623371760e-02 1.9187820027774700e-02 1.2935147034199429e-01
-9.6603660832107974e-02 8.5755492080914250e-02 -3.0002280570445451e-02 5.7525030682767549e-02 -8.4353034082483666e-02 -5.0724150364207937e-02 1.1367955085849890e-01 2.0404968391741821e-01 3.2214518100191207e-02 9.0706380527321426e-02 -1.4199747451195369e-01 1.2007202944455669e-01 -2.7691413084661939e-02 1.1935411462958630e-01 -2.5799819252789319e-03 9.7640531317446475e-02 5.6516122408646147e-02 6.5804725615665471e-02 2.0602120877035512e-02 -5.3779951202678450e-02 1.3311214045073849e-01 2.4448893179604140e-02 -1.0941520126169441e-01 -1.8592895500273671e-01 2.3881060670408330e-01 4.7907879787769059e-02 1.6524004617709159e-01 2.2616687322902501e-01 -1.0326479230427021e-02 1.5919334112633671e-01 1.7482593483689791e-02 8.8389366228093749e-02 -9.6348053055528057e-02 -8.7402007851191371e-02 5.5156534312124139e-02 8.5770014286051882e-02 -1.9695341397316679e-03 -6.2400920464315869e-02 1.1503335764959000e-01 4.0153616589799782e-02 -3.6047321916992260e-02 -1.5604054525531991e-01 1.0372671355147969e-01 7.7536016965958927e-03 3.5082227530016399e-02 -1.2327713222367440e-01 -6.3581175124771225e-02 7.8312315797326018e-02 1.0087723545879330e-01 1.1156892292810500e-01 1.0426742137431690e-01 -3.6960928022040811e-02 3.6670277472081687e-02 -5.7454632859695138e-03 2.3254505382377441e-01 1.2808507065024941e-02 1.9740198226745759e-01 -9.6305942828266447e-02 9.1296147977128608e-02 -9.3270816427183809e-02 -7.2470469526567050e-02 1.8851695491789069e-01 3.8996740108152989e-02 1.4333874885746450e-01 -5.6931578545573493e-02 -2.9251612976590229e-02 6.8929123244061289e-03 9.8307403987499153e-02 6.9708248804236608e-02 1.9947808582393790e-02 -9.4254385968673641e-03 1.9680201617271820e-01 -1.3860589196193129e-01 -1.2174147521179560e-01 1.0346809418036571e-01 -3.1389940797966587e-02 1.3399573582699820e-01 -2.1322912026266062e-02 -2.5155011388975541e-02 1.3427455267005051e-01 -1.6456927806265401e-01 -1.0560640859697139e-02 1.5055995752678780e-02 9.5736825181841359e-02 -4.3497124324042992e-02 3.2301377379156067e-02 -1.8661747369912531e-02 -1.2358418234525390e-01 1.0866884242344700e-01 8.0812582490078083e-02 1.2234704597593170e-01 2.4214116326788899e-02 5.2612576768424221e-02 6.4764243347923542e-03 -6.5239007847672337e-02 1.6130109955014561e-02 -2.7673805129733161e-02 1.8044212478087471e-01 3.3309757003629252e-02 -1.3444992790805610e-02
-1.3899950168619821e-01 1.5640626061886820e-01 -3.0333861721487412e-02 1.8989807963254729e-01 1.1763196783159310e-01 1.3074795519620101e-02 5.8455734638254507e-02 -1.4581971964559071e-01 -7.9548403242284613e-02 -5.8013787731971918e-02 -5.6015909816528667e-02 1.7090325982283680e-01 -2.2473328269497338e-02 9.6711714868902635e-02 4.4804446583493793e-02 1.3176425040124939e-01 -1.6888738784706168e-02 -1.2942294004257729e-01 9.2827793837971129e-02 7.2558005234783949e-03 5.9379807776487957e-02 -3.2528180906201562e-02 1.1288084624567450e-01 1.0304570797553750e-01 2.2238573494922470e-01 1.8950769743841100e-01 4.9348195580397922e-02 -2.1158102435931449e-02 -1.3403415174549049e-01 -1.2956475147152011e-01 1.8105325106990821e-02 6.8907320965870059e-02 5.7450660460804867e-02 -1.6612956945133411e-02 -6.0325435721527897e-02 2.8916908702902651e-02 -2.9642470151707751e-02 -1.2690051706856090e-02 9.6882220556277876e-04 2.5769955091538680e-02 -1.8332893779994519e-01 -7.4751880375549168e-02 -9.3726992341969684e-02 3.0089804440177109e-01 -3.9377323114672888e-02 -2.2560279093858451e-01 -8.1571983148439109e-02 -6.3768741358546044e-02 -1.8913513112634589e-02 7.9335111265535982e-02 -5.4930569249470089e-02 1.4727838540061289e-01 -1.1117359917665399e-01 -1.2280687599719350e-01 1.9620306084063510e-02 7.9082818294910387e-02 -6.6087240951970758e-02 -7.4690013250230877e-02 4.8869876728203157e-02 -8.7347772551493799e-02 -1.3312195816113051e-01 3.7216082783174689e-02 1.0706419585544221e-02 -3.2021429189271727e-02 5.4305442932307303e-02 -3.3386638815368018e-03 5.3364356188844338e-02 -1.7829195026814602e-02 -1.7042813551590011e-01 4.2021934877840533e-02 1.2059283397182420e-01 -2.3753968121476541e-02 6.4965211345205442e-02 3.4096836315153860e-02 6.2595748611112917e-02 1.4616393861922461e-01 -7.5103414846681260e-02 9.7967328504174819e-02 -2.7133091070007380e-02 7.3194581616666990e-02 -1.4626934419013410e-02 1.9183744633746161e-01 2.5036236532294968e-02 1.4337691661950760e-03 4.5487210666361612e-02 1.0208540554505220e-02 -6.8545879550063688e-03 1.5248563990341851e-01 5.5472744191254218e-02 -1.1308347847428581e-01 -5.9724784975344732e-02 -1.9047244199439439e-02 4.0176204383993053e-02 5.2327177509918339e-02 6.9828915479401246e-02 8.8293196629953802e-02 -1.2539141511968020e-02 -2.9385779164100978e-01 -1.4066338495188110e-01 1.3436889246773489e-02
-1.0796247418162130e-03 1.6018648069968489e-02 3.7597329787420107e-02 -4.4810455043630140e-02 7.6277857848442182e-02 -1.5166062571362390e-01 -5.4179670432029526e-03 1.9957990258021269e-01 -1.5793908828258690e-02 -4.6457707734284112e-03 9.0192517843077760e-02 9.9372318744776880e-02 -9.3719662962315917e-02 -3.3510881972509628e-02 2.0520768634319031e-01 1.0247767644112210e-01 -9.2986820035167700e-02 -3.7289439749603442e-02 1.0700555093744191e-01 -7.7537028151379778e-02 -4.7392686526503802e-02 -6.0495411866632397e-02 8.5071401548630854e-02 9.7958234905075936e-02 -9.0873415643410560e-02 9.4782949414992865e-02 5.5086240455313549e-03 1.2039828002783670e-01 -1.7039370083747871e-01 -7.7660100192426973e-02 6.5621407673086718e-02 1.3114765888531990e-01 -9.8786483592382165e-02 -1.7007452533880241e-01 -5.4096902886463988e-02 -1.9632869346061629e-01 -2.1319257705248790e-01 -3.3773639894408833e-02 -2.2200627416298860e-01 1.4981172810936871e-01 2.3689183448626808e-02 2.6729796935650620e-02 -1.9690529496804349e-01 -4.9568554405149207e-02 -5.9025955910802258e-02 7.7937885827851536e-02 4.2487513477888393e-02 4.2911654537656177e-02 1.2066670921262010e-01 -1.7487020654195329e-01 9.0606861514281878e-02 -7.5360927603484840e-02 1.7091243785322791e-03 -1.2042874600496870e-01 5.6135857010055447e-02 5.4252735192114383e-02 1.3109272496904331e-01 -1.1725514393781420e-02 -2.2080496430750950e-03 -1.3325358614700161e-01 -6.4782765974640250e-02 -1.6013673354032290e-01 6.0402017940216768e-03 -5.9522269792573822e-02 -7.8857892173297903e-03 7.8393741678274245e-02 -1.1106288367395190e-01 -4.6621316785000547e-02 1.5740229864861888e-02 -7.2752072766688491e-02 -8.2059783690685437e-02 -4.4583472677203362e-02 2.1080544779429311e-01 -2.8557806372851501e-02 -3.0195805855918981e-02 5.2275509314686670e-02 1.1398627300967570e-01 -1.6176152246234171e-01 -4.6120861696789799e-02 -2.1441666872206949e-01 -9.7320382983390782e-02 -1.5507914662073441e-02 -9.1562331768900856e-02 1.0486432219295851e-01 -1.2809828527150829e-01 3.8013334091785762e-02 -2.8009306241666879e-02 4.3899687264768950e-02 -3.4095604180998773e-02 -1.1536305203220030e-02 4.9710631470373398e-02 8.4430906385866242e-02 2.1668516942797539e-01 5.3052825553485138e-02 4.1084447291723822e-02 6.3531167334048941e-02 -9.6338067622096527e-02 7.2605140677461044e-02 5.6407834740688452e-02 3.2035433953819123e-02
-1.0121252541413470e-01 1.8493730333136180e-01 9.5340486647005396e-02 8.0057984218258271e-02 -7.4349336234637381e-02 -2.3249089719467101e-02 -1.4524350278106580e-02 -2.9033060257175568e-02 -7.4307036353382344e-02 -9.9491007024232105e-03 1.9955987269157360e-01 4.4991181844417819e-02 9.5139848572345018e-02 -1.4115272359463801e-01 2.0978900887142760e-01 5.8338340667436817e-02 3.2749689350341907e-02 -1.9125130434300389e-01 6.3494644000463826e-02 6.1769355827457510e-02 4.3674248426853010e-02 4.7421068254471253e-02 -1.7626307972368821e-01 -4.5136031410182628e-03 -2.8593910601190160e-02 -9.1266929272188879e-02 -8.0725213936296072e-02 6.9081877738339778e-02 -1.5879424830569849e-01 -1.3287405867376711e-02 4.2995468355727318e-02 2.9669666520335300e-02 2.8739374431544389e-02 1.1947158877661060e-01 -5.6281757790827627e-02 1.3947728274444121e-01 -1.6772597021927191e-01 -1.7858173027139909e-01 -3.8767218740457458e-02 5.4498266304157689e-02 1.2547674525101929e-01 9.7076818307317223e-03 1.3759295778360489e-01 -1.4388847748883610e-01 4.2248161698662688e-03 5.9435237276573211e-02 -5.4594129901957000e-02 1.1341926689254310e-01 -1.4950269585773260e-01 2.3583898713242679e-02 8.5191942270603213e-02 -1.3021936687954599e-01 -1.7512123422017870e-01 -2.6620897650798309e-02 -1.1474497334277869e-01 3.4608502468642277e-02 -2.3216050052103401e-01 1.3373184679821460e-03 1.2069378481942780e-01 1.2529225329989549e-01 -4.0669898593439197e-02 2.1249426138605351e-02 -1.7820425037064491e-01 1.1493789464449190e-01 -4.7385541551329707e-02 -1.5140975225600559e-01 2.7248074700572490e-02 -4.4625515334968051e-02 -3.4520111514535920e-02 -6.9714007050719728e-02 -4.2425664645263240e-02 2.1560478834014629e-01 -4.5298975896245937e-02 -3.9229366718958898e-03 -1.0360694412546451e-01 4.5478544219984783e-03 -4.3517276745872219e-02 8.5926133049330208e-02 7.2065595215562064e-02 1.3060232226435109e-01 -7.5983716430155862e-02 -1.6603731187923701e-01 -1.6744248605098659e-03 3.1275340155606637e-02 -1.0804048986571139e-01 -1.4934990988776869e-01 9.5164473110595518e-02 -2.4903455488424799e-02 -1.1803299099099520e-02 -5.2069495604032193e-02 7.9731266524426473e-03 7.7629644127707481e-02 6.4426412194581895e-02 1.5702572392650840e-01 1.5727050083943769e-01 -1.6439880319029591e-02 1.3667564617907029e-02 -1.3575438190673960e-02 -1.0435739416133159e-01 2.0882721109398419e-03
-1.4554606737044611e-02 -5.5741700683034162e-02 -4.7213410607082389e-02 -6.8038672353142024e-02 3.0206765781793120e-02 8.9234749027391012e-03 -1.6092086806941880e-01 -1.5763796820324300e-01 -6.4396419893762213e-02 -1.9785136622027060e-02 1.3528800484101641e-01 -4.3943691127642133e-02 4.9356046532075398e-02 -9.3504991201068116e-02 7.9079286667320350e-02 1.6633583750324951e-01 1.3548516943194069e-01 -1.1890550962863291e-02 -5.1241864609090498e-02 -8.3400766272712881e-02 5.4939256802758400e-02 -8.8248097784299151e-02 4.3680175080997659e-04 2.0466579535093929e-01 4.2556142426839492e-02 6.6595654896342851e-02 -4.0289097205073413e-02 2.2233928624392281e-02 3.0085738923205031e-02 1.0713544547771320e-01 -5.8488710755400658e-02 2.1432361977558839e-01 -8.4326139979172571e-02 1.7848849465563429e-01 6.3654448552621257e-02 1.0580091145397240e-01 -6.3878478843675382e-02 1.4323123431053539e-01 2.1440498104306659e-02 4.4919637638711693e-03 3.2659794019081152e-02 -2.3669482931701891e-02 -7.1987406064287343e-02 -2.1102576004626540e-02 1.4602514623802540e-01 -5.9354182091556393e-02 7.1133412069656621e-03 1.1881171237995870e-01 6.2601199087219964e-02 -1.0320383474025339e-04 1.2205939115776260e-01 8.0004159552045775e-02 1.0570664840955910e-01 5.7173686123954522e-02 2.4915271233765010e-02 7.0027415469822940e-02 2.3077751459239931e-01 -3.4093661421240123e-02 -6.0375855963227892e-02 -9.3954006402314022e-02 3.0457938305278037e-01 -1.7097502835389501e-02 -6.6122724133710800e-02 3.2431216310014339e-02 -4.4776296833858358e-02 -1.1883163163309340e-02 7.8530177276794483e-02 -1.3709184311749259e-01 8.8383245613897668e-02 4.1302171528733118e-02 -5.6645963876798530e-02 -1.0429396338153761e-02 -3.0140180073748739e-02 6.5505720140947021e-02 9.5261002167016148e-02 9.5990042547910007e-02 9.3390832479939817e-02 3.5597723189889789e-02 1.4427053920036259e-02 7.6990684684544470e-03 8.7131156860221465e-02 1.0866290988068880e-01 1.5494348340964609e-01 -1.7041163138833529e-01 -1.5309751469148741e-01 -7.8661426127706879e-02 -2.2101635857597340e-01 -1.2372797039112210e-01 1.3215215393683330e-01 -8.9178091800682632e-02 4.1660771135470509e-02 3.0751236337269151e-02 1.0950930746087649e-02 1.5676106184110319e-01 1.2757830161673919e-01 -1.6239947893997511e-01 1.6956205363283161e-01 -9.4287610959463683e-02 8.7826358291948556e-02 -2.2395949919775029e-02
-2.2724993715833550e-01 -1.3822788569869951e-02 9.9536831715169971e-02 -1.2023177971853220e-01 1.0129785240717210e-01 6.2774212935286122e-02 -2.5813135325121289e-01 -6.8474524316109869e-02 2.2373652829729210e-01 -2.5963352625715860e-02 -1.2425520055033450e-01 5.4316806202839282e-02 1.0946632966377720e-01 1.2451776490595230e-01 -5.0386089726955130e-02 -1.4380617077212610e-01 4.2766082268181432e-02 -5.3721432360097007e-02 2.4916816114308959e-01 2.4875971015721570e-02 -1.3535116391161039e-01 7.2253986522281738e-02 1.7497969747300271e-01 1.2085773678173660e-01 4.7288129522965398e-02 3.4693643558477961e-02 -1.4708653356932120e-03 -1.1291398696319460e-01 3.1832305650961012e-02 -5.3798526722703792e-02 -1.1974848693109240e-01 -1.3897117764727969e-04 -1.0501807346264600e-02 2.3008832530199569e-01 -1.1866608341594280e-01 -1.2819361527926479e-01 1.4412570801876809e-02 -1.4006205184976830e-01 6.6850812449315594e-02 2.2331872260215831e-02 6.1982517971890007e-02 4.4406604305501623e-03 2.7151352974659398e-02 -3.0259838064689020e-03 1.2710195608895741e-01 -9.1835165930019315e-03 -4.4140254527952762e-02 1.1510217266362700e-01 1.0983700095941951e-01 -4.8358124820478042e-02 6.4930183618480825e-02 -1.2349964702099611e-02 5.3428634992088282e-02 -1.3982233311679360e-02 3.8710403441777869e-02 9.3075956235276341e-02 2.8590629116374621e-02 -5.4215696928865763e-02 -2.8640118041860660e-02 -6.8896043245557731e-02 1.8268404938924631e-02 1.5518365958927710e-01 -4.6761155916149960e-02 1.3319693390782560e-02 -1.3662312523666539e-01 -1.8290544189238600e-01 3.6549744242307398e-02 1.2384431699420050e-01 -1.1908906019705550e-03 6.0127064802559742e-02 9.1733678758107132e-02 -3.2947802505413341e-02 1.2334523162992311e-02 -1.4055350877691741e-01 -4.9038999047003092e-03 -4.9445966922326112e-02 -3.2480304531656283e-02 -6.5563719513444920e-03 1.4413769672569871e-01 -1.5126287920166739e-01 -3.5831667104629550e-03 -1.0822338435279380e-01 1.3547569129381251e-01 6.1924624539522931e-02 7.4387909958377949e-02 -7.5313802394482380e-03 4.7244407718782667e-02 8.0103459731936180e-03 -5.1887442300591953e-02 1.5802417448463810e-03 -4.9645393054736572e-02 -1.3578687484013929e-01 2.0863170572268061e-01 -7.8400949816870610e-02 1.4487224393890391e-01 8.1748824306808549e-02 -1.4674798133490390e-02 1.6741822026944131e-01 -3.4930679641627771e-02 -1.1871272723412250e-01
-1.7952400266548399e-01 4.8686388601519810e-02 -2.1074916667769849e-02 9.7767393970263169e-02 -1.2166655277973280e-02 6.5838171427201456e-02 1.8485019281570571e-02 4.1796565732169999e-02 -5.8453248862106962e-02 5.4590385458693498e-02 9.4152440938135462e-02 -4.1154059413940292e-02 -1.1005029897467380e-01 9.5813764665125950e-02 2.1260871469709691e-01 -2.5467663175759950e-02 1.0683689539278350e-01 4.7133721600154069e-02 5.1229953373060903e-02 1.2046327332306220e-01 -3.3607538417819417e-02 6.5866089987665216e-02 3.0226651611849679e-02 -1.9003545063238969e-01 -4.4058514410284912e-03 -8.4815662564022343e-02 1.4949973750920881e-01 -4.1010954361056583e-02 1.0163386963434290e-01 1.2840549544025540e-01 -3.0663063772871629e-02 -2.9904310318581769e-02 -5.7929206220226816e-03 -1.3307999578172641e-01 3.8211173140311139e-02 -1.8594279834959329e-01 -8.6007320264534864e-02 -3.6211391326347458e-02 -7.5674019817383198e-02 -3.7210855465038710e-02 8.2222731539436170e-02 1.1243212920791951e-01 8.6914623013701495e-02 -1.6466448516472179e-02 2.2234836161119159e-01 -2.3883479259201989e-02 -2.3994449946619589e-02 3.1195239066605009e-02 5.3522629717419487e-02 -3.6420640471606619e-02 3.0063619355281599e-02 -4.3932833326435793e-02 7.0290867123371133e-03 8.5142904769202554e-02 1.4795975850377429e-02 1.1266918505420589e-01 -2.4044531297690161e-01 -7.3341905806009342e-02 -1.5939775016820609e-01 -1.7303815440716051e-02 1.5866037569262151e-01 7.4081406538661451e-02 1.7171087488449990e-01 -5.2269445758654186e-03 1.6999581259624319e-01 -3.7010346006776773e-02 1.9488727240611031e-01 6.5167281333250379e-02 9.2815169269684292e-02 -2.4961076250120620e-01 3.1284730510198859e-02 -6.7872825744516058e-02 1.2314090142917880e-02 7.9255304447432090e-02 5.2563835891285583e-02 -8.9961251522555975e-04 1.3548532430398420e-02 1.2843376601651970e-02 -6.8456337900395750e-02 -8.9883633837962176e-02 2.1415087635023509e-02 1.0197132111466670e-01 8.5489329459393942e-02 6.7837710395443722e-03 1.5262838466105769e-01 4.1373230678892488e-02 -1.0474782341882111e-01 3.0011463759572341e-02 4.2110195715357589e-02 -8.4705125618541391e-02 7.3307241422072261e-02 -8.2145653803051055e-02 -6.1812342323104234e-03 7.9929826167095083e-02 7.8285867658802355e-02 -1.5216306300275159e-01 -2.2792246011900971e-01 -7.2954403950740626e-02 -2.4219268115443289e-02 2.5657639987606751e-01
3.8878285488505263e-02 3.8331553311924033e-02 -3.3359564911118127e-02 -1.4136364065559820e-01 1.7728639278958441e-01 -2.0518695795869540e-01 3.9883641979249367e-02 -2.2930338435276441e-02 -8.9163598782760409e-02 -6.9165050964440519e-02 -6.5553309565635877e-03 1.9152168744798800e-01 -1.5578870348405721e-01 1.2189190800872710e-01 1.1260236090324799e-03 -1.3143827884874290e-02 -3.7998957054030703e-02 -4.7856678585316788e-02 7.8378609836214017e-02 1.0237956869830819e-01 1.2751631819953271e-01 -6.0403181383275412e-02 -2.3116429612660659e-02 6.6361164452468776e-03 1.6057174274404101e-01 -2.7808838782865910e-02 1.0435355183795360e-01 2.3701032429719561e-03 4.2703846878851329e-02 9.9897238814160016e-02 -3.2806589080634177e-02 -9.1418367662653446e-02 1.3408390333485480e-02 6.1274044992483019e-02 -9.4669943032584053e-02 3.7774554100649871e-03 8.6577509207083250e-02 5.0520744749397793e-02 -1.0066536978705620e-01 -8.7943380116120764e-03 -4.2781854015873963e-02 6.5794537387456747e-02 1.3983373939923560e-01 -1.7700111321408199e-01 1.1304326561506710e-01 -2.3924148789819560e-02 2.7912365760468327e-01 9.4605904744483552e-03 -7.1379179994423658e-04 4.5250504785917418e-02 -6.0248620690994410e-02 -1.8760833767884989e-02 -1.3791894486832579e-01 -2.9423699944390140e-02 8.8230582395867323e-03 1.7769005518501930e-02 1.1723319926866869e-01 -2.8723835283567289e-01 -1.3536226226680101e-01 2.0291989982925571e-01 9.1290203171917217e-02 2.2336991377206579e-02 6.7119628349802153e-03 -2.8086941746278751e-02 1.5543731518219001e-01 4.0353430988188402e-02 -6.1616966341364057e-02 -1.6455568416729829e-01 4.6429175151704208e-02 -5.4515240855968407e-02 -1.0416587499681790e-01 8.7661288282805408e-02 1.1892005919833960e-01 -1.0071856137536141e-01 -2.5108454188449009e-02 2.4004182433862150e-02 2.8093173353671171e-02 7.3457523420476165e-02 8.9137102533992346e-02 -1.9332807486072929e-02 -9.2477640258056493e-02 1.6391122953765491e-02 4.5773617710500848e-02 3.6401041424985528e-02 -5.0721797423811679e-02 7.7453909930515874e-02 8.2324103460227616e-02 5.9515822641144488e-02 -2.0884448984941531e-01 1.3200239487902241e-01 -2.0303095643538471e-01 -1.6553717747349171e-02 -1.4959006950677331e-01 -6.5309942655838088e-02 1.3203212100748390e-01 -6.6075783511366559e-02 6.7033640435891134e-02 -7.0357591818316884e-02 6.9164999469075034e-02 -1.4842267580239890e-01
-2.8566620134405751e-02 -5.6590032152330098e-02 -5.0735410454050008e-02 1.2481098795146200e-01 2.9655363641538138e-03 7.8545966699513012e-02 -2.3092334625060279e-01 -2.5678862820975899e-02 -6.1087408720890662e-02 8.3515171520599188e-02 2.8083606382719312e-02 -8.7565318925122204e-02 -1.0610673542718550e-01 -1.1971391926543770e-01 -5.4729342348518353e-02 8.6157928989639337e-02 -1.1025376033229010e-01 -1.4685048457322080e-02 1.8955153709393789e-02 -2.2289369284249971e-01 -8.3138688469316616e-02 -7.3938016646529950e-02 1.1975347150962880e-02 -1.7977408251920471e-01 1.5347152619505269e-02 6.0787106706627833e-02 -1.3253151239216740e-01 1.1304301842869190e-01 1.4760695314840790e-03 -1.8387297127920249e-01 -8.2698949963688553e-03 8.1753595488286993e-02 3.6201057006602762e-02 -1.0813418197704730e-01 -2.8411280478716869e-02 -2.2224188289975241e-01 -1.9872388083428161e-01 9.7418694773054704e-02 6.9905573427019307e-02 1.0758728651595161e-01 -4.5342904713373357e-02 5.4842548442930001e-03 2.1016456814634921e-01 -2.5994795222289801e-03 4.0295284435661820e-02 1.1484541713221050e-01 3.0062741688999028e-02 -1.1868338685265080e-01 -1.8850088695239731e-02 -6.9405135257764858e-02 5.9248723897641888e-02 -1.3040982214668709e-01 -1.2266205675004130e-01 7.6088140516591116e-02 -5.2752870617883869e-02 -4.5991504284583547e-02 -1.4128610936472569e-02 2.0845637494417889e-02 7.8221273489715221e-02 1.4994550604391831e-02 7.9070018076586049e-02 3.0290440459824059e-02 1.1680674115599501e-02 1.9107546584665510e-02 7.4333115648780576e-02 -2.4762576985683312e-03 8.3126237690220733e-02 -9.0665344762534669e-02 2.4408139651638919e-02 1.6905469207093021e-01 1.5093871384202270e-01 -7.2486014392460808e-03 6.6159259052812114e-02 4.3917449876146090e-02 2.3726949301069569e-01 -3.8252807531142352e-02 1.3732041583129431e-01 2.5863020540940490e-01 1.3787514957992869e-01 1.4411572374620729e-01 -9.7298497532462988e-02 3.5893329215333863e-02 7.4968196410727023e-02 4.3737816657797322e-02 9.7189903458506213e-02 -5.1864657432949698e-02 -6.9588666587693151e-02 3.7324883446338601e-02 -1.0217103375066840e-01 1.9247992879951911e-01 4.0957518191527507e-02 -7.6498521602426678e-02 -3.9009593072558281e-02 -1.0200522387270120e-01 1.5563448738652530e-02 9.2784664386865057e-02 -2.9553881814727311e-02 -1.9270914591081639e-02 1.2032371142799179e-01 -1.3849646437481489e-01
-1.0778308764250120e-02 1.1499320955876280e-01 1.4105546986379161e-02 1.0808960083357180e-01 -2.8980573330318310e-02 -1.0248266311965699e-01 2.1600073518597351e-01 1.5079156104535130e-02 1.9195438160388681e-01 -1.7766491731390100e-02 -5.4387915026474609e-02 1.1745184625207201e-02 5.9217359655475393e-02 2.5718768465405550e-02 2.6140871557070150e-02 4.4601208759705399e-02 -7.5339992447167811e-03 -9.4469098421474870e-02 4.8002870574231516e-03 -1.5243505141827800e-02 -1.2632690001357250e-01 3.1437989652769747e-02 1.9580287591829471e-01 4.8141131473862592e-02 -7.6472847542414790e-02 1.9980536351521311e-01 2.2357504162361291e-02 -6.3789129901664993e-02 -8.2068287365924586e-02 -3.9768502023511183e-02 1.4850979093174740e-01 6.5444686010163941e-02 -1.5165164517371979e-01 6.1369713990279927e-02 3.1381034291132842e-02 -2.7460132789897781e-02 2.6821689825019510e-02 -8.5711825142912312e-02 1.9830626738568849e-01 -1.0741835224747290e-01 3.1473495310034932e-02 8.4845436276062437e-03 -6.1314053919535788e-02 -1.8058577710963541e-02 4.0886250472801387e-02 2.3830621456401871e-01 7.9155366205124228e-02 -7.2657654071643193e-02 -8.2329051469461526e-02 -1.3959345818525690e-01 -3.7056918076004607e-02 1.7050057725432121e-02 6.3550850306634696e-02 9.4121547476913689e-02 1.0952231937357090e-01 -1.8279450957487731e-02 1.5747416494926120e-01 -9.8052796639678197e-02 2.3460444047921900e-02 1.9636407604124440e-01 1.1036517642452609e-02 -1.6181325440262220e-01 -5.5830022331270823e-02 1.0984373533380100e-01 2.1240448610591089e-01 -3.7697288563888327e-02 3.2563674068592972e-02 1.2153916974428790e-01 1.6295630522599630e-01 -3.1407498813057898e-02 5.8309821836615337e-02 9.3243639286370750e-02 -7.2816150685277858e-02 5.5477476847516652e-02 -1.0491124358224441e-01 -9.8541138394645109e-02 9.9363382619055376e-02 5.3536905358114457e-02 1.6482642025021629e-01 -4.1644087205678477e-02 5.7314890657523820e-02 9.4270591312618238e-02 1.0289621568905490e-01 3.5288422214263010e-02 5.9306882045358389e-02 -2.2283383177025881e-01 -5.1609513442410090e-02 1.4332611275565429e-01 2.0085670167431660e-01 4.9306842950716308e-02 -4.8812815949767129e-02 1.5178949093138550e-01 -1.7340001439478389e-01 -7.1725163549085386e-03 -1.9962527770706080e-02 -1.3985126804781990e-02 -9.5247364182078964e-02 -2.5631983500984071e-02 -6.7307128766910626e-02 -2.3904531569526391e-02
5.5992990357252921e-02 2.2863381374909088e-02 1.7273170101189930e-01 2.1381834246193328e-02 8.2745188576539310e-04 -1.8798957460245480e-01 4.7528026930988447e-02 -4.3574488611025412e-02 -4.5204481917898547e-02 1.6097938393190689e-01 -5.7657008347714138e-02 8.4143819134360420e-02 4.1223549118176283e-03 -4.4530264874851219e-02 -2.7915130432373359e-02 -1.3709877469417520e-01 5.9974060788463901e-02 -2.5239519797494961e-02 -1.9746037454552079e-01 -6.8746540328965364e-02 1.4883139257286979e-01 -9.2836136221953552e-02 -7.5141731902554937e-02 1.9909796558575349e-01 2.8757382280180550e-02 -1.3097697768208939e-02 -4.6128035028860412e-02 4.9267257768661317e-02 -1.1683529986405849e-01 2.6724391534077390e-02 -2.8352696438254570e-03 2.8874968281256141e-02 4.2960087714453442e-02 9.7482478502363676e-02 1.2360262588206861e-01 -2.9478254095463691e-02 -7.0883496070838728e-02 1.2174563853924521e-02 1.1390496365842360e-02 -2.2531857474731129e-03 -2.8424454707426328e-01 4.7251014802086648e-02 -1.2656593197323099e-01 5.5373521063203271e-02 1.5051371274971201e-01 2.5231186111810211e-01 -1.2448930220551541e-01 -3.9841137587855027e-02 6.4538529766344485e-02 9.1877704993235998e-02 6.5032663213576064e-02 -7.3974109244819189e-02 9.4693069920741793e-02 1.8119719756061051e-01 1.2013436480345600e-01 -7.3927513205052128e-02 -1.5789926585977199e-01 -4.7971826469911633e-02 -9.6314563451357707e-02 7.1314054120182838e-02 1.8522601873924940e-01 -5.9978219296871867e-02 1.8399179093889911e-01 1.5281437262072690e-02 -2.7760641634777578e-01 -1.0353143917062350e-01 7.2206277312737710e-04 -1.7397465537211339e-02 -6.8662750669714973e-02 -7.4549140823898602e-02 8.6967990010032008e-03 4.8591175321364997e-02 -3.0472994235079400e-02 6.9167209687638537e-02 9.2063611401875488e-03 1.6197684847428601e-01 -1.0820928762504890e-01 6.2315482920705642e-02 -9.5503872639608328e-03 2.2520702897744049e-02 -8.0228337696985244e-02 4.2298959291650947e-03 -8.2319598365417843e-03 1.6042265900837141e-01 1.5406588433361909e-01 8.7856191896440811e-02 5.7974685164699197e-02 1.2214363658074159e-01 -4.2364532388236816e-03 -4.0185716460285709e-02 -4.3981227919366699e-02 7.0757696094845016e-02 3.7808041742747607e-02 -9.1856228748052132e-02 1.9504535432090051e-02 1.6162559059122839e-02 -1.2725338275080089e-01 6.9768195347826106e-02 1.0132566487757221e-01 -6.7180030897472681e-02
-7.6639645783334390e-02 -1.3370199395410401e-01 4.6937929955193719e-02 -3.2586060792143198e-02 -1.2181141985280131e-01 3.3721496299586907e-02 -5.6564743832115530e-02 1.2084917709991199e-03 -5.6310292204106660e-02 -1.2929329470209050e-01 -1.6847793926207011e-01 2.4638501870329119e-01 -1.2685318686561690e-02 -1.3378075356394480e-02 1.0129022319404590e-01 -1.4046106193567370e-01 -1.7733187840382661e-01 -3.6231567404006139e-03 -1.3771048384750290e-01 5.1668332324757468e-02 -7.9949512439018391e-02 -2.7770339055341758e-01 7.1666669264073016e-02 3.6064606601299537e-02 -2.2117005525956199e-01 -1.0936020197616790e-01 1.9822392646401291e-01 -8.0203005565553209e-02 1.1711162457129100e-01 3.3652121489350012e-02 1.6966994165473950e-01 1.3373619248678029e-01 -9.8408392578672975e-03 -1.6865284357493300e-02 -8.0960572330313285e-02 5.7041500090827743e-02 -1.8598170267649969e-01 1.3159522610167521e-02 1.2411427999853170e-01 1.3872883407142689e-01 -1.0513815441227890e-01 -1.4877339434550901e-01 1.2219236104914840e-02 -8.0822952700587026e-03 5.3560146132360570e-02 -1.6137621106805239e-01 9.6321778178042994e-02 -1.5233411471545621e-02 -9.8342035383714818e-02 -8.5379623731800885e-02 -6.9591251384836669e-02 -5.3414140873853773e-02 5.6555634212360123e-02 -1.2712995884048589e-01 -6.9964545288588822e-02 -4.7381219126013382e-02 1.0005835154295740e-01 2.2381285904195591e-02 9.7479385010482179e-03 1.1187826091687300e-01 -1.6210024671846821e-02 8.0795467053013048e-02 1.6643192437940310e-01 -1.0713916702743430e-01 -7.2827733668957784e-02 -6.1468159596219707e-02 -4.7328102997926273e-02 4.4426717161751138e-02 -3.2370434904795950e-02 -1.2883984008918181e-01 1.0871558472678780e-01 -4.8469268213210542e-02 -3.6540214311739350e-03 5.9886733662745800e-02 -1.4708425457262719e-01 2.4997384639172831e-03 -7.7211843907249236e-03 1.4041508049132601e-01 -8.7537923725394234e-02 1.8750635615803249e-01 1.0292590271891590e-01 -4.7593220534487262e-03 -2.2383881178899552e-03 5.6464330367557887e-02 -6.2955423630357180e-02 -1.1009448632242060e-01 9.9814144428662654e-03 -2.0955252580362661e-02 6.7885364439134024e-02 4.0173089044149873e-02 7.1274891148595698e-02 -9.0132310900970111e-02 -3.7996410924176022e-02 4.8295979578287518e-02 1.5935098359945821e-01 -1.7673831146923471e-02 1.8170561617219829e-02 1.0643539052251449e-01 6.6697476115732748e-02 5.7150912406888167e-02
9.0270379237762863e-02 6.5946481414829519e-02 2.1967289244313651e-01 -4.9819367941626481e-02 -1.7184250583196661e-01 -1.2450475994743641e-02 3.4917987536549039e-02 7.9922048234673720e-02 9.4992669278029893e-02 -8.6315764013661408e-02 4.1955605146841352e-02 -1.1562800078764750e-01 1.2912695417376219e-01 2.6230752376345868e-03 1.7327796721190269e-01 -1.1834491397603020e-01 1.2256897079923459e-01 -8.2740884710392690e-02 8.1860606072258285e-02 2.0555301885406749e-01 5.4527856780964813e-02 -3.0088454580193469e-01 1.2982874253192031e-01 -2.3604585970101030e-01 1.3749515003541541e-02 1.4070417567665680e-01 -1.6173795038123459e-01 -9.0311542177613086e-02 -1.3662570600440649e-01 1.0590828683802650e-02 2.2402424634424190e-01 -5.1145008525528321e-02 1.3934366409217150e-02 -1.2258434863956121e-03 5.2103552157107082e-02 4.5395967739148349e-02 6.3433283920299273e-03 1.0341618508615230e-01 -2.0536311974572591e-03 -6.7031103826407437e-02 -5.6103628449345633e-02 -2.7801922922898788e-02 1.1254998080334800e-02 1.5629141439594811e-02 8.6086029357988092e-02 -9.5817363735908753e-02 -1.3436495138828031e-01 -9.0739523012729043e-02 3.1162385370731460e-02 1.8223756203740449e-02 -2.3693910069988470e-03 3.2575438831395867e-02 1.9954104685517601e-01 -5.8584662733624511e-02 7.8820109055631041e-02 5.6776080974906752e-02 -1.1772359035419550e-01 -6.9008869304637538e-02 -7.2909066221726659e-02 7.5788867294249357e-02 1.0696126583952061e-01 1.8594260997144240e-02 -4.0681110700864678e-02 -7.4698669494045855e-02 1.0330174574743360e-02 1.5623680191922140e-01 -5.9124039105616269e-02 2.3860507878691560e-03 7.2952034995472370e-03 1.6030379647119879e-02 6.2452251979413197e-02 -2.9780483325105592e-02 1.4738759465182141e-01 -1.1596157405572430e-01 2.6435349512242051e-01 4.6039544555256037e-02 -2.2000438525990360e-02 5.3109121895150130e-02 1.4583752517436699e-01 -4.1517757249367633e-02 -5.0027725057744027e-02 -1.0025601862672900e-01 -9.1893117494701859e-02 -8.5300259907125670e-02 -1.2615426458326581e-01 3.9233315050613810e-02 8.8813319110052705e-03 -1.0311792794895799e-01 -9.4319454452799212e-03 1.1305315425444699e-01 2.5046995694771909e-02 -9.3888165170803395e-02 -4.8863892538420432e-02 9.0661559827180202e-02 -4.1740291939962190e-02 8.7204289920062503e-02 5.1903678124674203e-02 1.9730029482635511e-02 -5.5351103284420507e-02 -4.2455124086520718e-02
-1.2312396459491099e-02 -2.6486313406547089e-02 1.2092749204994280e-01 -5.1952143114703628e-02 -3.6351352182568152e-02 3.0732115474868832e-01 -1.5240484669024501e-01 -1.0144277051986851e-02 -1.9272371903318791e-02 -9.0990719706515039e-02 -5.5704087576190123e-02 1.2135559620427590e-01 4.2088615877838832e-02 -3.1760415771356548e-02 4.5074185793897568e-02 5.9611033278153022e-02 -6.0366798788743384e-03 1.2892623066662390e-01 -1.4716379936957260e-02 -8.0111997679986252e-02 1.2048749521502580e-01 -4.7492890205552120e-02 1.2456091615777309e-01 -3.4742123370121239e-02 1.5289693732069271e-01 1.2794694842389850e-01 8.1490744936953130e-02 5.2308335407398557e-02 -8.2953198910772977e-02 -2.7200623422038651e-02 -8.2346184432673025e-02 -1.0677675831979780e-01 -5.3676969992191988e-04 -2.5851341643256930e-02 3.0492154525423681e-02 -1.3481842373281300e-01 -6.8655664243326149e-04 -1.1304673517668160e-01 -3.7604481581288908e-02 -1.8922033124460419e-02 2.4628496661472010e-01 2.0563630684675160e-02 3.3287464175687669e-02 -1.1634468264042720e-01 2.2801735572423671e-02 -5.0136410540377520e-02 -1.1071782040411690e-01 -6.2015119269293102e-02 -2.0574184918705520e-02 1.0525635036726060e-01 1.4184462782877810e-01 1.6326109042348210e-02 -1.2070374368308021e-01 9.7322745954748727e-02 -2.5409558267099841e-02 -1.7303701058929841e-01 2.6250676830972770e-02 9.5738259114245185e-03 -2.4174424891937898e-02 6.1883606981326188e-02 4.4608371564752010e-02 -5.5820936129097450e-02 8.7268968553863513e-02 7.5374654060081772e-02 -1.7083382559109281e-01 2.0746886901031419e-01 -3.1878635248866077e-01 1.0492968614271890e-01 -1.3734722187073520e-01 -8.4667477168522964e-02 -1.2595291341058579e-01 3.6981085687211937e-02 2.0614724007281329e-02 3.4775746758567490e-02 -1.1408848619504300e-01 1.7653150937223340e-02 -2.1465131012689331e-02 1.5424787446520349e-01 6.5447209465281292e-02 -1.2215970502469201e-01 1.0812827782594300e-01 1.7565265636971439e-01 -4.8764383870867310e-02 -2.7655118820602891e-02 -1.4569838125650940e-03 -7.3700206894594583e-02 9.3665867469626546e-02 -1.6302328366845639e-01 1.4862243725085100e-01 3.7221083875660831e-02 -5.8590357490690172e-02 8.6917172503820403e-02 -1.0675766119376810e-01 -5.1251554357985188e-02 2.5414652952099239e-02 -1.4587220919081920e-02 -1.4890716550077651e-01 -1.0721804394399080e-01 1.9027150620597649e-02 -2.1573299608220291e-02
-3.0208302140555488e-03 -1.2020251091901300e-01 -8.2683829415746753e-03 1.2428647737874080e-01 -3.7739758255282953e-02 7.9217026107617897e-02 2.3114336521840451e-01 -5.5981325343855047e-02 -1.3537105946940900e-01 -2.1137444364963989e-01 -1.0783256043658160e-01 -1.1202078734919239e-01 6.8447785032742264e-02 2.9193969254439602e-02 -1.2743604549848170e-01 2.8597512957479899e-02 5.6297440557456481e-02 5.8421865899266068e-02 1.0552802484049771e-02 -1.6400423927929730e-01 4.0391515084936949e-02 1.0947233646863540e-01 5.0049953053080277e-02 -4.7862714399321250e-02 -7.3206065088211661e-02 -1.3998297261158330e-01 3.2268269090429388e-02 -8.3070833654890260e-03 -6.4210872600071689e-02 -1.7302578539529551e-01 -1.3464172682798201e-01 7.7912169014123941e-02 -1.3751092192801659e-01 1.1165228177758460e-01 5.3143764901292509e-02 2.6642382898628059e-01 -9.2114686874170890e-02 5.9135057163433619e-02 -2.8907641100214539e-02 -3.9431109989652213e-02 -3.6482402368070203e-02 -1.2801680203851859e-01 -1.0289864683969179e-02 -2.0887891857300171e-02 1.4093187295783030e-01 -1.0105378386889061e-01 6.5484576573198353e-02 -1.0739876548112140e-01 1.4308121780184621e-01 -8.8760790566064313e-02 -2.7600826268439779e-02 -8.9023677628363607e-02 -5.8413795415446647e-02 -6.1892462898627883e-02 8.2370869722881560e-02 1.3444090712316739e-01 -1.4470749667304411e-01 -1.1924815392122740e-01 -1.9499728700380331e-02 -8.2164342689413861e-02 2.2712337853012451e-02 -8.4010639974008566e-02 -2.1338008358397321e-02 -1.7646742277307580e-03 3.0854103170985230e-02 -2.3946832509129639e-02 -2.2932331248476640e-01 -9.9928259523231894e-02 6.9577550315432946e-02 3.3360824804283570e-03 -2.6022778251203572e-02 -6.0953523648647083e-02 -4.6353658606442083e-02 7.4366165869442141e-02 -2.9865783259551960e-02 1.9378887956265571e-02 8.8210184069070373e-04 1.5556247906472881e-01 -5.1612549594931133e-02 -2.3273834070520369e-01 -1.0950670712054250e-01 -1.5065554645011961e-01 2.0676568253608760e-01 -3.6249577356574740e-02 -8.8585121717513329e-02 -3.0065769641537680e-02 9.4607414667108938e-02 -2.6714468026457990e-02 -8.1572987025457816e-02 -2.1682719837251112e-03 1.1428326655605420e-01 -5.9491648598744777e-02 -6.1180424420775030e-02 8.6424074648560993e-03 -1.0737789248636401e-02 9.2645143971096383e-02 -2.3880476556916991e-01 3.6975360339756673e-02 -5.6721527620480494e-03 -4.2333591536969223e-02
1.3050542849987809e-01 2.6993801746676971e-01 1.1423156987634089e-01 1.6635801375321621e-01 1.3052016355956339e-01 1.1442876862405880e-01 -6.2311467973747377e-02 -6.3462431972086952e-02 6.7044283532067456e-02 2.0966608239036111e-01 -1.2149285027988070e-01 1.6381184922110759e-02 7.3528775309244440e-02 1.0770419605377619e-02 -5.1981073092567498e-02 1.3796611137009870e-01 -3.3773112903695668e-02 8.4457521413074860e-02 2.3466707178155490e-02 7.4322221451089493e-02 -5.2571039863371423e-02 5.5393181910614597e-02 -6.4808040811265136e-02 -6.4648175242595654e-02 -5.9783222325455493e-02 -1.5036361998868031e-01 -1.1147382136746760e-01 -2.1547932476685849e-01 4.9942147097347858e-02 5.8552348477732601e-02 -6.0025538527773779e-02 -2.6429980319428989e-02 -1.8783725288679168e-02 8.6182005207057807e-02 -9.3739402150930851e-02 9.9463136597110577e-02 -1.5628610490815101e-01 6.4766182584096763e-02 -4.3376222740576571e-02 1.1749029776163990e-01 -7.1448886769019448e-02 -2.0057776095488991e-02 -1.6352130499880030e-01 -1.3027803871137250e-02 -7.4811784153915950e-03 5.5163825983916809e-02 -6.5422060944588870e-02 7.8660907909237604e-02 1.6197964663579820e-01 3.8213985912564558e-02 7.0735637797115086e-02 1.4073106943620589e-01 -2.5199170909039899e-02 -2.7538737015839379e-02 1.4854629205358820e-02 9.0014650213314895e-02 1.5908072292341761e-02 7.7501956976749498e-02 -1.4082294180199101e-01 8.6686326736393648e-02 -2.0132637724480179e-01 -3.4523015075293227e-02 2.0186406469094820e-01 -7.5152122486020920e-02 1.3077628570496899e-01 5.2321890027333923e-02 -7.1534085640402797e-02 -2.4766662747357421e-02 -2.4061338560327220e-02 -6.5883971298508065e-02 -9.0570379157937780e-02 1.0089529395559189e-01 9.7644611490801933e-02 -1.6115999747769069e-01 -5.3123512039554337e-02 -6.3321920010770666e-02 1.0340573380609561e-01 8.6134066111656873e-02 3.3755891490483442e-02 1.9515831641970099e-02 -2.8459725603709980e-02 -1.2012942447690020e-01 -2.5571134259259790e-02 -1.1465945933310839e-01 1.5499792188774650e-01 2.0770942838600169e-02 -1.2725620872585661e-01 -8.0105631642134037e-02 1.0225524059576960e-01 9.7181205061222881e-02 1.7682254828176749e-01 1.1055058979900130e-01 -9.2362065332080773e-02 -5.9223180148710357e-02 1.6977226968595219e-01 2.6635614506122882e-02 5.9727395531063612e-02 -5.0203872288635792e-02 1.2900981461873071e-01 -3.7822875708559668e-02
9.2538458636835186e-02 -2.3320053198438329e-02 -3.4901290970845197e-02 -5.0556238718171109e-02 -5.3628285305126470e-02 -1.1921238487399111e-01 -4.6337954594922688e-02 -2.8752092442464159e-02 5.6920865083551313e-02 5.5465255032462010e-02 -1.3099018944609341e-02 -1.2669655113259870e-01 6.6755578730994899e-02 7.3891462671475269e-02 -6.7186100137981514e-02 -1.0605975286324081e-01 -1.4303211910645980e-02 2.3131150768319339e-01 -2.1790821476338370e-02 1.6459756597041980e-03 7.0810244386354443e-02 5.7282912832257962e-02 -3.8525498119758902e-02 -1.5630993670628349e-01 4.5683265331147950e-02 1.1574380926092349e-01 6.1244296505385251e-02 -1.1783265072423101e-01 -1.9710863675278600e-01 2.9445761620223630e-02 -1.3038526232766301e-01 1.2136163492432230e-01 1.3576135147655891e-01 -2.8458709400046420e-04 -1.7168534485652781e-01 1.9079617377849059e-01 -1.6741290864041489e-01 -5.2946583737577803e-02 -1.2915957598110761e-01 4.2166197187916227e-02 1.3210242543394601e-01 3.7291600593391087e-02 -1.4496494591472581e-01 5.0664757325973357e-02 1.9722283270797929e-03 -5.6434339885333161e-02 2.6177906634748969e-02 -1.9883073537058100e-02 -1.6298725507172071e-01 8.8269740283423603e-02 -2.2027492968236451e-01 -1.2082054127596489e-01 -1.9465083531385659e-02 1.0124222906828691e-01 -1.2603212756410520e-01 2.0239346225632009e-03 1.9765557422285460e-02 -2.0058815870777461e-01 -1.1479049332515190e-01 -1.1202416877453690e-01 3.4369737497740131e-02 -9.5201473440166051e-02 1.7736828765787810e-01 6.3610266062746113e-02 3.4573918887318179e-02 -1.2663763103409029e-01 5.9546019617437052e-02 -1.6743711370088999e-02 -1.5159961295778321e-01 8.2649617744561032e-02 1.8584601705090781e-01 -1.0572850224490871e-01 -8.7556459726475355e-02 -6.0403320316360747e-02 3.2711801756999191e-02 -8.0057347783389632e-02 7.2589441095992774e-02 -5.1493396137915003e-02 9.2972036950649276e-02 -2.2974293576833001e-02 -5.4916964100985607e-02 2.1669462903174300e-02 -1.7457330971322141e-01 1.2086386178682190e-01 -1.2355145506534140e-01 -2.1766855188325249e-01 -1.1186504731551790e-01 -5.9995637423382313e-02 6.0191588442766293e-02 6.1638756824555767e-02 -1.4121422033512979e-01 5.4160338553543901e-02 7.1682917783734271e-02 7.3804838398233109e-03 4.7038061849084267e-02 -6.3480152960475072e-02 -5.7756339713260080e-02 1.1130087821253751e-03 5.8754112189865662e-02 3.4045894629997041e-02
-2.1161124396542519e-01 -9.5349573528214743e-02 8.4504761473332204e-02 -1.7984002989553730e-01 -1.8762305008397431e-01 6.2851773741478212e-02 4.8597797259985011e-02 -2.2533084313385521e-02 1.1074213455278950e-01 3.8532636987147990e-02 3.0911752364749780e-02 7.3192760906267886e-03 -6.8357121863237461e-02 -1.3781884483550469e-01 -1.9103060969907501e-01 1.2216836803112410e-01 -1.7346941720784789e-01 -8.8006818111325644e-02 1.1174289550711700e-01 3.3532149885003908e-02 3.3253353382973583e-02 -7.6527436430385065e-02 -3.1275888355036890e-02 7.6981646706546308e-02 -3.0158870606200320e-02 -6.4017885222544355e-02 -9.1695379077051942e-02 -1.1181008706818189e-01 6.5350678247107580e-02 -6.6390666489854214e-02 1.1433820154341751e-01 1.8366650109682919e-01 2.2849410233575881e-02 -1.8972993383163661e-02 -8.8972819244943130e-02 -6.6232940204585145e-02 1.8244208469196729e-01 -6.4573639171110933e-02 -3.6794681633514409e-04 1.3999685997363201e-01 6.1667551497225040e-02 -8.1578332526557204e-02 2.7689500832359909e-02 5.9217633081904232e-02 -7.6270150015137744e-03 -6.0295576448023198e-02 1.1529674324528830e-01 -3.3052175426778352e-02 7.6642508426215158e-02 9.7484141833455454e-02 -5.4437755944625167e-02 2.0619067175641359e-01 -5.8887253364413479e-02 8.7460510897233168e-02 1.7533680901961421e-01 -4.8568078967963953e-02 -1.5791781951957670e-01 2.2196022013433500e-02 -9.1758249372411921e-02 1.7316402514451011e-02 7.3411553275914629e-02 -1.6339207683302151e-01 1.1440024152842400e-01 1.1549747066016440e-01 1.0873743929888910e-01 6.4235832107214189e-02 -7.7905672886393403e-04 -1.2389113444341010e-01 3.0659341336371469e-02 2.0652097880617549e-02 5.0375176087575357e-02 2.1242331552632959e-01 -6.5108662935934633e-02 7.4869847128100867e-02 1.2548234153970450e-01 -1.1888617001116369e-01 -1.3825342545519989e-02 -2.1994870813342161e-02 -5.0185145376939237e-02 -4.8484896189552131e-04 -1.8696830332059569e-01 -5.3423089665521319e-02 -1.2188956842687620e-01 -9.9974338533858467e-02 -1.2325974119229111e-01 3.9025227775262759e-02 6.1748137411085771e-02 -1.5264628046602540e-02 8.7069854675104502e-02 -1.4739657487573540e-01 -6.2817951910336359e-02 2.3181808854202290e-02 9.4908841465640312e-02 -1.7497886663308210e-01 1.1689155833838480e-01 -9.2105843014657740e-02 -1.0994859939585490e-01 2.0556221089781109e-02 3.9748569824603390e-02 1.0465322111372009e-01
-2.1757333798988690e-01 7.0561007211358245e-02 -5.7471248434149490e-02 -6.7549228333916606e-02 7.0285935222188539e-02 4.4469012978339342e-02 1.0155687654928290e-01 -1.4172701870759430e-01 2.3945947652737010e-01 1.2553226396650391e-01 2.2114604712892689e-02 -2.8133164218657671e-02 -2.7562576321478679e-02 -1.3556631165657540e-01 7.0285971953197870e-02 -1.7519485908080390e-01 -1.0216744796308801e-01 -9.7062776937399869e-02 -2.8335395390261451e-02 -1.0142376103044960e-02 2.3923098674994761e-01 6.8328275407953689e-04 -8.5882776456329316e-02 3.0035919422966920e-02 5.4415479494771317e-02 -9.3856012419112952e-03 1.5799604159662531e-01 -1.1419605469064940e-01 -6.8888994071105394e-02 2.9036876690946820e-02 1.3757725415394960e-02 -8.4888411527790419e-02 9.0599646241958251e-02 -7.2266642831057520e-02 -7.2358839021522584e-02 -1.7681954679505361e-02 2.6110160657560420e-02 -2.1800323182958131e-02 7.0616699794494642e-02 3.9620175255568803e-02 9.3501994483464208e-03 -1.3456880093069390e-01 -2.0275198061834820e-01 -1.8512643274469190e-01 -3.3852288915881298e-03 -1.9158275186789381e-03 4.7227207965605818e-02 -1.3506650834469169e-02 5.9441920660263423e-02 3.3119555259351383e-02 -7.8354153478624428e-02 -4.8286173380178640e-02 3.9511003068452018e-02 4.8479238679403711e-03 6.5091638003365704e-02 -1.2198751517527770e-01 -2.5134812643670878e-03 5.9604326545655187e-02 2.4308690077915079e-01 -1.2013598707051031e-01 8.3126383108230339e-02 -1.3181003885164350e-01 2.3299011300161449e-02 4.9786916588613277e-02 1.2360150892467940e-01 -5.2181629440163108e-02 -4.8336547798630017e-02 -8.0551650250066151e-02 4.8734794710676939e-02 -1.4633512373501830e-02 -6.6389636493647070e-02 -7.7822646898286746e-02 6.0953578973239872e-02 -6.5376960304494329e-03 8.6841095796883233e-02 -1.0309158374654960e-01 -8.2365923352662657e-02 1.5193224247618209e-01 -7.7044486748140045e-02 1.2937072165077340e-02 1.8971562211677939e-01 -8.0873557632930460e-03 8.2122889492540152e-02 5.3661820760303708e-02 7.6150903548644705e-02 8.6019476261138830e-02 -2.0210810943734769e-01 -1.9687598183414190e-01 -2.2055303288319730e-01 9.7581647338833219e-02 6.4933674317492820e-02 8.1697128506669908e-02 2.4242629181084160e-02 1.6558606692808209e-01 -4.1219320261926387e-02 1.1662231159704600e-01 -6.5375891772099418e-02 -3.0101346832126220e-02 -1.0100226371624840e-01 -9.0216646747272741e-02
9.5946322429123418e-02 6.2968172248121609e-02 -1.7894872452734151e-01 -3.6953784290635068e-02 -2.0514730296439569e-02 2.3762024796619399e-02 3.9190931346219468e-02 -1.2027135339731081e-01 -2.1992580947035729e-02 -7.9177411491420838e-02 -1.0437488971882580e-01 3.4984643090361579e-03 -1.5948321783675300e-02 -6.6330397769704466e-02 1.5184786152258661e-01 1.4724480702847750e-01 3.9031627515127371e-02 -6.6881807010306063e-02 -2.7254829350773981e-02 -2.4896749511881411e-01 -7.3913075361664707e-02 -6.4803671296329551e-02 -1.3476388800425410e-01 -5.6918141578917288e-02 6.2130652805384552e-02 -9.5525350080699262e-02 -1.1316520194477740e-02 -4.9669245590698768e-02 3.6339387328313918e-02 6.3281024033250602e-02 7.7982727701760263e-02 -5.3637664566055947e-02 5.1865879358748257e-02 -9.2713789114585408e-03 -9.9798556397024132e-02 -1.0879661374893029e-01 -1.2620163675915241e-01 -1.7962985432759629e-01 -5.1129608008829243e-02 -6.1851391469009927e-02 -2.7224116889515870e-02 4.1666754393649127e-02 2.3848545601374539e-02 1.4948308885511410e-01 -9.7200030608405263e-02 -1.6040483916073489e-01 4.9689363550904718e-02 3.7762988970809770e-02 6.3543105474608202e-02 -2.3373491117753220e-02 -2.6384593403595120e-02 -3.3687294057981950e-03 2.6662185783472259e-01 7.5894189808351969e-02 6.4887698595517712e-02 -1.1404905064876281e-01 -1.6632623562676960e-01 -2.0264925371381831e-01 2.0093263341210360e-01 8.6005988962624166e-02 3.0684740238671869e-02 3.7725341593722310e-02 -1.1752005038325120e-01 -8.9887225281212943e-02 7.4162142876311302e-02 -1.6112689529122909e-01 -1.3239403933571961e-01 -2.6799304279874720e-02 -2.6624732027868251e-02 -9.3600100652932408e-02 9.6146567003520686e-02 9.5217261299970324e-02 2.0794595629449950e-04 -1.0917073099267730e-01 7.9692326565940649e-02 -6.6429811968745757e-03 -1.1301094922036650e-01 -7.7974956380186061e-02 5.1750247885392391e-02 -2.2220650095502800e-01 1.9097214442269511e-01 -3.1128919781798391e-02 7.2313886008137113e-03 5.9410841035817240e-03 3.0194159823943689e-02 -5.5701424176108717e-02 1.0137029628565060e-02 -3.2592521681893083e-02 4.6443151030949682e-02 -5.0395824742741929e-02 1.6223422466021119e-02 7.0265835463949627e-02 1.8222460089472290e-02 -2.0048553725769019e-01 -7.2003947955504424e-02 -6.3594600230280199e-02 1.1093994822216111e-01 -6.1391546253007400e-03 2.7304020671435281e-01 -2.1513280434405269e-03
-6.1399122930535961e-02 1.8128139761869350e-01 -1.2104892669405970e-01 -1.3906796460332979e-01 -3.3333713847949253e-02 1.6575681219014510e-02 -1.1794763259287950e-02 -1.5764796614472470e-01 -1.2066325428799141e-01 9.4939410479101913e-02 -1.0736493733478640e-01 8.3664525417724817e-02 -6.1847444162308411e-02 -1.2166677236545130e-02 -1.7322249463612070e-02 -3.1962205475338873e-02 7.5479497212925184e-02 5.1376365804738838e-02 3.4996269508384462e-03 -6.8526868399258326e-02 7.8325560786057694e-02 9.1948657789284141e-02 1.4246074158826691e-02 -1.2268866256754681e-01 -3.2996067760624533e-02 -2.1905765447286590e-02 3.3107869064788980e-03 -1.9583534348758760e-01 6.7654266771615276e-02 -1.0249817733622731e-01 4.1171836089647917e-02 9.1574046385000607e-02 1.9160660995341491e-01 4.4426258416775223e-03 1.4423371194261950e-01 -1.6556212033149059e-01 2.8944367211169799e-02 7.2427410212283105e-02 -8.6298676080086387e-02 -2.0494126451186939e-01 1.1914923149630080e-01 -8.9023976461475390e-02 -1.0158454483958200e-01 1.6396583038261339e-01 -8.8250421826736539e-03 1.3316938245912111e-01 -1.2723886450492050e-01 -8.0811840593196668e-02 -1.7559128483129210e-02 -1.9765469574866121e-02 8.3955095811858671e-02 -1.2599898297616241e-01 3.1380067648389187e-02 -6.3165680380981790e-02 1.2183819247614221e-01 3.4176701607477433e-02 6.1740363680470957e-02 -3.7502132878416632e-02 -7.1526752899667020e-02 9.3908215173292550e-02 -9.9394196620500350e-02 -8.7101301113726187e-02 -8.6098766025311413e-02 5.2767031890952103e-02 4.0682475950027323e-02 9.0635113953029908e-02 -2.0154653220581700e-02 -1.1641028910922500e-02 -5.1236268798704387e-03 -1.3883349907769110e-01 1.7067180732814091e-01 2.6387381260076091e-02 1.3006508412673510e-02 2.1855414624892411e-01 -1.5488573129198099e-01 7.1754799829552726e-02 4.3223617639575078e-04 -1.0261589797168720e-01 5.3826714314414000e-02 8.8242687043607909e-02 -1.8861605448312499e-01 7.8426031480094374e-02 1.4561303468045550e-01 4.5500838679340433e-02 -1.2729885406923830e-01 -2.4236360177452600e-02 5.4879667331647397e-02 -2.5485404389236171e-01 -1.5377391098357959e-01 3.0627876325179090e-02 1.1765715546475019e-02 -4.6047293316593609e-02 1.9261825920130409e-02 2.4928284095104260e-02 9.1472822150651736e-02 6.4791637687499737e-02 2.1719165413606009e-01 1.2672864273160461e-01 -1.6179163132754540e-02 6.6164529468029754e-02
1.6428978510852590e-01 -1.8287634571732050e-01 -7.4985429974588772e-03 -7.8405362852978135e-03 1.0260800396459660e-01 4.7404622585248947e-02 -7.9941775255968045e-02 6.0664143336923763e-02 1.3957458215652019e-01 -3.3651987053756709e-02 -5.3538015126632872e-02 -2.5495364948263651e-02 -3.2427531856243273e-02 -2.6409842666863859e-01 -6.4801986611728854e-02 2.1577366218478519e-01 -1.0625496825569811e-01 -1.3855942690137479e-01 2.3862575477273189e-03 6.0738660082341231e-02 1.6491324075534960e-01 2.3792551807363411e-02 4.0253074013626967e-02 2.6882776921869269e-02 -6.8740695708684046e-02 1.0585713218631360e-01 1.8303660100597110e-02 1.4822770025956430e-03 -1.1786054701110099e-02 8.7779099833406149e-02 -7.3565243445135195e-02 -2.0149890130088271e-03 -6.6672102992001011e-03 5.6310615389964187e-02 1.1262441260668120e-01 -4.8487681531291488e-02 -3.6322534042249152e-02 -2.8352368686823493e-01 3.6204185486546019e-02 -2.2138697427299961e-01 -4.5211397259064590e-02 -7.8426772442696274e-02 9.2600015700459240e-02 1.4115889213551380e-01 4.9802479380882003e-02 -2.3035882938407460e-02 -4.5052572745382567e-02 -1.5610724199289249e-02 -9.4795333543873060e-03 -2.1304925126505021e-02 -3.1919001984747702e-02 -1.4695386618679260e-01 5.2694616128306171e-02 -2.3757728889121060e-01 -5.3724819656220828e-02 1.4926301017508811e-01 -1.3015967395978200e-02 5.4638660250510892e-03 -1.7080396402887280e-01 -1.3658061722017989e-01 2.4105673131722471e-02 1.2027408764495900e-02 8.8908075774663864e-02 1.6797083158676500e-02 7.9790837927992964e-02 8.0725728232310071e-02 6.0157689277481927e-02 3.0100424138922711e-02 1.6129172011454172e-02 -9.8373250059721445e-02 1.0983454417443930e-01 -1.1565078641464250e-03 -8.3797057759417370e-02 -4.4273623672329288e-02 -1.0942005461981260e-02 -1.4016042654971270e-01 -1.3385587684106701e-01 -9.7338366055261735e-03 6.7986989789357091e-03 2.7077953861971999e-02 -3.2868539285488267e-02 3.3565736549892269e-02 -1.1005377152225421e-01 7.2090830303130987e-02 5.3857676446088729e-02 6.7478074440078958e-02 1.1929128317176420e-01 1.7769799473475609e-02 -1.2741628519075290e-01 3.1933168943260079e-02 1.6949427716086241e-01 1.6842865495139989e-01 -5.9092470601876751e-02 1.5582536568863681e-01 5.5189410158966612e-02 -1.9083381127630669e-01 1.9802581374347029e-03 -3.0528600289413690e-02 5.3298014582348757e-02 -2.1569664188231999e-01
-4.0301341605100530e-02 3.5002902020511268e-03 1.5556361040613509e-01 -9.2980609809042325e-02 -5.2008410856285069e-02 -5.5437288010952303e-02 1.2970453954434449e-01 8.8407689159520665e-03 2.4456864416567439e-01 -2.9225895240076918e-02 6.9339694594569663e-03 3.8114220931804887e-02 -7.8413991559997620e-02 -5.2732382132682221e-03 7.6870730016054253e-02 -1.8016089438057561e-02 -5.1361140323990723e-02 1.1133973152904200e-02 1.6116113761733081e-01 -2.5738057175750350e-02 1.2121898596309751e-01 1.3214195689367100e-01 -1.4807441675041499e-01 5.5459185852338904e-03 -3.1962002519746520e-02 -5.1326200413361570e-02 6.1785410905585023e-02 -6.3473811116892570e-02 1.4285329974528810e-01 -1.5081395820903790e-01 5.1302308029383640e-04 8.1917455365680732e-03 -4.6306303008866963e-02 3.7827894374663537e-02 2.8942452033081950e-01 -1.3659742491342669e-01 -2.8590186729754880e-01 1.7977888236174791e-01 2.7934026127054139e-02 -5.9927978734577579e-02 -8.5946325071210680e-02 9.2379655595523663e-02 -1.3779087594470299e-01 -4.1412737338095230e-02 -4.3117604141222994e-03 -2.6601844135126551e-01 -4.2772272714506447e-02 1.2862749181123690e-02 -1.9154603632993240e-02 -5.3132754704641322e-02 5.3026494379455141e-02 -4.0335012570131647e-02 -2.0915037016058119e-01 2.8975499169095389e-02 -7.9749116070374118e-02 -9.8531132085158291e-02 -4.9190429932319188e-02 -9.8930905006569023e-02 -2.5701480964027839e-02 -9.9442433285969162e-02 5.7072540652845200e-02 5.4989336401935684e-03 -1.5099379490358031e-01 -1.3785408419440731e-01 3.7828209911691720e-03 1.2978774738021720e-01 7.0335176377644387e-02 1.1652230541684830e-01 -6.1983084360088578e-02 2.0524106898027231e-01 4.5657919956924038e-02 7.0595906557466059e-02 -1.6689644001967441e-01 -7.2552860542259956e-04 -1.3435832400846581e-01 -1.1153949585276039e-02 -3.5829557580610842e-02 4.3374024350364207e-02 9.7479094653261308e-02 8.9538824741766817e-04 1.7191136285168020e-02 -5.9743023386011798e-02 -3.8411130862032197e-02 -5.8351896322931897e-02 4.9579063427485299e-03 1.4237843705299191e-01 -8.0410963937121632e-02 9.7876049614890714e-02 9.8966212895437361e-02 6.1822430187897119e-02 -1.1503977633697650e-01 6.8364306062676433e-02 -8.6532814594821900e-02 1.6905850386264201e-02 -9.7389403395542699e-03 -4.4713025089529887e-02 6.6682547699571007e-02 6.5757706197270477e-02 1.1718234215429239e-01 6.2994202347974065e-02
-7.8112667110584559e-03 -6.1375802754330237e-02 -1.1054171231503830e-01 -6.0220673971646543e-02 -1.3190297312527480e-02 6.2894586847517489e-02 -7.8101584505214566e-02 1.2426380174039840e-01 5.9653417274819043e-02 -9.4790351171375506e-02 8.9055688889004003e-02 2.1021229062354079e-02 -2.0762320761554268e-02 -2.2827025416943649e-03 3.5852610040090903e-02 4.1136444583486781e-02 7.2546334286642575e-02 -1.2720628901767531e-01 -9.6721367909965189e-02 1.5363058290902540e-01 7.3609250718552816e-02 -3.8612521487590848e-03 3.2616896439734530e-03 -8.7287067422120238e-02 9.4265300771473756e-02 -3.4400649638487782e-02 -1.6120758251448281e-01 -1.3236580768678061e-01 9.7249013711373095e-02 -3.3146707290295771e-02 -4.0442340981960839e-02 6.5678919516805587e-02 -3.3891638347234437e-02 7.7687283020290016e-02 -1.7359252848555509e-02 -7.9330320695344084e-02 -1.0368971058084631e-01 7.3138450468553579e-02 -4.4101206858902238e-02 -1.6906360880821161e-01 -2.7517040466660170e-01 -6.0716740540460001e-02 1.7698307082455701e-03 -2.5791531542545738e-03 4.4647141638696070e-02 2.6654596561948851e-02 1.6203082563831750e-01 -2.3443256000161169e-02 -2.1464631634810169e-01 -4.4192606985990091e-02 1.5837637872780580e-01 -9.7730119428455983e-03 -1.9463102633358489e-01 4.1895343420737002e-02 1.8385155816901760e-01 -1.1956223660917439e-01 -1.6106304211592559e-01 -7.1787970059923142e-02 1.9774864625257300e-02 4.4283917707036859e-02 -1.7691536990420101e-01 4.5616653815052338e-02 1.5898149054224339e-01 2.5107108759026608e-01 -4.7329202405923303e-02 -1.7141487272370259e-02 -3.9740173906879742e-02 -6.9944170399447461e-02 -2.9552045191626949e-03 1.3402630935437100e-02 -4.1523553254110702e-02 -1.9566586458717630e-01 -7.9257284275639876e-03 -2.3904889515846760e-02 -4.2939695292624210e-02 -9.8354739332834826e-02 1.6205810894722761e-01 -2.1552158940975380e-01 -1.2579184858665371e-01 -7.4027648037376048e-02 1.3132452347070400e-01 -4.1432036752353428e-02 3.1041045014995411e-02 8.7002448163716189e-02 -1.5643502899796040e-02 -1.8744092514908609e-02 -8.4608764388834704e-02 -8.0556289868495043e-02 1.9400369203513820e-01 -7.1318624923109628e-02 -2.5814532858804161e-02 -6.3227844040647810e-02 3.0551834431781721e-02 4.2517801030663847e-02 -3.2018712691221272e-02 1.0195271881827260e-01 3.1751880971167400e-02 -3.8978770024378738e-02 -2.0416621513275959e-02 -2.1393297867069519e-01
6.0993485481345396e-03 -7.1342303485217654e-02 1.3343891849956799e-01 7.1980228208436386e-02 -1.8619544307560340e-02 -2.2882469760202889e-02 2.2617577481410699e-02 3.3177554286138153e-02 -3.4468821800248739e-02 4.7470262972223842e-02 -5.1986653694691652e-02 -8.9250550201482856e-02 2.5617765074457542e-02 3.1105510896216000e-02 -8.2838288145401177e-03 1.1598913431572920e-01 1.6311239674750491e-01 -6.0607199067333598e-02 4.5612217589316488e-02 -4.6171119986241821e-02 -1.5134692791091281e-01 -1.5195032852626300e-01 -2.9257051275534119e-02 5.1859589854263713e-02 -1.8642209421125520e-02 7.8044055837882417e-02 1.1812279081286610e-01 -6.8648603969464594e-02 1.2173671637433260e-01 -6.0690743615822960e-03 -1.6134266508542839e-03 3.0101596467124601e-02 5.7151364414954713e-02 4.3220368189196418e-02 2.1998033928979512e-02 -9.1785275832234215e-03 -1.8798147577035479e-01 4.8768788110542917e-03 4.7206043630206813e-02 8.0623910618464148e-02 7.6441599595193685e-02 -8.6438627093531881e-02 1.1625425443291711e-01 -2.3533697083058219e-02 -9.5960411747331803e-02 -1.0409892073850990e-01 -1.0267521303716901e-01 1.1779225055342980e-01 -2.3129505822063350e-02 1.5577821226143071e-01 1.0618533183127860e-01 5.4909669585305063e-02 3.0245256756280620e-02 1.4760280107410259e-01 1.3975592972549941e-01 3.0723485839146351e-02 -3.9963983165458371e-02 2.3322094824157241e-02 -1.7753663412212231e-01 -7.7762544714072734e-02 -1.5998006384724581e-01 -1.7759893734197341e-01 -9.4462677842836587e-02 1.2807093821712709e-01 8.4784282058154095e-02 -2.9956344179761962e-01 -2.8077011790557611e-02 6.9231187296289548e-02 -5.5473652708275790e-02 3.3166671898067213e-02 -1.2185563058002830e-01 -1.5300108986284480e-01 2.6516949788183919e-01 1.1312261715646640e-01 -2.6655056585732921e-03 -1.3315094222374271e-01 -9.7922333748372933e-02 -4.3409709675665008e-02 -1.1123635383810659e-01 9.1476732395763469e-02 2.7745104224796051e-03 1.0874656954822860e-01 9.5606784671968172e-03 2.4116801746985689e-02 -7.6326359271958841e-02 1.0028029928309300e-01 3.6762759997576597e-02 2.6055026242056800e-02 -1.6634053236398580e-01 8.5500035652442380e-02 -2.2868790043163570e-01 6.8987936635831915e-02 -2.2611545909979811e-01 7.7516499846265671e-02 -8.3747450877449170e-02 -5.9286736804405549e-02 -2.8899160303719029e-02 1.2814379254725550e-01 3.7233078969762870e-02 -4.9016324745042278e-02
-6.3171254258082316e-02 -1.4220679544187281e-01 1.1657885362931571e-01 -1.1544159487244930e-01 1.3953826627774399e-01 -3.9236419476165359e-02 -9.8711551100508596e-02 -5.2366152731682887e-02 -6.6347111910118925e-02 -1.1680978204746530e-02 8.8744491411402268e-02 -7.4270436854436933e-02 -1.7893212841329850e-01 5.0131289639209438e-02 -2.6297494997972629e-02 6.3619107587835913e-02 1.4766639021390771e-01 -1.6440673963788990e-01 -1.1496605610696270e-01 -5.1346067170362157e-02 6.4062470245819250e-02 1.2259406099873230e-01 8.9713526680936587e-02 2.6331985170253990e-02 -9.1158326654994931e-02 1.0228772783825089e-01 -7.4778233934522220e-03 1.7926167848180810e-01 5.1567488707469682e-02 -1.1133275928768149e-01 7.0594625879994100e-02 -2.3120923218327269e-01 -1.3959341659754401e-01 -6.7781145386591149e-02 -7.0480937799628718e-02 4.2858440638118583e-02 -5.8714945001903378e-02 8.1703835858076640e-02 -1.0496397470297290e-01 5.2686717630288121e-02 1.0515685551482110e-01 1.2230103041154079e-02 -1.8369398567237649e-01 1.1141239563161490e-01 -2.5130957942274788e-02 -9.5600504761096217e-02 1.5028501142055931e-01 3.2217121008041430e-02 -6.4600833220383583e-02 -6.7269401844207197e-02 -8.0087894023657888e-03 9.3622704657499153e-02 7.5192539021131669e-02 2.1410076917304302e-03 -2.1813496394315041e-02 5.3906475598905240e-02 -1.0305169229471210e-01 -6.9876103678786730e-02 -7.0944841913340656e-03 3.0620346289365690e-03 -1.4239373534649849e-01 2.8316974732731780e-02 1.9737159768440601e-01 5.5425336456297700e-02 -7.6662606641277387e-02 -2.7784531343149819e-02 -7.9553980075711267e-02 2.2705152551186719e-01 2.1891694936154740e-01 -6.9471522610580344e-02 2.5984274273909451e-03 5.3190399263909047e-02 -7.9855810835843033e-02 3.3345327008502741e-02 1.3197920871900271e-01 4.9317702864068072e-02 -2.1635071500588449e-01 3.1636332179527188e-02 7.7812666557608531e-02 1.5324049229069511e-01 -1.2353378545564510e-01 -1.7269292265916669e-01 4.2942547813988673e-02 5.8518677651823059e-02 4.8570458442129309e-02 -9.3350342955468193e-02 -1.4833992698116591e-01 -1.7045027373894889e-01 2.3027978043502879e-02 5.4609522142154483e-02 -8.0294803472228032e-02 9.5431649322044135e-02 -1.1377682829801730e-01 -7.1152106139720547e-02 2.4947599056957981e-02 2.4365218638086730e-02 9.4796777128516141e-02 1.0346627174738580e-02 -7.0211141807041133e-02 2.7499042926351969e-02
-5.4844044012081282e-02 1.9314105929632219e-01 7.6475609754870527e-02 9.2929137437879908e-02 9.3337458170924786e-02 7.4264681737268398e-02 2.1579689224795071e-04 8.6244916520798756e-02 6.6308881553711577e-02 4.7719974534905792e-02 6.7390787736468782e-02 -1.2146443432838450e-01 -2.0613206412906970e-01 -6.5347432921504287e-02 -8.4343669019033660e-02 -1.2760079987907619e-01 -1.0101206642729560e-01 1.0934662581557200e-01 -8.1519985553491110e-03 -1.4744066912702330e-01 -6.9311401077144147e-02 -9.9065919924335916e-02 4.2323306612281848e-02 -3.8069423740434753e-02 2.4367811765259342e-02 -2.0382019803069609e-02 3.4422981001743659e-02 1.1798147496594360e-03 -9.7362337456683323e-02 1.2001778085067349e-01 1.8696633121423009e-01 -1.0299086868692819e-01 -1.7089345681158291e-01 1.6983559903110151e-02 2.5533314440534449e-01 3.2188459963816092e-02 5.4527404571533350e-02 -1.2435134942124630e-01 -8.3718852044522563e-03 6.1899087804224727e-02 6.3213559331736377e-02 -1.6471683603284570e-03 -1.0090845942605070e-01 5.1765357293930461e-02 -4.9679329349092367e-02 3.9200690654214117e-02 -4.4979807285056052e-02 1.2279203004680560e-01 -1.5030563175192299e-01 -9.4053116911975390e-02 -9.5938948461420648e-03 7.7183987337799215e-02 -2.5026192662289132e-01 7.6530405334724341e-02 -6.1755926404044740e-03 4.9202477067253059e-02 1.7929761362952941e-02 -2.3117009026558530e-01 -2.3249166424694680e-02 -6.5165984990284267e-02 -1.9044284305968100e-02 -4.4571852821519257e-02 9.4885161350297356e-02 4.1067994039816459e-02 -4.2747230797613542e-02 3.3971988439441009e-03 1.0913885771790170e-01 -9.6695764958394423e-02 -8.3808706823654440e-03 2.5296737433791260e-02 5.9849832789143097e-02 -1.1021610666769820e-01 1.1767676026752419e-02 -1.1262360284711879e-01 1.0905194061332310e-01 7.9820173551231055e-02 -1.2595897770151271e-01 -3.4073617294618087e-02 -1.5183569354109930e-01 4.8099803560560147e-03 1.8658418907187149e-01 1.7790929025955741e-02 1.2183814098968181e-01 -1.2926495452392009e-01 -1.3516190016657159e-01 -8.6221735035820160e-02 2.2447421310888960e-01 -2.5592872018390351e-02 -6.2959196036177806e-02 -9.8199877234334487e-02 1.0834300709142131e-01 -6.6149164891602483e-02 -9.3340991041683072e-02 -9.7679083923251947e-02 1.3340669961771209e-01 1.9515188250376781e-02 9.3788386266930382e-02 1.3533456235924629e-01 5.4596729531139497e-02 -8.6544675807439519e-02
-1.1422979047946100e-02 6.5763391797041141e-03 -1.9879284419404250e-01 -4.1595279059385711e-02 1.1043087372624109e-01 1.3769788087349169e-01 -7.9214825083635636e-04 -5.6917000196201051e-02 1.0746857259052101e-01 6.4176627716564811e-03 -1.1396856370941599e-01 -2.4431809776872759e-01 -1.4656154659490009e-01 1.2344096181838271e-02 1.5782578147402451e-01 6.0330761154135319e-02 -6.6318597820185468e-02 2.1912522363504789e-02 1.2415846836339849e-02 -3.5411049655209047e-02 1.3211581900716789e-02 -7.3338868995253187e-02 -2.4590479296815269e-02 3.5341899906171141e-02 -1.5856840772318481e-01 1.1389075511636060e-01 1.5005961156936390e-01 -1.6263428094302070e-02 5.2184288178677108e-03 7.2173103655504695e-02 -1.3337667769622549e-01 -6.7264616459605298e-02 8.8101895888281573e-02 -5.4452556464384697e-02 2.0750760041388209e-02 -4.0869843276985111e-02 3.1457460326521927e-02 -1.2292826452109060e-02 -2.0626776301957160e-02 -5.8788936458984437e-03 -1.4522090256378331e-01 1.0610484582273470e-01 -1.1298262634957060e-01 1.6151344518789790e-01 8.2796104018628289e-02 1.1525814944358140e-01 1.0234040974986200e-01 -6.4764807085547466e-02 2.1330565218915121e-02 1.2756939951766449e-03 1.2099889384631400e-01 1.9837326737805281e-02 -1.1860602518530491e-02 4.4982806662837688e-02 1.4905613942817000e-02 1.2729274316347469e-01 -3.5927819683419661e-02 -8.3992135293185360e-02 7.0668316274458756e-03 2.4886476043438691e-01 -2.5228924290679092e-02 -3.6258084935860933e-02 -2.4666410072510910e-02 -5.7800941680484826e-03 -8.1760864056988194e-02 -1.4059866464255780e-01 -1.6725095489637731e-01 7.1633029748308957e-02 -1.7044144534235381e-01 1.5517790848950999e-01 -2.5901711963336232e-01 2.4251430222962861e-02 -1.0186139949207490e-01 -2.6673880020820849e-02 9.0200412123409623e-02 -9.9676412328715408e-02 7.0536867924011662e-02 1.1071137584557619e-01 7.3617792081308003e-02 1.3664582897613770e-01 -3.4960659755741183e-02 -3.5567201952924801e-02 -6.8846218967199238e-02 -4.8605387982037909e-02 -2.3134837062321459e-01 9.1572805359553380e-02 9.0388867761263966e-02 1.0394311722036560e-01 7.0027943655261493e-02 6.0116405339169121e-02 9.3800286985601694e-02 -1.2973571935998579e-01 9.9073863381550206e-02 1.0507677925097440e-01 1.0308115960198001e-02 -1.1669389993528249e-01 5.6116901296035776e-04 7.4123809983832945e-02 -1.7517881043326650e-01 1.1798374738402680e-01
1.0473667852759010e-02 4.4385416506686898e-02 -1.3175291205261039e-01 -1.5613249282952410e-01 -1.5790410599794000e-01 1.6788042432465919e-01 -9.1744566608643495e-04 -2.0783039398040701e-02 -4.4260481793660924e-03 1.6364384199477949e-01 1.7903084167850841e-02 -3.0206251755497789e-02 1.6591908575399811e-01 -2.5753394335308018e-03 -1.3299089510531500e-01 5.8408254454094401e-02 -7.1381918943672004e-02 -7.2120336405418359e-02 9.3470918215105725e-02 6.2105780638879227e-02 -8.4732836776353539e-03 -4.8621294249548690e-02 -5.0053308176153298e-02 -3.2463098362706333e-02 1.8329763351122660e-01 1.7922553272067920e-01 -1.8018423654515750e-01 -1.2030763437035991e-01 -9.8943017364233402e-02 1.8337714310240210e-02 -1.0467942000806710e-01 6.4904944604717574e-02 -8.8541628196784988e-02 -1.6359542270205221e-01 7.6998986341106926e-02 5.6899816931554881e-02 -2.1535033493715071e-02 3.4568670341778532e-02 -1.0708832203401550e-01 2.2190996808521220e-02 -1.8316414095829089e-01 3.4211766826088420e-04 -8.9762107762371077e-02 -9.3876845553357041e-02 -1.4665368323935329e-01 -6.4128328346629335e-02 1.6563516573836501e-01 5.5611532447240241e-03 -1.0979963264837569e-01 -1.3643496124386489e-01 1.3432861720302461e-01 -7.6440128605421848e-02 1.8908488204091019e-02 9.1242757782955319e-02 -8.8183514445587197e-02 1.3032792681351679e-01 9.0763661923778077e-02 6.8183570709114696e-02 -4.4799884611690467e-02 1.0618848624351231e-02 -9.3598396686414721e-03 4.8748351675497681e-02 5.6541271098293567e-03 -1.2336328430987720e-01 -1.1481576200295610e-04 -3.9491896813654802e-03 6.8841374913426413e-03 1.7048537955737911e-01 -5.0182770360752291e-02 -2.6752034677927672e-01 -2.8501421506266441e-02 1.7442206964225629e-01 -3.5954942035810157e-02 -3.4592085186444847e-02 2.4367214999638141e-02 5.2575331466189597e-02 -1.2526366511787670e-01 1.5068696303682749e-01 -1.7531745288567810e-01 -4.4844339407963847e-02 4.0914514341220398e-03 1.2361508696754130e-02 1.4228492070642029e-01 5.7509119041656400e-03 1.4111217996614271e-02 -1.2043184349680780e-01 -4.7467268405417068e-02 1.1796031040018330e-01 -1.3938879723363309e-01 -5.9652117627969362e-02 -1.4391829441074841e-01 -1.1553781311669470e-01 -4.7236339743986722e-02 3.2628186464182113e-02 -9.0312231211489125e-02 -9.6656593752609890e-02 -5.5492496180234843e-02 1.8275746144588720e-01 1.5817854087380911e-02 -1.3248620989067480e-02
-1.8186466493367051e-01 -1.7646203076175732e-02 -2.5577801734490840e-02 1.0523787437545330e-01 3.7848922341411850e-02 8.0678166315849009e-02 -2.5100465238750158e-01 5.8822755737919043e-02 -2.7405386510545748e-02 5.3708652909898440e-03 9.8319390813851552e-03 -5.5408930996135959e-03 -3.1827081181573749e-02 -6.6291670399351646e-02 5.9133366382507716e-03 1.1346617462648820e-02 -2.5071700697911471e-02 -8.8608144255157683e-03 3.1045819313005020e-02 1.4859669532057959e-02 -1.2470445847865171e-01 -1.4650858359909469e-01 -2.9625029103377742e-01 -1.3774618411249270e-01 -3.0549340608769932e-02 -4.7140932587784741e-02 -5.0357542010065877e-02 4.1066545785746852e-02 -1.1361662758095370e-01 -5.5104073245697993e-02 1.1395593307651259e-02 2.1984574963417200e-02 3.7705978562731458e-03 2.2271697531239010e-01 3.8833399429960641e-02 2.1236823750914111e-02 1.4592068106295731e-02 -1.1593289811406320e-01 5.2316143659882713e-02 -4.7549878505583031e-02 -1.4520740574108471e-01 3.6107682233428598e-02 -8.0712874984745608e-02 -8.7057961924508265e-02 -6.3882105124413988e-02 1.3687262462361879e-01 -2.2065988925568499e-02 -4.4333846305796523e-02 -1.4741324772086881e-01 8.8194583533790658e-02 -7.4666080496487292e-02 1.0873075643274981e-01 1.5983852531993001e-01 -1.7952141502525320e-03 2.2581192682361199e-02 -7.0074068256835709e-02 3.9708726774325409e-02 -8.8446090827743143e-02 -3.8799083562531818e-02 -1.3378881759227049e-01 -8.7773532661270290e-02 6.0285509911726501e-02 9.5266309741377744e-02 -1.9425768193616061e-01 1.3835250689281220e-01 3.7179850675986677e-02 -1.9170033092046049e-01 8.4421091876837426e-02 2.5512118790555888e-01 2.0203561154279120e-01 2.1282500704405721e-02 5.2000993112129412e-02 -1.2591805468674450e-01 9.1748911617789454e-03 -9.3996152007637529e-02 1.7577863790990569e-01 4.0891800723563132e-02 -1.9596621048948531e-02 -3.7442421528248372e-02 -1.5649706785367379e-01 -5.1468786159489521e-02 1.0834050838470480e-01 3.4439584538312681e-02 1.4759858167501941e-01 -7.4722903825507572e-02 1.4295912742736819e-01 9.3507196075477590e-03 -5.3145694582970568e-02 -6.8349518306857371e-02 3.2319455251367681e-02 -1.1930071799960310e-01 -1.5140077026959310e-02 -9.1706987834184947e-02 6.6489579989597480e-02 4.8605312507716922e-02 -8.9277725911441605e-02 -3.9543794518380568e-02 -4.7642841822618437e-02 -1.2504892941420831e-01 1.4635766032302630e-01
-1.6854796572149591e-01 -6.2096360084908667e-02 -9.9259074829714286e-02 1.1976860776270851e-01 -1.2677334068602661e-01 -2.3411957681458440e-01 3.5069297476567320e-02 -1.6238282660165190e-01 -1.6229675922675650e-03 3.3052459183401703e-02 -1.2380197954005040e-01 9.7243860032423329e-02 -6.2517085897035016e-02 -3.7972464590011232e-02 3.8354042564645611e-03 -9.8964082161960315e-02 7.2895667732936903e-02 -1.4427802182557009e-01 -6.7102942467377469e-02 -1.2702978185530481e-01 -1.5461255731007681e-01 -1.8475144562058479e-02 9.6979286252946509e-02 3.2648028923321977e-02 3.9053108982252123e-02 8.3643240471994354e-02 -3.0889043928720970e-02 -5.0091380435829239e-02 1.0636270209568960e-01 -4.7844872879394158e-02 -1.4508730551233860e-02 2.6146933782670051e-02 1.3633435168357791e-02 -3.8045410032450752e-02 1.4407011283953880e-01 6.1902623378339197e-02 8.5260877654999942e-02 -1.7401932049345720e-01 -2.5742744529861572e-01 -9.1998202254150563e-02 1.0252629661600690e-01 6.6504862354191440e-03 6.0217422085968621e-03 4.3669670477083880e-02 1.4162634733940160e-01 1.0647610854214620e-01 -8.0964228211742789e-02 -1.6034460722041041e-01 -1.5523601883654201e-01 8.9723426262631037e-02 7.5666796402547351e-02 1.0442773721443080e-01 -3.0309972219245359e-02 -2.5709069635616699e-02 -1.3176981087385409e-01 -3.5977585621056921e-02 2.8284699137922451e-02 -1.8368250807524490e-03 -1.6673201061584121e-03 -1.4568576059167779e-01 -1.3755755793073920e-01 8.1514497781515538e-02 -1.4085416747465379e-02 -7.3876576217150949e-02 -4.9318735656051188e-02 3.3137912418890497e-02 9.7775371397719121e-02 -8.2872886414618277e-02 -2.2855252513749570e-02 -7.1305074380898018e-02 -8.5566080226083099e-02 9.9689358535114819e-02 5.6155240173343397e-02 -5.1846193712873717e-02 2.9799219680142382e-02 -1.3625463371039591e-02 1.0409797403029040e-01 1.1134354086837060e-01 -1.4820998348972059e-01 -9.2886981574495153e-02 8.5542407869092285e-02 -2.5881349492887390e-01 -1.1943151561830360e-01 -1.1214974609368721e-01 -5.5288843562448613e-02 1.0338451339163930e-01 -1.2581080525915561e-01 -5.2648924185394318e-02 1.0571595764704070e-01 2.6915485258767868e-01 -4.6053817560536899e-02 -2.6763627251592041e-02 -1.8281906621888049e-02 6.2011353661398051e-03 -1.3488414368656960e-02 -1.4521042103746959e-01 -7.2658739859839339e-02 2.2291408938440511e-02 4.0242020831954682e-02 -8.1032036972705571e-02
1.4415627388205010e-01 1.5176451241619121e-01 1.0477203776619901e-01 -1.2297002268296510e-01 7.7116204351311168e-02 -1.3685288634090889e-01 3.9157530909247437e-02 -1.2831301202253770e-01 -4.3017670774786951e-02 -2.0416257845883451e-01 -4.1799707497753559e-02 -4.8786072504122237e-02 -7.7465185205652229e-03 -1.7473153535199379e-01 -7.7591872731822289e-02 -3.3855631891139257e-02 -3.3150620231040921e-02 2.9722549848905440e-02 -8.2134570585524078e-02 -2.8895851758787010e-03 -6.9743682304887908e-02 -1.6798247788584020e-01 -2.2278074326011608e-02 -8.5449752165650955e-02 -3.9374899322791430e-02 -7.2229029145356324e-02 -4.9839691907469570e-02 6.9569635761879758e-02 2.0742847792967881e-01 1.0450653188189270e-02 -1.3728488595421640e-02 -4.6399540030325100e-02 -6.9747452199352550e-02 -7.7845572404124236e-02 -1.3583996132955911e-01 2.5476799202725491e-02 9.8315779882318849e-02 -1.0533039169463550e-02 4.1050474480947688e-02 -2.1444073494296259e-01 -6.8784452673947463e-02 -8.3542529433303286e-02 -1.5018691804211509e-01 -3.3754865832619843e-02 2.2400015768241379e-02 6.6715967624360042e-03 -1.6798126713382089e-01 1.1276278094297010e-01 -1.0243444791772280e-01 -3.5587239996937581e-02 1.7794725789840521e-01 9.9467908452047470e-03 -1.7043189637597511e-01 -2.7508372120619500e-02 9.3036182325681394e-02 -7.1703783024044232e-02 5.9672781132747058e-02 5.3643605593365687e-02 1.2918337583743711e-01 -3.3415741189952677e-02 5.5487279164120572e-02 1.3090314373875589e-01 -5.1890370170004453e-02 1.1871071103761900e-01 7.6812420350065580e-02 -4.8550006015689651e-02 -2.5798967338731060e-02 2.3428124117995000e-01 -7.6306238390807649e-02 3.5101912257552222e-02 1.6769026015020672e-02 -1.0784569294227241e-01 -7.6590811142575209e-03 -1.0156277565628700e-01 7.4803223144274636e-02 -1.7151147107841849e-02 -4.2891443688558130e-03 5.2137129866436732e-02 -8.4931277875179068e-02 -1.0198975132949280e-01 -2.2244147736987699e-01 7.7127096948628834e-02 -1.3413450486570900e-02 -8.1897072360250220e-02 -9.0274605313359207e-03 -1.2855303551956879e-01 -1.1666728440825930e-01 7.9311317475988546e-02 -1.7067543240199309e-01 6.7395976807084174e-02 -5.2061184895324387e-02 7.3902346956794124e-02 1.2992698721018309e-01 -3.3396169753693819e-02 1.6961332190375011e-01 -1.0252440668190170e-01 -1.7380644151892299e-01 -8.6614605229982641e-02 3.1163580326552070e-02 1.5513046443525369e-01
