# CEC 2013 LSGO F14 rotation matrix (100x100)
3.2870265735825140e-02 -9.0165204532223750e-02 -5.5775215692597377e-03 -6.7530404324364661e-03 -8.7711807736382541e-02 6.9160330818452034e-02 9.5989951649780303e-02 -5.3713671048477407e-02 -1.5083465451998929e-01 -1.3517465604356069e-01 -1.1140404233439501e-01 -1.6258190374252249e-02 -2.9061707171151620e-02 1.2910371996850489e-01 -1.1519270183315430e-01 -2.6350749366850570e-02 -2.2976372163891201e-02 -3.4692853408654738e-02 2.8186754153906021e-02 -2.9401067857683851e-02 1.2358286191681220e-01 -2.8550667093365642e-03 4.7247537254774454e-03 2.1921034968431809e-02 2.9664511101869118e-01 5.3445924890783959e-02 -1.1243693998095081e-01 1.8765025093523491e-01 -1.1546994709437269e-01 -3.5412938412525052e-03 1.4072617590463679e-01 -9.9573629523084434e-02 9.9458200387633283e-02 1.9626730517219620e-01 -1.4268977644145029e-02 -5.7970130729670027e-02 7.9519176619270646e-02 -3.3276897333142152e-02 9.8490879015215735e-02 -1.2004530300320090e-01 1.2689592731748889e-01 1.0261202016012480e-02 -4.8614839389267722e-02 -7.1702474768299152e-03 2.7228029668179918e-02 4.8727789187002143e-02 -2.4018142358588759e-01 -9.4618934181402728e-02 2.4846907025585069e-01 1.9562421525379040e-01 -1.2110109461209910e-01 1.9006220340538080e-03 5.3429251326433620e-02 -8.3450055383541763e-02 3.2542731395487100e-02 8.5982808655738069e-02 -1.0269579727923810e-01 4.9614511895307217e-02 4.3750785432467673e-02 -6.7940290876245590e-02 -1.4079035393216860e-02 1.6046960256313629e-02 -5.7067212353340613e-02 1.1993217754627521e-01 1.2811197827791321e-01 3.7458478738464959e-02 -3.3234693604124128e-02 2.1428057421051641e-01 2.5839519405421691e-02 5.3009486652665049e-02 3.5713408410749021e-03 -4.3412286164721502e-03 5.7805523161546151e-03 7.1309885525652178e-02 6.0379331245528217e-03 -9.2769973613889861e-02 -2.7594707728468761e-02 -1.3779090365899571e-01 7.1384443528657568e-02 -1.6804846620776870e-01 2.4343747818327391e-01 2.1931412453929891e-02 -1.0154333705520960e-01 -3.9858693054293640e-02 -4.2275258042246784e-03 9.8146613882598113e-02 1.7133722689348669e-02 -8.3279226566419534e-02 -9.1982180008135309e-03 -1.0603423759118540e-01 -8.1011959358918029e-02 1.7850813400745739e-02 -2.4313149135564330e-01 9.1856525859494567e-02 7.2903154231068593e-02 8.5546603814759918e-03 -7.2282951259240433e-02 1.2881191622329721e-01 -1.6380082952654852e-02 2.4309450591813841e-02
-6.0529000325743572e-03 1.2387089579333981e-01 -6.3331249188411324e-03 -2.6610181197311189e-01 -1.1455256685739790e-01 1.4850468907202780e-01 8.1736662763767870e-02 8.4048320437662041e-02 1.1075169519345561e-02 8.6367004278578102e-02 -6.6049309165177941e-02 -6.4701540055086063e-02 1.3492381842553600e-01 -5.5123371825900443e-02 1.4120845123396500e-02 -6.0708460615777428e-02 -8.7457003099359290e-02 -1.2284505297619180e-01 -7.0599740030678690e-02 2.2764352369003590e-02 -2.8150055903975461e-02 -4.5871289078640257e-02 1.4385931780693889e-01 -1.7828053823773681e-02 3.4423135905348387e-02 7.0469443420136911e-03 8.1546521510640554e-02 4.7908057937405643e-02 1.7430369275433130e-01 -1.3799794507399191e-01 2.0173246093187110e-02 1.6299664917641499e-01 9.9852759595980126e-02 6.0127658803572279e-02 1.3891027594319649e-02 5.8244378289284582e-02 8.9458639965152340e-02 2.5593911308102981e-02 1.2085188201868800e-01 5.0696465167322013e-02 1.0225691143865311e-01 -7.8584264591881572e-02 -8.7781733832216283e-02 1.7445986478509570e-01 1.7512968732834600e-01 -6.5469311874966282e-02 -1.5261990969111491e-01 8.7162556261148230e-02 3.4259102215592830e-03 1.3284410131520979e-01 1.2119877555256291e-01 -6.5549702530849685e-02 -5.1113687182092603e-02 2.7140692900563420e-02 2.9254132763060711e-02 -1.0365211848401090e-01 -7.4856348538756640e-02 2.1282772909910340e-02 -5.2883486718791478e-03 -3.1309111355154587e-02 -1.0078559173686880e-01 -1.7304585210071671e-01 1.8480627646548859e-02 -3.3229300949341130e-02 -1.6901192035370181e-02 -2.7106619647710360e-02 -5.1816655147793378e-02 3.3736901777462559e-02 -6.4179098517481242e-02 -9.1862346001699596e-02 -2.0186622880497100e-02 -4.7428538715347711e-02 9.9690675924816096e-04 2.6866228953650678e-01 1.9353885703605550e-01 1.6508117168598711e-02 -1.9652190296381350e-01 1.4548199696559161e-01 2.2884893299791480e-02 -1.1788685801345500e-01 3.8067094662990797e-02 -9.9197588732429412e-02 1.6026934405450841e-01 1.7824118692102431e-01 9.5973156032565343e-02 -2.4001183665854551e-02 -3.1975587135665458e-02 1.8305853886388160e-01 1.1198334693897199e-01 1.4644457466012140e-01 -2.3139130408215011e-02 6.2547970092929950e-02 -1.1867274898089480e-03 -1.1596965614308770e-01 -1.5845724604196651e-01 -4.5671262667798938e-02 -3.5096437252965663e-02 -6.1247334223949852e-02 2.0285260399958451e-02 -1.3896651360595480e-01
3.5819158822799242e-02 -2.1530925189637978e-02 -7.2078954114204771e-02 5.0723957046043423e-03 1.3887841910542831e-01 4.8201953427733570e-02 8.9302033538434894e-05 -1.7709276210351409e-02 1.1370845752996020e-01 1.3887985031284261e-01 6.3884723776265098e-02 7.8076366019301235e-02 9.4962494507678501e-03 -5.2093532216291372e-02 -2.1548403664612559e-01 1.2486732613679261e-01 -2.2962650823389641e-01 -6.5404916150949829e-02 4.3276940884436142e-02 9.4465708531699985e-02 7.1148973499731330e-02 3.7752577492729818e-02 5.0681737908353300e-02 -1.1518253633641980e-01 -6.3520849756954628e-02 -8.6089109611874742e-02 -1.4186059794248099e-01 -1.2184193593039661e-01 9.3207854721791369e-02 -8.9750472959645625e-02 2.9224727175634211e-02 -4.3579851127293318e-02 3.2495184663717522e-02 -1.0586425254957341e-01 3.9764805434555919e-02 1.9133606895014740e-01 5.1135294549313468e-02 -2.0546482927256832e-02 1.3828003785950321e-01 6.6253075987182747e-02 -1.4139628694863771e-01 5.3688555532219191e-02 -1.4818471340066011e-01 2.8883677275412509e-02 -3.2999907906895012e-02 -1.9272738447561311e-01 -5.0901195154697737e-02 3.5171549917869582e-02 7.4400306392413476e-02 -8.6324745112903861e-02 -2.8467410267510811e-02 4.7743314882743887e-02 -6.0917848815043828e-02 -1.1015074044600751e-01 5.0557021224951787e-02 2.1861781760244339e-01 1.6795742693817381e-01 -1.7805026711614841e-01 -6.9138118616946700e-02 -8.0272230188069230e-03 -3.1397026631575488e-02 1.4016041355293499e-01 -1.9819040003882321e-01 -1.1037928788021630e-01 -9.2300582315654328e-02 -5.6855017150101217e-02 1.1043217739839850e-01 8.9466251355256182e-02 1.2949380081535891e-01 1.0428487007376450e-01 -1.2876207090744929e-01 -3.6401098716743650e-02 -1.3841711584160521e-01 3.9381163422691913e-02 5.7586920548312472e-02 3.8194717985531049e-02 -9.2048375443079700e-02 -9.2906345409223753e-02 -1.0102992720303110e-01 1.2888560039530979e-02 2.1105678215943890e-01 -2.9813186417723729e-02 6.1252796970008738e-02 -9.8765011721554885e-02 1.2074532730439071e-01 -1.3284739686844779e-01 -3.9148029255352129e-02 -5.5298049994016309e-02 1.2081590607773220e-02 7.4241317863432466e-02 -5.6902739978953717e-02 -3.0120756694474029e-02 -1.0641350220041830e-01 1.1644228763537290e-01 -5.9980326802130862e-02 1.3614865068955331e-01 -1.3255018682043920e-02 -2.9649484396199952e-02 1.5130585815440409e-01 1.3040358269103869e-01
1.4234316801712560e-01 -9.3264322417608236e-02 1.8990388767064281e-01 1.7564685911614319e-01 -7.0473909447791125e-02 6.7586052820634734e-02 -1.2397073501677350e-01 4.3865432820519031e-02 2.0889840129959580e-01 -2.3547448400320990e-02 -1.0861300348967980e-01 -1.5074715900104859e-02 6.4993215152716916e-02 -2.6460434340218719e-02 -8.3055791078979861e-03 -9.1084233366251932e-02 2.6000769997847409e-02 9.2564400792285104e-02 8.0166961928427066e-02 -1.7773745090123300e-01 3.7959903251091692e-02 4.8259533544014771e-02 8.1641158103669384e-02 -1.1585711659916660e-01 -5.9054495520882870e-02 1.0467600218932560e-01 5.4477076835038572e-02 -1.5058613998069059e-01 -1.6064704887490250e-01 -6.8981816881349092e-02 2.7766526119030049e-02 1.2926429717654669e-01 -7.9462620089398778e-02 -7.8270191724401306e-02 6.1596592175420673e-03 -9.7071022214944944e-02 -1.2774375557489251e-01 -4.8215600083850042e-02 -2.4579605025969491e-02 -1.0992215743080271e-01 -1.6095034968018920e-02 -1.3838034604348031e-02 1.1842395197057250e-01 1.8177840197696121e-01 1.3988961594391220e-02 4.5751139030643602e-02 -2.8612624143396020e-02 -8.7764059771481912e-02 1.5300331064068751e-01 -7.3641334848097401e-02 -1.7073037223146251e-01 -5.2078807247005102e-02 -6.3031656355035881e-02 7.5533409629646539e-02 -1.3496003569691989e-01 3.3037578820671619e-02 -1.1509020136421960e-01 2.5491420374020999e-02 1.4439203354542330e-04 -3.7480478005374962e-02 -9.9228135129560788e-02 -4.5708265920139400e-02 -1.2463086191950520e-01 -1.3177922234149661e-01 1.4438653146134120e-01 -3.6866471605491953e-02 2.9788384662352410e-02 -1.7288377714965879e-02 5.8267049474027229e-02 4.5626583561556293e-02 4.5256734517541149e-02 2.7098585932257169e-02 -1.1999003836957160e-01 9.7024664246988024e-02 -4.8216750637060622e-03 -1.3819274642471879e-01 9.3515834752962906e-02 -2.2588045760727291e-01 -2.7580465833603640e-03 -1.2626746161493979e-01 2.2127302405449731e-02 -1.1209951851900810e-01 4.9830087469370697e-02 -2.3917903086436512e-02 1.0907847340728780e-01 6.5465127086552222e-02 -1.1733044940201480e-01 2.0125301484069849e-01 4.5551463710880848e-02 8.9290010561668687e-02 -3.2147596558134803e-02 6.9649523164710445e-02 1.7293883639298771e-01 -2.3759857791407921e-01 4.5135353774911027e-02 1.0587411122134710e-01 1.6700626439475650e-02 1.6606130254462739e-02 1.2990254683031011e-01 1.3163954233880509e-01
-8.2333123077292014e-02 6.5423091513651541e-02 -1.1021227748953489e-02 -1.2568791050101320e-02 -2.2484237056248579e-01 1.4017544014688779e-01 -5.4238021717175060e-02 1.5373284686143360e-01 -8.6725401931246282e-02 1.1600121313877390e-01 2.2430902535825318e-03 1.1145406259623281e-01 -5.9005329932957262e-02 1.2232745732846660e-01 1.8793645908849219e-02 -5.4451206966313073e-02 -5.0717532044399438e-02 -1.5569705701768010e-02 -8.8998845893343573e-02 1.3210533745908359e-01 6.4957744663176192e-02 1.6765703866917891e-02 3.8612948084951047e-02 -2.0868432113299959e-01 -1.4742754378232609e-01 -1.1290115188881571e-01 -1.1760898109260880e-02 -9.7923415981056541e-02 7.6610487013670708e-02 -2.7811683122103130e-02 -2.2209898018165149e-02 1.5911735532289400e-02 -8.8874784058185261e-02 2.4486914065115889e-01 8.3263619159524752e-02 1.8900096088682680e-01 -1.4506212498178331e-01 -1.3252400509819681e-01 1.3528595795381390e-01 -1.0301249952783960e-01 1.4467721392996961e-02 -5.2720316084659262e-02 -2.0922288582421819e-01 -2.2906070990333809e-02 1.6345955683751440e-02 -2.6554168177923491e-02 -3.4914026587186273e-02 -2.1011969594585689e-01 -7.4428702421401677e-02 -1.2969021240811399e-01 1.5240552320261390e-02 1.2254080894568310e-01 4.1953498689563537e-02 -9.6298691985089849e-02 -7.7604176734626620e-02 9.4361350304535598e-03 -1.1189795355404809e-01 -8.8348092277731743e-02 8.1495629867015820e-02 5.1933374129957063e-02 1.4625980272954370e-01 6.5197572177221053e-02 1.4843153380405880e-01 -3.4872758167157152e-03 -1.3357179057658380e-01 -1.0639510119649830e-02 -1.6721484715871138e-02 -9.8396347198181119e-02 1.1764802854070280e-01 -2.1804468475418181e-02 1.4413664104259219e-01 6.6159218826358349e-02 -6.1514889396631793e-02 1.2979741022708891e-01 -1.1478159810319170e-01 -5.7180859330175048e-02 2.0703161904787470e-01 -1.1035970421529750e-01 -6.4314367121578342e-02 -1.4261048038175131e-01 -7.7006814682763797e-02 -4.3629815258924988e-02 -6.5018952870999180e-02 9.3166408283342300e-02 2.3008552203216601e-02 3.2528660305192303e-02 -4.5323528896848014e-03 -5.7717829553995841e-02 -1.7208671884044410e-01 -9.4835395347158999e-02 -1.1134612484606520e-02 -7.9672576718221533e-02 -5.8875592361057182e-02 -1.3960176985266609e-01 5.6353822443728538e-02 -4.7460065716267957e-02 1.1137263399295830e-02 3.5933399146005823e-02 -9.5815711688195526e-02 -9.9529678058540558e-02
6.5086609586366972e-02 -6.0008420119121747e-02 -1.9955908819470371e-02 -1.5070888981181130e-01 -1.1247810308490711e-01 -2.4813534258470240e-02 -7.9687793344477759e-02 2.6729866007926492e-04 2.1566654753413659e-02 1.7466655138875400e-01 -6.1395474195100518e-02 -8.3956087897398779e-02 3.4533136853468947e-02 -5.9193333676485001e-02 -4.6617691651649938e-02 2.4702541118983379e-01 8.4510979744775255e-02 9.4473077287943144e-02 3.2980272757458913e-02 -3.2019805908838482e-02 8.0201126069251977e-02 -1.1256367391095000e-01 -7.3132253539731776e-03 -2.2359561670694650e-01 -1.3864896338146049e-01 4.8251050175014867e-02 5.5423352165752032e-02 -1.0141973330512120e-01 -1.0215373172951519e-02 -9.0638991496398563e-02 9.2238211144910237e-02 -9.0065829121107679e-02 2.0722032119542599e-01 -9.4967976612013935e-02 -8.8003955584007448e-02 -4.0006706418087262e-02 -3.6427858965510228e-02 2.9652322939137391e-02 -2.3578775163888169e-01 3.8897636863576739e-03 8.3679402024166169e-02 9.0514129323028963e-02 9.4636354687039070e-03 3.4082153903036073e-02 2.1813099714902511e-02 -6.9963634020562118e-02 -2.1937102813155851e-01 -1.2246133925548749e-01 2.1558597901301060e-02 -2.4237815455214029e-02 5.8309451918188961e-02 -5.2488829692440571e-02 1.1659777935429740e-01 6.8614924760186768e-02 -6.7480541267583164e-03 7.2633078631589354e-02 -1.1735807328934560e-01 -3.9271494978852427e-02 1.0324668643018030e-01 1.6777144459813009e-01 -9.5129877290414097e-02 1.5456798667516800e-01 5.2328447529849609e-02 -2.4561476402272702e-03 -2.1497908892447640e-02 -5.0591830719922348e-02 -1.9884813036461330e-01 -1.1723851603565770e-01 -1.7513968642399889e-03 1.1530106536117241e-01 -1.7576014148358460e-01 -1.9099482489359249e-02 -7.3727446997515064e-03 -1.0080832476312521e-01 -2.6107393200543848e-02 1.2273456201922120e-01 1.3860065450377291e-02 1.0134971866739330e-01 1.0668686121515680e-01 2.4982471629679360e-02 8.5507851996957943e-02 1.6727362627166009e-01 -1.1703256251664260e-01 -2.1424641305327771e-01 -6.0614009460263497e-02 8.6120056382424912e-02 5.7821971425820781e-02 8.8261115585878874e-02 7.5255837562729258e-02 -2.8117084728896281e-02 7.6060416734885913e-03 -1.0830178238207670e-01 -6.1211642337131333e-02 -1.3236915944933991e-01 -1.6848881785753889e-02 -5.6208537887180492e-02 -1.4398240888909641e-01 -1.9814834851231339e-02 9.2266784231855997e-03 -1.9314213950532780e-01
-2.8543209978660340e-02 8.6579360682575462e-02 -5.2952559622385813e-02 -4.8138129229750477e-02 -5.4579100754352523e-02 -8.1604875786174078e-02 -2.1541201666412008e-02 3.0919656354422221e-02 -3.8006977488567940e-02 -6.2817252938691448e-02 -1.5193954858739259e-01 1.0302445666963469e-02 -6.0339092684175609e-02 -1.2273378980023590e-01 2.8528285227626929e-03 -3.6768465335185817e-02 -2.4075246372515671e-01 3.0471131629471938e-02 5.9730115630893650e-02 -2.2219244221640799e-01 1.1083525691157550e-01 1.0349047912185030e-01 -1.1157318097403721e-01 -6.7215595984176840e-02 -1.7287582769190249e-01 3.2896647467208807e-02 2.9310224143049318e-01 -5.7303873625867271e-03 1.4204845129032889e-02 9.1128757906326963e-02 8.6131929914749633e-02 3.3016616158935050e-03 1.0092567321475820e-02 5.7923107021419118e-02 2.2484463071193420e-01 -1.0094847628810320e-01 -4.0021586326292748e-02 -4.1231579782170867e-02 4.4213722809528427e-02 1.0390575479998160e-01 5.0601004421610543e-02 -1.0443563870505421e-01 -2.0403233657411471e-03 -9.3995598588468079e-02 -1.1867051173241260e-01 -8.1151969878863237e-02 -1.0125382243407860e-01 1.5027385597141840e-01 3.2248083920600121e-02 1.1486790004315130e-01 1.6329102119068101e-01 -2.8562947339721669e-02 8.8985501801237488e-02 -1.1581365964260990e-01 5.2390533316372681e-02 1.8538387683287631e-02 -1.6374378967255540e-01 2.6155487912455130e-02 2.7315788780841871e-03 1.1577704724091949e-03 -4.5619428625002442e-02 1.5481068426387359e-01 -4.4645107341995761e-02 -3.5014528097185277e-02 1.8935921559292040e-01 2.4288761114278279e-01 1.8282154390980240e-01 -8.5422864184182851e-02 4.9539758372317798e-02 6.5429976535787790e-02 -9.9783070794026735e-02 3.8982819248004730e-02 3.8754929299867971e-02 6.4157745372675811e-03 -6.5713175774348556e-02 8.8819206754028671e-02 1.1472941908884100e-01 -4.0567447027662497e-02 -8.5371414954622804e-02 6.8532647890546514e-02 1.5447549466375699e-03 -2.0461638722259191e-02 -2.0357140332419579e-01 2.1590354023329261e-01 5.2069869132295298e-02 -1.6175814131763161e-01 2.8548520628222881e-02 1.2400608432934619e-02 1.2127181231774520e-01 -4.8182786862791933e-02 2.0300492965820181e-02 6.1405170400838198e-02 1.9374871833462311e-02 8.2199079045362292e-02 -5.2072648051828263e-02 -9.6432525329496588e-02 3.9881445569673317e-02 -1.7001175292683642e-02 6.0354842818202123e-02 6.8785907947158151e-02
3.8618789660482093e-02 2.1060581421642049e-01 -3.4015852014501018e-02 1.3964082933139729e-01 3.3893908298448523e-02 -5.2284577466192077e-02 3.6530742171058450e-02 -1.2020065734991230e-01 1.4891683077823470e-01 -1.1406211145260740e-01 -1.4526912876095409e-02 5.1521083952842418e-02 -1.7538290193182859e-01 3.5247608817353171e-02 -1.8472288021837940e-01 1.9083322626709580e-02 -5.0355495178686378e-02 6.5072079822494563e-03 -7.5251413348215224e-02 3.7158096410985962e-02 -4.4375656883785711e-02 -6.5528731585767108e-02 -9.6816986723589568e-04 -1.6213100720775361e-01 -1.2644678296579631e-01 4.5495101920990801e-02 -3.3748251980260859e-02 8.7869916298603398e-02 -2.5799118259475621e-02 1.6851830681303820e-01 6.1290606623838208e-02 2.5561831821399389e-01 -7.3605497109810056e-02 4.8650181750074073e-02 1.0211899571026060e-01 -1.0197571031316850e-01 1.4098874137562070e-01 -2.9504674964964960e-02 -7.9593853557378233e-02 -1.2427940646479770e-01 -1.0543924903013920e-02 4.8931655054150078e-02 6.4280051968257937e-02 3.2154806634306432e-01 7.4766832621234125e-02 1.6691206808624889e-01 -1.1368128151390790e-01 -1.3479963862004671e-01 -8.1721238978427757e-03 1.8041166247309962e-02 3.3192282680462211e-02 4.9746876766702093e-02 -1.9858861720953069e-01 9.2963812787542788e-02 -2.0624999277532200e-02 5.4401335852786503e-02 -1.2573527023257451e-02 -8.4766507593967685e-02 -2.9921975410682689e-02 -1.5421391911125371e-01 4.2821820047630653e-02 4.4292789524241052e-02 7.8322762974954926e-02 -1.0152053385453449e-01 -7.5218313788371349e-02 -5.3454782898388738e-02 2.8310584077302799e-02 1.7076181023634601e-02 -1.0905102649824359e-01 1.0927134381347200e-01 1.3050039935154401e-01 7.8221203459137398e-02 8.6013745303379061e-02 -3.5348418842662058e-02 -5.8683678551561883e-02 5.6822291526722538e-02 -7.0223209561068409e-02 -1.0576855301579891e-02 9.0099087039634731e-03 1.9052494920313370e-01 1.2685070726357869e-01 1.4850090231898219e-02 4.7386181913474913e-02 6.5223426961225212e-02 -5.7612773377832972e-02 -1.3517632131653429e-01 -2.3453922664207781e-02 4.0260717306226240e-03 5.2697608451602332e-02 -1.2885444756376371e-01 1.8170581390753349e-01 -9.3185336667370361e-02 -1.1326393557223929e-01 6.1504745953833588e-02 -7.8894112649104134e-02 -6.2231151185942100e-02 4.5543159378546652e-02 3.3095419973750720e-02 -2.4384510467278949e-03 -1.9840707053539450e-01
-2.1197866645192279e-01 6.9532468308312320e-02 5.1736872405699061e-02 1.1063506473256050e-01 -8.8355493425519693e-03 3.1961383153573580e-02 -6.1579842526980823e-02 -1.9339096522650251e-01 1.2347190112759129e-01 1.1786648252281071e-01 1.6393735310774979e-03 -5.4058812563111687e-02 -2.2705980244174799e-02 6.0074233942314141e-02 -1.1904305626289791e-01 2.0680923633895160e-01 -1.6725426715688410e-01 -1.2769715109183830e-02 1.0166793194434640e-01 -3.8581793004895970e-03 -1.0797379737684530e-01 -1.3145987470390350e-01 8.6365433469468206e-02 -5.6463732960548303e-02 3.5896166537617090e-02 1.1568133710491470e-01 -9.2509896809949879e-02 1.9696369115356460e-01 -1.7313609650157831e-02 -1.2398786626019380e-01 -4.8348785187974239e-02 8.2902971488968233e-02 -1.5156684285560469e-02 6.5598242942959226e-02 4.8719385223561451e-02 -2.0453581842011859e-01 -1.9259707762416359e-01 -2.1563292706027401e-02 6.1252912799912899e-02 1.3144283167010769e-02 -3.2076907075362909e-03 -5.6412083062459699e-02 -6.2683403162580892e-02 1.3661403390013241e-01 -6.1304623411209793e-03 4.9390671442979123e-02 1.0659218047076130e-01 2.2128163426824940e-01 4.8497547851330709e-02 -8.2139753369694771e-02 7.5413632462885058e-02 7.7763638401357610e-02 2.1697998498490231e-01 3.1080893292382328e-02 2.2140702920310930e-02 -1.6065347044695991e-01 1.3107100563181959e-01 -4.3119732169682540e-02 -7.5872310605611157e-02 1.1320317217840099e-01 4.4947916156433412e-02 -1.0375064084475241e-02 5.5394470487610967e-02 6.5142078360509864e-02 1.4211469613997771e-01 1.0033572425317380e-02 -7.8600109954979569e-02 7.2573778294250463e-02 -8.5158926706910776e-02 1.9191191372303511e-02 3.8544332526890081e-02 1.5910747308077400e-02 -1.9100219367178339e-01 -3.5120456758372311e-02 -9.9124907838590293e-03 1.5056551882461891e-01 9.3714692893065804e-02 -3.8611535833745547e-02 -1.9841708739842930e-02 -2.7569937279397649e-01 -5.7342306925042053e-02 -1.3362774226413311e-02 -4.6970741780998103e-02 1.4717372508473490e-02 3.4556372034400418e-03 1.3651023819230579e-01 1.1040369428990020e-01 -9.4929662472130347e-02 9.4779066162749073e-02 3.5685472662826477e-02 -8.8010060978424790e-03 -1.8363576763351519e-01 6.3146072194821726e-02 9.0017214203361881e-02 -3.4255934114821279e-02 -3.2721401363661272e-02 1.0114330761041310e-01 -1.5214719857417951e-02 9.0924256105377244e-02 -5.2421379347811103e-02
1.1575705785848660e-01 -5.4307367326325670e-02 -1.8242395254871209e-02 -1.1167694123837890e-01 -2.3098512644810329e-01 2.5438705615244559e-02 -1.6107552239780301e-01 1.0282620522559430e-01 -5.1103546624525410e-02 -1.1804026950120159e-03 -1.1559668770070219e-01 1.0561458994158290e-02 -6.5576037297319145e-02 9.0469630517713673e-02 1.4452476884747761e-01 1.5986783913950459e-01 -1.4990430519991060e-01 -1.7927114856029591e-03 1.9448760153109421e-01 8.6599124295927574e-02 -9.6964195835428840e-02 -7.6584425401302725e-02 -1.8060486353786770e-03 3.5127153611900608e-02 5.1290200431516879e-02 2.2286582449117059e-02 -1.6538781970303462e-02 -9.4223512066598139e-02 7.7783754743479844e-02 -1.9748705490177140e-02 1.0327542205363680e-01 1.7316159844783230e-01 -1.3776964754763541e-02 2.2644679504449319e-01 -2.2507862782239110e-02 -5.7917507348563511e-02 7.9881562767272832e-02 -1.5163494452450371e-01 5.4144592850735064e-03 -8.9210191588608243e-03 -6.9753044808093426e-02 7.9980647781754205e-02 -2.9686804468935690e-02 -4.5059174047231441e-02 -1.6014753808258769e-01 -9.2792107732144663e-02 3.8075281327743737e-02 2.5632660066057252e-02 9.3399498301718273e-02 6.4387542075474459e-03 1.6883533149160881e-02 -7.5247184555058593e-03 -8.3562619626053311e-02 1.3391587067192680e-02 -6.6175416197004469e-02 7.1276548378021484e-02 1.4397170797228040e-01 1.2397164288486960e-02 1.3732429313942350e-02 9.6875005676628378e-02 -1.5340468764351391e-02 -1.1431110024965489e-02 9.1020009569157817e-02 1.4973416217155431e-02 1.8656124041270269e-01 -2.7744845157847149e-02 -1.1951539420081500e-02 -2.3740781540302309e-02 -1.1642600288129171e-01 7.1829214084117660e-02 -2.7082096586075910e-02 -2.2354478649754039e-02 -9.7602434911401648e-04 -4.9772639506913519e-02 8.7642537613482722e-03 1.4063481451926390e-02 -1.5013775782480979e-01 -5.8901349000537909e-02 1.4267580689064610e-01 9.4013236188824498e-02 -1.9861753176301239e-01 -8.8507478644233098e-02 1.7723651497676099e-01 -6.4205354690604829e-02 -8.4126269309994506e-02 -2.5712421548756151e-02 9.0906329319599077e-02 7.0577564638771836e-02 -1.8615914390282079e-01 -2.3768598211684960e-01 1.8867528659357211e-01 1.6558658520612321e-01 7.0280479615322619e-02 1.2716035780145679e-01 -9.4812175904157706e-02 1.9007537884139000e-01 -8.9358231574168681e-02 2.0495289598160261e-02 1.0329500090906610e-01 6.1397637011767280e-02
2.5540420185707258e-01 9.0684709423951473e-02 1.9084319206945149e-01 9.3519502221692488e-02 6.8517634333238146e-03 -1.0517994101892120e-01 -1.6072735387125048e-02 2.1921471972495790e-02 -5.5876241147058893e-02 -1.2484571750437179e-03 1.2428569610231570e-01 1.4719241031755689e-01 -1.1935520652454090e-01 1.9075510648702670e-01 -9.7529900481850257e-02 2.7628624085199349e-02 3.2935454971554583e-02 -5.3389256332450369e-02 -9.4813812707505787e-03 -1.8300363890251109e-01 -3.5692576745490673e-02 -6.5519303830295209e-02 1.7152943875197599e-02 -1.1054879064998940e-01 6.5430551079915508e-02 -1.8492393021725020e-02 -4.6585908892381477e-02 1.2573889289271761e-02 1.0331635196545031e-02 -1.2006433784275640e-02 3.8132333597713272e-02 2.5948228852922760e-02 7.8771724899116172e-02 6.0166142041537703e-02 -1.0602755900066510e-01 -7.1245170532229646e-02 -3.6175633568866633e-02 -1.8534397067350449e-02 8.4343502066894629e-02 5.9801367699664543e-02 1.2836994746530550e-03 5.8188041773526607e-02 -9.0740414445115825e-02 -3.7394365407596490e-02 -4.8399670193363303e-02 1.1045479565651881e-01 2.2916929337468339e-03 7.7187546723272854e-02 -1.1245460801578100e-01 7.9877887485922422e-02 -3.7886997820216213e-02 1.2718034264521220e-02 1.5248435416143880e-01 2.5215418248989981e-02 3.0603041261085050e-02 -9.7167057635728124e-02 -3.3370387907606401e-02 -1.8515962817294951e-01 -1.8673947575325450e-02 3.0418483367630211e-01 -1.0276447236806810e-01 -2.0532136931394729e-01 -7.7981500038768678e-02 1.0427291927116790e-02 8.1275182771079861e-03 2.1015836164171301e-02 3.2811086439957830e-02 -4.4630218585572208e-02 1.2361789209784060e-02 9.6502391576956961e-02 -7.3412773588869100e-03 -1.7009993179928479e-02 -1.0705725754925929e-01 1.1380472500350930e-01 2.4670004802850740e-02 -1.3516857088104409e-01 1.1355905920132740e-01 1.1398132097742240e-01 9.2020834294474690e-02 1.1914937163057290e-01 -3.5475197481357093e-02 1.4715278660592929e-02 -4.4913724804675273e-02 -6.1301046345239023e-02 -1.4127494604774091e-01 -3.3529401110262402e-01 -1.6781025943636721e-01 1.4053521837712971e-01 -1.1042595150940560e-01 9.8271509978335309e-02 -1.7563805338649230e-01 4.4114192689960377e-02 -8.9134790320451962e-02 8.0047033040107324e-02 -8.5298551851702362e-02 -3.6418546014201671e-02 7.5666875065897130e-02 -3.7136881307706549e-04 -1.1414567215847070e-01 -1.5825207141288739e-02
-4.3324733919366018e-02 -1.6138446943232601e-01 1.3781048200386001e-01 -6.3969966529984990e-02 -6.1232062008630003e-02 1.4376644695443980e-01 2.6861671783915079e-02 -2.6576405115735651e-02 1.9165899046029888e-02 3.1187757795889580e-02 -2.5408287605839469e-01 -1.0460089084303929e-01 4.2966418275545863e-02 5.3995812456404411e-02 -1.0729404809414229e-01 2.1332313699329319e-01 7.4422034002106785e-02 1.7579168319970831e-01 -1.7944009397055341e-01 -4.6295371997944652e-02 -2.2992488265797469e-02 -1.1675861572907149e-01 1.2293829386993761e-02 3.7062253903903421e-02 -1.0009830110151960e-01 3.8678366207566948e-02 2.4408994385470149e-02 2.1155554810996560e-01 -1.1510856166677330e-02 9.7308385110301779e-02 -8.1795910985075451e-02 3.5380074393894137e-02 -1.5809776841219381e-01 -8.7442246170094096e-04 -3.1611447843311220e-02 6.2441556546441380e-02 -5.9917128256541517e-02 2.4703015687275641e-02 1.1850970152890749e-02 -2.1799021169711112e-02 -1.0136241741336620e-01 1.0777623223126639e-01 1.5729646775527081e-01 -1.7879798813910361e-01 -1.1618454048966451e-01 -5.2450455317372302e-02 1.2381923932755850e-02 3.8312283312652122e-02 4.6691843924366171e-02 -2.2656622639325372e-02 1.4308252954651049e-01 -2.8485398822609542e-01 -1.1108221836540851e-01 -1.0761745515670200e-01 1.4918626849385661e-01 5.7934229598950102e-02 1.1309614911434250e-02 -1.4542270615655919e-01 -7.3065273880100715e-02 6.9779210411250694e-02 8.4642637018889896e-02 -8.9941574792175683e-02 3.5972320134391202e-02 -1.2153663408040941e-01 -4.5842266487023532e-02 7.7351028106845757e-02 1.3734922879709221e-02 7.8803246643903160e-02 1.3848796987507131e-01 5.7719125975816341e-02 1.3843860999290761e-01 1.2749147955233880e-01 2.4896134940037801e-02 -9.6513227919426972e-02 -3.6138335688486470e-02 -1.5408252353495541e-01 -2.8411377909992458e-03 7.1988739551943279e-02 5.8375835391821743e-02 -8.3295852616084992e-02 -2.6230872237340951e-02 -1.4467714799124100e-02 1.5516953303932760e-01 1.0666480161512960e-01 -6.5052897109630525e-02 -1.2447651491313939e-01 3.5173558140843768e-02 -6.8466590813064082e-02 3.4504321632424062e-02 5.8051844670191997e-02 -5.3754083330510433e-02 3.4677354864891062e-02 -2.1732162630443080e-01 -1.3552993642319380e-01 1.8375102428888301e-02 -3.3344183609348627e-02 -4.2945070359975947e-02 -7.9853575762836373e-02 8.2314134828560606e-02 1.3842805212725530e-02
-5.2904647538371867e-02 -5.4650991135897463e-02 -2.4514355657777251e-01 -2.0104382648475519e-01 2.1547001217303469e-01 1.1160020547931500e-01 -2.8686491212120711e-02 8.4161617092223751e-02 -6.7118064160039334e-02 4.2026247381856577e-02 -7.1788362295885019e-02 -7.5433957433962764e-02 -1.1533068761834300e-01 1.5162411559839269e-02 4.4328088015705723e-02 -6.4777571810095830e-02 1.3962201999950780e-01 1.2309651369055020e-01 1.9560388988040009e-01 -1.3839246854491591e-01 -8.0489004804614031e-02 1.4244578124369489e-02 1.8515818382182352e-02 2.9138010454620451e-02 3.5892589635361023e-02 -1.3729545148624389e-01 4.7444823791072104e-03 2.1574471399626810e-01 -1.1184835663091390e-01 1.2239082089163940e-02 -1.0910725263505590e-01 1.2520467941424029e-01 -5.1851481029673623e-02 -2.3921990601230769e-01 -3.7267237810291107e-02 1.9026404309973130e-01 8.4482317128241655e-02 -1.2086425087721681e-01 8.0406256153617336e-02 -1.6524483682805230e-01 3.6382392146762803e-02 5.3565859547101212e-02 9.5844812181449125e-03 5.8021572474277167e-02 9.6056138773878905e-03 -1.1280229642200490e-01 6.3540826355221139e-02 -1.5497977154427200e-01 3.8862371243186873e-02 2.2286001859702430e-02 5.2864809236549369e-02 2.1095982794299469e-02 1.3377538344043990e-01 4.0800213389720480e-02 -9.5068418978508137e-02 6.3214565436631676e-02 -3.9437269262783516e-03 -6.2327068545811992e-02 -6.4683143867180076e-02 -2.7960801140720731e-02 -1.3877685837239581e-01 -9.2713832058125542e-02 2.6705800737540350e-02 6.0308079904465531e-02 1.1020891353305360e-02 -7.9640770002368008e-02 1.3819945162499381e-01 3.1159378286703801e-02 -5.8033190202414812e-02 1.5989254882918622e-02 -8.5231067782253946e-03 3.8549311269004780e-02 -2.4916692670342269e-01 1.6637852330787479e-02 -1.3591047720016469e-01 3.3356456993434251e-02 9.0455350139076907e-02 2.3527234162266531e-02 -1.7864163020419901e-02 -4.6859203749884518e-02 1.7133505431409651e-02 -7.9355201677871426e-02 -1.0188476196404039e-01 1.7590032660622291e-02 -1.2465529004531400e-01 -1.4994746547612431e-01 7.1878760553446094e-02 7.8010268003205430e-02 -3.3337596551532921e-02 -6.9452638907911216e-02 -1.6938964384483980e-02 -1.8044043651209311e-02 1.3231417287972799e-01 4.4933195603145411e-02 -1.0066190623842720e-01 -1.5497886835174809e-01 -9.1666533658835245e-02 1.6343512846711711e-01 1.0130837261857520e-01 -7.5480491450562195e-02
-4.9247393692015320e-02 -6.7843034486967851e-02 9.9777352199839214e-02 -1.9591006662187019e-01 5.5973896376750418e-02 -7.7735004510241429e-02 -1.9182340339224510e-01 -1.3171324322754879e-01 -5.3377943203389969e-02 6.7723817479334023e-02 4.3936333402972054e-03 -7.9342151980303643e-02 -3.0212278198299750e-02 -2.7200968065249780e-02 -1.3305091667864349e-01 9.8968962119639112e-02 1.4549919828114851e-02 -7.3311706042183983e-02 6.1637041503353293e-02 -1.8696616207787611e-01 2.2625189444393540e-02 1.3972089533678200e-01 -2.4744056904647631e-02 -9.3590200579390076e-02 5.1480393031374631e-02 1.3388945767418991e-02 -1.9088678874586869e-02 -5.6824145079210478e-02 -2.4260486228067330e-02 -1.4245182426348921e-01 1.6191732983893950e-01 4.5925841194255280e-02 -1.3207515874401490e-01 9.4708981629377798e-02 9.7439041123200797e-03 -2.8208145283486110e-02 8.5279616418474091e-02 1.7389819797770500e-02 -1.6165171801910551e-02 5.1849209984170122e-03 2.0762570987730610e-02 -1.8647996475594331e-01 9.0457085756771888e-02 -2.1634581326875979e-01 2.2911461773525341e-01 -1.7622158948225991e-01 -3.9320104208107873e-02 -1.1444212872917050e-03 -6.5368454019760838e-02 -7.5180118265719603e-02 -6.6729615538689876e-02 2.6680764889659540e-02 -8.3282610671289684e-02 -4.8784114686231131e-02 -6.0650815541928772e-05 -1.0060425477791070e-01 -1.6882263768119250e-02 -7.7030144280825025e-02 3.1645949752322250e-01 -7.9155142879235918e-02 -4.6359255881944207e-02 -1.9660486259362031e-01 -1.6993453119952390e-02 -3.9889747464941679e-02 -3.7793974781647748e-02 -1.6163266246167279e-01 8.1509455549246101e-02 1.2697260476975439e-01 8.1989388489799434e-02 1.5395763669032901e-03 1.9939632279678129e-01 4.1105498124836798e-02 5.6990201952395909e-02 2.7076890500623101e-02 2.9765461306854389e-02 6.0002660444673270e-02 -1.1870071823759829e-03 -1.5055172776493589e-01 -6.0152340189689638e-02 1.5397755689792250e-01 -3.0135017371020961e-02 7.4812840735746386e-02 4.3676575685725513e-02 3.2302799118031737e-02 -2.4607458845331379e-01 8.2442478125388685e-02 -1.3138271294271520e-02 -5.7076591789646518e-02 5.0938038735528643e-02 -1.3299320145739570e-02 2.5350906033806712e-03 -1.6826177632254419e-01 9.0434965286269459e-02 8.1916229192064455e-02 -7.6358555076614751e-02 -6.7621654998189853e-02 8.0346675351123300e-03 -9.2854458041833732e-02 -2.7249402616138139e-02 7.5759395173967112e-02
-1.5901999098297609e-01 1.6488032219785221e-02 -8.7490721374801045e-02 9.9076728278312681e-02 2.1844410713692361e-04 -9.6525164874184277e-02 5.6658131512613293e-02 1.2403335570411850e-01 5.9857436749235229e-02 -6.5897463939406005e-04 -2.0050555025588990e-02 3.1792288742273328e-02 2.8902025816856529e-03 6.3143034914049823e-02 5.6014620380639903e-02 -1.2133208566584970e-01 3.9440266259858203e-03 2.8786251399229482e-02 1.1509357645197740e-01 7.4346769367725600e-03 3.5120080507214102e-02 -1.1451582724338941e-01 -4.0105979837479468e-02 3.0535236924100980e-02 -4.8085521419692412e-02 -1.7839815599384391e-02 -1.6252795393738979e-02 -1.9261446123315790e-02 7.2611750323996777e-02 5.8242646221520679e-02 4.5419187870296959e-02 1.7762877013605280e-01 4.9134418387093842e-02 1.2601956060519601e-01 -7.3814967707500137e-02 -8.3917938374446249e-02 -5.9999606574049562e-02 -1.0616539911886150e-01 4.1630931462034511e-02 -1.3978243944827490e-01 -2.6417723267250968e-02 2.4840327862935590e-02 1.9744789795619670e-02 -9.7657449216791314e-02 1.2761407870241470e-01 -1.3470820872480260e-01 -5.4773754874532822e-02 -8.0426725648647026e-03 -6.9011335607614535e-02 5.9545931506493087e-02 1.3091591574377781e-01 -1.0352917485639219e-01 -1.3997209971226121e-01 9.2140851564470924e-02 1.7727977381887891e-01 -3.6791022989845698e-02 -2.2217059272588929e-01 1.8435262583725820e-01 -3.7531101953734297e-02 6.1896419107384693e-02 2.3563702907542819e-01 1.6712328861069789e-01 -1.3808600112651001e-01 3.4750723271277269e-03 -4.5401189893625342e-02 -1.6352843932612871e-01 -9.3971415318223936e-02 5.0026837663155931e-02 3.7687339832965461e-02 -1.6667703990718659e-02 -1.5092303824972090e-02 9.1677711620427732e-02 -1.0002124376800300e-01 -1.3203158910227750e-01 2.0205069017398580e-01 8.1570033462776928e-02 -3.7718622746009049e-03 8.4900308874712328e-03 1.6682427894047661e-01 -4.2620526761849707e-02 1.9548922928179910e-01 3.2957630277189252e-02 -2.3749997811573689e-02 -5.3665634423699878e-02 -1.7472411291175630e-01 -1.0464305870628721e-01 -6.2495444100681891e-02 -5.9961562356488772e-02 -1.9964039532804581e-01 1.9989203194314081e-01 -1.0623443191773430e-01 -4.7075146050894759e-02 2.1335650640813611e-01 4.2529832615092550e-02 7.4891804692817972e-03 -4.6057301225102640e-02 7.1853680612714022e-02 -1.7561023476318060e-02 1.1030930991883210e-01 1.2045250811632570e-01
-2.3121829790799339e-01 -1.1455958216033479e-01 6.6869137822407484e-02 -1.1518287969578821e-01 -1.3245007039061979e-01 2.4923055846529499e-02 2.6861482812535479e-02 -4.4586095129396253e-03 -1.6829964056541930e-01 3.5338680005734743e-02 2.7983321032499970e-02 5.6605287321045542e-02 -1.3458578954671169e-01 -1.7339133027446330e-01 -3.3351837754984438e-02 8.3159753803637007e-02 -1.1708952344567169e-01 1.5454877057112609e-01 5.3095468155896379e-02 6.4648333651775358e-02 -1.1870076786994301e-01 8.0051635520235087e-02 1.6548526929015639e-01 -1.7602311088516131e-02 -9.4120842161848670e-02 1.4172825670192860e-01 -4.3248269608545511e-02 -3.5952585246008181e-02 4.5895205076230502e-02 4.8632664336692798e-02 -7.8366140267293216e-02 -5.3039262825453508e-02 9.9652989645887379e-03 -1.0353246599678340e-01 -1.4129627230949999e-02 -1.2528755481295820e-01 2.0539904737953579e-01 -4.0883954940500299e-03 -8.7355498908282536e-02 1.0344104107966060e-01 -2.6810120634787951e-02 -1.0215341329486340e-01 -9.4222100636803918e-02 -4.1717067613820102e-02 4.7577572104616862e-02 2.3589899110754309e-01 -2.3338703452378561e-02 -7.3529448236703085e-02 6.5884674110622848e-02 6.0452974040827070e-02 -8.6380015073387037e-02 4.8048035870754367e-02 -1.2835602286501199e-01 -9.8655315110477426e-02 -1.3577487957826820e-01 -8.5501690959566782e-03 4.8966258092479557e-02 -1.2925131092401221e-01 -9.4809695667760860e-02 -3.5495483803991507e-02 2.7063769505285817e-01 -1.3987794544960969e-01 -4.1236006726478612e-02 4.7538218099979622e-02 1.7069146055455831e-01 -1.0359818607169870e-01 1.2079593868258630e-03 2.7535882727303370e-03 -5.4577733486703639e-02 4.2635145070147533e-02 -2.0411675501156731e-01 1.7917827714442180e-01 8.0116456465028615e-02 1.2939684203571100e-01 -2.0100520014713932e-02 -1.1693852201668500e-01 -5.1258588396875578e-03 4.8389157553880208e-02 2.0121576757148141e-02 1.1952823364014120e-01 1.2813327757933431e-02 -4.5974761106372518e-02 -1.6240458759949519e-01 -1.5939538992972211e-02 -1.7575117775980191e-02 -5.7505230492871443e-02 -8.2781993546820268e-03 -5.4112762226231972e-02 -1.0801605482272419e-01 1.7249678200469881e-01 -1.2728936427695919e-01 -4.6209526369099002e-02 1.1771268600894680e-01 -8.5108709819927478e-02 6.3068834086682152e-02 -2.8963402773235510e-02 -2.8507936444775350e-02 5.9538307973212433e-02 9.0015015135796392e-02 -2.8118243527409562e-02
7.4841230167160419e-02 -2.1853769406159201e-01 -3.4769239997527429e-02 8.4915818289643868e-02 5.3763410959019133e-02 1.0804716027637611e-01 1.5018854873075821e-01 -1.8225075472992980e-01 3.4303483586393013e-02 -6.3868943168672962e-02 1.7786237137713770e-01 1.2460024419623590e-01 -2.8665454565176159e-02 -5.4799923532567376e-03 6.1492130165012142e-02 -9.8109207621724422e-03 -3.4086163212993820e-02 8.5339370721921534e-02 -6.0750373858956000e-02 -4.1959251173942440e-02 6.5604484683756167e-02 7.1155760519091116e-02 8.9538241314307560e-03 4.3462088678699107e-02 -1.2990214112971490e-02 2.7087403621402018e-01 9.1533353185286825e-02 1.3936412857239250e-01 -4.3548175264467311e-02 -1.0013308412717919e-01 -4.2044487744002157e-02 1.8446329112795239e-02 8.1554130130374131e-02 2.4437060123532951e-02 2.5170187410975240e-02 1.2775513345850459e-01 -1.1117660334109090e-01 -1.2869926653534511e-01 -1.2316869237707551e-01 7.0746864090751220e-03 5.5155370485364633e-02 -1.6850204504344499e-01 -5.3149491077595801e-03 7.8311749995708196e-02 -7.5848820144517964e-02 -1.1469662598141410e-01 4.1139663982057331e-02 3.5709269081452222e-02 -1.0963855674968470e-01 2.0548548793524410e-01 -1.2897974192958650e-01 1.0272554407601921e-02 4.0318487323657087e-02 -3.4645335976071140e-01 -1.9330749466342739e-01 9.3002353238081734e-03 -5.4181851508597181e-02 1.0556981356770761e-02 7.2329840491663855e-02 -4.1640522600300987e-03 1.0238350899177610e-01 2.3201366067825981e-03 -1.4001714819710191e-03 -8.2645448070481409e-02 3.3459798520104563e-02 -2.1398431524927450e-01 -8.4713513784063901e-02 -1.6851848032020711e-01 -1.1028664880473941e-02 4.1217977673131838e-02 1.1438116623978800e-01 -1.0538542699096530e-01 -3.7134359819219601e-02 -3.5054225234778282e-02 -7.9828229389869148e-03 1.3553696903716519e-01 -2.2020117827450499e-02 1.4658799162831970e-01 -2.2050019366446870e-02 -9.2167608779770552e-02 8.6964878234059156e-02 8.7069138942106536e-02 8.4401519795788763e-02 2.9343407435324979e-02 -6.4619662194570354e-02 -1.0082001119498020e-01 7.2468410296272685e-04 8.1525106992971948e-03 -1.4274278064600759e-01 -2.4260642754590039e-02 1.4942523133793570e-01 6.7036145698723057e-02 -3.4747732053114870e-02 -3.0997536009770500e-02 -1.2705711526978711e-01 5.4043138900403791e-03 -2.1601866274744239e-02 -1.2736301924990820e-01 7.0200202900334019e-02 2.8870554255434690e-02
8.7183340922935143e-02 -2.1312416748687581e-02 -1.2063078820744670e-01 -6.5522929361046797e-02 1.0664296680094930e-01 -2.5395349783415459e-02 -4.8674692204132793e-02 3.8577811843888428e-02 -2.7677776327598321e-02 1.8001130012780581e-01 1.6125624444282319e-01 -4.1105818199410137e-02 -6.8785248225120887e-02 1.6329271486781469e-01 1.0891928134959129e-01 -3.1173931477505561e-02 -1.0204662763043540e-01 7.4150959041790226e-02 3.7971888612892413e-02 -2.0947013792845021e-01 -2.9212247515193499e-02 -2.0309158620761680e-01 5.9196971547477252e-02 2.4665923355549180e-02 1.0472528051289290e-01 -9.5117053420871484e-02 5.8537309285143488e-02 -3.1034666473109949e-02 3.2774842580294720e-02 1.6090917534678109e-01 -8.3041942605727882e-03 -6.4672736406753611e-02 -4.2070352816221533e-02 -9.2916156782607964e-02 1.0699240040874290e-01 -1.1126734289823760e-01 1.4458744535363879e-01 2.8964893350197560e-02 -1.1865054256956820e-01 2.8634394509352720e-02 3.1012439579095569e-02 -2.3808834682079939e-02 -5.9324574806242043e-02 4.4378989833920621e-02 -7.3357792442938261e-02 1.0450170443578860e-01 2.8075126992963299e-03 9.5825787319313946e-02 1.0232463896823420e-01 2.0747999181460669e-02 -3.9221011919748139e-02 7.2236566354741934e-03 -1.7410616435653881e-01 1.6477084501842619e-02 -6.8988113959485717e-02 1.0357008985454599e-01 -1.6803846794278471e-01 -1.0181945047912580e-01 -6.5200949639673739e-02 4.2590017701056991e-02 -3.7827940221525393e-02 -2.2753552452016389e-02 1.4486877381048019e-01 -1.5203368597299829e-01 1.1774530027493470e-01 6.0136736691704981e-02 -2.2109992582001800e-01 3.9933250855859123e-02 2.6774864937809351e-01 -1.5760616465717231e-01 3.9820626418998743e-02 -6.7441956878447409e-02 -1.3969605363370541e-01 -7.9033143813644111e-02 1.0524468140799249e-01 1.2014162049917120e-01 4.4778663492222558e-02 -6.9961936341320669e-02 -1.6215687105302329e-01 4.1660617679963492e-02 1.3891988350949460e-02 -2.5051098189120009e-02 1.0399380085334289e-01 1.7974631505402811e-01 8.0291457733366999e-03 1.6906918770631349e-01 -1.1073727852341229e-01 -8.6633572431744021e-02 -1.8619865434278471e-01 7.3958469014882955e-02 -3.6783200080078203e-02 -6.0823088496349827e-02 -7.3900587831992354e-02 5.9247439086915370e-02 5.5924193445937909e-02 1.6865106487297631e-02 -1.1503171223633440e-01 -9.2320424573761731e-02 -4.7913969313285107e-02 -7.4746380542373730e-02
1.6029027207706040e-01 1.0927277497805161e-02 5.1691646540721232e-02 -6.2786905514408575e-02 2.0561818456637929e-01 -1.2387165857861270e-01 9.4246112081463676e-02 1.7148970685480269e-02 -2.0179006636523989e-02 -1.1043920051262790e-01 1.6695044849978291e-01 -1.1910449891696080e-01 2.8848010438920539e-02 -8.6322023164432271e-02 -1.3222646745012549e-02 -1.0839005597553150e-01 4.8884547850691233e-02 -2.0949741261228180e-01 9.1200184948805052e-02 -4.1222997676745969e-02 6.4135262192946463e-02 5.6454172063785717e-02 -8.0060610256377188e-02 8.9346620556876588e-02 -4.3111135121948439e-03 -4.0392251286048099e-02 1.4655020652954870e-01 6.1644595568394689e-02 2.0599446724335849e-01 -1.2126279418052940e-01 2.1146051912151440e-01 6.7761846124228586e-02 -1.5393628525954170e-02 -9.5004719862310416e-04 4.4696577905778780e-02 -9.3330927601197405e-02 1.0427381304365220e-02 -1.1219511608052980e-01 -5.4666328192888317e-02 3.8164408861980401e-02 -1.8340442716763361e-01 1.2226310141795479e-01 -1.1333735036287880e-01 -6.4864211164076091e-02 -9.9565186546656151e-02 7.0974887726134250e-02 3.4023674701650570e-03 2.5563864950759709e-02 -8.4404316738058219e-03 -1.0728527051449940e-01 1.7905901987550241e-01 -8.2459342527977791e-02 -6.2033124465895803e-02 -1.1053833334340469e-02 -1.1627892308749550e-01 8.0521920404115391e-02 1.1973840826022100e-01 -3.3826289066654067e-02 -5.3395568766890042e-02 3.4982400711242097e-02 1.5628577438919600e-02 -1.5331342644211529e-02 -3.1705606373780518e-02 -7.5757347128347557e-02 1.3446805308064400e-02 -1.8946924007734400e-01 -1.1464184561207780e-01 5.6246132768370163e-02 -6.8753461458546411e-02 5.4546107069215623e-02 -3.8756954416605809e-02 9.3558265034408922e-02 1.7038823964543559e-01 8.1461607606705209e-03 3.1296940802249193e-02 -2.3182662805037080e-01 1.9054164225445319e-01 -8.5870448663167287e-02 -3.8876301561524523e-02 -2.7797147002645739e-01 1.8452528138639349e-02 -1.6529542515968309e-03 -1.4536565992999639e-01 7.1735102274699425e-02 -1.0005584586096730e-01 5.2181017498183643e-02 1.0922162162541280e-01 5.4805416299218146e-03 -4.5694016388986930e-02 -2.6219653498738759e-03 9.1075722541123505e-02 -9.2896926709566646e-02 -6.9263853691504368e-02 -1.2528572923600789e-01 -3.4717073247561403e-02 3.3958070278407880e-02 -5.4894253612925388e-02 -3.3669499884501162e-03 9.7480630949282138e-02 -1.4719572697588301e-01
-9.3173185150597027e-02 7.7062229149385278e-02 1.0356659420348150e-03 1.7144331938522270e-01 8.2203551852282671e-03 4.6150427799007333e-02 -6.4844203611165177e-02 3.5401633988413131e-02 -1.5790281078965979e-01 1.0330273993960440e-01 -7.0374569600518064e-03 3.1636642401611438e-02 1.6398983778892720e-01 2.2152946765795609e-01 -2.3740392749646971e-01 3.9124655610622068e-02 1.8492358619361360e-01 1.7324590267245581e-02 -5.7869448407567856e-04 1.2221881327031919e-02 1.8525267339265039e-01 9.7712141343295200e-02 1.5274999007668741e-01 4.4167680642359847e-02 1.2132991280839681e-01 2.7492115168988869e-02 1.6090546684330381e-01 -2.2480202590943531e-02 -1.3686743339376339e-01 -5.8740053500894229e-02 9.8258495757398857e-03 -1.9078273865336011e-02 -1.4293782369924450e-02 -1.7346676906445330e-01 -3.2882230846238231e-02 1.6327566828484351e-03 6.4261372084540871e-02 1.0388013109397970e-02 8.5912426835340491e-02 5.0380012934589782e-02 -8.5318796246104164e-03 -3.1371444983193691e-02 -3.7432238127695527e-02 4.8373752618278948e-02 5.6963284561650111e-02 3.6842641691905653e-02 3.5033264283021753e-02 1.6411691031173459e-01 1.1025495454413270e-01 2.1193509072640060e-02 1.3634085978280661e-01 9.9814406009072869e-03 -3.3026523792601042e-02 1.4368303218742891e-02 -5.5760010465316263e-03 -1.1369292133555890e-01 -1.4310183750294839e-01 8.0494304984502746e-02 1.4976973203651339e-01 3.9184648959357153e-03 2.7460220157551549e-02 7.3936916025043903e-02 4.4866129307950108e-02 2.0008311477860578e-02 -1.3360271023196749e-01 -3.5511119153412193e-02 4.5416462386729639e-02 -1.1072594548174459e-01 -4.2576548170418477e-02 6.2948938810559102e-02 -1.7963932950000749e-01 1.2860267424534499e-01 8.6728882901270701e-03 -1.0370019987589270e-02 3.7145137258645191e-03 8.0204417488181998e-03 -3.2229041693012578e-02 8.8457128966172340e-03 -9.4180183947345994e-02 9.9363627713925678e-02 -1.7064775448229141e-01 2.3592097474612480e-04 1.7668330782221360e-02 1.0646149825384479e-01 -8.1855288979152938e-02 2.9758790280382679e-02 -1.9639249416632108e-02 2.5481480760691521e-02 -1.8670179368220771e-01 5.5108176153117090e-02 2.0271305863439029e-01 -1.6517752554615541e-02 -1.7500389804283539e-01 8.3447406278710674e-03 -1.9438380397651129e-02 1.9271259544104519e-01 5.3408388135002989e-02 1.9059891280668961e-01 2.7964384641336509e-01 -2.0996146403348560e-02
-1.7320942610811050e-02 1.1144674775588320e-01 -1.5447202128904400e-01 -6.4629164524627358e-02 4.0787573077152771e-02 4.2811132330810617e-02 -4.9927812782263201e-02 -2.8322448498551880e-02 1.7863967221816249e-01 -8.0624363171834815e-02 2.4743403989516660e-02 -8.7137958377560040e-02 8.9319929436856002e-02 4.5907652030836667e-02 -3.5646190039157227e-02 -2.4230328099210810e-01 2.2409097413787781e-02 9.9060173561335341e-02 -5.7418991691509061e-02 1.4794056858539381e-01 -5.3229079923639688e-03 -5.8890024988383872e-03 -1.1288395045142960e-03 -1.1457877015760560e-02 -1.6461570230313571e-01 1.1552108906306430e-01 1.4347280103306001e-01 1.2235100665017290e-01 5.0195634916021317e-02 -1.0716186551186370e-01 6.2708240296379489e-02 2.0573945773199171e-02 9.4321318200872542e-02 -3.6000793388051962e-02 -7.3274145103075436e-02 8.0538400601005852e-02 6.4079453302833864e-02 1.2317163257161730e-01 2.8043587549667721e-03 1.9161176920443689e-02 2.0681443459918489e-01 3.4677627126562791e-03 -1.2461440341464670e-01 -1.7718681773375261e-01 1.8882329901543111e-02 1.5643287273012191e-01 4.5801803889826763e-02 -7.3581232939556901e-02 1.8610028436053520e-04 6.7009681442852687e-02 -3.2272241271853963e-02 8.3574639757437730e-02 -3.9163738852647477e-03 4.8076428827380932e-02 6.1531569104515897e-02 -3.2287804808295108e-02 -1.2141515258042419e-01 -1.5850181455369719e-01 -1.2186394355285940e-01 1.0503582545025569e-01 -7.0644269998493645e-02 4.4966815591459257e-02 -9.1991391575732023e-02 -2.0415997640668811e-02 1.4024857637671850e-01 -7.3834456319467293e-02 -8.8039295978299570e-02 -1.1822847297533599e-01 9.4433847091172834e-02 1.2198467954013321e-02 1.6787112588683181e-01 -4.2948553769288467e-02 -9.0318918606118286e-03 1.0789310487291080e-01 -1.1136899751361110e-01 -6.6030871557761953e-02 2.8485484268056288e-03 -7.3763418215958360e-02 1.5731884966378429e-01 1.2353980879184780e-01 -1.1292979244730179e-01 -1.1628053323358190e-01 7.8503310777248245e-02 -4.4054373732896931e-02 -1.1687435641410980e-01 2.9854452819698549e-02 2.1219193944973641e-01 -4.1498773262121993e-02 1.1909328533555670e-01 -2.6102583321503552e-02 -6.8733182843099996e-02 -1.6674277367578730e-01 -6.5774584079595633e-02 1.4976318621463650e-01 1.0587441251774730e-01 2.2691174876566481e-01 1.1195970998171699e-02 -8.1849683408027507e-02 1.4936991054481380e-01 1.3823286986015371e-01
9.4935002826393687e-03 -7.3208523446438162e-03 -2.9355304708743670e-02 1.9321188938303001e-02 4.2215532781038533e-02 1.1655940143719380e-01 9.5510391019638749e-02 8.0381876291049342e-02 -3.2302197599489053e-02 5.5732786785862659e-02 -4.3699835205759638e-02 -2.0728843353588551e-02 2.0218112659320239e-01 -8.4590860425165157e-02 -1.1104658607551959e-01 -4.9122866643589627e-02 1.5697453503386471e-02 -3.9635875008918180e-02 -4.6233492928083798e-02 1.7984330450859190e-02 2.0684959466790040e-01 9.1803763655958354e-02 -5.2185499462672973e-02 -1.1836724060465501e-01 -1.7148802775703301e-02 -1.9607275811815750e-02 -1.0473338706779600e-01 3.2535999325397823e-02 -4.0511740593428068e-02 -6.0329045549901851e-02 -1.2360407603047301e-01 1.6996945656151249e-01 1.4296975888465330e-01 -4.3133137990401152e-02 5.0100745796422513e-02 -1.9103355297348851e-01 -1.3615102017086461e-01 4.1311643792233087e-02 -5.3229104872854420e-02 -2.5308367198651011e-02 -3.3774556593854040e-03 -9.7527113810559465e-02 -5.0815758335933013e-02 -7.3830051302607363e-02 -1.9073457851118381e-01 2.5830353505419290e-02 -1.2800683840411831e-02 -1.2765238151894551e-01 1.1224642570511370e-01 4.0749874437016782e-02 -1.3978146239938730e-01 -9.4389480911073378e-03 -1.3937279064910441e-01 4.5957731949986542e-02 -9.4436452958433101e-02 3.8146800977050317e-02 -8.9659617378270690e-02 -1.7542866266204639e-02 -6.0245372831289390e-02 6.6949805256359157e-02 8.3922243186065042e-03 -1.1413428784087799e-01 2.3544278928131471e-01 -1.2787932781046630e-02 -1.4718827510842619e-01 1.2687820820662540e-01 1.2909258994319731e-01 2.1191077785737111e-01 -8.7385716183709505e-03 -1.1068969923440571e-01 -1.3508486052097479e-01 -2.1540625260651450e-01 7.2522457174572896e-02 -1.3489316948199539e-02 5.6673035520313379e-02 -5.3886078239912399e-02 6.9489065164591371e-02 6.3194611728495928e-02 8.5700151371668920e-02 -3.4781059206532502e-02 -1.3847939459523531e-01 -3.8949923289208807e-02 -5.5242653574792168e-02 -9.2775451730489358e-02 -9.1651199294109462e-02 -8.9723531632384987e-02 -1.3099555811539251e-01 -2.0707388977521210e-01 8.2030819138703449e-03 -8.1713463459491556e-02 6.5321586433135556e-02 -5.7162605016160412e-02 1.6590939761839049e-01 1.5727927440971931e-01 -9.3546377790594146e-02 5.3540178246834179e-03 1.1331415947750551e-02 -2.2010389741655439e-01 1.1610194934444250e-01 -7.4338641272402389e-02
1.7088163852571339e-01 -8.1990611474886496e-02 -2.6963044354798248e-02 4.9098366710680692e-02 -1.7809148489133331e-01 1.0575032695005540e-01 1.3843073796870209e-01 -6.4231178398921701e-02 -3.7129536956335800e-02 -1.8118329762721549e-01 -1.7012238810653821e-01 -4.3414387624918983e-02 -8.6072752987670642e-02 1.2813961864810780e-01 -2.4311462651284799e-02 9.2399744007204340e-02 -4.7014035075921737e-02 -1.4981545929322079e-01 1.0127621232993640e-01 5.0054368867022948e-02 1.7660781237512310e-01 2.4648212073471360e-02 -7.1732529307215742e-02 2.9375858047915579e-02 -1.4670104588796759e-01 -2.1218632030017731e-01 -1.0019393555220189e-01 1.2239772756911239e-01 -4.7127875654097609e-02 -2.0398675408195460e-01 -2.2303724474610570e-02 1.8211524872107390e-02 -3.2186618497194203e-02 -9.2284677281318131e-02 6.0057816327666533e-02 -1.1632527456570710e-01 1.7110567886514569e-01 -1.7427916060793300e-01 -6.6864180850068691e-02 1.2805328555575579e-01 1.1801834951621490e-01 -9.7947264812435417e-02 6.7338982076286524e-02 -8.8674725928756915e-02 1.7542396651263131e-01 3.9006815296591002e-02 1.4562604095162979e-01 -5.4921127110040963e-02 -7.0036746313373394e-02 -6.6198469187761372e-02 8.0605242136991939e-02 1.7879897410726431e-01 8.2950540538991271e-02 6.2942736753864859e-02 -8.3845962982512970e-02 6.5836221970222306e-02 5.1874339826861973e-02 -1.1401241422073801e-02 -1.0803353154295200e-01 1.4226175290299519e-02 2.4504097319363590e-02 -4.4252518638334133e-02 -9.6343122735919856e-02 -7.3629274132466976e-02 -4.1938793513381589e-02 1.4837970168781320e-01 -3.9124565616303002e-02 -1.1566505270822010e-01 2.6795762652589272e-01 -1.9862771690029771e-02 -4.0626182304281791e-02 1.6651902740744920e-02 3.6117597888514902e-03 -1.0523360652510401e-02 3.3729180701189590e-02 3.9692889029066931e-02 -4.2626392246001621e-02 9.1174400049161941e-02 1.7065803067154921e-02 -5.6345226854019617e-02 6.9322520343857413e-02 1.0523049043031651e-02 8.9974598204532005e-02 -3.9644867938469384e-03 -1.2026427653662800e-01 5.4376784189284648e-02 -3.3600136193959698e-02 4.1230823385945102e-02 3.1901067469573080e-02 1.5484253834336589e-01 1.6796699198916329e-01 7.8879796057104046e-02 8.8173386379098162e-02 3.7567926640792733e-02 1.9681276592182001e-01 -4.5396851549618519e-02 7.5085999852251339e-02 3.3959763849883619e-02 2.2593511911328870e-02 -6.7211292398702466e-02
6.2282930684018023e-02 -3.5009230332840313e-02 5.4590834967727563e-02 1.4030211162404399e-01 1.1989142207547410e-01 8.1646926633419173e-03 2.5089297157262529e-02 6.9573618655505848e-02 -1.6757515799709011e-02 1.3309575978908619e-01 -1.1167062250031690e-01 -5.7824025796974272e-02 1.0354338932368780e-01 -1.0227246327823231e-01 2.1359954673730949e-01 1.8420055944339320e-01 2.0683606020203589e-02 1.0997499886862280e-01 5.7880483182410708e-02 6.3320974424712129e-02 4.3408004809654281e-02 4.7797575026746808e-02 4.3968493558347921e-02 -5.5395877406230608e-02 3.7730819956372029e-02 -2.1855605328096769e-02 1.5471979423288740e-01 -5.6604184234325818e-02 -4.0749681832822531e-03 5.6286584131517783e-02 1.1846532363186980e-01 6.2976995711179151e-02 9.0146925871909256e-02 -3.7208897862936068e-02 2.5498292772442560e-01 6.3964810067783984e-02 6.3073319258894922e-02 2.7527059918045951e-02 1.5276263517899330e-01 -4.5575585139240073e-02 5.0278817874981313e-02 7.3227858018269032e-02 -1.7025817903902071e-01 9.5601688698291297e-03 5.3837436399401320e-02 2.3267608963084210e-01 -1.5828682669999741e-01 2.6992435230588320e-03 9.0096329548378252e-03 3.0771584204531851e-02 -6.6741330080647421e-02 -1.1390202540102871e-02 9.7291727776115042e-02 5.2587811820870162e-02 -1.4423235495716311e-01 -1.7008016745394630e-01 1.9742319494300481e-01 1.5973529960325900e-01 5.1957129709947571e-02 -4.8835662785984807e-02 1.8810522984864221e-02 -1.3716398038719951e-01 -1.2006779580336011e-01 -1.2874803309305360e-01 -1.0165479732328950e-01 -1.8316068742724609e-02 3.4244363582245280e-02 4.5230071457204188e-02 9.1545797198267942e-02 -1.3428672675157891e-01 6.8750808377880335e-02 1.2560851909040899e-01 -2.9385789351382429e-02 -1.0721508458412130e-01 -1.0972921344886840e-02 8.7193335622597498e-02 -1.5518020851955130e-02 -9.3457634405121298e-04 4.9120699034960420e-02 -1.5575938128799901e-02 3.0467458450640079e-03 7.4919015170590603e-02 4.1358604728427929e-02 -7.3388891916635252e-02 -4.0625917951842019e-02 -1.0911738723866610e-01 1.7918821774468041e-01 4.5936142759394241e-02 -1.0514002869455040e-01 -1.0037202731236360e-01 -9.2237312096585741e-02 5.9121172378990228e-02 -9.7529888904007017e-02 8.6130645595676639e-02 2.0334847798765041e-01 -1.4279736740840049e-01 1.1983957344414760e-01 -2.1445974839243551e-01 8.2824773930317702e-02 -7.1235447541714543e-03
-6.2077852195842977e-02 1.4782992784069721e-01 6.4929174127097658e-02 1.1643404901356090e-01 -1.8055532807578789e-01 -4.6446206068163222e-02 6.1201330677791162e-02 -5.5096683818741353e-02 -4.3295735247000977e-02 2.1608998203072829e-01 -5.3327391768044421e-02 -2.6012276088951058e-01 -1.1444484484805629e-02 5.5388768309770960e-03 2.5813958939716150e-02 -8.6600985364845701e-02 -1.3382434306520091e-01 2.0166421775904570e-02 9.2947801644619604e-02 4.8782311540725473e-02 5.7628592322243113e-02 -3.5103182849659013e-02 2.4981709707218851e-02 1.5013340446517839e-01 3.4397929470557503e-02 -1.1269653791745490e-01 1.0504170720973120e-01 -8.9842783043953212e-02 -5.0319875135596541e-02 2.1382072597851361e-02 5.7614470573036751e-03 -1.7142812741323590e-01 -7.2355136511811677e-02 -1.5869854734268829e-01 -3.9734824312568751e-02 -3.5470751872243453e-02 -7.7729935266488831e-02 -1.6137785278442951e-01 -4.7223330672088552e-02 -8.2308737348794264e-02 -1.5328610035444409e-01 -6.8456785399104145e-02 1.1934656880511209e-04 -1.0607356102642450e-01 1.2627986314063891e-01 8.4337079171864393e-02 -1.8458097017897729e-01 1.1976185301754729e-02 -8.0127499070325098e-02 1.1740696245393660e-02 -1.3929894963361450e-01 -5.3815650427333682e-02 -3.5264487796798041e-02 -1.9470267298862719e-02 -1.3806892129166909e-01 -4.5020110897019981e-02 -2.7357184131836930e-02 -1.7407531479375071e-01 -1.8516157297372071e-01 -1.2417698051311329e-01 -5.4542306524499477e-02 1.8278961506365990e-01 -7.9129593547346402e-02 1.1374087081142960e-01 2.5951663865539518e-02 -9.8072454192426869e-02 9.8064976558717834e-02 9.8501884296996842e-02 -5.3775732503458587e-02 1.0706979759181599e-01 3.4574249732694767e-02 -2.0832104480075980e-01 -2.9820542051098619e-03 3.7494301735857563e-02 5.8360169459887652e-02 2.5484306768726091e-02 1.6632772213511601e-01 1.6444772175950750e-01 3.4100937528907221e-02 -3.7688595730314182e-02 -3.9518813499655560e-02 5.1794062456592183e-02 2.5058996015574542e-01 2.9493423763556920e-02 -1.7783510065551139e-01 -4.8390873942853678e-02 4.6290432569680053e-02 -1.1306661118073571e-02 5.4563336516244253e-02 -1.0418416163882201e-01 -1.2808948634555841e-02 5.2284418363988283e-02 -6.2601954532961773e-02 -3.8483040358852139e-02 -1.0249916211340079e-01 -1.0564527076988600e-02 8.5980270055239852e-02 5.8411221024325603e-02 -8.4491406222275800e-02 4.0428954583105159e-04
-1.2235336452334929e-02 -7.5781122737651118e-03 -1.6587663199676089e-01 9.6850128644721915e-03 -1.4289127563680840e-01 -1.1816965833074010e-01 8.4545516508578930e-02 4.0537250250909193e-02 -7.0275846739157348e-03 9.4550515617797554e-03 3.2191901508874327e-02 1.2284011127020381e-01 5.9481725767937629e-02 1.6435832291480129e-01 1.0308560428576930e-02 1.2288089413249209e-02 -5.5528452132795177e-02 3.0062826494821539e-02 -1.2511401806955039e-01 7.3628166206385445e-02 1.7838134109139109e-01 2.1321448988828259e-02 1.4198331599908670e-01 9.3412855221180841e-02 -4.1694535268136192e-02 1.0133625142234950e-01 -8.8394825783927655e-02 8.0635890061073988e-03 2.6513681008693051e-02 -3.2920659338715559e-03 1.0892334597639650e-01 -1.0847262573993670e-01 -2.4069642307304219e-02 3.0007287463124459e-02 -2.8105933177800659e-02 1.0730359341998159e-01 -7.6145303568911721e-02 2.1686287811109661e-01 -2.7483975126645861e-02 -7.3093266826563044e-03 2.9156530359580300e-02 -1.0477322891174860e-01 1.3809950025903950e-01 5.5498714403030690e-02 1.1945803534247990e-01 2.5093346693521111e-02 9.8369900037181879e-02 5.3718596348674590e-02 7.2611319719483355e-02 -5.6334647297347717e-02 -3.8730319920928853e-02 -1.0213448751731941e-01 2.5318749620795639e-02 2.4010705633845300e-01 -2.1677656052404870e-01 7.8820081523115482e-02 1.4212438873748820e-01 -7.3138303971478733e-02 1.0573044950583810e-01 1.2472697560975220e-01 -1.0789479831146380e-01 1.1894368720979810e-01 -1.4903590235940751e-02 -8.6624179623816022e-02 7.8881925692490668e-02 -1.1148980688875680e-01 1.0583941661876139e-01 -3.9596888288860481e-02 -2.2182432443677950e-02 6.9194493186518907e-02 -1.5709870947652260e-02 7.3539727166915814e-02 7.2056960416639948e-02 -1.7499715565419391e-01 7.7018260322627236e-02 -3.3031458974297170e-02 -6.7622157708979197e-02 -4.1199578022259771e-02 -7.8640840214952809e-02 -9.8698524546666583e-02 4.4440019357879119e-02 -2.6163663107556501e-01 -1.0289090502959970e-01 1.7993255340561701e-01 -2.0307103031979151e-01 -7.4845341157044998e-02 -3.6768804530515151e-03 -5.5102405518096267e-02 4.9290683861873442e-02 -9.3390079574754398e-02 -2.2245263770648821e-01 1.4532139775324640e-01 1.0409687894343490e-01 5.4385324245287310e-02 -1.4924479875711770e-02 -1.1067047098601331e-01 -6.2652295928287347e-02 -8.7028484607142617e-02 -1.2882324468956360e-02 -1.2080008336968490e-01
4.9221797277742403e-02 5.5248061546707330e-03 -2.7721479752354759e-02 9.1303589496997226e-02 9.2809813382859499e-02 6.0071944965813209e-02 -2.2072351761980591e-01 1.7724530415996479e-02 -8.6893948956490746e-02 -1.7410630946708280e-01 -9.4812317357487005e-02 -1.4154967159914780e-01 -1.0695182965097751e-01 6.5454085243037306e-03 -2.0733710435637018e-02 4.8159990975529350e-03 3.8339237484088413e-02 5.4055161820160298e-02 -7.9231192233302980e-02 1.8935157344603971e-02 -1.0607791246616650e-01 5.0433856581076228e-02 7.2741406243307188e-02 -9.9618566903596828e-02 -1.1783287066765701e-01 2.8888010357333190e-02 -1.5726472921829929e-01 3.3080725132719153e-02 9.1993137644306514e-03 2.8804462324634950e-01 2.0185877531251550e-01 -2.4840441357629629e-03 5.8674650757716933e-02 -6.3334160232832531e-02 -2.6628129986667648e-01 6.7972454324006448e-02 1.0424325339993681e-02 -9.4131156742243620e-04 -4.2313364047439780e-02 -4.2829730040558150e-02 1.4160734895137601e-02 -2.4991149476243310e-01 -1.7065012603923771e-01 -1.3831480817790151e-01 -5.4609178201787123e-03 -5.6868221357687578e-02 -1.9855276307939169e-02 8.2726784064761624e-02 -4.5748561148059187e-03 -1.9818801499492861e-02 7.4593127145788557e-02 1.6150176179265160e-01 5.3827590560597008e-02 -5.1064894229806583e-02 -1.7377323064463390e-02 8.9541573061341518e-03 1.3179159656306541e-01 1.6496659554559601e-01 -3.2480625877710313e-02 -1.6027244686589240e-02 -1.9566726378334709e-01 1.3547436027295570e-01 1.0293304840387660e-01 -3.2995735537650027e-02 1.1505950990831949e-01 2.5500959422032069e-02 1.9346006075768599e-02 -4.7222179326995760e-02 -1.0243232025092830e-01 -1.3719898542999229e-01 -7.5638612123717419e-02 4.0950043207386823e-03 -5.7197592543536610e-03 5.2784426535075299e-02 1.4087643883639811e-01 -1.1323808259147400e-01 7.4287034504118971e-02 7.2143349218047222e-03 2.9092981225291381e-03 -3.1107186802899658e-02 9.7760564233746988e-02 -1.3176223562768289e-02 1.5216315971354250e-01 -1.3312792847940430e-02 -2.7864165910327161e-02 5.6059241891955540e-02 -1.4141334036588010e-01 -8.1139381649502781e-02 -5.8605173797105642e-02 3.3637397025000830e-03 2.0414553573990982e-02 -9.8538822783496380e-03 -7.4101205795264899e-02 -1.4477583770720939e-01 -3.9565917099501302e-02 -1.1819616443946060e-01 1.7203099417472831e-01 -1.6349203018521449e-01 1.4520118870863599e-01 -5.6408353672825727e-02
3.6627043239422140e-02 7.7657331541472016e-02 5.8776340066136338e-03 -4.3034029345192910e-02 -1.3477756924596619e-04 -9.7190436734237440e-02 3.6480437627095907e-02 -4.6639241548930441e-02 -5.3338803743668388e-02 -5.1436764835158917e-02 4.2500472546846503e-02 5.0816599596875947e-03 7.3888982489885473e-03 1.0407615730433370e-01 -3.9183291429491791e-02 -1.0840810982562001e-01 3.7518407932169651e-02 -1.3012550514099549e-03 1.9970527721813000e-01 -5.4831442024361993e-02 -1.2072287985728070e-01 2.4099510628034770e-01 8.1516672895521063e-04 -1.5899975603129829e-01 5.4074048126458031e-02 6.8702937258211097e-02 8.6911752480209853e-02 -8.5347551303730160e-02 3.5124270739866931e-02 1.1221256597251129e-01 -2.2433419628851639e-01 -9.4724834081367060e-02 4.7793205897197620e-02 5.8639923114677008e-02 9.1122553618026320e-02 -4.6750900658641667e-02 6.3600120877135236e-02 1.7627588638455680e-01 6.5957112238686208e-02 -2.9182114872597840e-02 -5.1253659563864587e-02 -1.4027179934002060e-01 -7.5785991575806275e-02 -1.2573373251595690e-01 8.4450011650530690e-03 -4.7598059845589340e-02 9.6693908421959851e-02 6.8045824326427272e-03 2.3093607594824780e-01 -6.5546596310169652e-02 1.2053622190775531e-02 -6.4340705536879974e-03 1.3481733125442741e-01 1.4201591469346589e-01 -4.8129717991798299e-02 5.4404598848529790e-03 9.0777971281705380e-02 -1.2077016514022360e-01 -3.1668947561353911e-02 2.2361662120213999e-02 1.5449395979889219e-01 1.7692160450222510e-01 3.2829464287801341e-02 -9.8766544767483103e-02 -8.8270151918255838e-02 1.7430785348019320e-01 -2.6046892151488560e-02 9.1929804380964458e-02 -1.1373872578589379e-01 -4.5710431073627711e-02 2.0189943613783340e-01 1.0929446220997540e-02 8.8681915740049813e-02 2.2247420610379810e-02 -1.6024984831507111e-01 1.3320798888157420e-01 -9.3734725869905375e-02 8.5321069104939209e-02 1.4785900984969011e-01 -1.4986645544813601e-01 1.4496506614192231e-01 1.0266792722651480e-01 1.4894731476348669e-01 -2.1441176938470981e-02 -1.2291155155016310e-01 -4.8950982246965438e-02 -8.3617335811613611e-02 1.7543375147510559e-01 -3.1276341174771433e-02 7.8392014226346812e-02 2.5196916969462430e-02 -1.6166025090399470e-02 -3.1855852545587772e-03 -1.3959293881123100e-01 -1.4236688922133200e-02 4.1090878958557148e-02 -2.1397314877605761e-01 -3.0236844662936850e-02 7.7188304277181985e-02 2.3991044139873761e-02
2.4217640160707921e-02 -1.1840388587631920e-01 2.3050533905087850e-02 5.9301148663758962e-02 -1.4317737570083910e-01 -7.6429149558792195e-02 -1.5342608091821919e-01 3.6647561012514672e-02 2.7906791977058570e-02 -1.9235889244044491e-01 7.5680765975537925e-02 -1.4972420307066930e-01 -7.4914782719469025e-02 -9.8875400412779160e-02 -8.7896327341378935e-02 -7.3357657872625062e-02 1.5381216031487119e-01 7.5296423391433207e-02 1.3778017140591489e-01 -3.9044443975315711e-04 -1.7292281827255640e-01 -2.9829538529597771e-02 3.6408567969129238e-02 1.1653855874825850e-01 1.8138168421183459e-02 -1.5633534011225331e-01 1.0992334154274490e-01 -6.3550586775083323e-02 1.7820162815266830e-01 -5.6581169941206377e-02 -1.2521883165222519e-01 1.1527009154666930e-02 1.4837133508743309e-03 2.0656696161652489e-02 5.2290983288374372e-02 1.5119157208081060e-01 -7.5854194993803303e-02 -5.7575876265046490e-02 2.3155647098894869e-02 3.0514053581329640e-02 8.7417494040559512e-02 -8.5859488682343318e-02 6.0739156837102813e-02 1.4119076481511850e-01 1.0070649721095400e-01 4.0380449218224687e-02 1.2843706684629749e-01 -1.7402603356126739e-01 1.4045673024347730e-01 1.1658337035392960e-01 5.2808167335310033e-02 -4.8624218308791101e-02 4.8889765449164957e-02 -1.2433379393508231e-02 1.0196976378072500e-02 -1.3116845301671509e-01 -1.2126773274086551e-02 -8.9147218416137999e-02 1.5345785429056541e-01 1.5259805172749399e-02 -1.3438395262727320e-02 2.1328883689855679e-02 4.9678154699015374e-03 -1.6480891155167859e-01 8.5760800895884559e-02 -7.2781801952242009e-03 1.3626666457007450e-01 6.6265387795564776e-02 8.8223916709111852e-02 3.7751792836736971e-02 -1.8184518788933551e-01 7.4868435235657657e-02 4.8390469878505468e-02 -5.7444639432225969e-02 9.5078664655026651e-02 1.5267889296279219e-01 6.7543303312355682e-02 -5.0073990335765872e-02 1.1921183801918279e-01 -9.4107937577626311e-02 -2.2284954365140261e-02 6.8774979784206561e-02 2.7631818247699148e-02 -5.9713986372258963e-02 8.3104040159847542e-02 -9.3728179482514273e-02 -4.0097068379729400e-02 -2.7471823018669922e-01 3.1190193708238039e-02 5.5407886632261878e-02 -2.6910527236666600e-02 3.2638960109305871e-02 -1.4454364246736129e-01 7.4456238978157938e-02 -9.2316831156875404e-02 2.0650125312393119e-01 9.0309253174132853e-02 -9.9768683394889396e-02 -1.2204869625223470e-01 -1.8196454741451040e-01
-2.7994788607254920e-02 1.0357486751422509e-01 -1.6012056315835230e-01 1.7488339977705838e-02 7.6451951692030035e-02 3.1327783736901010e-02 2.0539264572252480e-01 -1.9140842165754068e-02 -9.0974105682033374e-02 -1.3887367224823910e-03 -1.3074176873154650e-01 4.6628014699306240e-02 6.1457091666709193e-02 8.3222075944861751e-02 -9.1061104355335279e-02 -7.9808244464444913e-02 -1.1609623587616290e-01 2.7135679898154370e-02 -1.3019940570385150e-01 -8.3521729327736202e-02 -4.4995083493044097e-02 8.7814094241948863e-03 1.4410051021509379e-01 5.0830599492960787e-02 7.0214202343550094e-02 -4.4882565118528331e-03 -2.5277355677486339e-02 -1.2539994776751190e-01 1.1502587726516690e-01 -8.2971215272447885e-02 1.9321324676603960e-01 -1.4001707102077529e-01 -1.1357373003332240e-01 -5.0488369128319117e-02 -2.9351792917005182e-02 -5.2317338809177959e-02 -3.3589732299457123e-02 -1.9896587578543989e-01 -1.1047126147340360e-01 -1.2724193532737120e-02 2.0097790610912530e-01 -4.4414149181681937e-03 5.7447968006097222e-02 2.1522403820322101e-02 -3.9186537793478339e-02 -1.1925340528590581e-01 1.2043463037993871e-01 5.9016646428555850e-02 2.0698604519122801e-01 -5.4737613125652720e-03 1.3793641389330041e-01 -1.1868722761563150e-01 -6.1015005549784007e-02 -9.9207975772385687e-02 -2.4623094510533520e-03 -2.1485886982614791e-01 9.8013370785939358e-02 -1.4363886210364350e-03 -1.8625143982708921e-02 -1.6152945144592409e-01 6.0285883066916207e-02 9.7380519945391864e-03 5.1891382722500427e-02 -7.2767741793634266e-02 5.0467724334060226e-03 2.2540288561525731e-02 -1.7800815150373849e-03 -5.9396531596360651e-02 -4.5944890227664563e-02 4.8332177750795867e-02 4.6214391972877418e-02 -9.4856772865335476e-02 -2.0519025794659761e-02 -5.7834233817886348e-03 -5.7174133872312197e-02 -1.7562020188066109e-02 1.1805103143967230e-01 -1.8434643267756590e-01 9.2276163703055178e-02 7.6464552640807856e-02 -9.8817711901515878e-02 -5.0130658806464799e-02 5.4498433160669171e-02 -3.5802120802860637e-01 7.5116433862311663e-02 -1.4559750137622859e-01 -8.4209015409611593e-03 1.2553185461287680e-01 -4.7413589313026777e-02 7.6883563901361793e-02 -1.3756609294088770e-02 -1.0182955423147599e-01 1.7452735240020500e-02 8.5908020401193105e-03 1.2347172973452281e-01 -1.3279983278464180e-01 -8.2373704717281213e-02 -9.9509898355193818e-02 -1.0207146464899930e-01 -1.1671919287588320e-01
-5.7996182421367587e-02 -5.3610486468474758e-02 -2.7914456470444729e-02 -7.6159124064000619e-02 -1.5913526748862289e-02 -1.2874342585061910e-01 -3.0123350700236411e-02 2.3464894704850009e-01 5.9906223363702160e-02 -1.9718072038261439e-02 -2.2485470919059621e-02 -8.4692929273028753e-02 2.1254371729999039e-01 1.3997619829382421e-01 2.1291347776877918e-02 -6.0516820427836779e-02 -4.2298253050547081e-02 -4.1599633965634292e-02 -2.0506037199187921e-02 -2.8089058722687559e-02 8.2261374305213547e-02 1.3665552319585991e-01 6.3915696996909480e-02 1.4221821031447879e-01 -1.2391564543106610e-01 5.4520398145676059e-02 -1.2576049304737280e-01 -1.4960577757607139e-02 4.5595434456372437e-02 4.4995564297108617e-02 5.6249283548305773e-02 2.8138614633119549e-02 -1.1847440683688230e-01 9.8639719824552718e-02 6.5293412628743289e-02 1.9412626760570870e-01 -1.3633882591221369e-01 -3.0999187640016249e-02 8.3881820499923238e-02 2.8046989463685439e-02 2.9623238495015132e-03 8.2673009877242253e-03 2.1078590499350980e-01 2.0067347374170420e-02 -2.1433669405997660e-01 2.2176229479630291e-01 -4.5610005959651853e-02 1.8945824780649059e-03 -1.5641474140585671e-02 -1.4473497955641351e-01 -1.6652145990372201e-02 1.1218522483919270e-01 1.0642935825056020e-01 -7.4061778218669112e-03 -9.3196037082826172e-02 -5.5625113653668290e-02 4.2212156440118033e-02 -6.2169408716529501e-03 5.3268743643277133e-02 -2.3886606082133610e-02 1.1312072564028639e-02 -1.1467058889902070e-01 5.7536486270274773e-02 1.2891357039168791e-01 1.3783121075103860e-01 8.4633271466463281e-02 -1.0269361640923010e-01 1.3070017289720379e-01 2.2629696069157490e-02 1.1727326189897019e-01 5.4916390154018009e-02 -7.0598392667027471e-02 -6.7358168884089187e-02 4.9456680687460272e-02 5.4145647179503160e-02 4.6171715470695762e-02 8.1501913960107586e-02 9.3954701385465300e-02 6.7577093267695443e-03 2.6355577573619798e-01 2.8048407278585769e-01 2.0776571233879071e-01 2.3941664147529091e-02 -2.9442507021407820e-02 2.0968111227756950e-02 2.3328428689717781e-02 8.6334985549984075e-02 -9.5419488490991692e-03 -1.3248521055716649e-02 2.0849563636975049e-01 9.7205363164719602e-02 -1.3362144892970940e-02 -9.1098904525245949e-03 1.4858853134447479e-02 -8.5719182399925764e-02 7.8842683914819335e-03 -3.6462459557340822e-02 2.5086423078700081e-02 1.5590785869755791e-01 -1.1810788556217219e-01
2.3630288113318281e-02 -7.1768259791697417e-02 -1.7410437342487570e-02 -1.1564705353278110e-01 -6.3572969971228424e-02 -5.7477617956360090e-02 -1.2624116962125859e-01 2.6174216008274249e-02 1.1625070800845300e-01 1.1833698234860229e-01 2.8865709644132351e-02 5.1045997725028498e-02 -1.3185249532501700e-01 -1.8754810981931061e-02 -2.0111962693653199e-01 -4.4272690730370927e-02 -1.7624434039368289e-01 -1.0673191237838329e-02 5.2294367734015898e-02 5.9048870858214919e-02 3.3813891977084877e-02 2.5923173376232581e-02 -4.6711689730590117e-02 1.8494070016734730e-02 2.1399849183794201e-01 4.9026504008517012e-02 1.1466618189501020e-01 -1.5453945572939229e-01 -2.4875034795230541e-01 2.0089967984400100e-02 1.6600383005469021e-02 -4.5220228907706496e-03 1.3288684612135671e-01 2.8146849716421601e-02 -1.5018867419907850e-01 5.5491332331469072e-02 -9.1945167911961584e-02 1.7104040292545981e-02 3.1625898326163873e-02 9.0460611473162283e-02 -1.0115517305586229e-02 -5.9180057175508172e-02 -1.5490035779183339e-01 1.3994112736121489e-01 -7.8621119065032677e-02 1.4088769359911399e-01 2.0979326222944461e-01 -1.2906876304335660e-01 -1.2206312811415369e-01 2.7534254120873670e-02 2.4330063696037249e-01 -3.6334072354681519e-03 -6.5702200760826515e-02 -1.0227192829368920e-01 5.6680731609647012e-02 -9.3080803008464635e-02 9.8288166896091812e-03 5.7353349094676757e-02 -1.5717390880461940e-01 -1.5883100845194470e-01 -4.4701673090903588e-02 1.9732727378272981e-02 9.8769140853633669e-02 -1.4117556826234249e-02 -2.9766056171766000e-02 -1.3966416631791399e-02 1.5133062462366889e-01 7.2771982693991530e-02 1.9354698736619719e-01 -2.1910112163164640e-02 1.9028980495817821e-01 1.4823543738307819e-02 -1.5192888950256120e-02 -1.4618998692501251e-01 1.2387377762474169e-01 -1.3132391025978971e-01 -3.8812580973597140e-02 7.0256060178006272e-02 8.8911285099474616e-02 1.6597151220279761e-02 2.3785870916071421e-02 1.9409057059616298e-02 -1.6161106814000301e-01 -6.9961121857904957e-02 -1.3881802158057860e-01 1.1524391051921590e-01 6.0793382845223107e-02 7.0859586013897274e-02 8.0526711244241794e-02 6.0037080389102250e-02 2.1782009116657671e-02 1.8250270574802940e-01 -1.2639801502162760e-02 -3.9567340405942730e-02 2.7890536055826729e-02 -6.7010951979965538e-02 -9.4008600157291677e-02 -4.6310543132572157e-02 4.9234011645018047e-02 -5.4425863176695947e-02
1.4795811569329270e-01 8.4928301501902004e-03 6.0565552288503938e-02 -1.0266248427759270e-01 -1.1193589147493641e-01 -3.2968104142699003e-02 -2.1369534119597119e-01 -2.0208173504839680e-01 2.6415346920517141e-02 6.5145867035887118e-03 1.8094978722099661e-01 4.6952556632199830e-03 4.1789607013310283e-02 4.6618702149521050e-03 1.2306574542825630e-01 3.6567557171579557e-02 4.0849617901241232e-02 6.8847574844083312e-02 -1.1596466140379640e-01 -1.9218457993247940e-02 2.3800066565146921e-01 1.4573453551517681e-02 -5.4157992780190317e-02 -2.9714295787087619e-02 -1.0195567933841020e-01 7.3471067854176397e-02 1.0550841788654169e-01 1.1332148723011611e-01 -4.3032630061127737e-02 7.5258267661346898e-02 1.0722657370782310e-01 -1.9196822308350669e-01 8.0573848789834465e-02 -3.4034181105273690e-03 1.5550453626469731e-02 3.4394728721050212e-02 2.1443215983681110e-02 -2.7843876476265189e-01 8.1951628953718256e-02 1.3495660227308601e-01 -1.1487579568990580e-02 -4.0362423368065128e-02 1.0706508156998830e-01 7.2018776054822561e-03 7.4815728424454428e-02 1.6303842205898929e-02 7.6609621571956971e-02 6.6527708911087627e-02 -2.0984989723637670e-02 -7.5161204302500076e-02 -1.8903523618733480e-02 1.1552423068812070e-01 -1.5540650923358110e-01 2.1286601461409119e-01 8.4870258182040720e-02 8.3128737765962891e-03 -2.8701134258425319e-02 1.0572984340603590e-01 -1.2979394947285880e-01 -8.9323415830000710e-02 1.0236974610794571e-01 -1.1424584857903800e-01 1.7307994519295600e-01 5.4450074776472603e-02 -1.9791542597446490e-02 5.6890589446735883e-02 1.0486016447087140e-01 5.8419413051276632e-02 -2.8055480339991019e-02 -1.6732537601420289e-01 -7.2472348833232921e-03 9.0625527434630496e-03 -2.2670530690306490e-02 -2.8214733726071532e-03 -1.5564407668466040e-02 1.0235050404295250e-01 -2.9581663036832781e-02 -8.5629881345413536e-02 1.8228768312741731e-02 -1.3038728272944089e-01 6.5959256176922457e-02 -7.5921303608898996e-02 4.7353329477969767e-02 -1.7071897801555300e-01 6.8771360169427281e-02 -2.2473386482259919e-01 1.3142789148926620e-01 -4.1529256634783893e-02 -5.4090409316112822e-02 -1.7988702462595470e-03 -1.7407103578939040e-01 -8.9964694546727633e-02 -3.0422457037431062e-02 -5.6210555747844171e-02 -1.5262409252905049e-01 5.7390311474359038e-02 -7.3928316170425251e-02 1.5563765947592281e-01 5.7907541438059970e-02 -2.8725281076399389e-02
8.9913405584058220e-02 -1.7941878681246269e-02 1.7146143247282439e-01 6.8299830752101554e-02 1.2248362599737840e-02 -2.8690526587999410e-02 6.0596858802749662e-02 -4.2269317332372797e-02 6.2678672015337181e-02 1.6233008670902771e-01 8.5750091279933049e-03 1.0015698328842779e-02 4.2872673735996347e-02 4.0655378934346238e-02 -2.6029394729469850e-02 -2.4741279302099550e-01 -8.9640670912903231e-02 8.8807094685298849e-02 2.3525368411240249e-01 7.2102468402014327e-03 -1.0160391192467090e-01 -9.8464177642862902e-02 1.0539971149585120e-01 -8.8101736268313344e-02 6.1796525984022842e-03 1.0377768977759320e-01 -9.9150106982492214e-02 1.0229093304240280e-01 2.6177022439318343e-01 -7.1406224602577704e-03 4.6366975130356043e-02 7.5097635511003791e-02 4.8456466566508753e-02 -1.3803380125478509e-01 1.1939896612644810e-01 7.1103596911213596e-02 -3.2928484050664501e-02 1.4750648036500381e-02 2.5833142694392441e-03 1.3997373872491010e-02 7.0793154102008288e-02 -2.8848417197174670e-02 6.9215496953461339e-02 -4.5752110094345412e-02 7.5316435051820355e-02 -4.0713539613526889e-02 -1.7651119404465221e-01 1.7923923057733351e-02 2.3096861228473070e-02 1.0072486100092509e-02 9.2196372956014822e-02 -6.3899696603723901e-03 -1.4651666304069980e-01 -1.0597516122242620e-01 -3.9221342136323022e-02 1.7092834660962439e-01 1.1319608736548430e-01 2.1091073963961110e-01 7.1032794673512936e-02 1.1282535953204240e-01 -8.6845415374600596e-02 -2.7766643213172751e-02 9.2126360079629752e-02 1.9338014236723061e-01 -5.6313108472751724e-03 1.2655440532025100e-01 1.7051888667733370e-01 -1.1536305094813230e-01 5.1793040847894899e-02 -2.7037142418470751e-02 1.9428511847087640e-01 -1.4851391300729039e-02 8.7088785538374777e-02 -7.3592334948817284e-02 -1.5750626743924301e-01 1.9715316682121869e-02 -5.9377526383864322e-02 6.1236991423049288e-02 -9.9502757206495304e-02 9.5565245800043191e-03 -8.1327791364177934e-02 -4.6843629317000340e-02 -8.6194795116678241e-02 -1.7625933190774329e-01 -1.3662641095216699e-01 6.3947000278981009e-02 -2.0443574706921638e-02 -1.6386377892832851e-01 7.9944959523610953e-03 1.7395994693146799e-01 -2.2834720148819002e-02 1.1371050262454170e-01 -4.3081092676970252e-02 -6.1930617631536802e-02 2.4091212835582309e-02 4.8663061589253917e-02 5.5604866390625902e-02 1.6664990690301379e-01 -2.7277226170372079e-02 -7.2824981883663362e-02
1.4164865405162100e-01 5.4767184308610439e-02 -7.5536563555338804e-02 -7.8891661228532986e-02 -9.1089528082655219e-02 5.0763817185541120e-02 9.5192684965820423e-02 5.8604709391730098e-02 -1.9411717306275489e-01 1.1638377789846560e-01 4.2352375249551627e-02 2.0140603495601109e-02 -2.5086887705661250e-02 7.6343550467490709e-02 -4.3092189527050096e-03 8.9422875234492161e-02 7.1206345929880586e-03 1.8991113978958390e-01 -1.1553884143778979e-01 -2.0018929695360649e-02 -5.8700966688097163e-02 -1.0327871215962710e-01 -1.9366601027318980e-01 -6.1086318962172061e-03 1.3550845523272101e-01 -1.9189669264298929e-02 -1.2388230648651960e-01 -3.6264058003897363e-02 2.2665841149266779e-02 -5.0954317762165878e-02 6.6929770471843439e-02 1.8688360646537799e-01 2.4905038534537152e-02 5.4862940828881657e-02 1.7748921421349040e-02 7.0226509727526767e-02 -1.4100602547177070e-02 1.9329617100950519e-01 1.6476178136734199e-01 -1.6631346430948331e-02 4.6226513630234299e-02 -1.8557830130089431e-01 1.3687407028090520e-01 -5.2942092095960069e-02 4.7088039876604509e-02 1.0959443032274049e-01 9.7964616497345974e-02 1.1676329308440510e-01 -6.5683246876992257e-02 8.1470063529759912e-02 2.4739426281389591e-02 1.0998133164612210e-01 -7.9186939200171391e-02 -8.3072683531850419e-02 -1.0439116771162570e-02 2.1719862225288791e-01 -1.5645151579275519e-02 5.8178996340197277e-02 -1.0041238186699220e-01 -1.5387235205690419e-01 -9.3197913400113436e-02 3.8281947194834132e-02 -1.0896541430460610e-01 -1.5570139985512729e-01 9.2683225717280146e-03 -4.5474953392072907e-02 3.0280862600005872e-03 1.1706892843315060e-01 -3.4938762611669047e-02 9.6282626290077125e-02 -3.4383168061565238e-02 6.7242885271860094e-03 1.6667872437021869e-01 -1.2258333913962610e-01 -1.1627605288376219e-01 1.0835484665812220e-01 2.3596945352192861e-01 5.4578213740181743e-02 4.3332846196544830e-02 -5.7084524893627413e-02 -8.3994311005810882e-02 1.3775687765140060e-01 -3.0092110513577821e-02 -4.6646035364347832e-02 1.1200730662320341e-01 1.1847302919364070e-02 4.8675836366038727e-02 1.7334249613093569e-01 4.2296563924088927e-03 3.6330833905866652e-02 -9.5961769186595658e-02 -1.6303999541681591e-01 1.1897295087707650e-01 -8.6756169110867823e-02 -2.6256740596143989e-02 1.7499910627987530e-01 1.5689078907872059e-01 5.1691939883652532e-02 6.7299200507009937e-02 -3.8609226208994103e-02
-9.6169123854894803e-02 -6.9911490980316654e-05 1.0614054398016090e-01 2.2377389452942761e-02 1.7321330379299171e-01 3.8654085888875978e-02 -3.3572405330657147e-02 2.7551277174036699e-03 9.6174158304395282e-02 -5.3611240828286090e-02 -2.2356651242184561e-01 1.3758051506596911e-01 -5.6677926120490014e-03 -1.5805396288131329e-01 1.0724912071063550e-01 -4.7586011094622002e-02 1.7556917501929011e-03 -2.0085649640312089e-02 -1.1281947950190931e-01 -1.8227174383278911e-02 1.0946970187071089e-01 2.6964958049799901e-02 -1.6479309809216049e-02 -1.4103711630672111e-01 -5.7335643375836451e-02 -1.6696429734510529e-01 3.5167975708507479e-02 1.7905300121328890e-02 -9.7428631489672263e-02 5.1022512458991580e-02 -9.5932771171525683e-02 8.8251747924330149e-03 1.3069386923875309e-01 -7.1452695232626484e-02 -4.7091835984369383e-02 -8.1230012016802647e-02 -1.0592702567990410e-01 9.5329883310489180e-02 2.2058662696582029e-01 7.0795137580761863e-02 -7.0749018115888436e-03 -4.4580628347694093e-02 1.6441936594120660e-02 8.9812801301693709e-02 2.8685480256482748e-01 -3.5076135140105512e-02 1.3210841751047831e-02 2.0909775991308069e-02 -2.0603325763916790e-02 3.3523849325622017e-02 2.0258776882867171e-02 -1.7232539990757370e-02 7.8723500903345150e-02 -1.3365019219451901e-01 -1.3986663801477030e-02 1.2291279825503740e-01 1.2702455550088679e-01 -2.8016459669646290e-02 2.9419515405387699e-02 -1.6189875073912990e-02 3.0021974114470130e-03 6.2958390233510256e-02 1.4973785606577711e-01 1.9644618310244329e-02 2.1455873709441550e-01 9.3262930030830402e-03 -1.9039567406866681e-01 9.2297804187081708e-02 -2.2956013675830219e-02 7.8209434241784989e-02 -8.9988491212176589e-03 -1.3589259188247080e-01 9.2775623761981146e-02 -9.0732299350305592e-02 8.0671937545686009e-02 -1.0358721762970929e-01 3.9165143439280167e-02 -1.4879752552915820e-01 -3.6949068676023739e-02 5.5102217692886271e-02 -6.2245425429031033e-02 4.3650229387417909e-02 9.3298939004564971e-02 2.5267776509004799e-02 -1.5550909355750200e-01 -9.4885832002839690e-02 1.8878769550738159e-01 3.8754684479596298e-02 -2.2028915228351020e-01 1.5999840591702880e-01 1.1564208604648610e-02 2.1186205696634760e-02 1.1228789333644251e-02 6.7532266670000243e-02 -1.2625468138434269e-03 1.5713618432394880e-01 -1.4460940409978429e-01 7.5625556722122830e-02 -1.7980312258136480e-01 -1.1589367253489130e-01
-9.1440694379872858e-02 -1.0813696837785770e-01 1.4258412003235321e-01 -8.6278442053888696e-02 8.4260769042494577e-02 -4.2211804365652611e-02 -5.2336308293450692e-02 -7.3881555404341784e-02 -1.5525449946678499e-01 1.0298520036545430e-01 6.7197931316615139e-02 1.5532952367289269e-02 -8.3633357548243054e-02 5.3782850572430388e-02 2.8403901528789038e-01 -1.3300348434290399e-01 6.0191498701753193e-02 -7.9085363200299311e-02 -2.5733014095735413e-01 -1.0892916060487930e-01 2.6703147037440329e-02 -1.3125077917717851e-01 4.3871774541289280e-02 -9.7442714866388183e-02 -6.4639816952219931e-02 5.0304346142822760e-02 2.7426139966515391e-02 9.5894835572746098e-02 7.5584672220650920e-02 2.8610223063579059e-02 3.7815456757278577e-02 1.5625451573100491e-01 3.3442299432167838e-02 2.2059530864735860e-02 -9.1455639758215593e-02 -4.7559933599007592e-02 3.5339133299214932e-02 -1.0429599491555971e-02 -7.5096669693505605e-02 -1.4187113488880770e-01 -4.5870489102479282e-02 -1.8741544819553960e-01 -4.6327208542453029e-02 -8.1307267802310634e-03 -2.3375953391813881e-02 -1.8499573742629821e-02 -3.2411964802992292e-02 4.9341227089245140e-02 9.2264717970353030e-02 -1.1080790110201010e-01 4.0283740710591279e-02 7.6832841701634749e-02 8.9615720664211168e-02 2.0746223412743979e-02 -5.3947979926697642e-02 -1.4034663695217281e-01 7.0130904219531231e-03 -1.1974822645213710e-01 -3.1225344174901061e-02 -8.1068012869328479e-02 6.0905650989957358e-02 8.4463000582155348e-02 -1.4792225000684370e-01 -3.2541701610681997e-02 -2.0457351815436911e-01 4.7535948003691188e-02 1.4766370368237519e-02 1.9593801682392659e-01 8.1105369077846115e-02 1.3644662116341641e-01 -9.9883121587359291e-02 -3.6574094203879831e-02 -9.4637801188165074e-02 -5.9455232226704818e-02 -5.1657674003005173e-02 7.2035401764374646e-02 -1.9930621032683230e-02 -2.7151221110297549e-02 7.3173368045498316e-02 8.1999591695975552e-02 2.1977686033960900e-02 -2.2632177542981161e-01 -1.3544254992124519e-01 -9.9749830548512039e-02 -1.1833606328312899e-02 5.6963766647154773e-02 9.5331639112790717e-02 -3.8215004928997972e-03 1.2669761908379551e-01 7.4035588616497325e-02 1.7665158321695179e-01 2.9418848338701231e-01 -7.3534343296482521e-02 -9.3903141632952110e-03 3.2173025846972111e-02 1.6826148394090951e-01 4.4554688784462268e-02 -4.8037971756677359e-04 -3.4686928217384207e-02 -1.1946705126879550e-02
1.2020232902763650e-01 1.1888430944541820e-01 1.6018328523292069e-01 2.3378508265995041e-01 7.8223815075358673e-03 -1.7458920976225090e-02 -2.1118369005726351e-01 1.3844896153296299e-01 -9.9778216911349665e-03 2.3763375967067419e-02 -7.2829771752105324e-02 2.7072872244274369e-02 -4.1527126778119199e-02 -8.8612071270169221e-02 7.6485373636654502e-02 -1.9799431519232579e-03 -1.6791105540710519e-01 -4.7922593444913973e-02 4.5185261617780532e-02 2.2686529136901730e-02 6.3338218597163404e-02 -6.5648989253451015e-02 -1.1045649690391840e-01 1.6472549314124249e-01 7.5494014578692453e-02 3.6178879397191853e-02 3.4528108522023211e-02 -5.0091724786825470e-02 2.1564384369888261e-02 -1.1839377877112020e-01 -6.2564426903516782e-02 -9.3345526470367327e-02 1.1617076269598180e-01 -1.0078581263829760e-01 -1.7000279566179571e-01 1.1778570630117149e-01 4.9070154535579863e-02 3.1700420385157572e-02 -4.8261705490709933e-02 2.5303852234281800e-02 2.3051388857802130e-01 -6.9431809385978038e-02 1.0843626693276290e-01 -5.9879635024258381e-02 -8.9279987232933497e-02 -1.5341398756743330e-01 -8.4185259354186442e-02 -7.0302231536725573e-02 2.7214449696603450e-02 -1.9415160905166061e-02 1.3821302387345669e-01 1.1643034093822049e-01 -8.9782078593642747e-02 -3.4384261678663312e-02 -7.3286987606796028e-02 -7.0108055184663773e-02 -2.7135779552390792e-02 -1.2495230596329900e-01 5.3458418270506729e-02 -3.9898682014802678e-02 7.4975713999716503e-02 -1.2657792043688051e-02 6.3930262883976810e-02 -2.0894300371130950e-02 -2.7101149547220930e-02 -3.8358162085552781e-02 -2.8439279519410698e-01 2.5564267054968542e-01 -1.2433875868840570e-01 3.6119725712868570e-03 7.1808202578937955e-02 1.0422274850230349e-01 -8.1087025167570201e-02 -7.2113164207093725e-02 -2.6179743717382897e-01 -9.6332362034311309e-02 -1.2721661708981799e-01 7.0303019350904522e-02 -9.4104776133588877e-02 -5.5579592687949930e-02 2.6737393668382490e-02 -2.8409414157965780e-02 -2.0939259968935801e-02 1.3298592780337429e-01 5.9809565746686312e-02 -1.6458254193950081e-01 -7.2007576640825896e-02 -4.5035415284952668e-02 6.9062469798165146e-02 -1.4079360818668391e-02 -2.6882331782041611e-02 -3.2471144980098898e-02 7.9707603552382322e-02 7.4723784278353023e-02 1.0338704765209419e-01 -2.3571641977666671e-02 8.7879259345979316e-02 9.2611092871746677e-03 8.0337469465131289e-02 -8.9166899172032021e-02
2.1705266208709639e-01 -4.9029483606868880e-02 -2.9954245353302308e-02 -7.3249555843632561e-02 -7.7289944901436175e-02 4.0885132630152227e-02 -2.0206385711074781e-01 7.2234025730901555e-02 -7.0986915426569513e-02 1.8918389880777650e-01 1.0262963909509130e-01 2.0706673832676689e-01 -5.4221648534100893e-02 -9.7397264996572419e-02 4.0018749783142807e-02 -7.4275315755804511e-02 1.4354486147761769e-01 -1.5679193023742330e-01 -6.9458320096559320e-02 4.3709493489785728e-02 9.6221489051570522e-03 -9.4719834063946517e-02 7.5045126684138652e-02 -1.9367875752246830e-02 -7.7324475630098047e-02 -4.8841291730534073e-02 -1.9840902637403940e-01 -1.0283380762747260e-01 -5.8740253251373852e-02 4.5356426730847429e-02 2.3640619753907129e-02 -1.0945551961382741e-01 -1.4334730966711021e-01 -2.5417717398367379e-01 2.0976005371249309e-01 -7.0388606636677925e-02 -1.3133096407142730e-01 3.5916824295383003e-02 -5.7368182875392210e-03 -1.4149750086299359e-01 -3.5885353048487612e-02 5.2207117913919319e-02 3.7578542624454828e-02 -2.4333135188474169e-02 1.1685324174403210e-01 -6.0610369574606963e-02 1.1841194120826060e-01 2.9572351704102669e-02 -6.5289110159810282e-03 1.8374297658278291e-01 1.1997395721317720e-01 -3.9075798401606743e-02 5.5839071859764633e-03 -7.8792214815660691e-02 -1.5216965541272510e-02 -6.5803917758197217e-02 -8.3273645856378632e-03 1.7024789046043490e-01 -1.0479885972757461e-01 2.2755474677871961e-02 1.0267755249186780e-01 -6.3773586740150615e-02 -8.2529029438454637e-02 -2.0136413716197461e-02 1.2784604816576589e-01 8.5656198840786443e-02 -4.1822636081453368e-02 2.3472421687834370e-02 -1.4593488837780061e-01 1.8394941774245191e-01 1.1599960338589550e-01 -2.9209375793719131e-02 4.2439932745756047e-02 2.0043908895443369e-01 5.4778281139091153e-02 6.8808493243215349e-02 -3.0762954684273369e-02 -7.3729186157537284e-04 1.5161788055705960e-01 -3.7964007584750957e-02 6.4252851326389623e-02 1.9420032822841431e-02 -4.8649020937531387e-02 1.0143125051936300e-01 -8.6441843104878124e-02 -1.5553608853875141e-02 -5.0258225145927123e-03 -1.1840587071248980e-01 1.1024159239029351e-01 -9.2582978306251063e-02 7.1770007933240662e-02 -7.1697219925921069e-02 -8.9869267540597278e-02 7.4212442074282334e-02 1.3658153666510489e-01 -3.4262345002098469e-03 -5.0194434270159329e-02 -6.8853801668762524e-02 1.3978458702531230e-01 6.9588409506193723e-03
-1.0241572778373130e-01 1.5713639391599459e-02 8.7658785482761532e-03 -6.4180576842416098e-02 1.2170363539771850e-02 2.8750869405904329e-02 -1.0540225408477610e-02 2.0603379582107789e-01 4.3967210532263823e-02 -1.5522943212733459e-01 5.8124793306574653e-04 7.9797595651987352e-02 -1.3110236902932801e-01 4.3471083417077859e-02 1.2394696414837129e-01 -5.4641469707791364e-03 -1.1654347112256530e-01 1.1726976065982549e-02 -6.0812148755851503e-02 -9.6700465662740986e-03 -7.9219122116154991e-03 2.0199089961952500e-02 1.0546042861483031e-01 -8.1562776372150175e-02 1.0406112652411879e-01 3.6187202915544510e-02 1.0999240662384810e-01 3.9115931200356190e-02 -7.9977691424478470e-02 -1.6546149378372449e-01 2.2772176698382879e-01 -1.0371773906874210e-01 -2.5483883403764281e-02 -2.3441512473885889e-01 1.1921385730928009e-01 -4.8728396950086503e-02 4.9772855210159388e-02 -3.2342493138917273e-02 3.8692969846147007e-02 -6.8848832016165609e-02 -6.1898418004890952e-02 -2.0222979697644340e-02 1.7497986975171489e-01 -1.2758086199752730e-02 -7.5210206675987851e-02 -4.9871182163796213e-03 -1.6740656177809850e-02 -7.7423258227316924e-02 3.7059285751647991e-02 -3.4921533677179623e-02 -1.1069121163243489e-01 9.2410284822157643e-02 -5.7654711670544638e-02 -5.3780543547796607e-02 1.0262794365848150e-01 6.8909446007138506e-03 1.8929674491532249e-02 -4.1283112344276320e-02 6.0295674180184857e-03 2.2222522403336240e-01 3.9842159921999274e-03 9.9662280115687688e-02 1.6505664015365351e-01 -3.4225740356275691e-01 -1.2640242437477711e-01 4.7976146167543282e-02 1.4180378163455390e-01 1.1628294169300460e-02 -1.9197404323811801e-01 4.9195798718091634e-03 5.3390032627619738e-02 1.5926814313959779e-02 -5.5064350129450088e-02 2.8520814602245679e-02 7.1614748187796534e-02 -1.0040221830307640e-01 -8.8788564141949591e-02 1.7390815352824690e-01 1.3105024250189820e-01 -6.2801272747387393e-02 1.6912461964354020e-02 1.0908939562175780e-01 -2.7107046959452048e-02 8.6637755201151388e-03 1.9616454180915659e-02 2.0001719887724320e-01 1.7270361922307390e-01 -1.8326566044051831e-02 -6.6448009020094109e-02 1.2467795406611230e-01 -4.0091342267700267e-02 -3.9672766524642189e-02 -2.3644156042352889e-03 7.9478493414920109e-02 -8.8244303214044958e-02 -1.6502840522276841e-02 1.8128462742572091e-01 6.9763315326411363e-02 -1.4082434742219821e-01 7.9940250446416200e-02
2.3938177346605621e-02 6.5309354356448315e-02 1.0222549210496119e-01 -6.3718282549149699e-02 -2.6471298871495259e-02 3.7462513269238169e-03 2.9146866410714699e-02 3.0444010984710518e-01 -5.2244075620220543e-02 -3.6653935782963942e-02 8.5840869594287814e-02 1.7040449769202860e-02 1.3568409007476710e-02 6.6913420400538146e-02 1.3207630364967060e-01 8.4921779129942705e-03 3.3865503171875380e-02 1.5706326149552730e-01 4.2488767716462802e-03 7.2813899136319915e-02 7.6947566444091176e-02 6.2289852485023472e-02 -1.9597090876345889e-02 -2.3824572910664610e-01 1.6547993205417841e-01 -1.5266053806756011e-01 2.9415176499041022e-02 1.0576245420717560e-01 3.5533130388805241e-02 6.1247373603413258e-02 4.6573551057373257e-02 1.2082182554004289e-01 -9.8139425820389682e-03 -7.0866489320510678e-02 -1.0285382927613950e-02 -7.3000212893724187e-03 1.3541517460494010e-02 9.8751691553152915e-02 -2.1992225074194119e-01 1.6104743338337599e-01 -6.1020644357022667e-02 6.9130729132890256e-02 -8.9528482379858956e-02 3.4937828926443502e-02 5.4655476159682172e-02 4.6249866807530633e-02 1.2368681186710850e-01 8.1247163665418926e-02 1.6325465824193530e-02 -5.6184998544015527e-02 -2.5779622101263298e-02 -1.4188628004511841e-01 4.6766169661815668e-02 -1.5043325702149471e-01 5.6236981161508368e-02 -1.1762045643965290e-01 -1.6309083630712189e-02 -1.4668815785142431e-01 1.2764699268072310e-01 -1.5713536729861349e-01 1.0033301590981540e-01 5.4415694991120081e-03 1.3124551809364529e-01 5.1027741052728080e-02 9.5987469776100592e-02 -1.3838927265813960e-03 -8.9792344802345436e-02 -1.4925778316248900e-01 7.4153100597876623e-02 7.1292431856069358e-02 5.4754529816567969e-02 -5.7998399922067609e-02 6.4566136812715710e-02 -2.7464244697939909e-02 5.5563425982852938e-02 -3.5226737650752580e-03 -3.0491095771017170e-02 -5.3758470513068250e-02 -8.9321250143973588e-02 -1.4613670585011601e-01 1.8395193964199211e-01 -1.5217686315782261e-02 1.1829605499984780e-01 -1.6316443161071781e-01 -1.8742348578999549e-02 -7.5009196046181351e-02 -5.1992067781133897e-02 -7.4843964570328506e-02 2.3736738563766280e-01 -1.0327986846583480e-01 -3.0806999303569799e-02 2.8720364849085401e-02 9.3491774575949968e-02 9.8956705404945930e-02 -4.6141154679893652e-02 -5.7380489916760168e-02 1.7411346075057421e-01 2.0664596848095029e-01 1.2543614596995659e-01 9.3532332007228464e-02
-7.2208199886466595e-02 -1.0965009727601931e-01 -8.3021820216855585e-02 -1.1576432397070160e-01 -4.9934515418599959e-02 8.1791041129088443e-02 6.3552042328560904e-02 -1.2602715009249060e-01 1.7047691244081811e-01 -1.9421714406785081e-02 4.8895099209859023e-02 5.1804017897459760e-02 1.2809024826630849e-01 -9.5888884551189754e-02 5.3484147460163042e-02 -6.9904865260983065e-02 3.3212852033841868e-02 -7.9539208764538682e-02 8.5497973967289490e-02 -1.9085670404681111e-02 -9.3219335055769903e-02 7.0956425061979564e-02 -7.4965294545417449e-02 -1.5957785365894520e-01 -1.4416686742990899e-02 -1.0894635778373549e-02 -5.7993163332216539e-02 -1.1311906241626360e-02 4.8238942571317583e-02 1.3999148714836229e-01 1.9572584601750889e-02 -1.3610489084804511e-01 2.3223877362275321e-02 7.0114941885681903e-02 -2.7620287178577379e-02 -5.2446325259112069e-03 -2.2005423156736620e-02 3.5035170959300921e-02 1.1691367656599920e-01 2.3109325866827271e-01 6.9682323488676284e-02 2.5818139864204049e-02 1.1280745028908010e-01 -1.1562844084616621e-01 2.3023167832977530e-03 8.2512021616099662e-02 5.2307732906828240e-02 1.4572045372061410e-01 4.5824497797547388e-02 9.6956850912792478e-02 6.4676270138639330e-02 -1.0854596998925510e-01 -1.3024430836985351e-01 -2.8887901487680560e-02 -1.8072923082028200e-01 5.0635299922667167e-02 -5.9647807928692752e-02 -3.3042420685051928e-02 3.1841973977645183e-02 4.2718420826359259e-02 7.4261961779786445e-02 4.3425756772040178e-02 -4.8061025192493147e-02 -7.7941320803607911e-02 -1.0809055301729931e-01 -3.3951524283657247e-02 -5.6511005610391128e-03 7.8419555571075772e-02 -6.9802481261727209e-02 -2.6539381410910359e-02 -2.8185981053766310e-02 -2.8778742509998250e-03 -4.0557818327123141e-01 -5.5213334389314301e-03 5.3819998993673748e-02 -1.1291291337005850e-01 -1.1022935021740321e-02 -9.6030296606797405e-02 7.5231222087200775e-02 6.3837223738043486e-02 -3.2498046039045637e-02 1.2479300500404780e-01 1.6387406598542761e-02 6.9083476521622517e-03 -8.8148798314907656e-02 3.7844554031626933e-02 -8.2323494779324227e-02 7.2393637793626897e-02 7.4637381981736958e-02 -2.2167958963168469e-01 5.6430975358111722e-02 5.9224624346267428e-02 -1.7905592838803788e-02 -4.2621307574467387e-02 9.8248428723673592e-02 1.1194932734794971e-02 3.0690262496054049e-01 1.8057130349146960e-01 -1.5080444538507570e-02 -2.3787946495279569e-01
3.2636885526228197e-02 -7.5942775819963240e-02 7.7553502666572252e-02 -1.4987610944184221e-01 -7.0900527925110327e-02 -2.6973303126399581e-03 9.1137463428369175e-02 1.6677728233967012e-02 -3.1868287652568231e-02 1.7945888113726181e-02 9.2527786960955385e-02 -4.9205386634076552e-02 -3.1251768282718598e-02 -1.2587537756579201e-01 -1.2318834561098831e-01 -1.0787442412466140e-01 -9.2618261644526564e-02 1.1430061240570739e-01 -1.6644445704396760e-02 1.6244856517050439e-02 -3.1829560494496408e-03 7.6667625918947629e-02 -2.1455711280271780e-01 3.2222252151012758e-02 -2.0794567624677790e-01 -1.1772519713945130e-01 5.6525520732304733e-02 2.6597252515508631e-02 5.2542771512619123e-02 1.4909351414050159e-01 5.8280115304228837e-02 -4.7610328807788767e-02 -6.3879155255520022e-03 -2.9902796344767869e-02 -6.2425096892042058e-02 -5.0734959363652528e-02 3.1711258030037492e-02 6.0942312781086388e-02 -3.9708984631816623e-02 -1.4714984965078710e-02 7.4996778963816568e-02 -3.6333920047520132e-02 8.7244575545814218e-02 1.9800462403925481e-01 -5.8520150742946177e-02 -1.3462152569071051e-01 1.0368543974958490e-03 -6.0393126522285900e-02 -2.2193522541152769e-02 -1.0353477591742730e-01 -1.7639499587792540e-01 -3.3306190014624981e-02 1.0100941583318500e-01 3.1536731891643570e-02 7.1296630659302820e-02 -1.1652308125403051e-01 8.9174605315855748e-02 5.0621158153339667e-02 5.1399711220885179e-02 1.0655761080512149e-01 2.6786807950792871e-02 9.1318404393967816e-03 -3.1253747269143471e-03 8.5479036201145581e-02 1.7813911372565449e-02 -9.0351551921268869e-02 3.7611715919997880e-02 1.6434492448323401e-01 5.1370312604033998e-02 1.2546375865975301e-01 1.1310728896236320e-01 -1.3181767302708750e-01 6.3161394061551440e-02 -5.8682638716319617e-02 7.5113515724078761e-02 7.4596038447752547e-02 -6.8629266184267707e-02 3.2887511865647298e-02 5.7512674169247650e-02 -1.0043695728423251e-01 -1.8456130735631440e-01 -1.4019384392462361e-01 -2.1339528388906251e-02 5.2431406015159651e-02 7.4727817127820520e-02 1.0017444598045100e-01 -1.3728910768080971e-01 2.1280452307770359e-01 -2.4508773934394421e-01 6.3562343781274108e-02 -2.1516699118457511e-02 -7.7418393555809595e-02 -2.1043354906073050e-01 1.7113776895594460e-01 1.4455715452000500e-01 -1.1125292117329930e-01 1.5529806701057089e-01 1.2533796940968511e-01 2.2617321736148280e-01 -3.4223790910635050e-02
5.4227432789418058e-02 5.1818810499224793e-02 3.1358623350856797e-02 3.4676196906603007e-02 -8.5687340164597794e-03 3.2876196275722058e-01 2.0456306448061169e-02 5.2869879653839422e-02 -1.3298035612215450e-02 -5.5629135206217801e-03 1.5448142884034230e-01 6.7653019120754582e-02 4.6158328666227169e-02 3.6832863875310297e-02 -6.8082934696630293e-02 -4.3376301928283970e-02 9.9675179661734170e-02 6.4665304312266636e-02 5.9422226702401749e-02 -2.0821425536740340e-01 1.8155623543477880e-02 6.8230683201583112e-02 -2.6600155385630871e-02 -8.7765789222043769e-02 -5.8741051714364709e-02 -3.9807525357580384e-03 -6.0241182790875890e-02 2.2840572037998622e-02 -5.4632677317023079e-02 2.9504900480149979e-02 8.7337141375387325e-02 -1.5841874830342750e-01 1.1444999549266020e-01 6.4558446722961127e-02 9.6699348838942045e-02 7.6359728941028410e-02 1.2945206051077199e-01 -1.1051919256895910e-01 -1.3734209515519499e-01 -5.4449197737705811e-02 1.2804651943036160e-01 -8.3272118319997909e-02 -4.0097998733211022e-02 1.1627919322716430e-01 -6.5254309374412608e-02 2.7981422554710811e-02 -1.9871117301433780e-01 1.4077522052496190e-02 -1.1367634341697430e-01 -9.9798313138306505e-02 1.9491883697682719e-01 -1.8104611713350260e-01 5.7423064033008682e-02 6.5524700184359394e-02 7.8132769507076025e-02 1.8727573051891010e-02 2.3124575344282949e-01 -1.1977959404382220e-01 1.7717962525765310e-02 -1.3458517499699310e-01 5.9974832055362547e-02 -2.1701423888275680e-02 -5.5626389694284229e-03 1.5752134782772831e-01 -5.9529002958124324e-03 3.0172043390484290e-02 8.5612249716327651e-02 -1.2565424359545420e-02 -9.8619242963541479e-02 6.5421796203987886e-02 2.3364814057782939e-02 6.1418250919948278e-02 -6.6896357932010209e-02 -1.4743445205300770e-01 1.4334603011676231e-01 -4.9119471624918913e-02 9.0982983972734285e-02 9.3092848741060927e-02 1.3934561443780810e-01 2.7126803667797159e-02 -2.7174788437833230e-02 4.7565304794976532e-02 6.5183828174859015e-02 2.0539503836126691e-01 3.5202872874549228e-02 8.0662746503467733e-02 1.8500039170997750e-02 -7.9311775196576562e-02 2.1705026228771931e-04 3.3125419112177900e-03 -6.9068552882839807e-02 -1.4082522941672461e-02 2.1864743351332350e-01 6.0560270865202138e-02 9.7836330644758635e-02 2.6789817834409402e-01 -3.6848462035898338e-02 -7.9200228719769727e-02 -7.7191878877120645e-02 7.7789986933157002e-02
-6.4012083614119780e-02 -2.0055865635902140e-01 -1.4781219180687269e-03 8.4387498297036380e-03 -8.0608211138394101e-02 2.2139721776176000e-02 5.9627988287832508e-02 8.2325539780811252e-02 9.5477755556125088e-02 -7.0395493445705767e-02 1.2967035403985649e-01 4.5288866122360168e-02 -8.9040709822492986e-02 4.5765318048157831e-02 4.3713762433573909e-02 2.5346731536879739e-02 6.3183516442066795e-02 8.2546413195917646e-03 6.5772969881773086e-02 -3.6674970739858502e-02 -8.1135230841195879e-02 9.2276194513413484e-02 1.1606252016261449e-01 -2.5089673820889051e-02 -1.1073370902247789e-01 8.7129985244199279e-02 -1.6782454079539069e-01 -9.4702648001781423e-02 1.7465812623278751e-01 1.0829723576048340e-01 1.2137506822974510e-01 -9.1997404505719985e-02 -2.1243810438232110e-03 -5.4021959083672563e-02 -8.2346853642055448e-02 -9.9281751496121631e-02 -7.5681645239219039e-02 -1.2056293899119530e-01 4.1211740634555197e-02 -8.8986574469679433e-02 1.6231549135942530e-01 1.2906066337564701e-01 -6.8253306078666157e-02 1.5077297633519460e-01 1.1332105706476869e-01 -1.3972003259843820e-02 2.1194603939986140e-02 4.9220136599133227e-02 -3.9924244486657830e-02 1.2878522510799401e-01 6.1325312891273263e-02 5.6627640372813939e-02 4.5402329643656437e-03 -7.7470982080951882e-05 -5.6581436385800560e-03 -6.6561176350926371e-02 -1.2661297649546879e-01 -3.8792278000855739e-02 -4.0853745074785057e-02 1.1924495025897420e-02 -7.6060024739099310e-03 2.4611390702872011e-02 -1.0840366593141340e-02 2.0213400277442391e-02 -1.8744517715642059e-01 1.1923143917766139e-01 -2.5560173187771401e-02 1.9096691312760811e-01 1.2267503919129510e-01 -4.9453994108448453e-02 -1.2441897333031360e-01 -1.4797413474202400e-02 1.8898240225271021e-01 -1.0107693431337431e-01 -2.1966066888484989e-01 -1.6908152079238831e-01 6.3856687074740737e-02 -1.5410529363164661e-02 -2.0477135695002671e-01 -4.9771679048521852e-02 -1.0249700929989100e-01 1.5932883141475351e-01 1.8792503928784071e-01 7.7793666229870079e-02 -6.6423480902220181e-02 6.6795154218265262e-02 1.5193540525341409e-01 1.4461485787368369e-01 1.1182657075282940e-01 -1.5025414950323250e-02 -6.7347906050246487e-02 5.9435141140125512e-02 3.3782212872240237e-02 1.8152810056117780e-01 -1.8389030105221171e-01 -5.7793380676792072e-02 -6.5553488881352706e-02 -2.6966692001618130e-02 1.2530138761643461e-01 1.0700478414389770e-01
2.3873461949768371e-01 -8.5851544715420766e-02 2.3905500105436121e-02 4.8180933598397292e-02 8.6617753167315098e-02 2.8714804309158130e-02 9.7777336548426755e-02 -6.2244635300024609e-02 -3.4817790757173728e-02 -2.4792726543034299e-02 -6.3984748339116659e-02 -2.3500476303002951e-01 -8.0654737538395832e-02 -2.0434108782909431e-02 6.2127571313535877e-02 -1.6943865310525960e-01 1.3398552042832940e-02 1.6206288976848041e-01 -1.5850165669524810e-02 9.6064909855350031e-02 8.6326770490361027e-02 4.0461132654274160e-02 4.5799095905107931e-02 -1.1587789067656340e-01 1.4416304251935580e-01 1.9276058203505150e-01 7.2507199607114037e-03 -2.0542223670808221e-01 5.2796582280045877e-02 1.0645077749611700e-02 -1.0405232624889769e-01 -7.0089884277859324e-02 1.8532169427921870e-03 9.8978678353153646e-02 -6.9937348992746298e-02 6.1980979634973031e-02 -1.1192212767908040e-01 -4.9986518610985922e-02 -1.0395773465652030e-02 -9.3826693759362478e-02 -7.5458972358873069e-02 -9.0463656545402948e-02 6.0510089839660462e-02 -8.5248151226182747e-02 2.0567827358658261e-01 1.3749962063752161e-01 1.7349952426304369e-02 1.0417861003375420e-02 9.6739994065563311e-03 -2.4392073147168649e-02 6.8933404702169937e-02 -1.1616148338248081e-01 -1.8078031263198679e-02 -3.3930286661476253e-02 4.9055610599879083e-02 3.9022352104934897e-02 1.4176229586064229e-01 -1.3139484647872270e-02 -6.2446525163859581e-02 7.8299927808947123e-02 -8.1989574899320114e-03 -1.9071042266986891e-02 4.0942148458444759e-02 2.8253607598724490e-02 -8.6779999629430074e-02 1.5434284642967780e-01 -1.2009366107906159e-01 -1.4542203254715049e-02 1.5125213911058119e-01 1.7691009597344221e-01 -7.8834354734302337e-02 1.3715440924351610e-01 -1.3030837588969421e-01 6.7177360133338665e-02 1.0935983176102430e-01 -2.0185780537814851e-04 -1.3358678933283691e-01 2.3129119851750191e-02 4.2412857597340491e-03 4.9161440631512961e-02 -5.3541569764839488e-02 -1.0396155830893530e-01 -1.0333824167363020e-01 9.7415015529107141e-02 1.4542430641131229e-01 1.9704702114378830e-02 7.5178675699236724e-02 3.5012965857726758e-02 -4.7654530669784999e-02 -5.7834789327944121e-02 1.5134651167325100e-01 -2.5969387596000448e-01 8.7293073105881872e-02 1.8495732384122229e-01 -1.8482850922258121e-01 -1.6119302425052301e-01 1.3832983015698359e-02 5.9571563550848958e-02 -1.6990241062970882e-02 2.9183587344126689e-02
3.0713002752086521e-02 -1.1459635142279589e-01 -5.1510904065967478e-02 -5.2431472653771717e-02 -5.4655670030043429e-02 -3.9999239349722819e-02 1.3745565535348531e-01 2.2001882303094189e-01 4.1333836100139777e-02 2.9749065077987941e-02 -1.0384589528808430e-01 1.3035436560888040e-02 1.6067538261659929e-02 -4.7247061567832788e-02 1.6658015010876009e-01 -1.7298588502401561e-02 -3.7044617647916521e-02 -2.1464511843963999e-01 1.2328557676044340e-01 -1.6942858718354581e-01 -8.7821301343242439e-02 -6.3086843693933317e-02 -5.7753262915755908e-02 -7.1560705275573275e-02 -6.8553163689435356e-02 2.2200193666321168e-02 -7.7208665780169231e-02 7.2297433469852998e-02 -1.1302418146028760e-01 -8.7396806186687825e-02 9.0265795039895531e-03 -1.6611196169280359e-01 2.7924841955025409e-01 9.3064258339354097e-02 -1.5165964167785340e-01 -7.2702768985756991e-02 -5.9826512723946020e-02 1.3440474338071240e-01 -4.8435295207474541e-02 2.4341799372426799e-02 7.7619437288347394e-03 7.0715162913645227e-02 1.6199507021890259e-02 5.8053101541523842e-02 2.5311720158524679e-02 1.4968736745912969e-01 9.9740348398766512e-02 -3.1110942378290461e-02 1.0684681049363361e-01 -1.6254400232609170e-01 3.5578319513137019e-04 6.1796682686714670e-02 -8.9857546629109192e-02 -1.5463834749618030e-02 1.0217223321174521e-01 -2.1174888484506289e-02 -4.5628636215084013e-02 3.0815129094450801e-02 1.1362615199895469e-02 -2.5018335455706570e-01 -2.4625744738699700e-02 -4.8538575462167603e-02 -1.6824244882947190e-01 -4.9616126672793323e-03 -4.1307211431903738e-02 3.9745620896766469e-02 1.3709872514068219e-01 -1.3180038076412609e-01 -9.8209858402778100e-02 1.7195180402568200e-01 3.8896839992754152e-02 5.6431511633267657e-02 -6.0012316345362367e-02 1.5371182903467191e-02 -9.4211223634937544e-02 9.7590142604642341e-02 -1.3579807979627300e-02 3.0970205336058262e-02 -1.3544179017995631e-01 -2.8866917083525141e-02 -9.7355107029821225e-02 -1.0299492723685670e-01 1.2253231976518400e-01 4.5720555787393147e-02 -7.5134492982855794e-02 -5.5975537979503789e-02 1.5244276377224530e-02 -1.9747839911310841e-01 -1.8066288193275881e-01 3.7249475183909503e-02 2.8278973175450139e-02 -1.6119668038877871e-01 -1.7364575498508669e-01 -9.6974943320266807e-02 -1.3504498901946321e-01 -5.2622724164337241e-02 4.5362215070756121e-02 -1.1137594978471900e-01 1.2677798374868880e-02 3.7332249345910583e-02
2.1410614057775049e-01 -4.1620188312878448e-02 -1.8872921901455100e-01 4.9704990520811891e-02 -3.7060840917542109e-02 -2.2601265617438322e-02 -1.9971810414155671e-02 -8.3224965559577480e-02 -2.4176710124682008e-02 8.2905788852155035e-02 4.2512883440209023e-02 1.1970188027042540e-01 1.0607638925518270e-01 1.3783429708608139e-01 -5.7631575228096817e-02 3.8155791885779632e-02 1.4717180478906010e-02 7.7750612312082662e-02 1.2690446195989771e-01 3.1065683734768271e-02 -1.2911829274683579e-02 1.4438063589407149e-01 6.4295062597975627e-02 1.0699129238260189e-02 -1.3106969884617359e-01 -1.4781426705354200e-01 4.0874629352125852e-02 -3.8292137954596098e-03 8.4031158712143755e-02 6.8419363570959568e-02 4.7347593534807823e-02 1.2771636528494509e-01 -3.6516974625528102e-02 -3.6232442356600433e-02 -2.2768441752895441e-01 -9.1504108730102882e-02 1.8045256920150989e-02 -7.6379516533964201e-02 -5.5511421360797862e-02 7.2428038271065601e-02 -1.7606133817524899e-01 -1.2582947938593289e-01 -3.5078608349590167e-02 1.7267097426671280e-02 7.2846139687676281e-02 3.2164592356709092e-02 -4.2525075722366842e-02 2.5469804170572399e-02 2.3530108276288611e-01 -5.0442135641750603e-02 -7.3957123662001051e-02 -2.8842631883365551e-02 1.9679002936443951e-01 -3.6753708889240802e-02 1.4456333320535100e-01 1.0399281924516840e-01 -1.8430036719287590e-01 2.5758506839450589e-02 2.0812767497526981e-02 -7.4173429757419834e-02 3.8647568460191982e-02 -4.1265036365161878e-02 -6.4173847050872868e-02 -1.6012468944783621e-02 -1.0306334449395140e-03 -5.8027091090972600e-02 -4.8577921703560498e-02 9.3787429118316043e-02 -8.9542132876280336e-02 2.0393619889259761e-02 2.0919461563930589e-01 -6.3111006339534689e-02 -4.1194338229027183e-02 -7.3739625903015277e-03 3.0174764743688801e-02 -1.2973715104637559e-01 -1.7549886326609801e-01 8.0297653548898743e-02 -5.4103496914206323e-02 2.5767240419404369e-02 -1.7584995560898339e-01 1.5015452150206299e-01 -1.2166445078259761e-01 6.6237936292443442e-02 2.0273299025062561e-01 -7.6440259579618933e-02 2.8100909552882342e-01 -1.6937189082383550e-01 2.5267228190102641e-02 4.7014989900991538e-02 -1.9460777689891309e-02 8.4674490210749340e-02 7.9526878660972827e-02 -4.8978297232252943e-02 5.1063150198702313e-02 -7.8728531380165195e-02 6.5384126621945135e-02 -7.6905947334588984e-02 -9.5516936771316147e-02 -5.2253641569026281e-02
-2.1218260612157539e-02 4.5462552417791530e-03 -6.1181817044959848e-02 1.2006915503484870e-01 1.0140640112045840e-01 1.0434031499723620e-01 -9.2978304498160524e-03 1.0362602912486550e-01 9.4028882114881349e-02 1.6258707158214411e-01 -4.6033452728871598e-02 -5.1579764073135151e-02 7.4091196877885318e-02 -2.0295215458738379e-02 -1.4225814451275390e-01 9.4873705801388666e-02 9.5624511678845477e-04 1.7812485038545850e-01 -9.1957932093808661e-02 -1.8999392076095201e-01 -3.7056899721320299e-02 -5.0206347204647693e-02 -2.3172997299370571e-01 -1.9733550330854191e-01 1.5025081528598849e-01 -7.3398303019453132e-02 -1.0408816927162801e-01 7.0522635449410148e-02 1.9294478537367271e-01 -2.0836843506095361e-02 -6.2096906670056969e-02 -8.6073080333644345e-02 -4.3122036813270773e-02 4.0490679222716680e-02 -1.1318736742847960e-01 9.7313532891783655e-02 -6.6156351288392048e-02 -1.8302295568947019e-01 -8.4438558406642786e-02 1.6268316373781599e-01 3.2594981427504811e-02 2.3209647276001881e-02 -6.0664429912748667e-02 -1.2061885850822281e-01 3.6838981951661617e-02 8.5966286757783207e-03 8.0144097463472563e-02 -1.8092037393250959e-01 8.4259240543614472e-02 -3.2749005030487340e-02 -3.9739672935316737e-02 8.9243559734617547e-02 -8.0171807840150780e-02 1.6637757411761700e-01 -1.9473154205756640e-01 -1.3653280120293579e-01 3.2418203925979319e-03 1.8004185578897461e-01 -7.5980757724091658e-02 5.7119156795003581e-02 1.6682249698780349e-01 5.0785323611078122e-03 -1.1530459805753680e-01 -8.7438839891799403e-02 1.1110284380184020e-01 1.4824809484057670e-02 9.7364300537018129e-03 -5.0538215680539393e-02 -1.5110310545669589e-01 -1.2524904936838161e-02 2.8911531091998940e-02 -6.6583869147329250e-02 1.5617124487586670e-01 2.6042927638734038e-02 4.8872622109102003e-02 2.1022903523842559e-02 -4.3567434412762417e-02 -1.4987095003926519e-02 -2.7093088965008911e-02 4.6987101110785537e-02 7.8088125720572776e-02 -3.3573020707623677e-02 -1.0672311374900090e-01 1.9942530636720321e-01 -3.5697309597060238e-02 6.7576551672585042e-02 1.0182652898553859e-01 1.1088890533278400e-01 5.0201605581543580e-02 7.0927167556904133e-02 5.0801092773971677e-02 1.3040035891775059e-01 -1.2889705467762819e-01 8.3023447294808206e-02 -1.3165742350150170e-01 1.8176492156819019e-02 9.1966607158549193e-03 3.5331166444173258e-02 -1.0273253531279930e-01 9.3998303645698333e-02
2.6307543510297460e-02 -9.2792471576714483e-02 -8.8283095168058268e-02 -3.4756110577228950e-03 -4.1787141104267227e-02 -2.2472234026052881e-01 1.6609361014469140e-01 -9.0107217276244281e-02 2.8103660045030961e-02 1.2765956507222820e-01 5.8697188556595892e-02 -2.4604255557196631e-02 1.0330540241355329e-01 -1.2596873503099659e-01 8.1452137372800409e-02 -4.1953201037708221e-02 3.4996758258859839e-02 -2.4740684558777790e-02 -9.4091057368416289e-02 5.5022470980617298e-03 -1.4532571825574189e-01 1.4583554722239210e-02 -3.2815461667932602e-02 -3.4827907334650923e-02 1.5131976577754619e-01 -1.1936919080045480e-01 -3.0258949906834479e-02 7.7841809823329861e-02 -9.3306015459568722e-02 -3.6193079369263772e-03 1.0609847071832950e-02 -2.5839513612406408e-03 4.1732357009725357e-02 6.0848363232660150e-04 -7.6959348295180044e-02 1.1973133008455540e-01 -1.2363156903914781e-01 -1.2576447702082250e-01 7.6537697444495623e-02 -3.4617364411007982e-02 -3.2547770365357408e-02 1.4330854691640010e-02 5.1283346004206039e-02 6.4796226222227074e-03 1.8203674686769569e-01 -7.2567263740021773e-02 -2.9070768141200171e-01 1.4120393506158330e-01 7.1320626817167443e-02 -1.1667412817346910e-01 -1.6579110380723291e-02 2.1220836587000241e-01 6.2312043226877122e-03 4.5908871615407541e-02 1.7207752875868701e-01 -9.1454400096911873e-02 -2.3171672713867091e-02 -1.5467446882361979e-01 -1.0942059227486110e-01 2.6660282999943000e-02 1.1029498846717470e-01 -7.4253500055079316e-02 1.9595071401467401e-01 -1.5305186891125569e-01 1.9485926770915199e-01 -7.7161656131180586e-03 1.4070424726316161e-01 -1.9821504856012839e-01 5.1141728597248033e-02 4.5558027604569701e-02 -1.7602466451119240e-02 1.0565220756900870e-01 6.0928433769906573e-02 -6.0664946452016123e-02 -1.2084558406694350e-01 -1.7041671451948640e-01 -1.0101371701948291e-02 3.2811438374082839e-02 4.7104865896033021e-02 1.6459784279638221e-05 3.8023690228962861e-02 8.3637644774301217e-02 -2.3106154915102879e-02 4.5445751550076921e-02 3.3211292607904203e-02 6.0561823111024232e-02 -1.8849655721478550e-01 3.3582861269025897e-02 -1.7516386730093141e-02 -8.0072567184706303e-02 9.8089289781479877e-02 6.8501356428558938e-02 9.2998204756026007e-02 1.0530593918765289e-01 1.1638044341051509e-01 7.7328621923447541e-02 -5.0061812970315443e-02 -1.0963774046966980e-01 1.5896336923574059e-01 -5.9735540409579263e-02
8.2299631692098266e-02 2.7435783363944960e-01 -3.2808827218327112e-02 -1.2423686929059870e-02 -5.3665443844355138e-03 9.9984297023187535e-02 1.2350615046283540e-01 -1.6547848376451660e-01 9.8723982218450773e-02 5.7107595643431520e-02 -6.3556751975236221e-04 -1.2147597315486949e-01 3.8890851144776653e-02 9.3740478005117471e-03 2.1602773382054519e-01 1.8181033296931999e-02 -1.5561732177025031e-01 -7.1733393476103385e-02 -1.2229556862846620e-01 1.2459594345680060e-01 -2.7673991915118872e-02 -5.5568898876252798e-02 2.2694154348590598e-02 1.0878310793621970e-01 2.5419050710700150e-02 -7.1396698094060865e-02 -8.3922069398137566e-02 5.1023977501911122e-02 -5.7985128597833988e-02 1.6194158032882719e-01 2.6663060316317450e-02 5.2109323481394684e-03 1.3953834315338290e-01 -1.6032987893969550e-01 5.8340089821639032e-02 -4.4576756633418292e-02 3.7133903629100212e-02 -3.6848395263661543e-02 -7.6276232594676363e-02 3.8951036780297960e-02 -5.4037337107668039e-02 -9.0111644675705017e-03 4.1568645055458549e-02 -1.4903078110632330e-03 -1.8827025454637391e-03 -3.8985663682587428e-02 1.1871011607370630e-01 -2.1522043939688540e-01 1.3008266220307191e-01 -7.8541110809333733e-03 1.6930338579711829e-01 2.1877888192551230e-02 2.2886741753172571e-01 -8.1014715436419901e-02 -1.0820602885976680e-01 9.4932194758105236e-03 -9.1765186606903748e-02 5.7585817453750847e-02 2.3461021107951199e-01 9.6714267684114549e-02 1.6883680431493031e-01 -7.6317092697171976e-02 -2.9293246856913490e-02 6.4125294916395750e-02 3.2732319637828383e-02 2.0860774633942349e-02 1.1364028921700840e-01 9.0090203945915548e-02 1.1264989620869180e-01 7.8398527503483598e-02 4.0784797641429747e-02 1.6621377024118891e-01 1.0493328942566500e-02 -4.2369157004016521e-02 3.6693441246035033e-02 -9.1912594351717461e-02 -1.3172502885874531e-02 -8.4915519626852926e-02 1.8740700755172860e-03 9.4574751529490728e-02 -2.4375951973803170e-02 1.0225180648218050e-01 -3.5077760454432290e-02 -8.9539014728039889e-03 -2.3512642821757010e-02 9.1662235176447837e-02 -1.2162840557970800e-01 1.0779886130846281e-01 -3.3108532566220962e-02 -4.7204251045569037e-02 -1.3597494906363031e-01 -5.8597389924737148e-02 -8.1589020958627318e-03 -1.0154821856517850e-01 -2.8216126502772593e-01 1.3985441505510349e-01 3.5130800232193130e-02 -9.0277195204663430e-02 4.7904202768168667e-02 1.1587433982587500e-01
2.5723337422712611e-01 -9.2348973316525571e-02 -1.0483501043582320e-01 -2.3600402159429799e-02 3.7354598541752292e-02 -8.1802192156843076e-02 3.1337089953467782e-02 -3.4311240307958783e-02 -8.8294573275226801e-02 9.5607596300408354e-02 -7.1145368021833771e-02 -1.0579573721268770e-01 5.3502963653378310e-02 -1.8425798547802252e-02 -5.2921143154834149e-02 2.4635333475277889e-02 8.7558983899312076e-02 4.0566487096317480e-02 1.4311336428724411e-01 -1.6199390618913331e-02 -8.8582370275138739e-02 -6.1515416297341030e-02 -1.1350002702557010e-01 1.0243414259696920e-01 -1.7154030389238559e-01 9.9045197125334994e-02 -3.8072191866907253e-02 1.0443168493434740e-02 -2.3771297811809011e-01 2.1914259007500030e-02 1.9969210372433879e-01 1.0512677416852299e-01 -1.6404952385076141e-01 -1.6422352139953730e-02 6.3921224665077020e-02 -1.1174264902405120e-01 -7.1043253708448773e-02 2.3169085792100891e-01 2.2033819586623990e-01 -3.5732113971084029e-02 1.4297719753732860e-01 -2.7734332349931261e-02 -8.0816360993339040e-02 2.3068362830730420e-02 -3.9115066869969517e-02 -1.1557469473277029e-01 -2.3714240591295541e-02 -4.8333805240519480e-02 -1.7378581880411921e-02 -1.1682780620644000e-01 6.0204200781373993e-02 -6.9715029611083917e-03 -6.0998124304982873e-02 -4.5798897393335793e-02 -2.0445453281155879e-01 -1.4164891004866689e-01 -4.7564568955134586e-03 -1.4223096628103390e-01 -2.6116508827640519e-02 -8.1141914227734868e-02 2.7083720702677649e-01 1.1833003345458910e-01 1.0736649458192850e-01 1.0408345717806780e-01 -3.8048155000363737e-02 -2.8105908186489129e-03 -3.5852516467159687e-02 -1.6612488440121520e-01 6.5250703190461150e-03 -1.1166133896691120e-01 -1.0794199213847031e-01 -3.4383161441095877e-02 -1.9468658729061901e-02 4.6417462194063147e-02 4.8975367553862031e-02 -1.2262801238914220e-01 -1.2919265032229160e-01 4.2913123538486600e-02 -2.4912512725334859e-02 -4.5314495126614660e-02 5.7906603414627097e-02 -4.0299482089762577e-02 -9.9514862606025854e-03 -3.5132485432235648e-02 5.0844928268737689e-02 6.0954014465884948e-03 4.1978592959477659e-02 3.4181684183299580e-03 2.2088026834639340e-02 9.0179532041770330e-02 -9.6481706001741024e-02 9.8451905146599451e-03 -6.1226587173305549e-02 1.0159807635346001e-01 -1.6024339185846459e-01 9.6736868239428397e-02 8.3262737564729267e-02 3.5181379449394819e-02 -2.1097295013044759e-01 4.0565131249094707e-02
-3.1677650526677210e-02 -1.4330834964950501e-01 1.0073505193303479e-01 -2.2456978840099149e-02 -1.3500187846836861e-01 -1.2851217224280631e-03 2.7549298356082920e-02 1.3115082585156991e-02 -5.5013910193788637e-02 3.4588284608333623e-02 3.1645852077437218e-02 1.0831024914736211e-01 4.1742252261774367e-02 -2.1074725229695761e-02 -1.2039296390970711e-01 -1.8209329687849921e-01 -1.0542049236099950e-01 -6.8656714821912643e-02 9.9137100694826636e-03 1.6794842431541540e-01 -1.5507942383359610e-02 -6.4239020263885005e-02 4.2232933790477822e-02 -1.2158222288659221e-01 1.7544534393168620e-01 -1.7019903146645909e-01 2.2703394501434371e-01 2.1434685624361849e-01 -8.3437456457404976e-04 1.4890245924622569e-01 6.2036454474897321e-02 -3.3352181930729620e-02 -8.4139850614227907e-02 -8.8463133572144012e-02 -1.4462324227022580e-01 -1.0210254448200480e-01 -8.5345407772685566e-02 5.4857314810756369e-02 1.3583931769287700e-02 -2.3021902161669261e-01 2.2132664284690709e-01 -1.2093954991228520e-02 -1.8931785074303601e-02 -8.2160950085413131e-02 -2.1213041454242720e-01 -2.2537082631295651e-02 -3.7956703067430653e-02 3.2375355008821449e-03 -9.4847333474131421e-02 -4.8300397915803102e-02 -7.2933549080282295e-02 1.2959463404744939e-01 1.4357634853402039e-02 1.1835893981543941e-01 -1.0129454838993170e-01 8.9109926126952926e-02 1.5649619541799761e-01 8.9865039874672356e-02 3.7125645043803938e-02 -1.5892409202592241e-03 7.8898508848898180e-02 -5.9353799227190203e-02 -1.3258668101071780e-01 -7.5267778158601167e-02 4.5753265260686728e-04 -8.3651705401198914e-03 -3.2719457390701069e-02 -8.1660529172684765e-02 5.2382106401985477e-02 3.2302886325889513e-02 -6.7243268115821500e-02 9.5153206741678806e-02 -4.9923361694739231e-02 -7.8963217202072528e-02 1.6090001366859891e-01 5.7591410051040598e-02 -7.3242014345527517e-02 -1.2521163284676670e-01 -5.4093830092021060e-02 4.1762556028907771e-02 -1.2395431363609520e-01 2.0476701795413829e-01 6.9522083895806358e-02 5.4318287308617937e-02 5.1365357415328133e-02 -1.7490785810238491e-01 3.2031198520412481e-02 -1.2027230005090560e-02 1.7862940726645821e-01 4.8411061092490618e-02 5.3412725821327452e-02 -1.3032107062070650e-01 4.4666861446800911e-02 -8.4312709057670812e-02 -1.1673839778675781e-01 -1.3671458652024590e-02 -1.4305385744547749e-01 8.5619066243629496e-03 -2.6504827758781841e-02 1.2266819132993790e-02
-1.3790391786525590e-02 8.6680681506782847e-02 -1.1307001921693260e-01 1.0142938000577470e-01 4.0124657304000970e-03 1.4819796927028539e-01 1.1189044594276930e-02 6.5265022180516066e-02 -2.1842424626112189e-02 -2.4988179203508511e-02 9.6784505212687666e-02 1.8247058549812381e-01 5.8452789322171878e-03 -1.2664861644705559e-02 -4.0678042698786051e-03 1.1864096824093340e-01 6.2240008957241938e-02 -1.4630808661122219e-01 1.7191225494164211e-01 1.4844666833868009e-01 -6.3325808338770037e-02 -2.3937026486302929e-01 -1.5962733381866059e-01 -6.4242588610876269e-02 -5.8966905065903553e-02 5.0625148642711060e-02 1.4827837143996861e-01 8.5542409570045316e-02 -1.3109135309914619e-02 1.2671139604065779e-01 -5.5727195469951037e-02 -1.4334217836783211e-01 1.5004406297857840e-02 7.5209261159629254e-02 1.2297159687770000e-01 1.4869524736780210e-01 -7.1557030413413658e-02 4.8003046138110211e-02 -3.4331117780924410e-02 -2.9207791771022520e-02 -3.6940072250596770e-02 -3.0225149111226612e-01 1.0500250449431490e-01 4.5293128494781593e-02 9.2813173032536712e-03 -3.2138188104212519e-04 -1.0028546579779220e-01 8.5974583002406624e-02 8.0751264874505485e-02 -1.3787516266455349e-01 8.8864718958374181e-02 -1.7049589854677680e-01 4.6653314522244763e-02 6.0460883901054509e-02 -9.0668315012307626e-02 -9.9437461715831690e-02 -6.7206036835137650e-02 2.2115555561860289e-02 -9.0602744057506873e-02 2.4438599428497191e-02 -1.2340737582146230e-01 -1.3138493615179811e-01 -1.4327586061319180e-02 -1.2856707622812549e-01 9.2992860674275993e-02 -1.4636861148781100e-01 2.3352450007634251e-02 1.2518184421792730e-01 1.5395496767370981e-01 -1.9734338533188921e-02 -1.1342820325637730e-01 -5.5370099025544753e-02 1.2218750910793050e-01 1.0156827881406440e-01 -8.6518964156857947e-02 -1.8827880813987599e-01 -3.0489690879593939e-02 -1.7714440423306211e-02 1.6895635104687941e-02 7.5140468068835412e-02 4.8377397436510346e-03 1.2126257127632040e-02 3.8539909922565313e-02 -1.8523939528562991e-01 -3.9782374124890052e-02 5.4785360314016568e-02 2.3048691221708849e-02 -4.5221870500623818e-02 -3.3425240259951958e-02 6.9854958215405605e-02 1.4455034545567991e-01 -4.6949685267663778e-02 1.1784735836674731e-03 2.5352519855280722e-02 -5.8420173635459760e-02 -1.6532854433171271e-01 -3.4821913548562171e-02 1.3793098076087260e-01 -4.0098579491838003e-02 1.7115257481531301e-01
8.0667607517235271e-02 -1.2135801110429860e-01 2.3141172828376959e-02 1.3804004325179670e-01 2.3799831103949700e-02 -1.0561941966126250e-01 -7.1287272219367509e-02 7.4514296271630712e-02 -9.2977096844927345e-02 1.0197130203353280e-01 -2.4501278341272598e-02 1.0786921881767821e-01 1.6780660888730470e-01 2.1212322103341889e-02 3.2320815982679427e-02 -1.0428274445463161e-02 -2.0608050376053830e-02 1.2258267018739361e-02 -7.1941368290732804e-02 1.0294503619219619e-01 -1.0836600292125370e-01 1.9682368692431459e-01 -5.2164691364642891e-02 -8.7116881961869813e-02 -3.5551966511246411e-02 8.8070151224264565e-02 1.2323865546999450e-01 1.2897920748137570e-01 -2.1039323004361801e-02 -1.0643821469659059e-01 -2.1432203716519591e-02 4.8189839468212037e-02 -1.1100274820077891e-01 -4.9218977521315807e-02 -5.4829216367811268e-02 -6.4241928884588628e-02 -1.5917345235472950e-02 -1.6439535602246960e-01 4.5705413614102290e-03 -7.0261177826644577e-03 1.3638664146673121e-01 2.5636238449244401e-02 3.4933949086731111e-03 2.1836494781396369e-02 -5.7371136814559978e-02 9.9632785798189322e-02 1.5497365224448801e-02 -6.6988267026222847e-02 -2.8335334292634649e-02 -3.0172366143847291e-02 1.5014803997885781e-01 -1.4488719738753389e-01 1.5244391726380949e-01 -7.9905723324720124e-02 2.2652430770548590e-01 1.2744041984685450e-01 4.6458754239074702e-02 5.8032377694341088e-02 -8.7248232616934138e-02 7.5937078943480417e-03 9.1441985191478253e-02 6.3494938577576931e-02 -1.0674530686288600e-01 -1.1870253813067660e-01 1.1208233349192530e-01 -6.4554784944404975e-02 6.9430309352747535e-02 2.0180042287972499e-01 2.7723651096442561e-02 -9.7705552708764506e-02 -8.1938098992026198e-02 4.4178806114481548e-04 3.4330446955658553e-02 1.5182840755525340e-01 -3.1785121585795433e-02 1.2774789068369119e-01 -4.4354872843734419e-02 1.1159715728058370e-01 -1.9521655068747251e-01 1.2635233284820119e-01 7.5471789470758568e-02 -1.6793857437422460e-01 1.1050204571832251e-01 -5.8360148810951293e-02 -1.6462440041318649e-01 2.1296726108211569e-01 -1.5037115131592141e-01 6.2979253272805472e-02 -4.4088778964314172e-02 -1.9693433711298200e-01 -1.3894306858629560e-01 -8.6848525286552625e-02 5.1383919945991570e-02 1.0768502356352030e-02 -5.8314856915746567e-02 5.7800161880510161e-02 6.7536936893406122e-03 2.0341777698223741e-02 -1.5727524783647279e-01 -1.5046394618408379e-01
1.5121397332955039e-01 -3.1206579752794981e-02 3.4210683892557603e-02 1.2876483870245309e-02 -4.4637999050185083e-02 6.2867465307249126e-02 8.1907924039277311e-02 1.2725948677454979e-01 2.7199132274408400e-01 -1.3938577953270850e-01 2.8747335924831370e-02 -7.8013520956941376e-02 -7.2838847897538556e-02 4.6036754233245103e-02 -9.5676474562132477e-02 -1.0876149722735970e-01 -1.1556604905919750e-01 7.7741957360518255e-02 -6.2519512707329541e-02 2.4911107697311429e-03 -1.2106228426533880e-01 3.5786624935120200e-02 -2.3966910892411871e-02 -9.3259485935247771e-02 7.9898050330417872e-03 -1.4889942473407511e-01 -1.4673550868636620e-01 1.1183183473297020e-01 -1.0624272447791840e-01 -1.2770933313432281e-01 -3.4379313914523403e-02 -4.6859930298772529e-02 -1.7096730736702781e-01 -9.8927258247973576e-02 4.6563240349077592e-02 3.4836465628038348e-02 3.4286473639445807e-02 6.7445935631021400e-02 2.7592326363434842e-02 6.9213747624912281e-02 -9.3146735305333211e-02 -6.7753072680849083e-02 3.5783025576199361e-03 -6.9077930879952584e-03 1.4060750686551070e-02 -1.1367859689628970e-04 -1.6538187467283461e-01 2.3127599435099569e-01 -1.2181264361813930e-01 -1.7745437261151381e-02 3.0950826985341032e-02 6.5274945325353412e-02 -1.7928089678010021e-02 -3.8925728131610368e-02 -4.8965847522696407e-02 -2.2217408287345700e-01 -9.8085284704257369e-02 -1.7367515467761351e-02 1.4121245764890439e-01 -5.2308106774724583e-02 3.0751558776635012e-02 9.3079053228404485e-02 -1.5177242504751390e-01 -3.7079706773241558e-02 4.8603271598282134e-03 9.3875138408242353e-02 -1.2947685897437250e-01 1.4538887819269269e-01 -1.2843578365991060e-02 -1.4465477588270351e-01 -7.3365724538466598e-02 5.3670462224037048e-02 3.0444918990174749e-02 -4.4543353283813918e-02 4.4982733573443963e-02 5.9280043245678128e-02 -1.7785268248943342e-02 8.5899469889694310e-02 8.5952797120378913e-02 6.7632575391395000e-02 -1.2660911414416401e-01 -1.3044683561902279e-01 -1.5769940824668241e-01 -1.3403255132968300e-01 -6.1089379839778662e-03 -7.0742684285961498e-03 8.8573816833938654e-02 -9.6693784726046936e-02 -1.6956368401401259e-01 -2.2904884453088911e-01 -6.7110090281249701e-02 3.4936304341781403e-02 1.2899923816150649e-02 -1.7027072763458939e-01 -7.7400912722480661e-02 -3.4296122083509607e-02 -2.5592854513614532e-01 2.3903975981737661e-02 7.8225880269222503e-02 -6.0767384976743834e-03
7.0014406723923631e-02 -2.4398799281645459e-02 4.1804962053969101e-02 -1.0644558947157470e-01 -5.6548472327576482e-02 -4.1735110699825828e-02 -1.1714027434361830e-01 -9.2021820883039826e-02 -5.4606170617326356e-03 -1.7107825430977730e-01 2.3657841540433142e-02 7.5100744671867323e-02 1.4185316039813101e-01 1.7468315538615450e-01 -1.8512112762951599e-01 5.4513592644346513e-02 -5.0702671179362259e-02 1.9446899175675530e-02 -6.5925991122762501e-03 1.5762508341477761e-02 -1.5686568397466480e-01 -2.8699429954662920e-02 2.7042013564777850e-02 1.2751209228489310e-03 -1.0019811644672121e-01 -3.2923860670106458e-01 8.6349930222097276e-02 2.6845479578978280e-02 5.8070916560813937e-02 -6.1671283395621203e-02 -3.4559270778257503e-02 1.0237165706080360e-02 3.8282795327425800e-01 -7.2730517059414523e-02 4.5476919268802332e-02 -9.5306710169421507e-02 -1.7683653375150510e-01 -1.3521858405232340e-03 -1.3703815019149490e-02 -2.2395155242445189e-01 -5.7776314916149402e-02 1.2724579983751819e-02 1.6530785233208870e-01 -1.7159798706822740e-01 6.7249914995020310e-02 1.3876656172452401e-01 3.0204088710000031e-03 2.7469372305701539e-02 4.4045856928334320e-02 4.3542630960084067e-02 1.8572725545681380e-02 -6.7375138998650067e-02 -9.5134616495761604e-02 -1.7300745507960880e-01 -1.0546297149912121e-01 -1.0880506793118640e-01 1.1745446933330060e-01 2.5312391630601980e-02 -4.6501538567437488e-02 -4.0051859032627063e-02 2.5935072375969769e-02 1.6434741126380291e-02 1.3010921766668751e-01 7.3445956514875704e-02 -1.1717939081956311e-01 -1.3366313500147409e-01 -2.8669641283021980e-02 -3.8236669252915322e-02 -3.8545924634367290e-02 -6.8074539599216208e-02 -2.3469679911514881e-02 2.1397036696405889e-02 -4.6052288313209358e-02 1.2047544572685811e-02 -9.1436369920287933e-02 6.8900409504447757e-02 6.3844122250691610e-02 -2.0713946359858980e-02 -7.1903876261977528e-02 1.2274820252868469e-01 1.7627677152543519e-01 -1.4637389592924041e-01 -3.0180107705412039e-02 1.0771525356248279e-01 1.2843577705675119e-01 1.0077452073055060e-01 2.8193380157223238e-02 1.1183743610267340e-01 -3.0516399033899900e-02 -4.8391472910068831e-02 -6.4502642000128521e-02 8.3757302665896538e-02 1.8446959129658259e-02 5.8220242197179903e-02 -1.6097886870562191e-02 -5.4097195503463258e-02 -1.9434028573169872e-02 -2.5632539555792970e-02 1.5399274789146961e-02 1.2703372682970840e-01
-1.1388533419835040e-01 6.3660209285361147e-02 1.2969005663895081e-01 -3.4247551378268362e-02 7.2466134920256456e-02 -1.6981787119170601e-03 1.2484010509684830e-01 -5.8741185659590779e-02 -8.1863539502796928e-02 -3.5913007685524703e-02 1.2728123958782860e-02 1.3886216766981749e-01 -2.2954626785595890e-03 3.6844954800520753e-02 1.7419245338025899e-01 5.3665915403292040e-02 5.2902737003024239e-02 1.4761208884496250e-02 1.8680927968552671e-01 -7.7359321574956036e-02 -3.2035377784106922e-04 -9.9404090825188904e-02 9.2277470536532707e-02 1.0476469068868610e-01 -9.9982671759320005e-02 -1.0576129562671720e-01 -1.1427148571447140e-01 -1.5514116280295710e-02 -3.0302137052873740e-02 -1.9878212742008131e-01 -3.4837494048906327e-02 -4.3198845962799132e-02 -1.5852937897091501e-01 -3.3105440183882208e-02 -1.9750011614988211e-01 -1.4987705981359839e-01 -1.8074496472087290e-01 6.0252647755959378e-02 -7.7357908860045801e-02 1.7811940785280930e-01 1.2088704451928430e-01 -9.7419171725329379e-02 -1.5975397113819639e-01 -4.2404302367421237e-02 -6.8455267764259463e-03 2.1805269215868069e-02 -1.2565553728588350e-01 -7.1037461375857272e-02 -1.0594911282406599e-01 7.1606868359365111e-02 -3.3105159183943328e-02 -1.5162564507790219e-01 1.3152207887044730e-02 1.4023577823850750e-01 1.1056173514970159e-02 1.8448108628257850e-02 1.4650915345192489e-01 1.5221682878006179e-01 6.4040738610826936e-03 -9.0512990680077982e-02 -4.4090070016147599e-02 1.2522497590010320e-01 1.5623019383146761e-01 -1.9141399103978651e-01 -2.6758873584701469e-03 -2.2571413409263309e-02 7.8748535956705334e-02 3.2771245691401649e-02 1.9840510041433640e-01 -3.2441676164507341e-02 1.6324227438005551e-01 2.1499359228849380e-02 -1.9662271879522259e-03 8.9822281361419343e-02 -6.6992629306654616e-02 -1.7487423072271489e-02 -6.9909397770360968e-03 -9.6910910085596519e-03 1.4730696698738049e-01 1.2723902984419730e-01 1.1928976381087909e-01 1.2350718769231200e-02 -8.4971549266147833e-02 1.0182011022879039e-01 1.8280640502389431e-01 -6.8433373515271678e-02 2.2688799190640069e-02 1.0470690307696170e-02 -3.9123143039110839e-02 -1.2028509387008279e-01 -1.7355593370061002e-02 -4.2999847246407673e-02 -8.0253356722661484e-02 5.8006500333187966e-03 -1.6986072390410770e-01 1.0552785725735750e-01 -7.1083630742367230e-03 8.5302648993058450e-02 1.7411607255021591e-01 -3.8353301527564103e-02
-2.1766940159191450e-02 -1.1919981527670830e-02 9.3486280409626268e-02 -2.0349473290436981e-01 2.0656224665620920e-01 2.0906052322244250e-02 -7.4712107142593492e-02 5.2933290033421877e-02 -9.4920399291935301e-03 -4.7541594902641468e-02 2.3580004164078009e-03 3.9019889445595819e-02 1.2062862448806730e-01 -8.3351000247437357e-02 -1.6756149615659291e-01 -8.6245823935429775e-02 -1.9389168688098611e-02 -2.3097268342234599e-02 -4.4468069643341596e-03 1.3488144708450489e-01 1.5451597324961311e-01 -2.1658256342384211e-01 -1.3421456592926989e-01 7.0724908146757748e-02 -1.1481337120727800e-01 3.4829877261293857e-02 -1.6516671582564629e-01 -3.3797666585147358e-02 2.8425114202730380e-03 6.9372108182404926e-02 9.6750620072994925e-03 4.3571396932754143e-02 1.6203146561984249e-03 -9.4443545442433163e-02 -1.2595699894721679e-01 -9.9162344724084469e-03 -4.2405850459871858e-02 -1.5971847453127430e-01 2.5225957572661412e-02 2.6211325427488350e-03 -1.7502901447938531e-02 -4.0036799909597659e-02 -1.0298327884761201e-01 1.3487714502922040e-02 -6.5999824365916684e-02 1.6628472805838079e-01 1.1363374051604720e-02 1.6861782956911689e-01 1.4359230406793841e-01 1.3196429029004059e-01 -4.8142036413381863e-02 1.5599141897993289e-02 -7.9078848137719898e-02 1.2167038583017969e-01 -2.6522942532824240e-02 -3.4931442824355903e-02 -3.4964700191809320e-02 -5.6446231526171280e-02 2.7102170125976333e-01 -1.6576026551563261e-02 2.3395331294106519e-02 1.1414898908540411e-01 3.8235483877924650e-02 -3.1200083685035341e-02 1.2703381824164289e-01 4.1129717547185758e-02 1.2655579288212301e-01 6.4525608932146494e-03 9.8264486750997235e-02 1.0406070803949249e-01 5.7393521192029978e-02 2.5357337385049372e-01 -2.6028480551504141e-02 7.9319905258175116e-02 -8.3810115458996332e-02 1.0098328871228790e-01 6.2690681264813281e-03 2.3766480601417000e-01 -7.2601065411652260e-02 -1.6601466411980531e-01 1.0844878992102940e-03 6.1709559023547647e-02 9.8879266061396937e-02 -5.4870277621866477e-02 -7.9311733556748816e-03 -3.6929820513816949e-03 3.2167506943543887e-02 1.3514886890415659e-01 -6.3609373826818069e-02 -7.0471636619131417e-02 7.3192124967343133e-02 1.0949262433514410e-02 1.0769339947577559e-01 1.4217231392839220e-02 1.0491681739816840e-01 -1.9923293461432168e-02 -2.3609006830871519e-02 -2.6180687947382739e-02 -2.6167394194473748e-01 1.0761503241929950e-01
3.5536513323800832e-02 -8.9350156706900663e-02 -1.1123427930753720e-01 1.0638183104302409e-01 -5.0470686583098057e-02 -1.0346597113286450e-01 6.9640277292905020e-02 1.4168313334884949e-01 1.5741214472947400e-02 -6.8191811522864534e-02 4.9783951290217232e-02 -4.1485169141832520e-02 -1.0252962018040970e-01 -5.6947020543952273e-02 -1.6157313680985101e-02 4.5528619100163370e-02 -1.4396088638996701e-01 -3.7514172380821789e-02 1.5875042601140871e-01 -1.8163029646152549e-02 2.0734940200411109e-01 -1.2503237041789059e-01 8.8683575327865291e-02 -7.4294205160515422e-02 3.3835205986819500e-03 1.7761506528464210e-01 -6.2026194715334389e-02 9.4652142595968478e-02 -3.3648018254054959e-03 -8.4875582486999123e-03 -3.2299608549590311e-02 1.1300230823130430e-01 2.0698490991158991e-01 -1.2063105230984900e-01 -2.1819733170645170e-01 1.3129425695310340e-01 1.5839914562972479e-01 -5.4317531229515208e-02 8.7793399260238839e-02 -1.8731498777402061e-01 -1.8433683176128729e-01 2.9673101148844250e-02 5.9329601026368417e-02 -1.2103965631340840e-02 2.4065464457986491e-02 -9.3177518242072405e-02 1.0544482309435969e-01 1.3750622787217401e-01 -6.1333978235952262e-02 -8.4344388255720867e-02 -4.6278729266871960e-02 -2.0763707737516909e-01 3.0500487844995660e-02 3.0074808062982551e-02 -4.1767559112043218e-02 -8.1716295223467572e-02 5.8316515490326418e-02 3.2500193553772767e-02 1.1635485171756070e-01 -3.3869296214541517e-02 2.0497480158616940e-01 -1.8200841222588231e-02 6.5409044208678782e-02 -2.7473516503710750e-02 4.9329838014026219e-02 7.2122459997935456e-02 6.1962585230458389e-02 4.2258794479704577e-03 9.9824965278028741e-02 -1.7546776279509499e-01 -9.6057556459486892e-03 -1.7888738155725920e-01 7.4144660259245765e-02 1.5834869238723079e-01 -6.5275397894408463e-02 6.4580408263695988e-02 1.2177261840411210e-01 -9.0004594561943582e-02 1.2644019823216729e-01 1.4501671426141549e-01 -6.6789359189869377e-02 8.9482433431756950e-02 -4.9742481079366969e-02 1.6499678636052070e-01 3.8746494762086033e-02 3.1410013378549588e-02 8.8754384634955486e-03 8.6269228571841300e-02 1.2517905105756449e-01 -4.8896719358770470e-02 -6.8810622930552526e-02 -9.8850246285605597e-02 -1.0085880265897840e-01 -6.1466848555210722e-02 1.2159447137087430e-01 1.0138234248113590e-01 2.6361070337230431e-02 8.8366639537596180e-03 -6.0359681498159248e-02 -1.0247375320711780e-01
-5.6460978079680233e-03 -7.9688582585474288e-02 6.3358181652313370e-02 -8.6252299312515254e-02 2.7274765005710761e-02 3.5428427463983128e-02 -2.2840534927602490e-01 1.1159799504126100e-01 1.1888968186857581e-01 6.2312690932137593e-02 -1.0445246033620410e-02 6.3746209438445792e-02 4.3730801099772287e-02 1.2009288991146989e-01 5.7478790851046270e-02 -3.5457909207118762e-02 -7.3940918736064107e-02 7.0752846990173895e-02 -1.5165381774974451e-01 6.1000290856304713e-02 -6.9395311104858470e-02 7.2636452724546233e-02 6.1110843253536197e-02 2.4716974908416740e-02 -5.0153321399407987e-02 9.5845945959395870e-02 6.9898169191148662e-02 1.6421069429707150e-01 5.6070379986208757e-02 -1.5251322241722409e-01 -1.4620052549551180e-01 -4.7646099568596958e-02 -4.8470738840312978e-02 1.0303786829550269e-02 -2.3259856144657538e-02 -1.2072554330503010e-01 1.2155576779415871e-01 1.5638631705885201e-02 -2.1525341225982930e-02 -3.3117099329292618e-02 -1.0032826474105790e-01 9.5962253399369854e-02 -4.3451676060519633e-02 -2.8462910617488530e-02 3.6165428178175488e-02 -5.8321180613363353e-02 -1.4479155262452029e-02 1.0632954440557210e-01 7.7376780480465646e-02 -6.7791382488189833e-02 7.8388093248816654e-02 1.4169622378311470e-03 8.4656338155680941e-03 -2.1899945398380018e-03 -2.3525111127988421e-01 -7.7241281969406800e-02 -6.8335917470097637e-02 5.8444157030858181e-02 -1.2646133999770420e-01 -1.2348240740060031e-01 -1.9503332050577440e-01 7.3025932531703530e-02 -1.0936663038492220e-01 1.7655288765267960e-01 -1.9626534205514030e-02 -1.5680948654383551e-02 1.5714811198488579e-01 -6.5091126598308444e-02 1.5393590468142621e-01 2.8308464195512681e-02 -8.7227977469790437e-03 -5.8238262437974510e-02 1.3433419962770590e-01 -1.2804267153635590e-01 -6.6570745392673242e-02 -1.1621457094662350e-01 -1.4198442459436850e-01 -7.4554189295424081e-02 1.9387431616576159e-01 -8.6178977569339191e-02 1.1582938867943200e-01 2.4909458178784541e-01 -6.1231878082776907e-02 8.0108058690757419e-02 9.7339482770070984e-02 -5.5783599367836181e-02 -1.6391980451111590e-01 3.6641253669665863e-02 -1.8131460735240271e-01 -4.9552471615885663e-02 2.6693559103933541e-02 -1.8989566336440089e-01 5.4737994453629688e-02 1.1976385252786299e-01 -2.0916816672042371e-02 -1.0077499012727160e-03 1.1314456174832541e-01 -4.0517665463790993e-02 -1.6562461941945600e-01 -1.1002257554939079e-01
1.4988026070580909e-01 9.9491006663249920e-02 -1.6376934074460511e-01 -4.2717903584812061e-02 1.5230093742399109e-02 5.2222276194039408e-03 -2.6412146011258221e-02 -1.0679161011458040e-01 1.0882954446081530e-01 9.8971905832536487e-03 -2.4526752947566871e-01 1.2017108710248170e-01 -1.4190863944442281e-01 -1.6897172827663801e-01 1.0873058967807400e-01 -4.6303224451546693e-02 -1.0199053844441150e-02 1.0291590544502149e-01 -2.6253609040131919e-02 -1.9829756440293089e-01 9.2022670539568543e-02 6.1939360298029787e-02 5.8356106210441898e-03 -7.8798094386637405e-03 2.3501813375306171e-02 -5.9280200297368621e-02 -2.8674846572567268e-02 3.9029153479120449e-02 2.2510799510502280e-01 -1.6031592452418961e-01 -1.4642740874308940e-01 -1.3282709376863869e-01 -1.1755225888446960e-01 9.3792378601691762e-02 -4.3691415834625151e-02 -7.9664863337271394e-02 -9.9448025953983735e-02 -2.6734475111822659e-02 6.1280594157597922e-02 -2.8637523356414768e-01 -1.0725534271817171e-01 -1.0914525181165380e-01 -4.4730901025966767e-02 3.9464377939554943e-02 -1.9002086315751160e-01 1.7548049649323019e-01 2.7524450853121701e-02 8.0715457517121073e-02 -2.0082909552693679e-02 5.0059132852078518e-02 1.3209717967418441e-01 7.4200495014331694e-02 3.1305697389899440e-02 1.0407790907684721e-01 -9.7419649319168793e-03 2.0169543283530829e-02 -7.6440887518347961e-03 -5.8434796280255337e-02 1.2928375558463659e-01 -7.1487945497683586e-02 1.9196401777936061e-02 -4.1546043867833539e-02 1.5659374253179359e-01 3.1741660018483643e-02 -6.6626258913160388e-02 -1.9578946300810590e-01 7.3886247806314543e-03 -6.1744834380979233e-02 3.3742318414902890e-02 2.2858466153753709e-02 -1.1532000581611040e-01 -3.6847288821306640e-02 6.6946123751532749e-02 2.1683388170968800e-02 7.9450891079710872e-02 7.1506193145124894e-04 -1.7203981294741291e-01 6.3588237753821081e-02 -8.1654847714330875e-02 2.7109231100806579e-02 -2.6408830624657799e-02 1.2017917142902190e-01 5.2258908298997292e-02 -8.2653317846733632e-02 -9.2955463698640509e-02 7.5894434187392126e-02 -6.0070711037009873e-02 -3.0059175952566800e-02 5.8134384326793347e-02 1.0278487924449371e-02 -1.8838424475643820e-01 1.7734296271266031e-02 -1.0774402891446960e-01 -3.1624960885805013e-02 1.3701396220364559e-01 3.4465836585203517e-02 6.7448170559715540e-02 1.0224505464207960e-01 1.2546408421821931e-01 1.0715961591863110e-01
-2.0684240119000871e-02 -7.8002695424949142e-02 7.9834021173747893e-03 3.2501717948828758e-02 1.8509121559565289e-01 -2.1475603505190050e-01 -4.9895605247051278e-02 -1.2050648337348011e-01 -9.4847090002104520e-02 -7.4749557513192191e-02 -7.9275854369485796e-02 -1.3921672904418700e-01 -3.0240943179814489e-02 -4.5057498864235601e-02 4.6181826358534718e-02 1.5402108057436190e-01 -6.1360629194959049e-02 -8.3907143089800088e-02 -4.7515790247961452e-02 7.6892540670603762e-02 -5.2147224714618468e-02 -7.5787641555344162e-02 9.9629147926665884e-02 -1.3170681380552821e-01 -9.0417072625393252e-02 -8.8134548583322828e-02 -5.6133021835107870e-02 5.3763457916252283e-02 -1.6443002701015900e-02 -9.6175228875653065e-02 1.4095176031859361e-01 -2.8244954314392931e-02 8.4748484916822672e-02 9.1604074532969662e-02 1.0981780685391290e-01 1.8247445220895309e-01 -7.8029157463883891e-02 -3.8051726987158221e-03 -8.5110408033720303e-02 -7.6847193708075884e-02 -5.6270015847502053e-03 -1.3325827663392209e-01 -1.3312981257475809e-01 -1.7258413549293632e-02 -8.2342483891819834e-02 6.7569141958792378e-02 8.8624799808190630e-02 -7.8722761272172037e-02 8.9744185488318962e-03 4.1886492984827828e-02 -4.6587770472694988e-02 -1.4405213147680540e-01 -3.7855052229938790e-02 -3.0464102619887429e-02 -8.4344630920445515e-02 -1.2566757595097219e-01 -2.0836755232306939e-01 6.8670106510751755e-02 -4.5152495726029349e-02 3.0572754887312290e-02 -1.1591119627318789e-02 9.8416536338958582e-03 -1.5983865569725139e-01 -3.3971690483790638e-02 -4.0326735632403111e-02 1.4211667687645579e-01 7.3293248404879371e-02 -2.3766570118371050e-02 -9.8289707455753092e-02 4.9896557957857197e-02 1.3525981455558961e-01 -4.4964203244423337e-02 1.8079906832053520e-02 -1.1126902388582900e-01 1.1629271249795380e-01 -1.0179371397780300e-01 -6.4598673062061143e-02 1.0622634972992030e-01 -8.7082650925904337e-02 -5.3986085299927043e-03 -1.0688441986382360e-01 5.9537232199205918e-02 1.3063374513165790e-01 6.7908130010018844e-02 1.0307084957338650e-01 -2.1212403706602309e-02 -1.1437346893897050e-01 -3.4269721705555670e-03 -2.4086514961256119e-03 1.7625874096742999e-02 -1.2027097453578760e-01 -6.9840201261329254e-02 1.6428454439138221e-01 8.9132747709184459e-02 9.8647268585695613e-02 1.2154523171833860e-01 -2.1922774748906709e-01 3.3965293266694269e-01 8.3637139379882541e-02 -1.3918011411891110e-01
3.4668684904395369e-02 -1.2772463123774319e-01 7.6907925584402181e-02 1.2432660430535240e-01 -6.5151289169634127e-02 -7.6285442882273805e-02 6.0117191574339160e-02 7.3237102609130869e-02 3.6893080378246561e-02 1.4205503883680790e-01 5.9060862769015399e-02 -1.6697641322134471e-01 1.4302540674054279e-01 -3.0014600498065681e-02 -4.4333632612893123e-02 -8.8973892228064747e-02 -3.7916677641170272e-02 -8.5322691455153241e-02 -3.2223168408392913e-02 -7.0118855438300223e-02 -7.5540453420928112e-03 -1.0829667748802610e-01 1.5139049667353260e-01 2.5908982409814069e-02 -1.7386606132727869e-01 -9.3317705468984963e-02 -2.9183010048830491e-02 6.5368969188452128e-02 -1.3850037923079070e-01 2.7794500375029830e-02 -8.2239869905334884e-02 -1.0177358597085739e-01 3.4534122276327968e-02 7.9309322188121645e-02 9.3696410862486604e-02 2.6940492080662199e-02 8.3635319578492087e-02 -1.8446062473771979e-01 1.4983188671308401e-01 -5.6975347315368671e-02 1.0716505797298501e-01 3.4883383685143481e-03 -2.7069571527132053e-01 -5.6980981632649162e-02 -1.8200903856975259e-02 -6.3564374681219699e-02 1.9331634032766229e-01 6.5440804205965292e-02 2.7126767481005349e-03 1.8286181868124060e-01 -2.7740642911860229e-02 -7.6984073766424452e-02 5.5917597175916683e-02 5.4561534128452611e-02 2.4931339476549311e-02 1.3420785913415820e-01 4.2413343046214863e-03 -1.8568092752322679e-01 7.4111975430108543e-02 -6.0862513511516107e-02 -1.2376802782030701e-01 -8.9903501486673407e-02 1.2527376123021819e-01 -1.3431909863957719e-01 1.3311769404240630e-02 -2.9887081751174931e-02 -9.1305153333988184e-02 2.0039414522709961e-02 -1.6403925901251329e-01 4.0431872090534490e-02 2.9081292706842031e-02 -2.9542959784626291e-03 1.9469756444454439e-01 -2.1693653205737279e-01 -1.7092745207488380e-02 1.9473879360335039e-02 -1.1766097305575110e-01 -5.9453234031229547e-02 1.1072942621780710e-01 1.5010413375638501e-01 8.5804744568442060e-02 -7.6344239748629431e-02 -1.2307374193015901e-01 -3.9656687360351092e-02 4.0240037365336580e-02 9.4175936783903680e-02 1.4834643060335381e-02 1.6941036238135299e-02 -2.9691785014425210e-03 2.0528954091246030e-02 5.0109971436292658e-02 -5.8843161272329393e-02 5.8579146537087727e-02 -1.3548064432399151e-01 -5.1593041969462197e-02 -1.4263134780311421e-01 2.0643299487517749e-01 1.1845647574981021e-01 -9.1819174949658456e-03 1.3201595590471871e-01
-6.9659438148167135e-02 -8.6526772674952415e-02 -4.4079631279962332e-02 -5.2629892955244818e-02 -2.9902047332110882e-02 -1.3488261771345611e-01 1.5234618585223750e-01 1.1641826026851480e-01 2.8058497328370771e-03 7.9227508322627552e-02 4.2860008208303733e-02 6.0490006566626203e-02 4.7290534162715931e-03 -7.4901598587196375e-02 -1.2354997220952060e-01 -2.3857818217954140e-02 2.3470386919188870e-02 9.1698121057717824e-02 3.6247462434890992e-02 4.1198173687245349e-03 1.3738967469835639e-01 -7.7347713779845659e-02 -7.8813243732265073e-03 -7.3802904633658616e-03 3.0674311553924461e-02 1.3004755185161329e-01 7.2754447631126401e-02 5.7893868226336541e-02 8.7529533621676980e-02 -8.3533349133263948e-02 1.9321717627598500e-02 1.3938431679287611e-01 4.0018499288508147e-02 -4.2644263613060000e-02 1.6387555822535560e-01 -7.6516465245100002e-02 -2.4874187987862439e-01 -5.7102346650709634e-03 -2.6873948547872939e-01 -6.2922609312148188e-03 -8.2520687383055513e-02 -9.8397644775251689e-02 1.1253386539643379e-02 -5.2283207577838123e-02 1.3895528518281020e-01 -1.4007789192131559e-01 1.3177599204449769e-01 -6.4792929104189753e-02 -9.1497587154011517e-02 7.4148716643946512e-03 9.3332695343004465e-02 1.6107858741832509e-01 1.2231680328125620e-01 8.8347379903943521e-02 -4.0347500734322327e-02 1.0640465588252861e-01 3.5322991285283139e-03 -1.4115770472924910e-01 -2.0137381669333109e-02 -1.4545784005466969e-01 -1.3696605360881961e-01 -2.6727853385490399e-02 -3.8868170129346548e-02 9.7045835580372289e-02 4.4774027256717377e-02 1.3285921230406891e-01 -4.9015177713598132e-02 1.2017565097764880e-01 -1.6873465718328809e-01 -2.1944786332676650e-01 1.4634761706365400e-02 2.6752493783921510e-01 -1.1045165213055350e-01 1.8854259695573208e-02 6.7115205388478039e-02 -1.4624678322149731e-01 -1.6480108565732971e-02 -3.3698857968569328e-02 5.5325344740129463e-02 1.3377122521464910e-01 9.5646448552870684e-06 5.0511563038394429e-02 1.6991966228848909e-01 -2.5083842817084409e-02 1.2532545366635989e-01 1.3707369139555280e-03 -3.7854660905572039e-02 3.7079565275791093e-02 -1.4697340032779249e-01 -9.2743419127584895e-02 -6.4342048553651082e-02 5.9699067752450902e-02 -2.0996216221122149e-01 3.9567339804119153e-02 8.6649486269004192e-02 1.7643978243886929e-02 2.7166604628248402e-02 4.9227723747247452e-02 -4.5501707375512263e-02 6.2447550559374523e-02
-1.7268397669925259e-01 -3.0732208104808499e-02 -1.3052781459598500e-01 -7.2715716950167370e-03 -1.6931871278424071e-01 -1.6580545098896121e-01 -8.3957224807027123e-02 -5.6123247676170718e-02 1.4931513311977920e-02 -1.2424301289631851e-01 1.0381386651823291e-01 -1.7729807824680849e-01 1.5907904986784449e-01 -9.3065026593044213e-03 1.5033275706133461e-04 -6.7353963558093602e-02 1.2216717944446789e-01 -1.4187802973036501e-01 -1.4278406053452489e-01 -1.1449553956206680e-01 1.3654926573312390e-02 -1.0867162636146260e-01 4.4113420177939573e-02 -2.0611828698043780e-01 1.3246206030904681e-01 -1.1862097511590390e-01 -3.3864471511495631e-02 -1.8499447644458911e-01 -1.5187956865121590e-02 -1.1433723104117360e-01 -1.0396214225742320e-01 3.5593418213918211e-02 -8.4741024025016320e-02 -7.6731127407588168e-02 -7.7331424481895075e-02 -1.0575473106358090e-01 1.2485667271019370e-01 -2.5049021743931109e-02 6.4226961692667270e-02 1.7002200229082491e-02 -5.7458036179557012e-02 -2.6482893424142490e-01 6.2894998356172876e-03 2.1410888820445009e-01 -1.6581743205671101e-01 -5.2309251420762461e-02 -7.6826400172770704e-02 -5.6469029087875919e-02 -3.7405189772795402e-02 -7.7059410703285813e-02 1.0758307999778080e-01 -1.0415775208341220e-01 -2.8738738781303619e-02 -1.1642415424354370e-01 -1.1747853054287880e-01 1.8023696599928321e-01 4.3359883034620877e-02 1.2395127163254460e-01 4.1542923268462258e-03 7.0692352044233381e-02 6.4185831215409439e-02 -7.5058668028419595e-02 -9.7853720772990468e-02 9.5277137765552897e-02 1.0881934286771740e-01 6.2492510000420297e-02 -4.1716433621914982e-02 -8.6672722676790867e-02 3.4892254211952037e-02 -7.1091033966674669e-02 4.7368108032646593e-02 3.9575009798245131e-02 -8.1455826853013523e-03 -9.7023392946578149e-02 -1.4667658434331390e-01 -8.9988422960680228e-02 -2.1311743593116921e-02 1.5089083799596720e-01 5.0143950785739213e-03 -2.9150341517533152e-02 6.4085465135745381e-02 -6.8454559766955705e-02 7.0617539792551573e-02 -2.8464084572431492e-02 -2.0827029435755689e-02 -1.1543096657875571e-01 1.4277790638317350e-01 5.9335580089048510e-02 -3.1058021848553712e-02 -7.1723763893871792e-02 -9.0229980908673318e-02 -9.1115443103048491e-02 -1.1177400326760890e-01 1.1599053994859861e-01 3.7117588824546362e-02 -5.8779635868619423e-02 1.0845530614901930e-01 -4.3535326252426801e-02 4.6601971794522790e-03 1.1184743601639720e-01
4.3408346143908448e-02 8.1963900044350960e-02 7.0341096162870570e-02 -1.1542331316789400e-01 -4.2394024748496573e-02 6.0007628296551943e-02 -1.0731725688715710e-01 1.3836117147723039e-03 1.5775135053707180e-02 3.9168949429927241e-02 -4.9967479551920622e-02 -1.4424823213333329e-01 3.0279688500459249e-03 1.9401474461801060e-01 -6.5885125089882215e-02 -2.0086659947569180e-01 -2.6354253822223169e-02 -1.1420999495562410e-01 7.9179292862358933e-02 -1.6564272258456769e-01 1.4140309431749859e-01 -2.0371870717857271e-01 6.2865963149318832e-02 -6.7358010244426614e-02 -5.9948115755551097e-02 1.1020333678761350e-01 -2.3106455966594941e-02 9.5710917149983546e-02 8.3565148910231465e-03 2.8483169925356471e-02 -1.9136002786305509e-01 -1.0870030925452769e-02 -1.5769537955425818e-02 1.3729754486338839e-02 1.7743463880751911e-01 4.4226973502830648e-02 6.5131555630164872e-02 7.8272869226343647e-02 -1.3177991071392420e-02 3.5367724149799780e-02 -2.4845225090327518e-02 -7.9086160041232006e-02 1.4255572254701200e-02 -8.1555952663508832e-02 2.1316082844793801e-02 -4.0604153808770478e-02 8.0263858918825787e-02 -1.0949609782485670e-01 -8.1883155094280707e-02 6.2701364795468117e-02 -1.8213334567231521e-01 -2.7659129101673369e-02 2.5629577945390249e-02 2.0873185735628380e-02 2.4647730346512040e-01 -1.1771100630473320e-01 1.4208957602225400e-01 1.1845446818650320e-01 -5.9019179217321242e-02 -6.7998659715684584e-02 1.5428746728101589e-01 9.9594121991120096e-02 -6.5590049017602528e-02 -1.0142109269681150e-01 4.5110503015883492e-02 -1.5073775649405360e-01 -3.3288757293067242e-03 -6.0437562312866761e-02 -5.4565898001907198e-02 7.6043772833384080e-02 -1.4443714112075109e-01 -2.8266377735730471e-03 -1.8939231887258420e-02 -4.5480292215904952e-02 -4.8962155321576793e-02 -2.3705589973606481e-01 -3.6188467900025452e-02 -6.2338387936852150e-03 -2.5685551697360909e-01 1.4163504397004719e-02 -3.0574067120642898e-02 1.9713678556549841e-01 5.2889276845151821e-03 -1.2185018404897500e-01 9.2559999948470056e-02 5.0037080073370682e-02 3.8804037690585123e-02 8.7085421814776867e-02 -7.0033572341389808e-02 -1.3371810178800930e-01 -7.1906843595122408e-02 1.2315836619056190e-01 3.9109457678510137e-02 9.7875076001419384e-02 -1.8407703597125631e-02 -4.2404007958265807e-02 -3.8109937952633942e-04 -1.3714523156987080e-01 7.0882818059749039e-02 -1.8927840341773419e-01
-4.3514393286455809e-02 1.1346349404353601e-01 -2.2676851538340989e-01 -6.5268386128069178e-02 8.7919770509551146e-02 7.6551479365706068e-02 -6.0724104879407097e-02 -2.9438389963657899e-02 -1.2684765252451780e-01 5.6633663650764443e-02 -1.5009444189712470e-01 -1.5161179559234100e-01 2.9988773713471629e-02 1.4347661649091101e-01 -3.6763906023586507e-02 -1.9733887582778339e-01 -1.1023352981890401e-02 -6.9322349374341587e-03 1.5618339762856869e-04 9.0745253162665851e-02 -1.5990441143514550e-01 8.0442900582697194e-02 -8.9772160200712547e-02 -1.7416623797253511e-01 -9.5051311317920946e-03 1.0972365150111831e-01 -7.6389604938811112e-02 -1.6654280738854080e-01 -1.3223532657338929e-01 -8.3337529342820266e-02 7.2133134139777316e-02 -5.2703656940924881e-02 1.5193438174466700e-01 -1.7917492949730870e-02 -5.0068518995562833e-02 -1.2616447176842049e-01 -6.3707031353759325e-02 -4.4658271586122691e-02 -1.2908540897197149e-01 -3.2375854643698007e-02 -2.5333047936396371e-02 1.2662163530908721e-01 8.7131207719184339e-02 3.4236557177729172e-02 -5.9473200388150828e-02 -4.4065975692170960e-02 -9.0333632245636290e-03 1.1116311299263200e-01 -3.3392847599883019e-01 9.5228554896927484e-02 -4.6014655827883957e-02 -7.3871983921583603e-02 9.7814498055590601e-02 6.4949848104106894e-02 -8.3242181073717031e-02 -4.4771803577868703e-02 6.1568480733901528e-03 -9.5267538087640297e-02 -2.2147871263528612e-02 1.1905392806566201e-01 4.7792212954430653e-02 -1.6899232427214611e-01 -4.4205499159556223e-03 -1.2043437076590810e-01 6.9592494256072016e-02 -2.5219073882049099e-02 7.9035316409306167e-02 1.3832458348331381e-01 8.5655062400665893e-02 -1.1922158794370910e-02 -6.3614338593380977e-03 7.6775365316639213e-02 1.5043961305820741e-01 -2.4490004172885889e-02 -8.5231603541466167e-02 9.2240742338379422e-02 -1.3339440061961561e-01 -1.4846220243242511e-01 -9.1596326046640184e-02 -8.5281624790986443e-02 8.6757218400678640e-02 5.3409880813132173e-02 3.2540506093559622e-02 4.1845471775715452e-02 1.1911666424207870e-01 -1.0762946565886369e-01 5.2352512111171347e-02 -1.8231484992941191e-01 -9.7462000475967314e-02 6.3263171740199436e-02 4.3951950566509260e-02 1.6586063882331589e-01 -2.9153036015636739e-02 -1.1194148489121690e-01 6.3052948813747983e-02 6.5481523831497232e-02 8.5798556169059695e-02 1.0696954822271140e-01 -1.2664564201160231e-02 -4.0341016519816718e-02
-2.6501163181938500e-02 3.3218892560221008e-02 2.3888013372982339e-01 -1.9375856470741010e-01 6.7429072626999528e-02 -1.7846862624083690e-01 2.3611934414223781e-01 1.2223752634562930e-01 -2.0810314118979680e-02 5.2179668788836349e-02 1.3049228208266730e-02 -5.9846388334060231e-02 -1.3801331363830771e-01 1.9501737174491271e-01 -1.5769699164788001e-02 5.5960419798863327e-02 4.6699551587441081e-03 1.3054784280509690e-01 1.2141651514895570e-01 2.2401267689061401e-02 9.9269085521038192e-02 2.0576434710185851e-01 -2.9055685462970691e-02 3.7609485555600869e-02 -1.0628778586110681e-01 -8.9032202014503820e-02 -3.6148740856305407e-02 4.6842115374104300e-02 -1.1279464717171750e-01 1.1226245652879789e-02 -9.6349106132881820e-02 -3.4673266267611400e-02 -9.8873231806914587e-04 2.9432628448168050e-02 -3.6120096532199469e-02 9.9721237853443792e-02 4.2083470529389991e-05 -2.1505399417778740e-02 -1.0900185444504339e-02 -1.3866102913198680e-02 -7.4960219647937962e-02 -1.3542446020545740e-01 -2.7183038740673841e-02 1.2095574927483360e-01 2.6177953715531910e-03 1.9930419724544699e-03 -6.1582322920047040e-02 1.1439144160810729e-02 -5.4371706364918337e-02 1.3449826955194810e-01 2.0199653025571271e-01 6.1406215632780953e-02 -7.2470524413386653e-02 1.7552211591257860e-02 -1.0383460791764559e-01 -5.2440935399018798e-02 -8.4586188336100848e-02 2.0264213695249450e-01 -9.5849121772986615e-02 2.3285768130439061e-01 4.1731095708942123e-02 -7.8187261294611524e-02 4.0875542573167119e-02 -5.4819565929564322e-02 4.6756746537892607e-02 -6.1355859978800033e-02 4.3638768449634040e-02 4.1005107623849200e-02 -1.3096597957600309e-01 9.6547033965483614e-02 -8.8362001366829104e-02 -9.3041890865262836e-02 -1.0613096652701511e-01 -8.8609852596976568e-02 -6.5936491846594308e-02 -4.8877436997561433e-02 -1.3014525076412400e-01 -1.7688601355543981e-01 -8.8018196943396396e-02 2.1495559236878591e-02 2.9751419636143191e-02 -6.9690434694037837e-02 1.2060017402595430e-01 -5.1279915441469433e-02 5.7575264802820082e-02 5.7849192691861399e-03 2.8969715946227020e-02 -3.1164790553623620e-02 1.4297280015583921e-01 -6.5255846332321621e-02 3.9925494536927009e-02 -1.6839275101126669e-01 -4.9361594409299901e-02 -8.3676415095551723e-02 1.4814424118806371e-01 1.0314688631013640e-01 2.7332922150813590e-02 -1.7925163294278151e-01 -1.6792566068864789e-01 1.0343538109266220e-01
2.2287041820442239e-02 5.8818315808785368e-02 1.4690101641734529e-01 6.1522449731315168e-02 5.3992467096396657e-02 1.6491371294049759e-01 -1.6054670756358930e-02 7.3058007258219287e-02 6.5047011435314869e-02 -1.4086747960405591e-01 1.2339062692919441e-01 -1.8371550295009090e-01 -9.3690306952053173e-02 5.8263099535365633e-02 4.7353201358399967e-02 2.6713327709685011e-02 9.8007594434411496e-02 -7.7319761433790088e-02 -4.6972121268979150e-02 -7.2807654650670087e-02 1.6741129912429889e-02 4.6936620954310747e-02 7.4778413523576281e-02 1.9628988926499509e-02 6.6531258689632874e-02 1.8014626687417150e-02 -7.7176330724863976e-02 -1.0088216884869530e-01 8.1873359941130337e-03 -6.4305301562266062e-02 8.6513384742154864e-02 8.2839961548513696e-02 7.4210457062448706e-02 -5.8780628003436371e-02 1.1324572825704581e-01 1.4483607439937761e-02 -2.7818969567389729e-01 1.3044940743908109e-01 -3.0795329580980701e-02 3.8545204537268798e-02 8.8752056353966893e-02 1.0797021385391519e-02 -1.0867966043648140e-01 -6.4690058110687176e-02 -7.0454117083674619e-02 -7.9995089044662293e-02 1.8587003194717129e-02 7.6156427034944074e-02 1.8890663237656699e-01 -7.2524844441561057e-02 3.0784288318264061e-02 1.4116801264485340e-01 -1.5370532079418140e-02 2.5281682677400050e-03 9.7254930977141024e-02 1.7225092176781009e-01 -7.9189749375333129e-02 -4.3237419199302247e-02 -1.0399654509379611e-01 1.1616905871650559e-02 2.1950084443197301e-01 -2.1320839780516021e-02 -1.3576920794795860e-02 1.0953252462796420e-01 1.3249058272099831e-01 -2.7751256111065059e-01 2.3013960727849070e-01 3.9130385829756732e-02 1.3056792302203341e-01 -3.0931890204449530e-02 -9.5964608089828596e-02 -5.1330551566394100e-02 3.9801621255454063e-02 -7.2150747564735843e-02 -1.5649022118837820e-02 1.3282748109260389e-01 -1.4783389704446431e-01 1.2585441362428430e-02 1.2192572357219920e-01 1.4288673015577399e-01 -6.3088687154779249e-02 5.9165618869345057e-03 9.9387285468048869e-02 1.4115767145405489e-01 1.1779144778033639e-02 -3.2875952695710413e-02 9.9774755761843997e-02 7.2120198010601724e-02 2.2769940075014809e-02 -3.3922289450538892e-02 -4.5556562780736439e-03 -1.0317496179419541e-02 -2.2728644191196429e-02 -8.8629968881286242e-02 1.3328490664249590e-01 -2.3706742156506000e-01 -4.8141749533313773e-02 1.3275841371404090e-01 -8.7589386910445460e-02 -1.0743904166514449e-01
9.6755874035621581e-02 -7.2727230594611655e-02 3.9191820168674792e-02 -1.0841847631413980e-01 1.0732951840073880e-01 1.9135518101174270e-01 7.6071741014652666e-02 1.0987104655823091e-01 -1.7441356743833800e-01 -5.8879299190687834e-04 -5.8893229190492419e-03 -7.5839800765520923e-02 -1.5843735752154661e-01 -1.1754594317520210e-01 -1.9920595836344621e-01 5.3436468942963743e-02 6.2367198798727867e-02 -7.2200200910204959e-02 -1.0628862122505600e-01 9.1430199568127368e-02 4.6139631978633258e-02 -1.1878100467850949e-01 1.6369082921869971e-01 1.2844289724254351e-01 -2.2212042490144319e-02 -4.3196601070339347e-02 6.8917726191940740e-02 -2.0649490068334039e-01 1.6192277167129879e-01 5.9727249635820261e-02 -9.8748288531659345e-02 2.5863658026585121e-02 6.2006046158457132e-02 5.9456463839877793e-02 6.8891919776677048e-03 -8.3851458382160848e-02 -8.4936372539179031e-02 -8.0291434302380366e-02 2.3089005253574119e-02 5.3548251060928073e-02 -1.7733949084315449e-02 6.8157174702284415e-04 1.9030376791292991e-01 5.6008577871385301e-02 -8.1790509865263331e-02 8.6330507207333346e-02 -1.3678883685495269e-01 5.9380697766325978e-02 -2.7123883747262760e-02 -1.3459575859008610e-02 -7.1485159254783798e-02 7.2159356910351274e-02 1.8759495121296810e-01 1.7771829190992329e-02 5.8071360973702538e-02 -8.1564205965269046e-02 -2.9239958035345209e-02 -1.0133446626611160e-02 -1.7050307677819409e-02 -9.4287034905135250e-02 3.9741747911964428e-02 5.7391375094023742e-02 -1.1572124814715271e-01 -9.6749594419191218e-02 6.2764813996441626e-02 7.7935782126946684e-02 3.6665329477707252e-02 -1.4392408654808009e-01 -6.3111356774665839e-02 -2.4594496984306621e-01 1.3356548737978469e-01 -1.4466370608012349e-01 -1.0170011739570420e-01 -1.7096937320633751e-01 -1.2245016810615809e-01 -8.2379825187305397e-02 -1.8337791843100321e-01 -1.1976551920085600e-01 -3.7516057212028817e-02 5.1061303568331407e-03 9.6009875033370495e-02 -5.0734217285283989e-02 -8.4328207889131354e-02 2.3656038386571300e-02 -2.6894533648070940e-01 1.2631395108492869e-02 -1.4959826415339730e-02 -1.3833198258056191e-02 -4.1770891305814711e-03 -3.1997356040251217e-02 -4.4672146885489039e-02 -1.3083765726010049e-01 5.6616633719504261e-02 -5.3453346068215717e-02 -1.0766404880694599e-01 1.4160241790296341e-01 7.8334476749012491e-02 6.9887697860042855e-02 2.7019341134356310e-02 2.4864552254583220e-03
-4.5947022327866432e-02 -4.9831998298102233e-02 1.6458078383625119e-02 -5.3143475180348038e-02 -1.3324870185330970e-01 9.4638609785685796e-03 -1.7671377377713030e-02 -9.2192548285620294e-03 -1.3068307451383570e-04 2.4143394937910741e-02 6.4700513571868859e-02 -1.5032401565679390e-01 -6.5851486390246253e-02 -1.6201416578794720e-01 -1.0428055096180540e-01 -1.0638876965440711e-01 2.6069880883356641e-02 1.7578500645445271e-02 -8.2832365253664483e-02 -9.6420467624910355e-02 -4.2621342464977043e-02 -1.4612662489763281e-01 3.4005870391988741e-02 -1.0340719426220500e-02 6.3555322236845999e-02 1.2211282293160580e-02 9.7865672773714676e-02 6.6992939925874462e-02 -2.1566327331316079e-01 1.5534561745338469e-03 1.2012906491113190e-01 1.4836407559786219e-01 -3.1441481477765293e-02 1.0926925531486120e-01 -8.6861919178215282e-03 7.1412318253481918e-02 -2.1899722814420059e-02 -4.8494436040881710e-02 -9.8153342808110305e-02 1.7981706021827451e-01 -3.1068559356184609e-02 1.5107200043584459e-01 6.2798387411144144e-02 -1.3430489201827669e-03 6.1920658581811727e-02 1.2422335659124520e-01 5.4544126027754932e-03 6.1759983294579802e-02 1.3624995327163489e-01 7.6853883570498951e-02 2.2197960218698859e-01 8.7405835615985861e-02 1.7467212254089701e-01 9.1746411131444799e-02 -1.5306174649583071e-01 9.2140887999631549e-02 1.6686270666931979e-01 1.0838671368375510e-01 7.1368021177443799e-02 6.1976983689575917e-02 3.7646561510312468e-02 1.6656076679845380e-01 3.6807316801796448e-02 -8.5808457775681538e-02 -2.3941690422604570e-01 -6.1801920862210577e-02 -4.8934735297574812e-02 4.7542920317325939e-02 2.5442106958842910e-02 7.8150068853457627e-02 1.8433141756429409e-02 -2.8055313453217101e-01 4.9795840938683909e-02 2.1633327790268581e-01 -1.2981523093442979e-01 -4.0680908677396307e-02 -4.4911067350442022e-02 1.1533141539002031e-02 -7.8322646295379425e-02 7.1886830837992938e-02 -6.4080513065141150e-03 5.5716070995480857e-02 7.9575594610425973e-02 4.2381861516394448e-02 6.5614042494565913e-02 -7.8977445471429403e-02 -7.9921335544900010e-02 -1.7620667629734679e-01 -1.4026743935474290e-01 2.8097626450904301e-02 -1.4206536237175010e-01 3.4334630566190808e-03 1.4958288831118971e-01 3.4822332087910551e-02 1.1350955099198010e-01 -5.3442231596825963e-02 -5.2701429716592640e-02 9.8624745508551943e-03 2.9979433718621148e-02 1.5133720234257320e-01
-1.9809974463361930e-02 7.5732801263974553e-02 -6.8243224998686290e-03 1.9531136345763880e-01 -9.7257373532216626e-02 -4.2308438867846118e-02 9.0683468849962104e-02 1.1551982245423890e-01 9.6019600239295955e-02 2.2734831256237731e-01 4.3916628558496519e-02 -1.9931969938597741e-01 -5.9636750790587417e-02 -4.1884194743664879e-02 -2.7974993132366410e-02 3.6475160718375269e-02 1.8083360751414779e-01 -7.3158174979314095e-02 1.5144055060044790e-02 -1.2416481747100871e-02 -2.3493957131003091e-03 6.6151607705846507e-02 2.4472695369300371e-02 1.1472797957451290e-03 -5.5938383332777307e-02 1.7386003383184270e-02 -8.8600920066864763e-02 8.2521295310540296e-02 9.9235723072567505e-02 1.9936319116310020e-01 -9.5126462647806942e-02 -1.2374526486663010e-03 7.9212494738085781e-02 4.7832229004368412e-02 -3.3063713452976581e-02 -2.0824731360242199e-01 7.2809069220212533e-02 -4.0210914459974469e-02 6.4728699993052167e-03 6.0880986590919610e-02 5.3833747653167383e-02 -4.4232535179950322e-02 1.3019272477244931e-01 -1.0064471573611530e-01 -1.5286121554975299e-01 -1.3190393831208919e-03 4.7524421994961853e-02 5.8537757325648261e-02 -1.2626289557328510e-01 -8.5329908956454162e-02 -3.4614250214583073e-02 8.3099306339607493e-02 3.5875352165286763e-02 -2.8889482651132048e-01 -5.0704630159475808e-02 -1.8234139870061030e-02 -6.6825190172236246e-02 9.1025486588089732e-02 8.5352110111721030e-02 -7.9906260293078887e-02 -2.0589343969607271e-01 5.0295883202235263e-02 1.2773187442422379e-01 -1.6321608615010691e-01 -9.5418474739410689e-02 -1.3277196767840591e-01 1.1660122386195559e-01 -2.8801890348344371e-02 2.0924590148806189e-02 7.9273685440662239e-02 -1.0999467172656339e-03 1.5368159935930581e-01 -3.3030276311238109e-02 1.7368249172712760e-01 5.0356708987659510e-02 5.4616554045119146e-03 -1.1512015447651359e-01 -5.4970860674128083e-02 9.9822179599969182e-02 -1.0003583428308629e-01 7.6540064467122887e-02 -7.9751637037829212e-02 8.1333724941534714e-03 7.0671644336613411e-03 3.5158073809315252e-02 -3.2390840822810192e-02 1.3356938510351640e-01 7.8548798714251050e-02 1.2653960644276350e-02 1.7421402378198760e-02 -1.0341983238340170e-01 4.4640982717214679e-03 5.6668712333213613e-02 1.8276717929660199e-01 1.3209235525164920e-01 8.6459520691786543e-02 -2.6414960039018143e-01 6.8581315325789649e-02 -6.9408776392991339e-02 -5.0544709164535961e-02
8.9061223444805312e-02 -5.8513980217698290e-02 -1.4551692623616899e-02 -3.4406265115298477e-02 4.1980243289026338e-02 1.4538169468359621e-01 -3.9132503724791191e-02 1.0614666781613420e-01 3.6984117458802451e-01 5.1524222982528831e-02 -6.0471127295549987e-02 2.9266482434423540e-03 9.0592366051330572e-02 -1.6454864305186650e-02 2.7146835640212391e-02 3.4687242910635803e-02 1.3257824468763321e-01 3.6321609874609098e-02 3.8582961283021758e-02 1.1009075115200070e-01 -1.2901242225025281e-01 -1.0712837501129840e-01 9.6144151463093019e-02 1.9632607746949921e-01 4.6532000830966931e-02 -5.1589736554376091e-02 1.6810989161314599e-01 -9.0256834276148987e-02 -4.6340565007593369e-03 -1.1099792502480640e-01 9.3036900601193240e-02 1.9694586727890210e-02 1.5188586951084770e-03 1.8663329518538421e-01 -9.4620641482047962e-02 -5.7137336955206640e-02 1.7566854084599240e-01 7.4756016956327748e-02 -1.6066660135457189e-01 -4.6586594902739822e-02 1.3013586582427640e-03 -2.1257094701229359e-01 -5.4516435274528652e-02 -1.1914879327039270e-02 3.7537696162320000e-02 -1.0721947307174530e-01 1.5265053764853841e-02 1.4158529365283989e-01 -5.6991903702618772e-02 7.6323474422080553e-02 -1.5520593491856730e-01 4.8289720592284563e-02 1.1838475747925330e-01 1.2071692446809669e-02 -2.3285057451137951e-02 8.7417302300030308e-02 8.7381551378438646e-04 5.0732677728469192e-02 -1.0085635092512620e-01 5.5270601112079223e-02 2.3815157103390239e-01 -3.3000814301390249e-02 1.3606060869803929e-01 5.2574420542767404e-03 -9.6312156368702828e-02 1.8267904460257531e-01 1.7240832525356309e-01 7.1406133942268329e-02 -8.0487338718467472e-02 1.4982801231792339e-01 -7.1101513239770001e-03 3.6404081939420227e-02 3.1851763587740847e-02 -8.6899556530377537e-04 6.5782630845274359e-02 -1.4138387360662910e-02 2.1023568760945180e-01 -5.9666610709263549e-03 -2.1501532583241109e-01 5.8178447455959133e-02 1.4442333651089859e-01 -5.0567045066866163e-02 -5.2370358677343930e-02 -3.3105409400264199e-02 -7.9161117446038140e-02 -7.5480171645427183e-02 -2.5794973592858570e-02 5.5033364097190611e-02 2.3003448988136291e-02 -1.6900079854605430e-02 3.8214108802892529e-03 -8.1017973347004626e-02 -9.1655353787523472e-02 1.9497234368782659e-02 1.0087482011554390e-01 -9.2318451155909524e-03 -3.0698957047188880e-02 7.2358391373615147e-02 -2.0306669000058529e-02 -3.0630825035730041e-02
3.6764538332241962e-02 5.3052820621464228e-02 -1.2135387974434700e-01 9.7654373349711471e-02 5.8850806932252822e-02 -1.5478405248049970e-01 -8.6012117877230176e-02 1.7956339157901721e-01 2.8780990065497818e-02 1.2425498288230109e-01 -8.2647433879850622e-03 3.9456801893875397e-02 -3.2561018989079787e-01 -7.1956666121069504e-02 -1.2963059080640840e-01 6.3221740284706406e-03 1.7611477526901630e-02 -1.3101103039436249e-01 -1.6913461076660830e-01 -4.6361587531309742e-02 -4.7693167737604930e-02 6.3839933453159456e-02 3.4303783968401502e-02 8.9893587218600371e-02 1.3030166522446131e-02 1.0587914687687831e-02 4.6225911100482339e-02 1.7824583238116790e-01 1.1053167245800360e-01 -1.9748333403244708e-02 5.0123883849716097e-02 4.2677962989427630e-02 4.6688479091381602e-02 -8.7347168307938067e-02 -7.6117195876846067e-02 -5.4909021725561183e-02 -6.8025257575929823e-02 2.6324395053509132e-02 1.7463324315835471e-01 2.3722428607602949e-01 1.0679197082486321e-01 -1.8457697342787741e-01 8.2912834693697285e-02 -4.1291942234088747e-02 1.4021594611112281e-02 1.2997071716590491e-02 -9.9614468887774255e-02 -1.0961997287464220e-01 2.6822953336733211e-02 1.0571919357517560e-01 -8.6389272518174146e-02 -2.6177363684255223e-01 -1.4888895323235460e-02 1.1666388343868640e-01 -3.9527945902591892e-02 3.7308404562583247e-02 2.8278495587577980e-02 -1.0606067296786280e-01 -6.3564346465109500e-02 8.5135078727408553e-02 9.7027101094961390e-02 -1.1442816023104629e-01 -1.0293438985374749e-03 1.9431212328901129e-01 -1.3452878232192861e-01 9.1358030895467082e-02 3.0917814848557330e-02 -1.0006648695257550e-01 5.2407443227202942e-02 1.0364049350655850e-01 3.7163751296745511e-03 2.3549330432063659e-02 -8.6825675158140256e-03 -2.8262436642978551e-02 2.3539332355509670e-02 9.6650734773173541e-02 1.6349824943039260e-02 -9.8962887829846191e-02 -1.6077138714650292e-02 -4.9052322711123551e-02 6.8990105809229055e-02 7.0241803172145165e-02 1.3512809141370971e-01 -7.4340004886807615e-02 1.2740426788538969e-01 1.6019544839065161e-01 1.0764670427738500e-01 7.8452628012987864e-03 -1.3564133032913980e-01 -1.7180188057903209e-01 8.2336538942858001e-02 4.8378133680124988e-02 1.0502912041814300e-01 -1.5041232824183121e-01 2.6214631784892278e-02 -2.1768280570588820e-02 2.0259617043213189e-03 -4.8586282908274547e-02 7.6964886176151923e-02 7.8310012029504161e-02
1.3848655526897399e-01 1.5547994661735910e-02 -1.8391377347174850e-01 -9.5643083503343884e-02 -6.3700721666740748e-02 -1.2774692911667410e-01 -6.7392607238116482e-03 2.5520654043237691e-02 4.0634507960175231e-02 -1.7462113085147471e-01 -1.8179917122547289e-02 -1.2058979934907811e-04 1.5315754472954621e-02 1.3379494415198401e-01 6.9610433598155816e-02 -1.3827790936040520e-03 -8.7737785889668865e-02 7.3955901600849236e-02 -6.1152676901964298e-02 8.5267194599248558e-02 -7.1772653144645232e-02 -2.0983594014884341e-01 2.3212596346888121e-02 -5.3512639883375797e-02 -2.3552579826817799e-02 1.9375656494560359e-01 3.0884371889378731e-02 -5.1579265956105111e-02 1.4839573014834930e-02 2.7503273229068651e-02 -1.2904063387288689e-01 5.5791756038262211e-02 -1.2536684114352370e-01 -1.4717398720574751e-01 1.4327007448028390e-02 -7.8812343598301179e-02 -1.1268600950966561e-01 -1.0273283410970500e-01 6.8590686891391597e-02 2.2025625779837860e-01 1.3043023219016511e-01 1.4410488827461350e-02 -1.6644675038193599e-01 -1.1668050672905840e-01 1.1194768486113950e-01 1.0948607043314110e-01 -1.2485279372059140e-01 -9.6994269418168966e-02 -6.2635177046000676e-02 -1.6379489441593220e-01 -4.6955613810240722e-02 -5.6272076517862153e-02 4.8659502245941483e-02 -1.0702741744281739e-01 6.2575442311140747e-02 -1.0930970717759860e-02 4.1636680487665841e-02 5.0009668766720992e-02 1.5621746655956581e-01 -7.8664821105376440e-02 -4.7481514520853307e-02 -1.2304014516988830e-01 6.1757787701825592e-02 -2.2079283139667702e-03 -1.0549421175754070e-01 -8.9340849242125986e-02 1.3169971393900370e-01 1.5333486655015610e-01 -1.9903205367984411e-01 2.7670443759073859e-02 -1.5553688162737489e-01 -1.4125565842061649e-01 -8.9474346558260059e-02 -1.8770314461923721e-01 1.8588714405373390e-02 1.2737473603886929e-02 3.5267059156949193e-02 -3.8992084254922219e-02 -1.5607219923124921e-02 -9.8485873890004696e-02 2.2596367576230379e-02 2.2097301868284350e-02 -2.8637140160049909e-02 1.5299233409655760e-01 -6.5084975249806845e-02 -5.8740630440954962e-02 -1.2979699157825730e-01 3.8659176048369367e-02 6.5668428906521845e-02 8.5333327461905889e-02 1.1630793314560930e-01 -7.1441008357584060e-02 -7.8670373202389815e-02 -3.0753700939402159e-02 1.9010461057618780e-01 4.5023085174802982e-02 -1.3597592928783200e-01 4.0683471901948320e-02 -5.3855444332095437e-03 1.8874857782677720e-01
2.5400938853587820e-02 2.4788014739656229e-03 5.5420190723734657e-02 1.5990188553223979e-02 2.2846427065487129e-02 1.1144101417055900e-01 5.5485037408728337e-02 -5.9179348364180248e-02 -1.5722258321291580e-01 -9.7589838762141834e-02 2.3843063420814398e-02 6.3831322866462106e-02 -1.0970706616743030e-01 -1.1268492570008901e-01 5.1045247138633863e-02 -7.4212793286409659e-02 -1.2835556014101390e-02 1.5030937916039891e-01 4.0705546371396541e-02 3.0872158876795830e-03 9.6339661944196950e-02 -1.2096247858099930e-01 4.1655578056872027e-02 -8.7192645930875806e-02 2.7031323611464708e-03 -7.8774243670373167e-02 7.4797886086655857e-02 -1.2944870818931201e-01 -4.1378951171755329e-02 -8.9252835461079871e-02 -1.4698487512426109e-01 1.0587741249168819e-01 2.9337158798539570e-02 4.7095634143027067e-03 -5.1495161831786408e-02 -3.1395336630392623e-02 9.1129946769181666e-02 -7.8937000291686654e-02 2.0301219746437060e-01 6.4758595104872835e-02 2.0290531414559210e-01 1.3101641693465510e-01 4.6435328371065253e-02 -6.4568084210557236e-02 1.2614614731030959e-03 7.9721586330175221e-03 9.1640664658044005e-02 2.3120253151182851e-01 -8.4592068836552611e-02 -2.4260244249797550e-01 -5.7519231005718234e-03 -7.4364655697381474e-02 4.5720374921303993e-02 5.5538954334857352e-02 -1.8508037748557621e-01 6.0031087543893677e-02 -2.2572680011583560e-01 -1.5322541410805739e-03 -3.0205209322287530e-02 9.8746759505969117e-02 2.4182647856344070e-02 5.9073103772169087e-02 -4.0572673186866193e-02 9.2533706587802106e-02 1.6495779303948192e-02 -8.3032038765091382e-02 1.5415723073630919e-01 4.8357685778039332e-02 -2.0045956206083049e-01 1.0270516752785090e-01 1.5562088023828349e-01 1.1216476544907610e-01 6.7329351694088782e-02 -3.2628589963463642e-02 7.3030943954170688e-02 -7.7792371775656996e-02 3.2768195509881033e-02 1.7798437059634430e-02 -4.5661898738824730e-02 9.1001106062648454e-02 1.1202469495754171e-01 -2.5946856300615492e-03 1.2036880700271810e-01 -1.3432488688654060e-01 1.5227895588852400e-01 2.1640135462645951e-01 -2.9508565584761288e-02 -1.4089624894452940e-01 5.3674536778788251e-02 4.1098286910305924e-03 -2.2331060379405351e-02 5.0409203084849787e-02 -1.1028524914510129e-01 9.8773896926738117e-02 -7.1837376418823165e-02 -1.1557494334018290e-01 -1.2782612475068841e-01 -1.7783683011917539e-01 8.0019671520698638e-02 -9.1487716375966546e-02
-4.7335412307689437e-02 -6.6316210661628405e-02 1.3686788310128109e-01 2.7352065956425489e-02 7.2309478739513891e-02 1.2598292493722810e-01 3.7535557112899243e-02 -5.1880322583702058e-02 -5.6033903391478061e-02 1.3520979799525470e-01 1.1361056217766320e-01 3.3038127722714687e-02 -3.6482533376367650e-02 6.9214291154561541e-02 -4.6718695754513050e-03 -1.7058739244660170e-01 -6.0559957710060539e-03 -1.6549198399050960e-02 -3.7378138429762738e-02 1.3405891760207800e-01 -1.5292343700551561e-01 8.4515804672683534e-02 -1.1999965425454050e-01 1.0870378556123050e-02 -9.9542650412220837e-02 1.5775486417981341e-01 -7.8703210794737258e-02 -7.5376559107586796e-02 4.5621733730670813e-02 -2.1158530186425140e-01 4.5952681603186003e-02 8.8962284533324040e-02 1.2815210532690319e-01 -5.3155000328194686e-04 -3.3690703040253210e-03 -1.2611114878853780e-01 1.6262814503259490e-01 -4.3244624426906270e-02 2.5276911207054148e-01 5.9992145632659748e-02 -1.6135951863199541e-01 -2.8042893241267890e-02 1.3667345288469440e-01 -4.0923141431657997e-02 -4.4883287038168067e-02 -6.4730803794050995e-02 -1.2608668432891820e-02 -1.9042914745036099e-01 1.3274145953164879e-01 -1.3017403503767649e-02 6.4254569099985268e-02 3.1995833266384561e-03 1.0191973663629360e-01 1.2480236123299519e-01 -2.5463644672676328e-02 -9.8347960878197707e-02 -2.4113537128871512e-02 8.5599821912301130e-02 5.1463314357152509e-03 -1.3279385588608791e-01 -6.4016020372497290e-02 -4.6364731907571691e-03 1.4967729572200120e-01 -1.6393204132183950e-01 1.1205034740569710e-01 1.6800817998665060e-02 -1.3043555879925220e-01 -1.3138972710002511e-01 3.7212911904084350e-02 6.4903622540312081e-02 -7.9727132226725436e-02 -2.9062602735105310e-02 -6.3770196328944581e-02 -1.8659605457744699e-01 1.4276738496153879e-01 -3.4506827839879978e-03 1.7017323524436070e-01 8.4744298455072170e-02 -4.0808632327390619e-02 8.6775368386952892e-02 -2.2856669016424521e-02 4.2239882064627213e-02 1.2109398798323770e-01 8.2995368223115817e-02 8.9625678803459449e-03 -7.5710858952254032e-02 -4.5161681070955008e-02 -9.8216954162988299e-02 1.3238932010731891e-01 -1.1079983949132099e-01 -1.1795099974795339e-01 2.6259538387728942e-02 -1.3275187659167020e-01 -2.8467332079634552e-03 6.5881461955467013e-02 -1.8052254743176410e-01 -1.1538573875537700e-01 1.4424600898689760e-01 1.9009709988544982e-02 1.2361075557151480e-01
-5.9722672309529469e-02 2.6132536808983248e-01 -2.3140988474838479e-02 -4.3594179465189342e-02 -1.0338260077679760e-01 -1.0195748873589050e-01 2.7296412141058761e-02 -9.8024644839521946e-02 1.7596135006682981e-01 4.5079482360703277e-02 1.6439514554261869e-01 5.7044647935844031e-02 -5.5859992287477622e-02 3.9314463570049279e-02 -3.1578288104656321e-02 8.6525237785981673e-02 9.0030784309486148e-02 9.7907543026761162e-02 -9.4983978121648452e-02 -1.3665219665663109e-01 7.7190399760867279e-02 9.8847767584563984e-02 1.3000187367214370e-02 7.3645433872671903e-02 -1.4195778432980991e-01 -6.3011151221509978e-02 6.1107420497567740e-02 -1.2731756547649159e-01 -5.6826645377040172e-03 -7.9871956401021724e-02 2.1486448648726331e-02 2.1513586906540480e-01 9.7901006676971158e-02 -4.7817986851334128e-02 -1.0167274531783720e-01 1.6040310944996600e-01 1.4623188048666210e-02 2.2520999994211411e-02 6.5508640317360747e-03 -1.2777305203393791e-01 1.2115235333601870e-01 9.3798189559675255e-02 -5.2719800334999338e-02 -1.6138999148069369e-01 -7.4642203055259662e-02 2.4813490310021901e-02 -4.6583855878753119e-02 5.6749326514761118e-02 -5.4561910471138168e-02 4.4735139691411220e-02 -8.0555131257697116e-02 -8.6438058175929602e-02 3.4544775097883521e-02 -2.9506223240623259e-02 -7.3928134975552215e-02 3.5302692447946461e-02 1.2599639463518411e-01 1.0114337740220850e-01 -2.0504581471715692e-02 -2.2056925717550799e-01 9.4788154156840193e-02 -8.3928978524608414e-02 -7.3882931526578544e-02 -1.4526176515589390e-01 1.4787154068606070e-01 2.3498518321687389e-01 -4.1974879058024252e-02 4.3290241725497482e-02 1.1434445163358641e-02 9.0553425694007914e-02 -1.2874166321007141e-01 1.5276361167473289e-02 -1.0579727126180950e-01 1.5023040223667929e-02 -8.6588264510293070e-02 -8.6975374648126297e-02 -1.6054701728470269e-01 -2.8200659991301839e-02 6.0238798080633787e-02 -1.7152492486449369e-01 -1.0835901466236450e-01 4.5329320755804640e-02 3.2979032713555692e-02 -3.7312766262757757e-02 -1.1483869700042780e-01 1.8437174082357130e-01 -1.3245452598500471e-01 -1.5178779735078851e-01 -8.3107082122367490e-02 6.5854606740223004e-02 5.4466098657878999e-02 2.2684503686773799e-02 -4.0886278355960197e-02 5.9203937934642133e-02 -1.0827677023095000e-01 -1.5300942519608740e-01 -4.6231455432096807e-02 1.2865651996365701e-01 -9.7959986648201852e-02 1.4215992634892200e-02
-1.1675124025444469e-01 7.3813902269506140e-02 -5.3905683308063260e-03 -3.4306504270865582e-02 1.0464864656608010e-01 2.0965300787344529e-01 -2.9212457879232229e-02 8.8804274812071787e-02 6.4586572804255324e-02 7.0689203775606843e-03 1.6644969788447439e-01 -2.2856086569400521e-02 7.3055139372633068e-02 -3.2478573410443502e-02 8.1945738263939985e-02 2.8574449162331900e-02 5.3838611030278920e-02 -3.4929092685396498e-02 1.7665416816849830e-01 -1.1546952992548031e-02 2.4917081000733018e-02 -3.6445286305039508e-02 1.6119240438274271e-01 1.2378097503851229e-02 -5.0892255064996103e-02 2.6493342975132490e-03 -3.4342251091320588e-03 6.4056582518865590e-02 -1.5953762585386791e-01 -2.7308125865627420e-02 1.4057395190328739e-01 2.1265718422607709e-02 -7.8847320245385849e-02 3.9129577782800018e-02 -1.5701674406512839e-01 -7.7779133291037911e-03 -7.1759910450952757e-02 -1.0887874371608790e-01 1.1709092644133109e-01 -1.8001762211881042e-02 -1.0855276035386530e-01 -1.7072531250501780e-01 1.5968912282052819e-01 -1.4279614194694221e-01 3.1128478581903981e-02 2.5479229893034161e-01 -4.6663565655705223e-02 -1.5689716316573851e-01 -8.2460686871633548e-02 -3.2250357308247733e-02 1.2380639074012220e-01 -9.3729032351380030e-03 -5.0621647178960408e-02 -1.1425735205346650e-01 3.1078852413460822e-02 8.0648152998255271e-02 -1.6633320895625789e-02 -1.7421067223717299e-01 -3.1464910808206278e-02 5.7543397582239149e-02 -2.2579372134973129e-03 4.3058191658195577e-02 -8.9242045815347656e-02 3.1815925168772907e-02 2.1421421926682820e-02 9.2093903932882193e-02 -8.6784880132783279e-02 -5.6674137818633598e-02 -1.1851018971622060e-01 -5.8003768227629697e-02 1.1806112854927350e-02 -2.6073866410282899e-02 1.8613047989050369e-01 -7.4488300760592652e-02 1.3910711321371090e-02 2.2353179630593459e-01 -1.8373211309195839e-01 -1.7221378563721990e-01 -6.0700979131823471e-02 -1.0592938442431010e-01 -1.2639153474907711e-01 6.2112583393261513e-02 -1.0569299903351650e-01 -7.5988398976553018e-02 9.1111455710002259e-02 -6.6103420014611239e-02 -2.5246802511374777e-01 1.6083088264483100e-01 3.2472595171822501e-02 -6.4618977706120606e-03 -2.7693842055251609e-02 1.1740672401499350e-01 -1.3456922528970991e-01 1.3777320137740889e-01 5.0937238175188457e-02 -7.5241135250531332e-02 -5.4393297729832348e-02 -8.8611082514360562e-02 9.1368032676225792e-03 -1.9710004741468629e-02
1.1671595998531800e-01 9.4056725082005826e-02 3.9674834112037802e-02 -2.5597386532888600e-01 -9.1566721128501130e-02 -5.9926322831427757e-02 1.0660903707146770e-01 -1.2569425838907839e-02 9.2589287130485975e-02 -5.1262510956674702e-02 1.8263883120373389e-01 -7.7613635395595931e-02 -1.3032694799556811e-02 -1.1104521609505590e-01 -2.0863865587049679e-02 1.6482737864232219e-01 5.6048913048392823e-02 1.1802305669498990e-01 -7.5280853315755777e-02 5.0173650291624093e-02 -5.5784152256237458e-02 1.7387301965066639e-02 3.4711126984613247e-02 6.8199843109065086e-02 1.0631505881824491e-01 1.2634282728000770e-01 -1.2973824852693819e-01 5.0558826337294513e-02 -8.3220347945952899e-02 -9.9381383439375290e-02 -1.6596973736109749e-01 -6.2837497270501155e-02 9.4921489520781069e-02 -9.8887762881293209e-02 5.0337038191674968e-02 -5.6220090854376431e-02 -1.7943673841594780e-02 -8.0737980063905535e-02 9.4526725953749946e-02 -1.5121877767998440e-01 1.3940516111836510e-01 -7.1370772715843661e-02 -9.1488014186331096e-02 -1.0522010780948660e-02 -1.3831190038180419e-01 -4.2656974815023202e-02 -6.4209806577699105e-02 -5.5095812299142198e-02 9.7250245036920008e-02 -2.1583525340369281e-01 1.3052387226126999e-02 -1.1670159953611180e-01 1.6139168380957280e-03 1.9241459861622422e-02 7.5714185580305821e-02 -5.9888378668431212e-02 -4.4966531524526350e-02 6.7407657010475117e-02 -7.5436140562314541e-02 4.7843816823997611e-02 -1.0976729407403921e-01 1.8295104966268211e-01 -3.4268667828272537e-02 -2.0772666708743330e-02 -2.4556033446085101e-02 4.3007574694398393e-02 -1.1923974338637520e-01 1.0636065564985321e-02 -4.7258288487784080e-04 3.7021620441459640e-03 1.1003041803844610e-01 9.1953829016288430e-02 1.1766492364819360e-01 1.5384548488197630e-01 1.3770547489135501e-01 4.4471763771824692e-02 7.3226692881851504e-02 -2.1498572587289411e-01 -2.0981244854670181e-01 1.2117108229036040e-01 -8.3441008497830566e-03 7.5016873607446188e-02 3.2216177024338349e-02 4.1320557262563451e-02 -1.1248419001406190e-01 -1.7890805107368271e-01 7.5115802710694790e-02 -7.2756123937008810e-02 -1.0286214086310680e-01 3.2807641072591189e-02 1.0050953814604401e-01 1.8943991326179030e-01 1.2045743510283380e-01 -5.4755171069726062e-03 7.7796030422298629e-02 -7.1228044575296027e-03 2.1634515550632130e-01 6.1438352176835340e-02 -2.0481605831145808e-02 -4.3679245126026112e-02
1.4303964110000561e-01 6.5056141831076025e-02 8.3729715683617964e-02 -1.2856521739017321e-02 6.8679425897854002e-02 -2.1878666759179440e-02 2.1899865407570360e-01 1.1873259260052690e-02 2.4540046610235171e-02 -8.0661850336686089e-02 -3.3950468290526878e-02 2.5816470909766748e-01 -8.8893986376588276e-04 1.8603879891326790e-02 -1.0132328466773741e-01 -3.4207370635250388e-02 1.1636200613677630e-01 -9.5888097013124118e-02 -1.1481143491513120e-01 -2.7979609866401491e-02 -1.9168997036706481e-01 -9.7998520048867874e-02 1.7309160657951941e-01 -3.3284230117163749e-02 3.6737355285353747e-02 3.5388314323483952e-02 1.4616527783671071e-01 -4.8839281947316293e-02 -1.8486405555431831e-01 1.0514464083616409e-01 -5.1462994572528752e-02 -8.1805902491130737e-03 -2.2746723793666029e-02 1.4395792099143440e-01 -2.3901175510559841e-02 3.5184411401641962e-02 3.1335161885113691e-03 -1.3961262138327440e-01 -4.3245697294781553e-02 6.7242562824025756e-02 -1.7372871455905109e-01 5.5640548701222987e-02 -5.5585360317537143e-02 -1.8134617414655660e-01 -1.0669973072228460e-02 -1.7124221827420560e-01 -2.0775084306612211e-02 -1.8615177680996131e-01 -5.9908528984057928e-02 -6.5108745994904779e-02 -3.9498666721879006e-03 1.1657099507983069e-02 -1.2218157205638290e-01 3.3735962182783269e-02 -1.6988627948966339e-01 -4.7383601558142391e-02 -3.4311994375260037e-02 -9.9651340286058959e-03 7.5404556367029502e-02 -4.9005915648606367e-02 -9.2451110853246962e-02 4.3485555695848992e-02 4.2137054475508327e-02 8.2279749534931584e-02 1.7809313609913799e-01 8.0792963949390062e-02 3.7284208824274023e-02 1.0136096221144091e-01 7.8318993807111784e-02 4.6224347738255761e-02 -1.4507916108539601e-01 -1.2666557795457270e-02 -2.4395781679258981e-02 1.8863149147644229e-02 -5.1450430769749499e-02 1.9555536714546520e-01 -9.8870500727852570e-02 8.7712809401151989e-02 -6.2486651495536859e-02 -5.8660295575608118e-02 -4.6202137414703422e-02 2.1470511501488099e-02 6.7726725522096659e-02 1.2835163602554630e-02 -5.8093614491777296e-03 1.1168470791864241e-01 2.3785072067347601e-01 1.9478540647810148e-02 5.5695602477083397e-02 7.5912031170113997e-02 -1.9755534208519299e-01 -5.5222453906663187e-02 6.1244573059073312e-02 5.8010894723742823e-02 8.8363085411811468e-02 1.5087502155099550e-02 1.7111622271965179e-01 -3.9446892624698679e-02 1.7462217880645911e-01 -1.5242908666885721e-01
-6.8145731193064982e-02 -1.2826903736504009e-02 2.1628021987602091e-02 5.7738964091093282e-02 -2.3440668923216049e-01 6.7122441181660117e-03 5.8940480503114880e-02 -1.0761961486830790e-01 1.1022604418723510e-01 -2.2602298741093270e-02 -1.9222586270066670e-02 -1.0497503363175859e-02 -1.3483864723722061e-01 2.0772716788025732e-02 9.3022957846065582e-02 3.5680674836380571e-02 2.4888604365975400e-01 -5.1487283423447383e-02 5.1859191421984661e-02 1.4493465035443659e-01 1.3379650775965279e-01 2.5627589106010849e-02 -4.5247458044474966e-03 -1.3236067898462761e-01 2.0162431761253641e-02 4.8082093283723162e-02 -6.2435319714801612e-03 -2.2046730558861340e-02 7.5808509311019387e-02 3.4888905695055462e-02 3.3524588075903210e-03 3.6546235470910647e-02 -1.4366520529811340e-02 -9.3595748264770670e-02 -6.2457529603015809e-02 -1.8279313375173710e-02 2.3560673327264071e-02 1.0631543671777099e-01 2.4018263731306090e-02 -5.5228357467353308e-02 3.2138206126172332e-02 1.2032129235630090e-01 7.4060026723184952e-03 -1.7863813528914879e-01 -9.9823205766462364e-02 -6.4774331260870011e-02 -5.8123439741056590e-02 -3.0701399991681810e-02 8.2889376409323090e-02 1.6516441767775719e-01 2.3628891694316209e-01 2.8357996474722119e-02 -5.7621339969330561e-02 8.6983003023678188e-02 -2.6706761463576641e-02 -1.4760276323383570e-01 5.1670815640837933e-02 -2.0737144853490899e-01 2.4257260350970391e-02 -7.4804095366826820e-02 -6.0352697772669078e-02 -8.8977288613257849e-02 -6.3397323307629580e-02 -5.9936263947494788e-02 1.5594161176464980e-01 -1.2800849629136061e-02 1.5579161680191020e-01 4.0212420084629157e-02 -4.9571137212242468e-02 -5.8431429899360038e-02 1.7161265331458561e-01 -2.2079791042126720e-01 -1.3467548975448610e-02 -7.3924667322940438e-02 1.6056344444600390e-01 3.8213940434246807e-02 6.2708200214522170e-02 1.2072898603520520e-01 -3.3163788420144907e-01 -2.1662079387534910e-03 1.0749289241154410e-01 -4.4802713915491829e-02 -1.7131272227971120e-01 -5.6979405256701539e-02 1.7021949376344570e-01 2.0297705546085829e-02 4.2056641932695989e-02 9.3842155768220206e-02 -2.1856659230262179e-01 2.5674011225736301e-02 8.1498817544005314e-02 -9.9120823029119620e-02 3.1247841332038739e-02 6.9148406600234493e-03 1.5904002723692631e-02 6.2256224652338488e-02 9.0168187576925105e-03 -2.7143465191165339e-02 -1.9363674271229970e-02 2.6179038044067422e-02
1.0215339371722680e-01 4.7258004551855567e-02 -5.3378818503181408e-02 -6.2858217772628441e-02 -7.9400372054915888e-02 6.4131961365541154e-02 1.0181981028540320e-01 1.0970818815147880e-02 6.8621944013513930e-02 -6.4187223528092641e-02 -1.6360193824627590e-02 -7.7556795879283519e-02 2.4843988392368430e-02 1.4338518255637620e-02 8.8650867545216519e-02 9.0612911535158991e-02 1.0689356276825920e-01 8.6587105753561225e-02 7.2435704707332502e-02 1.0823307165994420e-01 7.4279062679162344e-02 -5.7859452041173723e-02 -1.9582649379712359e-02 -1.8379267781466541e-01 3.8106852466134170e-02 1.7135422111608040e-02 1.4657337397626219e-01 2.9866258860966981e-02 3.1032076409435349e-02 2.5773268941065700e-03 1.2981271360145649e-01 -7.2455236403856871e-02 -6.0118033180852598e-02 -1.1311811426042630e-01 -6.7232688033809274e-02 -6.5497761434137144e-02 -1.1892102650957560e-01 -5.5057510707309167e-02 2.2987205153740900e-01 1.5038710517894421e-01 -2.4714426473126869e-01 -8.5786447338300806e-02 -3.5279222613690403e-02 7.2831789988980419e-02 -2.2545707889346700e-01 -1.4450208798395980e-01 2.7828405582988689e-02 -2.2923228392828121e-02 1.5241889381409621e-02 2.8148783841508829e-01 -1.1720342445003799e-01 6.8933283719080946e-02 -1.6074750709387760e-03 5.6889296779804178e-02 5.1426876330314238e-02 -1.1051377344166791e-01 9.3691530473807752e-02 2.1833706272139160e-02 -1.8069755368950401e-02 -9.8342626391580576e-02 -4.2192469673270082e-02 -2.6928696171729838e-03 -9.7503161294448873e-02 1.3151801405697000e-01 -9.9094539910441981e-02 -6.8159634738915870e-02 -1.0206538173803560e-01 7.0535146205578383e-04 -5.3397215838530819e-04 1.0572435492123219e-01 5.2689910399050702e-02 1.5273375105195600e-01 3.9262944480791810e-02 -3.2065916451890761e-02 -2.1626436225925560e-01 1.6072766952420551e-02 6.3014216350039037e-02 -7.4173120406262061e-02 7.3340487924068165e-02 1.5561726485644209e-01 6.2200825946236223e-02 -1.2200723522390659e-01 8.3733449182556832e-02 1.1734174586407280e-01 -3.6872908181972502e-02 1.6933138323039629e-01 -1.9294178649682731e-01 -1.5109790488520131e-01 2.1664744150424228e-02 1.7897233319398020e-01 -3.0848483046974521e-02 4.8225652911126219e-03 1.0875622279481981e-01 7.7805831633773095e-02 8.3331339741249261e-03 -2.8858536624188080e-02 -6.7982674996507675e-02 -4.0992644778278367e-02 -9.0840988698859093e-02 -1.5651864240064081e-01
3.5082526616963740e-02 1.9096650377237959e-04 1.3534953565166991e-01 4.5614625851537062e-02 -1.3848002133669149e-01 -6.1791487849011312e-02 9.9271355913720299e-02 3.7702485252659240e-03 1.6183712117633468e-02 2.3668492891898211e-02 -1.7001220330174929e-01 1.9969093310956670e-01 2.1345101483338411e-01 -1.5173887476936471e-01 -1.7494193229310609e-03 -4.9309840830559212e-02 -5.6597867823640060e-03 2.2111930789054990e-01 -7.9358674247971647e-02 -1.6150879171175511e-01 -1.3606744406855939e-01 -4.7200127486931552e-02 7.8635860035366906e-02 1.2060765116708190e-01 5.5430857599904522e-02 -8.7578325831276125e-04 -1.3390321494861049e-01 -9.6772685199812830e-02 -5.1237855527950897e-03 7.1005747369508029e-02 1.4957519504667291e-01 5.6215229927159008e-02 1.5410739822738639e-01 -1.1549561328749150e-01 8.1881237953483746e-02 8.7217283384971643e-04 1.7086199138070279e-01 -1.8237675473178460e-03 4.5315293883819698e-02 1.3819079071996639e-02 -1.0751665252880881e-01 -2.1494774864158170e-01 -2.4915504545581349e-02 -6.8364845640340594e-02 -8.8492231512644584e-02 8.0158676464744283e-02 1.4383883873389691e-01 -8.2773160326780351e-02 -1.6050891390853420e-01 -3.5191225124052219e-03 9.2751655241573180e-02 2.6831386900739270e-02 3.5177603557959479e-02 1.3133197403801400e-01 1.5038695948672209e-01 -4.8403281824290982e-02 -3.3847602611072572e-02 -1.0335550264311570e-01 8.1352298467514433e-02 1.4030067633355231e-01 -6.8578263947004453e-04 4.3832708500870898e-02 -1.4423136319827051e-01 6.0301456518147341e-02 -1.5883530795043361e-02 -1.5028926687277441e-01 5.8802676309697960e-02 -2.9588247080244101e-02 6.4986471442382482e-02 -1.1621691491437761e-01 -5.0840992123019043e-03 -1.5150046814092491e-01 -6.0991429959274333e-02 2.0723354599609979e-02 -9.2929511585870941e-02 -5.0191205654978768e-02 -1.4709217052182699e-02 -1.1466367812583460e-01 -5.1667448366723694e-03 -1.5114651180427280e-01 1.1199666650840510e-01 3.0909649558338220e-02 4.9928353157521907e-02 5.2803728341569857e-02 5.4239706191539033e-02 2.5141377927093839e-03 5.3509308473155402e-02 -8.8594209595096424e-02 -1.3729263180239260e-02 -7.6604762784812472e-02 2.7075923412131858e-01 -8.7507621684016462e-02 -1.4803262447530370e-02 7.7513852874808456e-02 -5.9051450717673121e-02 -8.5620946627710831e-02 -1.5939837645399030e-01 1.0127864965895270e-01 -3.6401210177657052e-02 -7.1319792432549545e-02
-1.5788512593742110e-01 -1.3721230900144421e-01 -1.2520296353689699e-02 -2.7579402894558441e-02 1.2767843248103361e-01 -1.0863893058201800e-01 -2.1475830981410871e-02 3.9575586371244462e-02 1.2621596266777349e-01 -1.8928679180354080e-01 -6.7736037428575605e-02 4.0159908491346347e-02 9.0932074617963002e-02 1.5850732146950519e-01 -6.4244088125622448e-02 5.7149592603918893e-02 2.6706233014368450e-02 1.4689182434450340e-01 2.8413577773151951e-02 -1.3450913879349310e-01 1.3141363645596529e-01 -1.4122789957777859e-01 8.9788391162279435e-02 4.2864695460901069e-02 9.8341967911011116e-02 -1.3356351055866559e-03 -2.0564929500681249e-02 -9.7004436462491017e-02 1.3870050745777210e-01 1.8332161883337930e-01 1.0026326404798000e-01 -8.2384068739674465e-02 1.4719111770423160e-01 -2.4950646639075699e-02 1.1102523201276160e-01 -9.7570196720812338e-02 3.1225319866501740e-02 -1.9604988607623990e-02 1.9616481570302730e-01 7.2321238582529784e-02 2.9144689178844510e-02 2.9141781942675721e-02 3.3890566885136253e-02 -1.1913293277293791e-02 1.6810948439272291e-02 -1.3588348419975060e-01 -5.9351636499096153e-02 -1.1047218486753720e-01 -1.1341322470354789e-01 -9.2847175108917657e-02 5.4328475688157490e-02 7.0766798405130407e-02 1.8545240391259610e-01 -4.4857726198233297e-03 -1.2867949573126861e-01 -1.7123419389513450e-02 -2.4620045393288138e-02 -2.6762507899783759e-02 -2.4169076031519751e-01 -1.1955938261758790e-01 2.9536969038598850e-02 -7.1076790490272906e-02 4.1659645414300353e-02 -7.0962733835780722e-02 -1.4036006059389639e-02 -8.6084453444952719e-02 -7.7224913041371288e-02 2.0446468887863511e-02 8.5626736596816383e-02 1.8903043722216059e-01 9.0130067717998988e-02 1.6055629904739431e-02 1.1982376845904970e-01 1.7546392900727689e-01 7.6837297796433612e-02 7.9863092672365243e-02 -1.4001105020837870e-01 1.6503392148547419e-01 -4.6782222898016368e-02 -3.3329052831233601e-02 -1.9587216926802231e-01 -5.8430437790303623e-02 -7.6686050443637035e-02 -7.4387011010633344e-02 1.4353304179454060e-02 -1.3781421250429301e-02 -1.6423963626802809e-01 -9.7668343412983430e-02 4.4306988239947658e-02 -2.0510917088061389e-01 2.1992356723223579e-02 -4.8873182248109562e-02 7.4202159005040125e-02 -1.5066638727940079e-01 8.5830274913774596e-03 1.0271495188440750e-01 6.2508783259640585e-02 6.3073226308708510e-03 -2.2896396011471590e-02 3.9249080728018679e-02
6.3899607572724801e-03 -2.0415989011924479e-01 -6.9364996904852068e-03 1.4569497729060001e-02 -5.4803424534016496e-03 2.9194261402891820e-02 7.6374463694093606e-02 -2.7501081597066990e-02 1.8116198298740249e-01 6.0285823558366501e-02 -6.8872585350966617e-02 1.4829512797191210e-02 -8.7514762109400998e-02 5.6844454414758947e-03 3.7468922308369887e-02 -6.6448622136858426e-02 8.9668235341538588e-02 -1.0117171500439839e-01 -1.1054694807494710e-01 1.3278711225930190e-01 2.0602866723328311e-01 4.9298782761695512e-02 -1.2287718327351591e-01 -1.4173455217952500e-02 1.1521326624591630e-01 -1.5039473768329450e-01 -8.3556568632510111e-02 -8.0590793218010159e-02 2.1976205488155619e-02 1.5753117954614211e-02 1.4955628446193511e-01 1.4523457514060409e-01 -4.8901469611674103e-02 5.4129992180138337e-02 1.0522126852798699e-01 -4.7921909469123981e-02 1.5086540165207010e-01 -4.0526728585698599e-02 -6.7920244357817045e-02 -4.7666112654275996e-03 1.0387049599524389e-01 -1.1487782630441520e-01 -7.3055142502554807e-02 -3.1596844313706372e-02 2.9764308301556720e-02 7.1695974090577000e-02 7.6866415545889119e-02 -2.6925134849593419e-03 1.9678343254161200e-02 -1.0221577144448819e-01 -5.1790884304505548e-02 -2.4153704426428041e-01 -2.1190013428934309e-02 -4.1579984089703419e-02 3.5116834591546908e-02 -1.9910733243406881e-01 6.6908420343091149e-02 -2.5284985377241848e-02 -1.8122236454927770e-01 1.1133859875295350e-01 -1.6728252095174551e-01 1.3763736374446900e-01 1.3424568797889899e-01 8.6601455840672817e-02 1.2694080832843829e-01 -1.1351323575223821e-01 2.1261179898953150e-02 3.2928556554861210e-02 -1.1731507918725270e-01 -3.0921559036900630e-02 -6.4449798179294610e-02 7.6873667511369537e-02 -1.2763152609725639e-01 3.9773123986235018e-02 -3.1295045801713450e-01 1.4677772336405109e-01 -1.0414388243117700e-01 -3.7986250524104761e-03 -3.4140399756893362e-02 6.0971574371046861e-02 -6.8486619098700005e-02 2.1510130916478259e-01 -6.5209212896837773e-02 1.0764516071205900e-01 2.0514285690822649e-02 -3.2343394410385209e-02 -1.0410107253584480e-01 -7.4978840810147815e-02 -1.2501105717894440e-02 1.2426885817884870e-01 -1.1791912893227610e-01 2.8033590935521421e-02 -6.6631848591379300e-02 -1.4169734355153030e-01 -9.7913592842851255e-02 2.3934377129811970e-02 -3.1652657658511621e-02 -1.3639265952844110e-02 2.2942913222527190e-02 7.8879968525318339e-02
-1.0019615737222430e-01 -6.9722680136571485e-02 7.9563155433310957e-03 6.4526688991385856e-03 7.4354777135620831e-02 -6.9359020867973104e-02 9.6703417897529897e-02 1.7981970201227111e-02 1.3674377017632711e-01 4.2049948729428167e-02 3.7530864718549141e-02 1.1366074188228920e-01 -3.3561655992485923e-02 1.4453858566212840e-01 1.0662314023394679e-03 -5.3022786239252641e-02 -4.2037104942346852e-02 2.2726992411025829e-02 -1.5151556586037659e-02 -7.9606083630336805e-02 1.1689716619287020e-01 -2.2718700128121760e-01 -3.3170865325530041e-01 3.7060561220526887e-02 -1.1183164748209599e-01 3.7103739033472707e-02 5.7654448544303460e-02 -2.4789562464328560e-01 -1.1007145228450410e-01 3.9612770493326023e-03 -8.5103777483400492e-02 -1.1856074270223190e-02 -9.7930918729992988e-02 -2.2531107545357750e-02 -1.0014611368261750e-01 -2.1971430948327809e-02 8.6029863108121482e-02 -4.5832367324967127e-03 -1.5167038162091801e-02 -9.9351702862351954e-02 2.4332219408194661e-02 -1.4715708103589589e-02 -1.5262607627243780e-02 -7.1494458310305958e-02 5.4600702110619952e-03 6.0656080294143842e-02 -8.9583084971146726e-02 -1.7035736999708510e-02 2.5812262775622807e-01 7.6960257941565677e-02 5.6304758277605498e-02 1.1090891826033270e-01 1.1350143405555251e-01 -2.4253286342035679e-01 5.2689058531132642e-02 -7.5738410509252313e-02 1.4768311823256089e-01 -5.5199184679794663e-02 2.9459628004083450e-03 1.4748113868877000e-01 -4.8501922401644311e-02 -1.7239749717341729e-01 -7.8917080320157054e-02 6.3673362703911288e-02 -1.3430606934263209e-01 1.2026406158728960e-02 7.9518290614839865e-02 -1.2049795851637909e-01 -7.1962868619417322e-02 -1.4894827101786559e-01 -7.4550788424709554e-03 3.4314297401998643e-02 1.6666651331673041e-01 3.4641545897714419e-02 1.2431861552882700e-01 3.8052992119043109e-02 -2.3963400682032621e-02 -1.2354421973360240e-01 5.9543348172148333e-02 -3.0268925351200699e-02 6.4896613566595762e-02 -5.5474769848834317e-03 1.7147995025213550e-01 4.8087211716591152e-02 3.5867187098370550e-02 3.3505693541028878e-02 8.2942216327582655e-02 -8.6139743178813163e-02 3.8134445574558917e-02 -8.1416809390813125e-02 -8.8698934549194308e-02 1.1033366218885220e-02 1.2087906765568700e-01 -5.6874634930243410e-02 -7.2643938328454213e-02 3.8183378272342362e-03 1.3094192906729300e-02 1.2943337662174420e-01 1.2349552903553900e-01 -2.2420949771646981e-01
-5.5481578246891067e-03 4.3612180524633573e-02 1.9259099208885461e-01 -1.9601446822044921e-01 7.0269808878482054e-02 -1.3777418401710831e-01 3.7199885724255389e-03 -7.8658360444633077e-02 1.1324673284793070e-01 1.1549694389280379e-01 -2.9751181159295031e-01 8.8397166814699196e-02 -1.1531394730196621e-02 1.9266103254781020e-01 1.8826364004085910e-02 6.9313014005457599e-02 2.4282873790556919e-01 -2.1971489711781159e-01 1.1916965347671890e-01 1.1184662425695870e-01 -1.0221914087231540e-01 1.5916365308035911e-02 -1.1536715120363310e-01 -4.8605152499867570e-02 1.3334844388508921e-01 1.2356187630847899e-01 1.9263453970651288e-02 -1.6966276980200600e-02 9.4759229403596115e-02 5.2596891828034731e-02 -3.6165050070474943e-02 4.6146056694885237e-02 4.7057372764041247e-02 -1.6900860311546750e-01 4.1951021764507171e-02 1.5595348721210919e-01 1.5533558695244790e-02 -2.4245632119974980e-01 -3.0050740551846731e-02 2.3774745639843220e-02 1.6262593429811270e-01 -9.4632396276634514e-02 7.5692165118946400e-02 1.2489583032475560e-01 -6.5550103357860212e-02 9.8160342946513351e-02 5.4427254969359323e-02 1.0538180656423270e-01 -6.4739003980743115e-02 -2.5177017379191521e-02 -7.5272533015873527e-02 3.9304729875414349e-02 8.4066397888332891e-03 -2.6302418272812600e-02 -4.1847544629581797e-02 1.3890342936875399e-01 -4.1050117299237618e-02 -1.2451963344426591e-01 6.3693340434095330e-02 -8.5399921703172815e-02 1.0890993166810541e-01 1.7863678242257311e-01 -4.8744164942671149e-02 1.1540384803847449e-02 -2.0718537496437379e-02 3.5133075790199322e-02 -4.3427005400040228e-02 -4.5004624952928729e-02 -7.8718388235290426e-03 -2.7782756916472601e-02 -2.7311919029966211e-02 -1.3284283599928781e-01 1.1619592793842280e-01 2.2926823005608049e-03 1.0981327594669880e-01 -6.0432945925662750e-02 3.6541598717766723e-02 -6.8102043086371120e-02 1.7419107595204089e-01 1.4860906505619151e-02 -6.8120742398160614e-02 -7.8488636072487933e-02 -8.2016666391743487e-02 1.1672666716129571e-01 9.8880710548753831e-02 1.1991239621433900e-02 -2.4976614679232911e-02 -9.0320171449845846e-02 -6.1991005841657523e-02 -1.8137729810560908e-02 -1.4246045394557391e-01 -2.4701943129825758e-02 -1.1245515638921431e-02 2.8416616135260479e-02 -1.2200751048869240e-02 -1.4069726616788969e-01 3.0350394305379030e-02 -7.8139665868224878e-02 8.8213274559993074e-02 7.9927846221807958e-02
-2.2599011622924429e-02 3.5075434520871129e-01 1.6725588881641440e-01 -1.4149139297984051e-01 -1.6536734432243381e-02 -1.0613314987683850e-01 -1.6695483758754900e-02 7.6650194134192523e-02 7.4137339586641413e-02 4.3740512519814950e-02 -4.4001118312284163e-02 2.3870842893926620e-02 -7.2493416678142145e-02 -1.3961156873465569e-01 -1.0848390838231139e-01 -1.0191747422439250e-01 1.2458695989618790e-01 1.2037591920278340e-01 5.0816662421552292e-02 6.7131141201002331e-02 4.8648782148695037e-02 -5.9312285515824903e-02 -9.5925051320824625e-03 -3.9361791939510969e-02 2.2727891856079690e-02 4.1738699497664393e-02 -6.8389388318039798e-02 1.0043424830635581e-01 6.5107678018674359e-03 -2.2876590501377490e-02 2.3295819198451309e-01 -2.2504325318888160e-01 -8.8832349930225721e-02 1.6493270346212560e-01 -5.6386394210094212e-02 -9.7797758534794624e-02 -2.3473243508402141e-03 -5.3767666008187248e-02 9.4159390206241880e-02 -1.1545668363392880e-01 1.0349026365030829e-02 7.0582395539198164e-02 6.2536794446246893e-03 2.6138919893491569e-02 1.3942280518811079e-01 -3.0701399873315809e-02 1.8104883595737559e-01 -2.2264877003902440e-02 1.3613820921555930e-01 -9.7729490534048891e-02 -1.2247515178208880e-01 -1.2822325116650049e-01 1.5247459584277501e-01 -2.0723401089698371e-01 -9.4615953709465017e-02 1.1557081567067110e-01 -3.5036102358509708e-02 3.9836302849621343e-02 -4.5300324431540341e-02 -2.3882234466866110e-03 1.6870827383762919e-02 -1.2130075750981829e-01 -8.0264958943842973e-02 -7.7748356185157907e-02 -7.4020017885227524e-03 -4.0626971133672932e-02 -1.1011639758979581e-02 -2.3938160792303171e-02 6.3422226503099019e-02 -2.5358020047290541e-01 -1.0295276453499121e-01 -3.8735382734094249e-02 -8.8270469546711694e-02 -1.5980775753205440e-01 -8.9123060362817308e-02 2.3672902636058851e-02 7.4783317586754770e-03 2.5134016929053848e-01 -2.2601944414394441e-02 9.2986941111976806e-02 5.0843954173605287e-02 -4.6829445734935318e-02 -2.1515824776315431e-02 6.8828122080152113e-02 6.8355165688016015e-02 -3.1668636284843413e-02 -2.1558355325579311e-02 -6.1013596295802108e-02 -9.9932239464423419e-03 -4.8286613201456909e-03 1.6202346561870051e-01 4.8479440182786153e-02 4.7944731631459188e-02 -1.0656223473063491e-02 2.4565674998068089e-02 8.9813563417152062e-02 -3.6165101502702357e-02 -8.5660315066609594e-02 8.9824764711183613e-02 -2.5221017781756529e-02
1.1936964241489320e-01 1.2118070411151520e-01 -4.8043782585563112e-02 -7.5919748489439332e-02 1.8308449438375959e-01 -6.4513347890037223e-02 -7.0322481158095626e-02 1.0106762303840620e-01 3.4813110363674939e-02 3.2803716752820622e-02 1.5335801196348520e-01 -1.4645764817636410e-02 1.6332721633039321e-01 -1.7021841613211242e-02 1.5458523300506119e-01 1.4501428386470711e-01 -1.2423290943447381e-01 4.6030852904551389e-02 2.0161360079889931e-02 3.3884761498731618e-02 7.1553590120397012e-02 1.0025539235289350e-01 1.4630926559234220e-01 -8.1611665644184164e-02 5.3217797128918859e-02 -5.3186331884663991e-02 -3.3111735382991059e-02 -1.6414977396650609e-02 -1.1037413452170319e-01 1.3021814091014930e-01 -1.6966210890623129e-01 1.4727407624822669e-01 -4.1833922202274979e-03 2.1070748208549969e-01 -3.4560005496440303e-02 -1.8161656532833989e-01 -1.0022453406695780e-02 -1.4112572569370790e-01 7.3761896134644260e-03 -2.4414189865684131e-02 2.3409479485646839e-01 -4.0000940613598601e-02 2.4601035503433241e-01 2.3626086243444359e-02 5.6958597501886879e-02 -1.4035527104674661e-01 5.3256030216806742e-02 -5.7417992759468843e-02 2.7216452532647470e-02 1.9222470691347310e-01 1.8379573222045971e-03 5.0749610071167281e-02 -1.0969175681252570e-01 1.5314493688423100e-02 -4.6872820968670561e-03 -1.2016439691186170e-01 2.0514796077742350e-01 -1.3953091170705861e-01 5.1258546748122547e-03 6.6253543211620525e-02 -4.4633250490567683e-02 1.3353960963796899e-01 -1.8439769402929501e-01 3.5013712959975823e-02 -6.7339097949675863e-03 -5.3550919326773173e-02 8.4609586983242682e-02 -7.4874469733465246e-02 7.8456151102080679e-02 -4.4735725021467887e-02 -4.9188477606145323e-02 -3.2497310140143593e-02 3.6733739167410989e-02 1.6818438662524551e-02 9.9697902546636956e-03 -1.4848640398595939e-01 8.8780044272535608e-02 1.7934911340807641e-01 9.4234394404261491e-04 -1.1867606259296001e-02 -5.6846189407386609e-02 2.1566018146753050e-02 -2.3589090215137349e-02 3.5168865760174951e-02 2.9509229184268179e-02 5.6577162567618793e-02 6.0823039424232270e-02 -1.7063250356199239e-01 2.0998247884288439e-02 2.1637800051995879e-02 1.9745199745693370e-02 -6.9004305022882906e-02 -1.5944505770703729e-01 -1.6791401224768951e-01 9.7185975134652519e-02 -4.1363908762391169e-02 -6.8188370903226284e-02 1.2290099805949770e-01 4.3966423104004067e-02 5.6879855570015257e-02
9.3660076336466280e-02 -4.0762096740099049e-02 1.7998517139277589e-01 -4.6525880851011121e-02 2.3162141034990549e-02 1.1608663308256210e-03 1.2194138572584000e-01 -1.2227590116925700e-01 6.0324055392101797e-02 6.8910054003084198e-02 7.4169287590799731e-03 -3.2947849461545033e-02 4.8443259722140653e-03 7.0022785829502429e-02 4.6065309677314217e-02 2.0785709053177451e-02 -2.4567460481809780e-01 -1.2264245430370090e-01 -2.5503526353342409e-02 -1.0243675886325150e-01 -4.0421295033829428e-02 -3.5301104157716423e-02 1.4353499043770299e-01 -2.0896628728753580e-01 -4.7246209295004629e-02 -6.9007783659057534e-02 1.1532340846088460e-02 -1.0409169062374420e-01 3.0915970943695428e-02 1.6968981904211169e-02 5.6213450055894731e-02 2.2169817423162951e-02 -1.4114617269789639e-01 -2.6505862474700079e-02 -1.7063092151056261e-01 2.3136957656627791e-01 2.6147790487481060e-02 1.5331969909862619e-01 -4.6583279392630600e-03 5.1798777006283457e-02 5.9032602636219358e-02 6.4701635246481995e-02 2.1937205498219761e-01 -4.8239866752243666e-03 -9.9224378672805258e-02 2.5807572764959610e-02 4.8809093528204832e-02 -8.7486692846105177e-02 3.7644093555261923e-02 1.3604132536312030e-01 -2.5590312997689421e-02 -1.1158424859663130e-01 2.2890846647841481e-01 7.0550587057811476e-02 -1.9519442480851419e-02 1.0743592918512760e-02 -1.4870428292701751e-01 1.5748377580276088e-02 -1.6952553670776460e-01 -1.3777035607332899e-01 -2.0552844143525841e-02 4.3500994173976230e-02 1.5174034056579480e-01 1.1355895854874160e-01 -2.4404075168370679e-02 -1.2508579826391300e-01 3.9903752619905190e-02 8.3844921452905230e-03 -8.1340835333456471e-02 -2.2993084350255460e-01 -1.2618289914067210e-01 2.2317403844419850e-01 1.2369157487917540e-01 9.2422071355040908e-02 6.7555942418171921e-02 6.4281747484290760e-02 6.0141011385142107e-02 7.2109481219773380e-03 4.5320984152167091e-03 -1.0579720175040630e-01 1.8011759343477419e-02 2.4747791131256951e-02 -2.7572362078410600e-02 5.2081677839236253e-03 -1.0207029629154619e-01 -5.2757729716136258e-02 5.9782392047448327e-02 -5.6278122690502433e-02 -9.1065377225315311e-02 7.1066339742425627e-03 1.8665444947893561e-01 -5.6248894801618363e-02 1.9832801882249791e-02 1.3857486799434879e-01 1.3602967421287659e-01 7.4394534516425068e-02 3.8086799585275007e-02 -1.6051534069414810e-02 -2.8716150202344321e-02 1.4359268026035249e-01
-4.6826773353547541e-02 -2.2595611616974169e-04 7.4395534891941548e-02 -6.0339655654947588e-02 5.3935457588260939e-02 1.0207051665556729e-01 1.4860219021305680e-02 -1.2693873606589801e-02 8.9061770556598585e-02 -1.0029645998385550e-01 1.1247759917699240e-01 -2.3645316184528201e-02 1.0196940273756951e-01 -1.3965142145174461e-01 -8.7415751856272692e-02 1.3921923420154081e-01 -2.3880637111782790e-01 -1.2225299569899831e-01 9.8458875564470777e-02 4.7991847923522971e-02 1.5769768818322521e-03 1.1392958455686580e-01 -6.4114629039989948e-02 -2.9350508429873391e-02 1.7314049995674721e-01 8.4475947423572270e-02 -9.2546178350808150e-03 -8.0175080492324510e-02 2.8919088585116701e-02 1.6906783078710999e-01 1.3191374045868240e-02 8.7372546547814720e-02 -2.0143797272680750e-01 -1.2108785664914019e-01 -6.4444861415451976e-03 -3.5764670988305908e-02 -2.4692724021247420e-02 6.0736171847868680e-03 -2.7025483855817600e-02 -1.9493428054686121e-01 8.5743849008718731e-02 -8.8204149851822594e-02 -2.4216329448731901e-02 -1.9056870766531911e-01 8.1106578524724235e-02 3.5866195714682331e-02 6.8975427266252637e-02 -7.9496805014059174e-03 -7.6960990890623540e-02 -3.0768819587639822e-02 6.4048304801752068e-02 -4.5097428469889143e-02 1.1202140703642670e-01 1.4927596752899711e-01 6.1046324116064227e-02 4.6620354685962062e-03 -1.9495919072893531e-01 6.0431683886637597e-02 7.3891820243460887e-03 -7.1432135491031501e-02 -5.6349014026160063e-02 -1.8463724931886241e-01 5.8844200435154217e-02 -3.6120217280458132e-02 -9.0197016502453514e-02 2.5711996041511431e-02 -7.3988608865807853e-02 -1.9951627470525460e-01 8.5885131171832324e-04 2.4868914670857681e-01 -9.5266408344199152e-02 -1.6916020931330081e-01 -2.2948030838214461e-02 -9.8503879486190285e-02 -1.7266197859974181e-01 -9.7833913791387991e-03 -2.1331255278665400e-03 4.5646218198463893e-02 5.9387463992483527e-02 -2.2927482640469201e-02 1.6108273322428621e-01 -1.6401503479668819e-01 4.9124830732040187e-02 3.3176209700095279e-02 8.0980829800021803e-02 2.0372399605064751e-02 9.6564350918490152e-02 -7.5635031101565664e-02 -2.0418363504460199e-01 -3.8633615281765128e-02 -1.6576888788064439e-01 1.1544648089455060e-01 -5.2891916478370368e-02 -1.2808023270103160e-02 5.9569647885541052e-03 1.2673476000193329e-01 3.1426764619146383e-02 -1.6716138559265951e-02 -3.8296797384241493e-02 -1.3734055813197951e-01
1.2772974396505659e-02 -5.4147304433569902e-02 -1.5907150110113871e-01 -1.2971370949997121e-01 -2.3109347936608689e-02 1.0035293502882910e-01 1.0947294666408119e-01 5.8730484799151883e-02 1.3232382169570900e-01 1.2726647432926069e-01 -1.2969599951158911e-01 3.2790161281802822e-02 -1.8930936520917330e-01 8.4686286093035110e-03 -6.4516812584358291e-02 4.5272887636982687e-02 1.5397756039163510e-02 -2.1636253218592380e-01 -5.6136107377466098e-02 -1.6256978532757019e-01 -8.0852067676292251e-03 1.7161279847270980e-01 1.8236146070811110e-01 1.7832621889617900e-02 -6.0246538036323870e-02 7.2391102833531104e-02 1.4329642454295100e-01 -7.1409743239238974e-02 -9.3108642640561956e-02 1.0010132231923710e-01 -3.9965341748965558e-02 3.5243431424011408e-02 4.3981811044478528e-02 -6.5598070873011713e-02 4.8648496963662573e-03 9.9393768694052108e-03 -3.1975034320088538e-02 -3.9116724885762080e-02 3.5843301859979060e-03 -2.9670913241113140e-02 2.4348140890567829e-02 4.9192761150161756e-03 -6.0436199026754872e-02 -1.2459297105733549e-01 5.9275637745032951e-02 8.2069344649864734e-02 5.6521981911528286e-03 5.2020169736397628e-02 7.6182025652206359e-02 -1.0648678546466990e-01 -4.1732665387209121e-02 6.4750953426035207e-02 -6.5972296006660130e-02 3.9383524529019498e-02 3.2745031839839643e-02 -3.1212112561351979e-02 8.3585753542148949e-02 1.9520121887926190e-01 7.2072922314936672e-02 1.5646932627850529e-01 1.6457288604092572e-02 -5.8056320076442453e-03 -5.5948966658349419e-02 4.1199368749643958e-02 7.5224350464561593e-02 -1.8292983638734239e-01 -1.8733127468902350e-01 8.7562190408536231e-02 6.8069635242866841e-02 -8.6228924938895599e-02 1.2388680502251410e-01 1.0102027733749611e-01 1.2701214588414700e-01 -1.4654845229315039e-01 -3.0845935561708129e-02 -1.3225791906242431e-02 1.8149328813758800e-01 2.1353456130316770e-01 3.0710336823427178e-02 -4.5672742066015931e-02 2.0493558540262781e-02 -1.1156567909756630e-01 4.2971190951619671e-02 -9.4208187422836306e-02 2.0764758085626089e-01 -1.0456172737665180e-01 -1.7643843119082109e-01 -8.1073885471583423e-02 1.3580512387379870e-01 -8.2653352924370371e-02 6.9297210484639410e-02 1.0675948116668081e-02 -2.7000333406388809e-02 1.3043706186491930e-01 -8.2713466706045971e-02 1.4963653748386430e-01 6.3964716174189862e-02 1.7955938578513131e-01 -1.3026891687434769e-01 1.1453392916870210e-02
-8.6510385634294057e-02 -1.9796127954591240e-02 1.1358775976919580e-01 3.3884944527199597e-02 -6.5227404164788338e-02 8.3571786011386318e-02 4.9299387025745559e-02 1.8987218780788889e-01 2.2053852372932940e-02 -7.2863790933916706e-02 4.1237266832340129e-02 -1.4469655373196119e-01 -6.6042915673841851e-02 1.9011887296529181e-01 8.7646793611493121e-02 1.0685468128797150e-01 -1.0983510024987830e-01 -3.6512370946884497e-02 -2.1197998703227819e-01 -6.6951392889459740e-02 -2.1300369375200739e-01 6.3958954224656236e-02 -3.0152748486048431e-01 7.7796125165073934e-02 -2.8630432736253712e-02 3.4785698033294017e-02 7.4361745635783780e-02 -8.0295184876670256e-02 -4.6243378614051027e-02 5.9051420873282523e-02 1.3446314776739529e-02 -1.8841813172313090e-02 5.1314302384952368e-02 -7.6624518567256911e-02 3.0159068080152361e-02 -7.2776679541669137e-02 -1.2013854217721150e-01 -1.4168537001615530e-01 8.4715362849312748e-02 -1.0732540144890870e-01 -4.0252791889780079e-02 -8.2561056986686601e-02 -7.8939851763407662e-02 1.2366385207866591e-02 1.3420277348207729e-01 -5.7056070637973418e-02 5.1746878872652551e-02 6.7157533425212662e-02 1.7805232000109601e-02 1.0107895169668250e-01 -4.6305112427051848e-02 -1.8154464791556019e-01 -1.0892200055683230e-02 1.8655305388828339e-01 -8.5614798282140442e-02 2.0560289853263891e-01 4.7504418652181607e-02 -4.2581231326042267e-02 1.0042709858370290e-01 -8.4394407954930376e-02 -1.4748930331661671e-02 9.3088384907171248e-03 -2.0786837859824651e-02 4.7167841725158678e-02 -1.3834452096941939e-02 -6.3975629024313099e-02 8.7788503544332010e-03 -1.1807926640216911e-01 -2.7951553469155479e-02 -1.1603756095966780e-01 9.5149090676928297e-02 2.1537117450691801e-02 -1.0633481457660671e-01 1.6985691416181931e-01 1.3947698710173140e-02 -5.9672860444385162e-02 -1.1663725845373800e-01 7.8867559342209861e-02 -1.5410745641227561e-01 2.2839741547314649e-02 -5.6527673544751793e-02 9.5466243829739866e-02 -2.0669681527504111e-01 -1.6414317269114759e-01 -3.4491135000493438e-02 -2.3682160595842650e-02 -3.2639225459748782e-02 -7.0508882593242214e-02 1.1593589347346871e-01 9.7041184086490803e-02 3.6803804497470588e-02 -6.9593234402581680e-02 -7.7156704140934868e-02 1.5311599574260240e-01 7.8601579621405848e-02 1.1839329556335380e-01 -1.1394341434325270e-01 -5.8367306048712292e-02 1.3049907066590180e-01 -1.1576981312065140e-01
-1.0777513192262660e-01 -1.9840532615045541e-03 -1.1315975829143340e-01 -6.0758688771950127e-03 -1.2582648940120941e-01 8.8508658779082164e-02 -1.1922430746958820e-01 -8.8662980057690410e-02 2.6155698805812991e-02 5.6811995092789010e-02 1.1130303577944910e-01 1.4676818813773251e-01 -6.4466171500489458e-02 -3.8742409862499307e-02 6.8822248909173628e-02 -5.9696228881808817e-02 -7.4676534456038562e-03 -1.0678272068115870e-02 1.2366122270862340e-01 -1.6178635853698231e-01 -3.6784597572640562e-02 3.4087855717840253e-02 -1.3180479463389089e-01 5.4884495412173252e-02 1.5359228444339529e-01 -3.6225502430413357e-02 -1.2031162762362890e-01 4.2702654978549352e-02 -3.2377139618641380e-02 -2.1617021386543041e-02 7.6306754913340269e-02 1.5133962010439761e-01 3.9516257051151853e-02 -3.9885855264211213e-02 1.1097620470018769e-01 7.5259876836329453e-02 -9.5860186214910381e-02 -1.3653259934853729e-01 2.9506045074649979e-02 2.7687236010367829e-02 -4.9016571270829430e-02 6.8891316874703998e-02 2.9520287037961671e-02 -1.2053541951918061e-01 -3.5897523127032177e-02 7.8190578057930352e-02 -2.7485408590223120e-02 -1.3908739671176510e-02 -4.6891887014983294e-03 4.9045385542250998e-02 -2.0352679736390150e-01 -9.4967810400722899e-02 1.4607582453253420e-01 -3.8534708519783717e-02 -2.9345217910133371e-02 -1.2702902328701421e-01 -1.5133976533551139e-02 7.3470445191498451e-03 1.9657298660797410e-02 3.0786429452712500e-02 -6.3623602856961795e-02 2.0805736667954580e-01 6.0704695347954737e-02 6.6517590192002735e-02 -4.8028805925795268e-02 1.0111451587302950e-01 -1.6445510684176160e-02 3.0955638537175770e-02 7.0275009501237523e-02 6.6390331041016023e-03 -7.7527806266922461e-02 9.5359385887239148e-02 1.3741814314432779e-01 -1.3013577384541269e-01 7.9718412535584385e-02 -1.8304555890490759e-01 -2.1938100581689829e-01 5.5036796304970277e-02 -1.1110072673208850e-01 8.7002382719418681e-02 5.1835756097125242e-02 -2.6683625111432419e-01 1.1294686186160779e-01 -1.2521851605077461e-02 8.9001091698735074e-04 -1.2501868632641000e-01 5.7160724130611837e-02 9.9406367497004239e-02 7.2563920757583597e-02 9.4421862859268180e-02 8.9231876692075107e-02 -3.4417762946958841e-01 -3.8855843633805488e-02 -1.7821810169002009e-01 1.1116105936402000e-01 4.6502006256908528e-02 4.3659349257309597e-02 -1.0360728488457620e-01 -1.8206122030367301e-02 -1.1499742535756730e-01
1.4850451944729581e-03 1.6103936034694191e-01 7.9518054931297807e-02 -2.3867379289452349e-02 -1.8605200387496740e-01 1.3879295815865050e-01 3.0107854498642020e-02 -4.9015289721432022e-02 -1.3406572045065890e-01 -9.8372322109297028e-02 -1.2812322130795531e-01 2.0773639400853791e-02 1.4627275247278951e-01 -6.6403635876071454e-02 3.9075376410355273e-02 -9.2451447216895702e-02 -5.2146731091769942e-03 -8.2070289752374959e-02 6.0497579871581338e-02 -1.6244654119546389e-01 -2.1692227529465011e-02 5.2197837980006871e-02 -1.4112601255212491e-02 9.5620283575777287e-02 -5.2302345936207792e-02 7.7836384253290827e-02 3.7393379407709197e-02 4.6176469104992424e-03 4.4376305857526777e-02 1.1798813292059269e-01 1.7398360028275221e-02 2.0543615941092991e-01 -7.2751337992389600e-04 -9.9229846183299095e-02 -1.6463460656689771e-01 1.1356791760228320e-01 -1.3294231028132850e-01 -4.5909536784148622e-02 -8.0132743827758847e-03 6.5447574679705481e-02 -1.4036253015437060e-02 -2.0768554074209290e-02 -1.0142588045536870e-01 1.7604034531308049e-01 4.5277520607291039e-02 -1.1778196057512430e-01 1.0511887664682010e-01 6.8129565718829208e-02 8.7065451075466246e-02 -1.1569705481086530e-01 -1.0421853601396050e-01 1.9009994494361471e-02 -1.3980357927371609e-01 -1.0003856199919610e-01 -5.6901618757902478e-02 -1.4035726144999419e-01 5.5960239659494378e-02 -6.7695322873158936e-02 -2.3079315133875999e-01 1.3928198196301600e-01 -1.2730464334817859e-01 -1.0050617403117980e-01 -5.5682544807640670e-02 -9.7196881020169323e-02 -1.2921135219825600e-01 8.6245393870200804e-02 -7.5525493781254144e-02 -3.4945010055805692e-02 6.8819462350126271e-04 3.0272598180522199e-02 -5.7895743409742857e-03 8.2569483439921765e-02 5.6222302037931632e-02 -8.1873116103716503e-02 8.7905038423503556e-02 1.2821364008323141e-01 -5.8651084437579340e-02 1.4348158874207571e-02 -8.6520251958294131e-02 8.7603740952517384e-02 1.4690264515031301e-01 1.9907192723836031e-01 -1.5712539883811891e-01 -5.0851960758348334e-03 -1.1907318415757311e-01 9.3159930016016676e-02 2.8424235306725571e-02 -8.1132912240129654e-02 -6.6820905005820205e-02 -2.2467116817118421e-01 -1.6277754983350129e-01 -1.1749680305478520e-01 -3.2229271388781698e-02 2.9324073628273690e-03 1.2711944040698539e-01 6.0824917579369767e-02 -9.3566007336120499e-02 9.7790412289687170e-02 -7.5054089139973773e-02 1.1089132964102090e-01
8.0475969119133212e-02 -9.7412457326453664e-02 4.3337602178363667e-02 -1.1473746892808361e-01 -2.9726305872231719e-02 7.4979319686050178e-02 -1.8444103727193240e-01 -1.2414072019213200e-01 1.0679808355174369e-01 4.4430369860042417e-02 -6.2834378601439478e-02 3.3044764965310329e-02 -2.9526097358826071e-02 1.0404884243004971e-01 4.8326036684840742e-02 -1.2240432398948310e-01 -9.5192553968432431e-02 1.6972226407023640e-03 -2.0905778465288311e-02 1.2661514768065450e-02 1.6863118179229991e-01 1.1831808362762540e-01 1.8653400402567511e-02 2.3566795545796970e-01 1.6105123241222630e-01 -3.5527911826117017e-02 -1.3472906052369690e-01 8.9103213271094855e-02 7.6938836247162391e-03 1.8800377813801711e-01 -6.7219252223471554e-02 2.0074992574689442e-02 7.8272877815046341e-02 7.2128428972850489e-02 -5.4648037788550492e-02 -6.3503822590389891e-02 -1.3004666124594150e-01 7.9534430443479673e-02 -2.9167403222554341e-02 9.9801997775612925e-02 -1.0516234970344571e-01 3.9410265776268487e-02 -1.2756131442011229e-01 7.2273747248319947e-02 1.7611235293887840e-03 -6.5215404827292808e-02 -2.0010543988463531e-01 -1.0219988849901480e-01 -7.9729139288503198e-02 -6.5105149147786243e-02 1.0537016656119751e-01 -1.6648438024577289e-01 5.5791151592993381e-02 -1.4513249511677781e-04 -1.1045664923623839e-01 4.0216349341067818e-02 -5.8384270465186662e-02 -8.7255632941862352e-02 5.0726110019361351e-02 -5.7891370748380940e-04 5.2740963918975592e-02 -3.7257439005755053e-02 -1.5618513748721030e-01 -2.9291424943607441e-01 -3.3799195127199380e-02 2.3016620376228258e-02 5.3232041824347598e-02 -1.5368207618079871e-01 -2.0325556158990610e-01 -1.3639900445466621e-01 -6.2114170155503377e-02 6.5587356080540976e-02 9.6308812514230832e-02 4.6360207756569120e-02 -1.2245079437444750e-01 1.0437956841704780e-01 1.7113663939978049e-01 9.8377171786707719e-03 5.8792314641436763e-02 8.3842949721371615e-02 -3.9259966226743992e-02 -7.4311952805696330e-02 1.2602400888807019e-01 -8.7770314801569105e-02 6.2603990657508352e-02 1.0039067720860090e-01 4.4198319231762193e-02 -2.8907464449651862e-02 9.4497815812853159e-03 1.6475592466018141e-01 1.5866565050242559e-02 -9.2088637638227111e-02 2.7861116249216260e-02 1.9559972634001119e-01 5.7228384621937682e-02 -1.1084272642834410e-01 3.1210009890021630e-02 1.1668214874618950e-01 2.8954318230963769e-02 -4.0676749584940552e-02
-1.0966790884014339e-01 -7.2411872312349061e-04 -3.9605625261412678e-05 2.5715211413396472e-02 1.7642498448022129e-02 -1.0650950584685689e-01 -5.7920720275238417e-02 -4.0881786953594094e-03 5.1302729132246767e-02 -2.3302244956772788e-03 -8.7885972563352885e-02 6.4809328562447407e-02 -1.8852511994466750e-01 -1.9044958756443828e-02 3.8405696663649097e-02 -1.9634091595872341e-01 -1.0646657469499450e-02 1.9235393260927999e-01 7.8189451552061570e-02 2.0489235046533341e-01 -3.4024553207132033e-02 2.2945411466530060e-02 1.2195165819535470e-01 -3.7285173871231973e-02 -5.2165690420411713e-02 -1.2739015098958709e-01 -1.5156728069892461e-01 -6.9744316933623957e-02 -2.5769983600581109e-01 1.3187482951399361e-02 -2.0262784504853059e-04 7.0433724509874493e-02 8.9578826041677218e-02 4.6669390947203827e-02 1.4936691326307419e-01 5.8733765354584647e-02 -8.0889902573726136e-02 -1.3939693301829040e-01 -1.2660479948718970e-01 1.5989958391176770e-01 5.8877561256859383e-02 -1.0817327428046521e-01 7.9186659438411397e-02 -9.7880957988016812e-02 -2.0019868294524709e-01 -1.1493380507463410e-01 -3.9919744840630288e-02 1.7454030515702670e-01 1.9374094899220759e-01 -5.6297856839094981e-02 -1.7589519682811559e-02 -6.7691934890258168e-02 -1.3006015134507861e-02 1.2878369336393591e-01 9.0900026853091093e-02 5.4290973358716910e-02 8.0267828613516182e-03 2.5188197619318099e-02 -2.8156846850364889e-02 -1.3604002993869230e-01 -4.9379904404522362e-02 -2.4596850960537189e-01 -9.2130952794101828e-02 1.7075924215119959e-02 -1.7937818016053539e-01 -9.2226703925854692e-02 -1.7797632188746221e-01 -1.0511512509240541e-01 1.2399215747159320e-02 6.2767699907765699e-03 -5.9540429143758462e-02 -1.0704814273018150e-02 1.0005461188383979e-01 7.6047115480697355e-02 2.1961583282415022e-02 4.6810143727179596e-03 3.9462875074096307e-02 4.5767057112739991e-02 -4.0847712408033733e-02 -1.0828745690116121e-01 7.8659105145054715e-03 3.8593837170413002e-02 -9.3777646633107156e-02 9.0482823341639013e-02 -1.4171625117880501e-01 3.2466164788245350e-02 3.2775680505806572e-02 1.6490455679177879e-01 2.5563247441128222e-02 -1.0751272739818379e-02 -7.9540391936569158e-02 -1.2902701024283850e-02 -1.7443310291456171e-01 9.8801721455596944e-02 -8.2155101870500680e-02 1.2103330212708560e-01 4.5178115458581650e-02 -7.1356162473150520e-02 -7.8833324957007733e-02 -6.6256419344077375e-02
-7.5867415494230400e-02 -1.0435033975195840e-01 -5.4532772558542547e-03 2.2797650208971371e-02 1.0283737815454019e-01 1.4210706517507371e-01 8.1012407638617737e-02 -2.1472686841593611e-01 6.5216696562120688e-02 1.8514007778246769e-01 6.3350809421857890e-02 -8.5104813362800485e-02 -1.5569088819462421e-01 1.9331638626424200e-01 5.2270612232547038e-02 -1.9057795827239869e-02 -3.8003851051645422e-02 1.3677108546648981e-01 4.3386233446842677e-02 2.8523088746206380e-02 -2.4165171990850102e-03 -5.0796194217784522e-02 4.4685860712850092e-02 3.2501643370400263e-02 -7.4833818211412634e-03 -1.4526755503542521e-01 1.9767707330121140e-01 -1.4340612218585120e-02 6.4647097087488045e-02 -5.7046040378894826e-03 1.1848437916895620e-01 -3.1939106234898700e-02 6.2561784754377375e-02 1.8919916728965529e-02 -2.5039584431746208e-02 -6.4892724685107483e-02 -1.3543542423876789e-01 6.3413857602393944e-02 1.3156327919573391e-01 -6.8657189249080848e-03 6.8595997171549655e-02 -1.6853866776605421e-02 7.9187250708921981e-03 1.0108159089492190e-01 -4.0457326538503327e-02 -1.2673141507758390e-02 1.9866152835678491e-01 -7.9760235114407108e-02 -5.0929479193296982e-02 -2.0782376835227459e-01 -3.4559529935126098e-04 -2.2642400294286828e-03 -2.0215270771360169e-01 1.0365159175877169e-02 1.2737844066827239e-01 -1.4402697003164950e-02 1.9910432146267010e-03 2.9012761755438160e-03 2.6939544304358221e-01 1.9473764379158459e-02 -7.0822941794641700e-02 -5.0196022898893529e-02 -1.0525063629324390e-01 3.7656103026414492e-02 9.7547007748424619e-02 1.8867466560301371e-01 -2.4029340606263851e-02 4.8176814003093482e-02 -8.5075867809966080e-02 1.3176146879976270e-02 -1.7155249181438381e-01 -1.0816194913368429e-01 1.3510353033152550e-01 2.0911025558534049e-01 -8.6187461778681376e-02 -1.1995475449019601e-01 -5.2636929225651420e-02 1.3491383933238649e-01 5.5220054659249528e-02 8.1371937391717854e-03 2.4024113840645939e-01 5.1320352305877823e-02 -1.6061821849692438e-02 5.4660728787629551e-02 -6.0668125161797648e-02 -8.4675317655244026e-02 7.4956976356757316e-03 -2.6953778232201499e-02 -6.9171510518182558e-02 -1.7278228700582471e-01 6.5583776557130907e-02 -6.0215300721297351e-04 1.1484374321157451e-01 -6.8240751614943723e-02 1.6432843134115321e-01 9.6979962822051572e-03 4.3693245653629267e-02 -5.3552095236949870e-02 2.0730513909767798e-02 1.0087654097678529e-03
