# CEC 2013 LSGO F08 rotation matrix (100x100)
1.0731640417224750e-01 -1.1784964954832970e-01 7.9757848428546191e-02 6.6541742875710033e-02 2.1912066415391059e-02 5.2737100209217548e-03 1.2897863539606130e-02 -9.3482205955970885e-02 6.6355019761690545e-02 7.5864118816976314e-02 8.5027307138471148e-02 3.5214325720660918e-02 5.0534038017329128e-02 -5.3187093447614471e-02 8.0630229472150303e-02 -1.7272906126079651e-02 2.3540267125761710e-02 7.1737812609129648e-02 -8.8396900960034983e-02 6.6864360412380489e-02 2.2143539134301121e-01 -7.6043292900218912e-02 6.0283888454522629e-02 7.2869340320716666e-02 -2.2932684143221860e-01 1.8348512245051701e-01 -6.2940884950565656e-02 8.1243216917105218e-02 7.7223966733245295e-04 4.1770829220905782e-02 7.5943036202337486e-02 6.9558401931230328e-03 6.8181507776723924e-02 -7.2325315093758899e-03 7.1468022375947252e-02 3.7639747165047893e-02 1.2638928315384271e-01 7.6953823776603758e-02 -9.0040059941173770e-02 -9.2767822610733880e-02 2.3749095269803909e-03 5.6925851939571823e-02 1.7121476130563681e-02 -8.9339654447336880e-02 -5.1774545203091438e-02 -1.1393498423681910e-01 -1.1817793245098281e-01 8.3391685358346457e-02 3.7374243064298561e-02 1.7356265678066121e-01 -1.2188506872228171e-01 4.6807264586399937e-02 1.0990550827115840e-01 7.3430551174534203e-02 -3.5575877028822291e-02 1.4802410906300151e-01 -2.1454510193943141e-01 -1.8522625664746159e-01 -2.9366778038794540e-02 -1.2514218486322451e-01 3.1149964233660711e-02 3.8510651284277282e-02 -6.5944491934144922e-02 1.4639172452254779e-02 -6.7684343325593366e-02 -4.8416402145503482e-02 6.3758944316314754e-03 1.0880483495209990e-01 3.8096089303434270e-02 2.4135299863148069e-01 -7.0251251331555319e-03 2.3542454559959719e-01 6.4195633666289276e-02 -5.4170630886072817e-02 1.9387228906005211e-01 2.7714631556490987e-01 1.1118726988528389e-01 -5.8468129607806042e-03 3.2464289753311108e-02 -3.2086114629983571e-02 -2.0725024024813441e-02 1.5499796315427651e-02 -5.5744894110757427e-02 7.3641141820915593e-02 -6.1181749525398239e-02 -6.2604644969915607e-02 -3.2754617780931472e-02 -1.6696113078645161e-01 -7.9836914120321054e-02 1.2437399788876620e-01 -2.2090268065508131e-01 1.9481279364141099e-01 -4.5046194590661608e-02 5.6334938245400153e-02 -6.8456481425738097e-02 2.5308247973654451e-02 -3.2704553536018893e-02 4.2066669394254909e-03 -9.9013898764774705e-02 2.6193563802095109e-02
1.0307426820105980e-01 -1.0075475126536360e-02 2.2306635627876551e-02 -1.4277524568418160e-01 2.2488662864571501e-02 1.7412923120931301e-01 1.6454382419075389e-01 1.2253902726974160e-01 2.7369481823433461e-02 -1.4698248908178349e-01 1.5924005822108439e-01 -1.5365501030501691e-01 6.5628238097829819e-02 3.0221034660320629e-02 1.2375358254443659e-01 -8.6233945864264278e-02 -4.1698482105525833e-02 7.9292789062577196e-02 -1.3033900160169080e-02 4.0869178836749967e-02 -8.2409239630063788e-02 3.9121684543104593e-02 -4.0204909736628047e-02 2.0729480137881531e-02 -1.1489362617219750e-01 7.9410489086842811e-02 -2.4184019528236320e-02 -9.9007551105787947e-02 1.1894767162737180e-01 1.7808374749896219e-01 -4.2682824566523378e-02 -8.5304843398777863e-02 1.6930620917894179e-01 5.1868103773379587e-03 9.9879723637749098e-04 -2.5373651841464079e-01 -2.6435441576312099e-02 -8.7985910999581696e-02 9.7316436910990969e-02 4.1240843333663291e-02 1.1297669734788859e-01 1.0901971775443270e-01 -4.8420930656757767e-02 -1.5968720825349519e-01 2.6279955988838771e-03 1.1020525404589150e-01 5.7783223190460052e-02 -4.4799260944262412e-02 6.9539814177918630e-02 2.9430382429490001e-02 6.4585432189045097e-02 -1.9807477404173920e-01 -9.2642826233560169e-02 -1.4352016117499561e-01 -7.5099336021876252e-03 -2.5060818483720451e-02 4.3444041828775801e-02 -1.7603203664444170e-01 -1.8993205163892631e-03 -6.8987206727532432e-02 8.3344035215457676e-02 -1.6570885570531940e-01 4.8942542113555872e-02 1.3398285615925140e-02 5.7810876081430082e-02 5.0684349080775343e-03 -4.5952453223136180e-02 -8.3660552267838001e-02 1.9699500532107051e-02 1.8168542603010909e-01 -1.2011961523813761e-01 4.3770382795547728e-02 -3.7503134831128888e-02 -1.6540577430066920e-02 1.2997622487127859e-02 -8.2525730417848369e-03 -1.0046156170127089e-01 -2.9125806533371351e-02 1.3679527738209471e-01 -2.0584016445271311e-01 -5.4305727185127557e-02 -5.3439785021701589e-02 9.3985410623505447e-02 8.6529998537400968e-02 -9.5272905812211428e-02 1.3556025214057871e-01 7.7754029785411405e-02 7.6483245468948191e-02 -5.1592165582139221e-02 -8.6150113088808530e-02 1.6955088519307260e-01 3.2722911261443409e-02 -1.8453237694306579e-01 7.8744576730921501e-02 6.0526257687000783e-02 2.4212406992556681e-02 -2.4782170303558670e-01 -7.2108599063006058e-03 6.8906344360944699e-02 8.1049771952827435e-02
5.8145642640384951e-02 1.4801527958569891e-01 -2.7357899706763340e-02 -1.1425533304886321e-01 -2.5260033040195650e-02 -1.6524183048831440e-02 1.4334826132451130e-02 -3.8304271332141503e-02 -4.0372189259066618e-02 -7.6594018796936933e-02 -2.5217277533515158e-03 -1.0787554533779740e-01 -4.1287684919805619e-02 -5.3929573379318453e-02 -1.2469574519418920e-01 -9.5812735168914007e-04 4.0557390933326137e-02 -5.5614546137637052e-03 8.8488493413357919e-02 7.5004488451841364e-02 -9.1345732851997555e-02 -1.2061900603403709e-01 6.8498521671225832e-03 -1.4456640515988459e-01 -5.5635882124235652e-03 -5.2106065996114968e-02 8.2100936719176412e-02 6.8621085315859517e-02 -1.3313016310277481e-01 5.4756820639005353e-02 2.2455817990102819e-01 -1.8731731257159120e-01 1.6595818763702110e-02 -2.1703120755257800e-02 -8.6912865534138309e-02 5.0961938208338720e-02 1.2009121259070100e-01 1.3530205829648009e-01 5.7249396526396368e-03 2.7509680780058843e-01 -5.3086064555971493e-02 1.8922292027832809e-02 -2.4381697189095611e-02 -6.8826688112623394e-02 7.0149514430982454e-02 4.5267017037358533e-02 7.7415903286966098e-02 1.9740169338306171e-01 1.5812619393045010e-02 6.3000967953925650e-03 -1.2778525918966510e-01 -9.0139171232697171e-02 -9.3710175198964130e-02 -2.6770841096328368e-03 4.3180813210021152e-02 -4.7975656164407153e-02 -8.9499214682026110e-02 -1.9139290890619889e-01 2.6818130308569381e-02 -1.6365727906057190e-01 -7.9354903553825754e-02 1.7679218750788789e-01 -5.2124667311323307e-02 7.7631326313119156e-02 -9.6490005729318859e-02 -1.0206100513829790e-01 -5.1563908251716480e-02 1.0969499831083010e-02 -1.7619724803405190e-01 1.4203397281555299e-02 6.8814845353972901e-03 1.2567213681987929e-01 -9.0657470527616829e-02 7.6243433016497289e-02 -1.3643480092737301e-01 1.3279698175146509e-01 -1.0886357545410610e-01 2.0569480579743539e-03 1.1805210390241161e-02 1.6011940158091981e-01 5.3791972398554218e-02 -2.8611397710272191e-01 -9.5095152901975510e-02 -1.0328011078717650e-01 7.2461735197547020e-02 -1.1959160145690709e-02 -2.6670177185594161e-02 -9.7399110035370925e-02 -9.9022351705559092e-02 -2.0702002866269881e-01 4.1950493745039043e-02 -9.6101961827163074e-02 1.4283401177688640e-01 -9.1442389952441042e-02 -4.6954267721482951e-02 1.4850773846354500e-02 -3.7437588085209278e-02 -1.3095474038686239e-02 5.3357770252637320e-02 1.6392681299371550e-01
-6.6070291521740723e-02 3.1026741856031791e-02 -9.5244614771752278e-02 1.9092290676706930e-01 5.8389405537360599e-02 9.3654019903058688e-02 1.5073698626685339e-01 -1.4326498440216270e-01 2.2890555894900931e-02 2.4551408919494819e-01 -1.0777278277369989e-01 4.9247577581996577e-02 1.2722470089108731e-01 2.6851632430896921e-01 9.0818503783926099e-02 -5.8803626665820473e-02 -2.3586768709621831e-02 6.9570445098841305e-02 -8.6854679677587088e-02 -1.0202571990140920e-01 -3.0141472097307508e-02 -8.6141005500134260e-02 7.4779119476263950e-02 6.4321873152125369e-02 -1.9411106801016979e-02 -8.8188701999354115e-03 6.0930159910982433e-02 2.2368649199479521e-01 1.1229156871592439e-02 1.0401253675199119e-01 2.1589912574570749e-01 -1.2458542690351671e-01 6.8437253228351869e-02 2.3628672630162920e-01 -3.3827239720192158e-02 -7.9119425688450845e-02 -5.4806178855332413e-02 9.3435196802968967e-03 5.7261782825790128e-02 1.2366746899815420e-01 2.1862710063051391e-02 6.7371701878610094e-02 7.6402337029705003e-02 6.6660511177552312e-02 5.8674800246541918e-02 7.8586890998884204e-02 -9.4539457441698352e-03 1.0527561504341200e-01 -8.5124451529568872e-03 3.0429301492110188e-02 1.0414916395197581e-01 -6.6308561382525163e-03 8.7148790253275793e-02 -3.1804022414632989e-02 -1.9417226667308610e-02 -2.2272104270578749e-01 1.4152720403672710e-02 -2.2643072653351391e-02 -1.4738201731679501e-01 4.3158391133458429e-02 -2.4062393669531400e-02 1.4299524026691440e-01 2.7929437031883012e-02 -1.5241107854039950e-02 -1.1465994363700380e-01 -8.9580384257359785e-02 1.0733131709669190e-01 -8.5834865396380050e-02 1.3576220461423849e-01 -8.3919347446087325e-02 -1.0591996719541130e-01 5.0665049044807627e-02 -1.1233844865632230e-01 -6.5525676542813424e-02 -5.4114812014682843e-02 -3.2406208149983712e-02 -3.4126306365423367e-02 -2.5044121614491610e-01 1.9290662860913192e-02 -1.0828561712354270e-01 -8.1461475394610974e-02 8.5153079775798737e-02 2.9359606850687929e-04 1.6141342235230921e-01 6.3969470230200526e-02 2.7549160259543279e-02 6.5551656048140464e-02 5.1199969819584773e-02 3.5321334063954317e-02 -7.2634378396102140e-03 -1.5349537899356691e-01 -7.2861553333775766e-02 4.3544635242568880e-02 -2.1411260630136240e-02 1.1298837498347940e-01 4.3994472501776754e-03 5.7598565067481872e-02 -1.6934540107889301e-01 -2.6599788283377161e-02 -4.2367414983254761e-02
-1.3085706479703200e-02 2.3888606382340648e-02 -9.8907103145751726e-02 -6.7190499892948952e-02 -1.4319911448454820e-01 -1.2595681674213491e-01 -3.9213996327627558e-02 6.6236353643778209e-02 -4.2018431665098617e-02 1.0941009472538960e-01 -1.6682681885805631e-01 -2.4040536976873549e-02 9.1197640840242969e-02 2.3521103380602271e-01 3.8235544958908817e-02 -1.0197565904105990e-02 3.0653385763372461e-02 8.6923503728228102e-02 -1.2946553947755671e-01 -4.0166088404057790e-02 -1.1166593570064530e-01 -9.1070716344531913e-02 8.6708682787914274e-03 -1.7559403856493520e-02 -1.2057665796400611e-02 3.0783391206084240e-02 -1.9889844284782410e-02 -5.2600723265217267e-02 9.7914087307490405e-02 -8.2098546535168515e-02 -1.5624999758505120e-01 -4.2160639629081467e-02 1.1269693753888690e-01 4.6544428429076953e-02 5.3915907848766167e-02 -6.1258020891911347e-02 3.6664750619085640e-02 -2.3264066805440110e-02 4.3546968459351187e-02 -1.1422344036525139e-01 -2.7984875928623240e-03 -1.3724311658975011e-01 -4.6634124431525953e-02 5.9669295335117889e-02 -9.7899962033650256e-02 9.9136741796586200e-02 -1.7421890965825371e-01 1.2593084462130780e-01 4.7036226520591071e-02 -5.3669878791449389e-02 -3.9196327778276627e-02 -1.9734838521365591e-01 -1.4457225646972541e-01 -9.7181482655342932e-02 -1.5063843649507139e-01 1.8842557057360229e-01 -7.9388452084892244e-02 -1.5596430345491850e-02 1.0172054841171201e-01 1.4654970550045190e-01 -1.8414971303761229e-01 -4.1537263827873556e-03 -1.3811502093495581e-01 1.6262968721007870e-01 1.4875808712972571e-01 9.2368357728674480e-02 2.7209369743420719e-01 1.8861878641100960e-01 -3.6883527659792227e-02 6.5843565459393363e-02 1.4844210942836411e-01 2.5823625502062901e-02 -1.0436508318422449e-01 1.9269312653388260e-02 -3.8350246910744200e-02 5.4877791248932009e-02 -4.5174778366183013e-02 3.6483154472598839e-02 -8.7982241438003400e-02 -1.6429606222437759e-01 -1.0488863256424611e-03 2.8888357954286171e-02 -1.1581341687368039e-01 -1.2506202229527421e-02 1.1913435275016110e-01 5.0025229108269252e-02 7.0180815702585069e-03 -1.1741431397259010e-01 -1.2615894965882099e-01 3.4212930658119603e-02 1.3459617246548339e-02 -1.8666797335553979e-02 7.2153808687237267e-02 -1.6931730928046171e-01 8.1648013717725565e-02 1.3717285219383851e-01 -4.4028919819124430e-04 6.3706821748332615e-02 1.0591457371624660e-01 1.7798219352892719e-02
6.4577325279667266e-02 -1.4457653714570379e-01 -7.2428985743778623e-02 7.3810899368023694e-02 -1.1745928776916000e-02 5.7884632274475899e-02 1.3759918802101739e-01 1.4683668761090221e-02 3.0488459065306912e-02 6.8816737985762697e-02 1.3290477286597821e-01 4.4171206749297719e-02 1.2570507555587851e-01 -5.2779740849913832e-02 -9.7876791743333851e-03 2.4829397364991460e-01 -1.7890856742360589e-01 7.1701772793944019e-02 -1.0635924903438120e-01 5.1425196467973829e-03 -1.2227364973939661e-02 2.5158164882169660e-02 -4.8636662082126823e-02 5.7811057389446169e-02 1.2695487121285570e-01 -7.9290747779107398e-02 -5.9153245852504879e-02 -1.9082745043112670e-01 -5.1222924512586553e-02 9.4277922770456005e-02 7.7631616667084222e-02 1.1278677004892690e-01 -1.2176036848023419e-01 1.4943270226335850e-01 3.9250492589492252e-02 3.5295234847282961e-02 -7.4389425761145975e-02 5.7462727207420513e-03 9.2742914690447542e-02 1.0844009587434771e-01 6.7572492374752643e-02 2.3539961087686951e-03 1.1666141406903870e-01 1.5312847033033669e-01 -1.5266337021560861e-01 2.1011306575350480e-01 1.2228596253101580e-01 7.3780080549169916e-02 3.7026980757440819e-02 -2.4767004186489229e-02 3.6194709566381961e-02 -1.4595911733365041e-01 1.1218149599375100e-01 1.9407670433804591e-01 1.9727550298718199e-01 6.3460570758503476e-02 5.1896005736840620e-03 -2.8791415639621280e-02 5.4534124939448619e-02 8.0674876195955147e-02 1.8643137246369582e-02 -4.7852569913316927e-02 -1.2921230129257799e-01 -1.0571172290034690e-01 -3.0001525578498851e-02 1.0876773299878870e-01 -5.7324509222884262e-02 6.0668536768409408e-02 -3.8369968682801008e-02 8.8266073069827630e-02 -1.3199456961173150e-01 5.7870488146029041e-02 -1.4333813238962070e-02 -1.4728399856799451e-01 -3.4796172997083492e-02 -1.4046928378723311e-01 -1.6373359179717031e-01 1.4335719329983751e-01 -7.0396080165314165e-02 6.9816933179690996e-03 1.5190357141772659e-01 -1.0678000526720700e-01 -4.8764825853063722e-02 -7.6050654442176763e-02 1.7942615741939341e-01 7.8145323016259358e-02 8.9804293745934211e-02 -4.7012886635757228e-02 -7.5510876265878699e-02 3.8140799923169079e-02 -1.3716428849218720e-01 1.5092900011780300e-01 -2.1796730572299128e-02 -9.8264344761967978e-02 -1.5543742133492511e-01 1.6731555724407619e-02 1.8870742004109601e-02 7.0476597197118698e-02 -8.8208550382168779e-02 4.3115381751742933e-02
6.9465382896273714e-02 -6.2285900898765477e-02 -1.2715556741547821e-02 -9.7464863139685894e-03 3.7827538664640538e-02 -9.9746991556403264e-02 2.0814687929289560e-02 1.1090852828126200e-02 9.5676725711100641e-02 -2.1788770313799599e-01 -4.8108345551262692e-02 -7.7250006915751540e-02 2.0402089320619909e-01 3.5411369236067691e-02 -4.2857048257181923e-02 1.6590480441430261e-01 6.7874469286078199e-03 9.0309107889976703e-02 6.5655561703385171e-02 -1.4688446363806930e-02 8.2832834844111858e-02 -1.1358193888119410e-02 5.9494942377379581e-02 -3.0032078353659720e-02 1.4004686800640190e-01 -5.1664269158747923e-02 1.2391772626785570e-01 1.1459871872103911e-01 -1.7094440414153761e-01 2.1974097985417360e-02 4.0047692884595733e-02 1.3518073057112601e-01 1.2532508925803121e-01 -9.5455353754756084e-02 1.1232329969992830e-01 -2.1285664789542269e-01 -8.4730033185430487e-02 1.4457350079292230e-01 1.7808102729731909e-01 7.2527058649717258e-02 7.6702089404023288e-02 -4.5534936795950248e-02 1.2355511799607501e-01 2.4941840975711071e-02 8.1172935876417052e-02 -1.2627484620629039e-03 8.2037818643814445e-02 4.0888067741209462e-02 2.3405114992476939e-02 3.0115603127394631e-02 8.7374312677228241e-02 -1.2578728386144470e-02 -4.4597716515719428e-02 1.5352965482012901e-01 1.9602249342306549e-01 8.5279788633577783e-02 -3.0250666031834739e-01 1.3912160781253499e-01 1.5090009720971781e-01 -7.3448311560124296e-02 -8.9600495930191093e-02 -1.4647651552612211e-02 3.1271252268807462e-02 9.1665986951497500e-03 1.4896063875032611e-01 -5.1878012588438382e-02 4.2706581706318143e-03 -3.1554479314457921e-02 -3.0394214404540161e-02 -2.8604507669275779e-03 1.1920603966318410e-01 -6.6502131645694587e-02 -3.2031618684971321e-02 -1.4455952689780871e-02 5.6082591431079902e-02 1.6649721444740459e-01 -1.8569137193815099e-02 -5.8406121483434707e-02 -6.1054431964303130e-02 -8.6929882839418327e-02 -1.4797744696115179e-02 -6.8955797002714491e-03 1.2448646019596341e-01 4.9483186018777027e-02 -2.3886981053123570e-02 -4.2108582727660999e-02 -1.8755039312045199e-01 1.7898194212113461e-01 2.1453567324898580e-02 5.8870287397704342e-02 -6.4982293826379864e-02 -8.5170021496525139e-02 6.8491999508432599e-02 1.9839810856406589e-01 1.6763553175728430e-01 7.4990873815375711e-02 -3.2377662796814958e-03 4.1912327033746102e-02 3.2305602836545169e-02 -1.6001716292993851e-01
1.1207444145094581e-01 -5.9450118460354279e-02 1.0379937848412990e-01 -8.8161194572457122e-02 -8.8177825277477168e-02 -8.6906725926314377e-02 1.8120397603553329e-01 5.5000853274096893e-02 -3.9023269536912583e-02 2.2211691502961400e-01 1.0144087009042840e-01 -1.3994890445505059e-02 -9.8628166727883024e-03 -7.9493137216469070e-02 -2.1428030625895728e-02 4.0730000933386593e-02 -2.7944979950510298e-03 -2.2603062241205080e-01 -4.1032253133010871e-02 -7.0354672777704075e-02 2.2786927333035899e-02 -1.1369881416592420e-01 2.1910568494134919e-01 1.5619324886637991e-02 3.4749796115548501e-02 -1.1329296497710120e-01 -6.7807624215563828e-02 1.6355409172478061e-01 1.8805576975219629e-01 3.4025675466122340e-02 -5.9736078949932693e-02 -5.2915979510396154e-03 -1.9388537166918331e-02 -2.9042187175659349e-02 1.1968815657431779e-03 -4.3727048667649329e-02 -1.1905854705154729e-01 1.3598351500343719e-01 -2.7927710968837491e-02 -4.6301634222058893e-02 5.1143910483842023e-03 3.2749520227708537e-02 -1.0241875987171130e-01 -7.2739971470527950e-02 -2.4198458501609080e-02 1.2387113777254059e-01 -1.4524714338376549e-01 8.5453901523546580e-02 -4.8314888322417433e-02 -5.6683411265907202e-02 -1.0765128712957020e-01 1.0749915707686820e-01 -4.8021828866584702e-02 1.8672825638603091e-01 -5.7785690820525877e-02 -2.4350836336323900e-01 -8.6790686400373254e-02 3.1840777652373052e-02 1.5598855817316659e-01 2.2794037124213651e-01 -7.8611280552459570e-02 9.4723665504183152e-02 4.4191059872587821e-03 3.6835837460507122e-02 -9.5739704079001332e-03 -2.7107009399719731e-02 -1.8087350609520919e-01 -5.6329605134962622e-02 -1.3400354148973651e-01 7.2658185084524429e-02 -6.9594107364286367e-02 -3.1802293673917362e-02 -7.9811671294707495e-02 -6.6145975076383909e-02 7.3814257997736707e-02 -2.7290524139037022e-02 -9.0367474798806136e-02 7.2682956480125517e-03 -1.9101419763505681e-01 8.1981609768052563e-02 -9.8856241072018181e-02 7.7967589550081168e-03 -4.3443230008356370e-02 2.9189763627931881e-02 -2.6919937162451690e-01 4.1212151823480987e-02 1.9383668518319411e-02 3.5120142189013409e-02 -1.0890560330342190e-01 1.0788096438520720e-01 1.2443999166148570e-01 -1.3270629554301330e-01 -9.6214700494880193e-02 5.4934375118063459e-03 -3.9070061668709757e-02 4.7327771891518829e-02 -9.8604993243684061e-02 7.4465814783629972e-02 -3.4418770691835777e-02 -3.0567283195031238e-02
-9.9057280087646984e-02 4.8295796635556568e-02 2.5970573163913779e-02 -1.8323748921680991e-01 -9.2895078449656797e-03 -8.3513102332233288e-02 1.2821745912146401e-01 2.9302014064758182e-03 1.6677332699295669e-01 -4.6118505548656540e-04 1.0026219956267880e-01 -9.2915272102638446e-02 -9.0917726315731265e-02 1.2989136155818379e-01 -3.4854898265664853e-02 -2.8654507426722362e-02 3.9578718214343202e-02 -1.9338128637515370e-01 -1.7955855326932391e-02 4.5186072015456921e-02 -1.0295803569426761e-01 -4.2200603360730983e-02 -1.3496821009833410e-01 -3.6257381068571938e-02 -8.9697765583210909e-02 7.8185259553603892e-02 6.5007892560888153e-02 -2.5125398987946721e-02 -3.4016310502943799e-02 -2.7755565050766751e-02 -1.9644378997050579e-01 -3.0081831886093490e-02 -7.1695832809608156e-03 -1.2917626442285909e-01 -2.5262214404739550e-03 -7.6549175232188599e-02 2.3301847052404699e-02 -4.8216490445732292e-02 -1.6405393702023759e-02 1.2774797073351829e-01 1.6714978501068369e-02 6.9407039452966224e-02 7.3831987609047217e-02 -5.6085348758318443e-02 -3.7520254133658240e-02 -6.8881952946218808e-02 5.7273694003511483e-02 -1.2597504505714350e-02 2.6993477274743279e-02 6.9520465769458570e-02 -1.7052212270081371e-01 -1.7986867596358619e-01 9.9662462046192571e-02 1.6494124550171040e-02 1.6402136225583419e-01 -4.3766063237920101e-02 -7.7700014892589264e-02 1.2452113799166400e-02 -1.7963099501796301e-01 5.2007815002206387e-02 8.8070883865334331e-03 1.5180402467636109e-01 6.6916088473800414e-02 -5.5772988978687509e-02 7.3762784955467259e-02 1.2174530251727910e-02 7.7926572500372895e-02 1.8695752554930539e-02 -3.6310574737663730e-03 -4.4768646177177261e-02 1.3938843087408000e-02 2.3156885956482021e-01 9.0219207290612016e-02 -3.0106479061129121e-02 2.1952300089757179e-01 -3.1017240758957348e-01 6.0240343425940993e-02 8.2930841268944233e-02 -1.4189594536189590e-01 1.1935728287624670e-02 -1.0980714773661540e-01 9.1182828657831380e-03 -7.6553611076490530e-02 6.6878197976405068e-02 9.9013000547616692e-02 -1.4683147873633909e-01 2.9947993875598971e-02 7.2211213587118739e-02 2.2002020951491250e-01 2.8444767446983300e-02 -1.1705860196413451e-01 -1.1095463951606541e-01 8.6860736093536603e-02 -4.8056597948785980e-02 1.0069360086752860e-02 2.2366876683968079e-01 -8.0172235731120298e-02 4.3395959186141968e-02 -1.4497574741722200e-01 -5.4253664376823420e-02
-4.1873478527461233e-02 -2.0288714590910702e-02 -1.0298394816880430e-01 -1.6703267065770699e-01 1.5661369404294029e-01 7.3079066751841226e-02 -2.7042631890662291e-02 -1.1139979575514961e-01 -2.6030413646884680e-02 9.7046114652675389e-02 -7.4298165573938715e-02 2.1015975440933411e-02 3.5370529633130053e-02 -2.8954407694322211e-03 -1.2134889164437400e-01 -4.4260596984932843e-02 4.5097285336372479e-02 -1.6309300029855828e-02 -2.4503297589633269e-01 1.8908669334898379e-01 2.1087080524014379e-01 6.9366294938562181e-02 -1.4433272919103200e-02 -9.7269360018061413e-02 3.1802436878444952e-02 -2.8631264782536460e-03 -1.1119610370004809e-01 1.6856455217684591e-01 2.2565864932013822e-03 6.1437181023822011e-03 5.8154162902773691e-02 -7.9516232751650637e-02 -8.7393909701586461e-02 -1.2499514569605530e-01 -2.4072732454817902e-02 9.1684002096215009e-02 -1.4421784544539070e-02 -5.0253182532223849e-02 1.0733624280635569e-02 1.6618782354788250e-01 2.0498273682158390e-02 -2.0111609236152081e-01 -2.7677908773986518e-02 9.2309794165431527e-03 -4.7996746179454512e-03 1.6142694194985630e-01 7.4519083372148159e-02 -6.2884606945801572e-02 2.8113077687858340e-02 -2.0946483467716040e-01 6.9068557129558825e-02 -8.4960532592809737e-02 5.6551864811513003e-02 -2.0169223137270782e-02 -6.6546639523770643e-02 6.3981734207210969e-02 1.8597323664078400e-01 1.2751511720852171e-01 -2.1050168199454461e-02 3.9444880030192170e-02 -1.9130882356589801e-01 8.3082689243736560e-02 9.8773850320906589e-02 -1.2530193699877809e-01 1.8248828178339679e-01 8.8858650679882162e-02 -9.6536606247728515e-02 -4.3645099537584657e-02 -1.4454727054663340e-02 2.8372846620543618e-01 -1.0076618466366780e-01 7.2892449928764064e-02 -4.0754936017951708e-02 4.5917320506602841e-02 -8.0282059449501356e-02 9.7460183613918713e-02 1.4446723125183661e-01 8.0737270842023437e-02 1.0883590882261961e-01 1.2991277461547660e-02 -2.5846331002357288e-03 6.7095763498949537e-02 -7.1844788152128122e-02 9.3422150227417913e-02 -2.9705245966512989e-02 -8.1522713265160099e-02 -3.3370987906841523e-02 1.4792239277262600e-02 9.7296594878675830e-03 -1.0030307150209319e-01 1.8691915020530629e-02 2.9283346153769201e-02 -6.3203138296715228e-02 1.5778067393487760e-01 1.3443374999089250e-01 1.5800650927997720e-01 6.5548423469289338e-02 9.7069309165795745e-02 -1.0151339524884040e-01 2.8863681739660960e-02
1.5323363606803170e-01 -1.1102611811983081e-01 -2.8689730431760801e-02 5.3865935236938722e-02 1.9108950856722370e-01 1.3012990470666991e-01 -9.0483060471890822e-02 -5.0094699454491437e-02 -1.8109341309759050e-01 -4.1377278114527079e-02 3.2710885984910253e-02 -4.2107466757751219e-02 2.2975090166836520e-01 1.2066151937361011e-02 -6.1329354782713397e-02 1.1240780449199241e-01 1.8521521312431161e-01 -3.7176501373477259e-03 3.6422643214617682e-02 -2.5554029315605690e-02 -7.7854380711095114e-02 -1.6969934895282729e-01 9.0145113460965848e-02 -2.4907083567536148e-03 -1.8003521919008281e-02 4.2892999879824058e-03 -4.7870271536699177e-02 -7.0472694866160548e-02 -3.6818636227862252e-02 1.9776315986765620e-02 -5.4437234851348187e-02 -1.2290609045790370e-01 3.6463468764076412e-02 -4.3806767860138943e-02 9.3296853109139141e-02 -1.0346368353847720e-02 1.2446770623009590e-01 1.3578974454557949e-02 1.1412481953026489e-03 2.3543805031421609e-02 1.5999305148260351e-01 -3.2465435754491449e-02 8.3401157406287604e-02 -1.6901029030578910e-01 9.4107000109858369e-02 -7.9243309374315188e-02 6.0288581376213853e-02 1.5562991812187471e-01 -1.1589745619501580e-01 1.1281496836889150e-02 -1.9662868353180771e-01 9.7102306505314109e-02 1.1192227498508560e-02 -5.7558070214546758e-02 -8.0347879047988721e-02 -1.8278466358976521e-04 -4.4794336385522188e-02 -2.3466179998274019e-02 7.7328739936181112e-02 2.1568242922895969e-01 9.9874769208048737e-03 -7.6037925744320334e-02 1.8035870614300739e-01 -1.8907293524637339e-01 3.4158589138568021e-02 3.2668480961024468e-02 1.2826457197141641e-01 -4.2668451166988350e-02 4.5839237406000530e-02 -9.9877466171696475e-02 3.9226704770304363e-02 2.1109317238469791e-02 2.3956269907075601e-02 -6.7811542983943249e-02 -2.8407278744507970e-02 -1.5609825930095420e-01 8.0900070706103999e-02 -3.0197535786088050e-02 1.2932147128249469e-01 -7.1113259764151351e-02 -2.2919353889247741e-02 -8.1449914377419053e-02 2.0714216807703349e-02 -2.3259356245416560e-02 3.1619530548759857e-02 -1.1131822753542100e-01 7.5239740743530015e-02 8.4774445168118079e-02 -1.1903928957647091e-01 1.1934964837021280e-02 1.6235189567483760e-01 4.8972787524736022e-02 -5.0064861844400163e-02 4.0054074202506553e-03 -2.2762101355737829e-01 1.4603849776151820e-01 3.1692970748317417e-01 9.2675479203966835e-03 -2.3877408520411241e-02 1.9285032679555451e-02
1.8263819034874850e-02 -3.5181381628062419e-02 -3.5409176193172798e-02 1.3943153976870040e-02 1.6729761523600220e-01 -2.2775096243799059e-01 -1.2704711435826649e-01 -1.6090861867778511e-01 9.6798231898569412e-02 -1.0154356777387590e-01 -1.1407669704891510e-01 -9.9296572508021944e-02 -2.8341268406129171e-02 -1.3531805768468951e-02 6.4029675328500624e-02 -6.9104947126209237e-02 4.0670215038538897e-02 3.7835768205963551e-02 -4.4333836579455319e-02 -4.1324810309058047e-02 -1.6641442636472450e-01 -8.7006153921581841e-02 1.9518715647137919e-02 -4.4883213350407618e-02 1.2304110204562700e-01 3.0988588861130331e-02 7.3307464763278443e-02 -5.7488327840984101e-02 1.4022341002141150e-01 4.8480741885539711e-04 -1.1338256496767260e-01 1.5238234246645679e-02 5.1741293909855740e-02 1.1823157969979060e-04 1.7049946564285609e-01 -1.2300623623832350e-01 1.8304606840521759e-01 -2.4836969178019690e-02 1.0583192621733109e-02 -7.8961574087935804e-02 1.1655241992410049e-01 1.4861855835415530e-01 -6.8147385763209806e-02 1.2295175803901170e-01 1.0429647392800040e-01 8.6459145032028659e-02 1.4833591370467250e-01 7.4074910051090792e-02 1.3679719612887720e-01 -9.6790915726132180e-03 1.4439766988483160e-02 7.4956589074805496e-03 -3.2678380353794510e-03 1.1615530780809040e-02 1.9444013691245019e-02 -2.0268815141396929e-01 1.1181836343697039e-01 5.3051373254983270e-02 -1.4561111220538501e-02 -4.0346695720356818e-02 -2.1737508105227631e-02 1.8731063966804121e-01 -7.2071753024539914e-02 -6.2445319274588983e-02 -1.9326208792559529e-01 9.9525368015974766e-02 -1.7863281127071631e-01 -3.1730674729084161e-02 8.0391747534509062e-02 1.1443963305639000e-01 -4.4444461574801031e-02 -2.8799441125043939e-02 -3.4638844469818443e-02 -1.6096442165208949e-01 -1.3579742211531231e-02 8.5750300743021632e-02 2.2742699780537520e-01 1.7540483920641081e-01 -3.2686160480943770e-02 -7.4349729532589975e-02 -1.8258681825744711e-02 7.9304842019151778e-02 7.4274867758295296e-03 -1.0453194427819570e-01 6.3444997702055472e-02 -1.4355021067850360e-01 -6.5525566492954129e-02 7.0562834594523172e-02 -9.5324322545017978e-02 1.7237509080782940e-01 -1.8681815671028810e-02 -4.6662356626977538e-03 -1.6945633554476560e-03 -6.4909066601813198e-02 1.8026652325548471e-02 -1.2304609951111890e-01 -4.5521957854570819e-02 5.2151357684284139e-02 8.7187070221337509e-02 2.4615112403623299e-01
2.0321876907281500e-01 -1.2138367889055540e-01 7.5976779451014196e-03 6.1745480890255090e-02 7.9049676097965205e-02 1.6751573356051541e-01 7.1736855810056441e-02 7.1722343279505968e-02 -8.9751831283688618e-02 -2.9387839789766540e-01 2.9202870561168812e-02 1.7653802010974320e-01 -2.3803622118020781e-02 1.2519657585840810e-01 6.1892202780720357e-02 7.0380419497739724e-02 9.2539011566898616e-02 -6.3385854617708945e-02 -3.2955113810086513e-02 2.7547617677072628e-01 1.5449089061917939e-03 -1.5794493316989421e-02 -3.2803135998551669e-02 4.5432600613983583e-02 -1.6419250293606741e-01 -5.4359951180718888e-02 1.7635982988135849e-02 1.3800800353317960e-01 6.8000877674901941e-02 -2.0262810172888300e-02 1.8554026429159969e-02 1.3122776779612569e-01 3.1291781562971729e-03 -1.6663508493853321e-01 -2.6948160085797979e-02 6.6835848154584598e-02 7.3076712780388103e-02 1.9560595433423439e-01 7.5505675285950286e-02 1.2187605191572850e-02 5.4009846362775317e-02 -4.2923331843215118e-02 3.7310529809570607e-02 1.4471355258196350e-01 -7.8844835331962265e-02 -4.8760761492050227e-02 -3.6057742060579281e-02 -1.3752576351868490e-01 6.1442278847920508e-02 2.8126846405535130e-02 -1.6127075392106220e-02 3.3361371930835472e-02 1.4690381201403950e-02 -1.8260443547946349e-02 8.1922562377262781e-03 -1.7053112016216779e-01 1.0835595375516030e-01 -8.5354567482612984e-02 -1.0704451088813760e-01 -2.0522954101407889e-02 -6.2801418889052857e-02 2.5306231573303500e-02 -6.6302503339710703e-02 7.2976601342920389e-02 1.1372858838591630e-01 1.0969668340713901e-01 2.9929065336280109e-02 -3.7098559255817593e-02 7.3918117588435431e-02 -1.9853841234507352e-02 1.1536931421167980e-01 7.6024353042406845e-02 -8.0549458995198900e-02 -1.1152831283749620e-01 -7.2224284421729540e-02 -9.3058900866284863e-02 -4.0638450523523398e-02 5.2263214601126463e-02 -5.5543325899015797e-02 -3.3732130704566272e-02 -8.4029255079560369e-03 8.8899317815864951e-02 -6.4507610660926177e-03 1.4369159167178011e-01 4.4444067857793951e-02 -1.4466800095040850e-02 -7.7750047878971995e-02 -1.1562186829038031e-01 -1.7377920374599690e-01 -5.9570759956171913e-02 -2.3479669585707390e-02 -2.5087156547716311e-01 2.4090574781088319e-02 -1.5512965719527749e-01 -4.3649094875423379e-02 -2.6230957993695281e-01 7.8010893279848960e-03 1.1344884291953219e-01 2.8205046230243690e-02 -9.9337332499021894e-02
-2.8247910761020519e-02 -1.8343473777225169e-02 2.4768423824324420e-01 5.3920603915144208e-02 9.4951290028678900e-02 -7.0184011008388308e-02 4.2748998309690041e-02 6.1254690180665747e-02 4.0963991640365280e-02 -2.1242873476248231e-02 -1.0971667642628340e-01 1.3889040534559249e-01 4.5534043375818477e-02 -3.7717202633530712e-02 1.7577682064897851e-01 1.2894973615543959e-01 3.1865312121451918e-02 -8.2767684406405972e-02 -4.1663551654776469e-02 -4.1431520727238103e-02 5.9028156415931140e-04 4.3838638332855222e-02 -3.3406374566863448e-02 5.7578912632107099e-02 -1.6918995934111250e-01 -4.5528495978552908e-02 -1.1542573814927889e-01 -8.8089614235018214e-04 -3.1743361196367212e-02 1.1655729720524271e-02 -1.9631051050696000e-02 -2.2661624000257749e-01 -3.8484208330486297e-02 1.7721776021746019e-01 -6.5073600874725926e-02 -1.0167180813800950e-01 2.3700521974987909e-02 7.5332714926166874e-02 4.0207662223484420e-03 -2.8866303552763491e-02 -1.3446246150519320e-01 5.7014764463489187e-02 -3.3011950091116307e-02 -4.5601179488345363e-02 1.1520889918392010e-01 -7.9350528307598880e-02 4.1498292440712597e-02 -2.4539763737061571e-02 -3.1964315306281563e-02 -1.0577999517083060e-01 1.1741967100723960e-01 -1.5683266509476190e-01 4.7576049004350841e-02 1.6258905071843210e-01 -1.1755511477587730e-01 -1.0454235141706469e-01 -4.2566683736291168e-02 8.7753602890405097e-02 8.8434169433214804e-02 -9.8575608158095782e-02 6.2442064892784678e-02 6.5985571645037766e-02 -4.5761055403463887e-03 -4.7953820200256781e-03 1.0844666757427070e-01 -1.3858845822780480e-01 -1.3279182978799731e-01 -5.6081708308939868e-02 1.5097334062526321e-01 5.5393803454101977e-02 1.8097743938318031e-01 5.5855671455262768e-02 6.9433735166977623e-02 -2.1759460457928901e-02 4.6081294921968087e-02 9.5874700302300692e-03 8.5937597471928917e-02 1.9566723343311621e-01 1.2835454647807379e-01 -3.2529650592809260e-02 1.1444672119210220e-01 4.2040680794634210e-02 4.0939726253614139e-02 -1.2393366474139671e-01 1.5037479944434650e-02 1.6049492137432139e-01 1.2209966327655659e-01 9.1957134231606119e-02 -7.3712612846450407e-02 -1.4374749603150150e-01 9.7691124978838251e-02 6.9648875635164448e-02 2.6907012351581172e-01 -1.9085609935796791e-01 7.0884066126226150e-02 1.1926506300977630e-01 4.9368480363596007e-02 1.4118524956165390e-01 -3.5123507661295260e-02 -1.3450190014255339e-01
6.1802295175489318e-02 1.3254133670895299e-01 -4.7590751680872539e-02 -2.1197788357675759e-01 4.8041963980415547e-02 4.2286605467037053e-02 -5.6414295473600478e-04 -4.4175485292702731e-02 -2.6224518230992572e-03 -8.6680963449650525e-02 -5.0078592084627151e-02 1.0874053873544461e-01 -9.8431614179237247e-03 3.6409175313443391e-02 -4.8378817599614959e-04 -5.4291201452934562e-02 -8.2230273737577603e-02 8.1586623732101279e-02 2.6758208947908180e-01 -1.3003120922475020e-02 -9.2877027939456097e-02 -2.1351320083245820e-03 -3.0533771374440389e-04 -3.1509366682432968e-02 2.8076702155345971e-02 -5.1494867204558939e-02 -5.3016084050452453e-02 8.8295448318369066e-02 2.3521415693606031e-02 2.7745746017822120e-02 2.5384769020121319e-02 7.2304138572880663e-02 -2.4665602001287870e-01 9.5595511652248111e-02 1.7787842682010410e-01 -7.5092118127479096e-02 -4.5341344779495647e-02 1.0127243812580780e-02 1.0526009831885100e-01 4.5673655793464510e-02 9.0737897330429071e-02 4.3353535806015071e-03 -6.5232955523056482e-02 -1.6617870919262101e-01 -1.5318365617122140e-01 -1.5775836390796250e-01 -4.2279649381776627e-02 -3.1620964308346849e-02 -2.7351738497339718e-02 7.3765038134854938e-03 1.3060634562275861e-01 -5.5668316680271633e-02 1.6293194506677519e-01 6.6796922785708049e-02 -1.0044038462564180e-01 -6.9191441158556716e-02 8.5335899517517133e-02 -1.0966300723187780e-01 -6.9535079831169105e-02 -6.2991023976271959e-02 -9.8325620690086615e-02 6.2473330105194118e-02 2.9076854777654950e-02 -1.0886242640827970e-02 -2.9353938105894060e-02 -4.8883093179264210e-02 1.7797244955434791e-02 1.5099970423624770e-01 -2.8298314345052261e-01 1.5530477771846180e-02 -7.8738376121887804e-02 -1.7036901541101629e-02 -6.5830272173382836e-03 4.6680916906096430e-02 9.0075595982331863e-02 5.2720761433586991e-02 -7.5601311182910941e-02 -1.3629875689528351e-01 6.4290564802388164e-02 -1.3390103256727920e-01 1.3234239866952680e-01 2.0188866105883219e-01 1.2886345793273071e-01 -8.7199510193479990e-02 -1.1015100737779310e-01 -9.4175872511558859e-02 1.0888847953986749e-01 -2.8590133761825079e-02 6.5955434314259723e-02 1.2482466635580070e-01 -8.8739693187955909e-02 -1.3135940485968410e-02 -1.3114994234195839e-02 -1.2804828765449330e-01 -4.6740411890818158e-02 9.4409288845309969e-02 1.7451900131394990e-01 2.7670753299073381e-01 9.0111530594244676e-02 1.2483108164083920e-02
-1.0174061904158070e-01 -4.5289631124876058e-02 9.8026081806461024e-02 1.2969506783984570e-02 2.2808619734586119e-01 9.8092467895373014e-02 7.0782040264922167e-03 -3.3233551044486942e-02 9.4453658078273481e-02 1.6170001728662609e-02 -2.3545116954921250e-01 3.1606244161003008e-03 3.9034488167432040e-02 3.7623716439670413e-02 4.8856106041094402e-02 -2.7037130237922199e-02 -1.5415986885738861e-01 -8.9806787854903539e-03 1.4998547144076330e-01 5.6664356932287503e-02 3.8829561635712662e-02 5.0570147185795651e-03 -5.3147539806221701e-02 7.0257986138656331e-02 -9.0741631036904205e-02 -4.2818883227211932e-02 -7.0312591570489871e-02 -6.9167197327536414e-02 -3.0567727678820739e-02 -3.9845775476555781e-02 -2.3184521539978631e-01 4.4153373629141852e-02 2.3191055739614930e-01 -1.3588526938376691e-02 -1.1501502259678729e-01 5.9405568225272327e-02 7.1894411405414749e-02 -2.8931798688602701e-02 -4.1560266154938949e-02 5.2371053214689170e-02 1.0391711587800420e-01 -9.8882104862685519e-02 3.4802864449438330e-03 -2.3248292461795220e-01 -3.7375015206769458e-03 1.7589008073421661e-01 -5.1783175446825758e-02 -6.9163719182206471e-02 -4.7177313197175177e-02 -8.0670490741872644e-02 1.2258431267909330e-01 -2.2820158900708432e-02 -2.7093898179175919e-02 -1.4309588005404879e-02 1.2389521581146300e-01 -1.6839189747346162e-02 -1.3095163358577000e-01 -3.0791998386278719e-03 -3.0099134613722090e-02 -1.5302755019302750e-01 -2.1663926502971781e-01 -4.5260308646011292e-02 -1.2511348013956491e-02 -5.3658339101025153e-02 -1.4101792359949861e-01 -8.8088223051197886e-02 -5.4778420013155138e-02 -1.1824454763308120e-01 -8.1045790754401395e-02 -1.2106301866254370e-03 3.7718930795307887e-02 -9.4621193406571547e-02 -4.9878571842916766e-03 1.1701671921663920e-01 -1.4977472080163939e-01 -2.1033657439574119e-01 8.6105380590200842e-02 -2.1437777103650680e-02 -1.4131533596959889e-01 8.5502460532422053e-02 -1.0550509911415210e-01 -2.7573430923115649e-02 4.8289111769752869e-04 -2.3993150322630469e-02 -1.3296423105473151e-01 1.5542171584959230e-01 -5.7183124852200118e-02 -1.7577469919005209e-01 -1.6233553113667931e-01 1.1300002493661999e-01 -2.2015105425047299e-01 1.9521549270562179e-02 -1.2824125108130970e-02 -2.1516279645972289e-02 -1.1285290182238809e-01 7.5932441970784442e-02 6.3410493650692012e-02 -1.9651596257664970e-02 2.0350080548992240e-02 3.6780818372198827e-02
-1.5291895445105411e-01 4.7901983104458659e-02 -2.2506195018797731e-01 -7.8534379406696678e-02 -7.6773484912536091e-02 1.2506268991285799e-01 -6.5357493761107929e-02 -1.0325026984661349e-01 7.8676178369694524e-02 9.0531075693828823e-03 -4.8208001028238363e-02 1.8956268809369661e-01 6.5646507544878134e-03 -9.7684734125907641e-02 1.3710098458413389e-01 1.4709213898126780e-03 1.5616159486383660e-01 -1.1557073352481900e-01 -6.3419686126104324e-02 -6.4154435537601154e-02 -1.7986564813273059e-01 1.0111286233850989e-02 4.8549560193725291e-02 6.3662614691725170e-02 -2.9486845252811429e-02 6.7972667137925852e-02 -2.3883644704200169e-01 -6.3795512442929765e-04 6.6211542583610603e-02 9.6121088993613400e-03 8.9240966009267425e-02 2.3550138934912801e-01 5.0859196922810733e-02 2.9201196374698580e-02 -3.6987242295736310e-03 -1.0277409850184960e-02 -4.6047803624816594e-03 -1.6755169824381681e-02 2.2911847234233040e-01 -1.0789856842949639e-02 -6.2721272302931230e-02 5.2133076916290932e-02 9.1223320957625392e-02 -1.5789858419891689e-01 -4.7723732131118553e-03 -4.7158933058594667e-03 1.5090045521448030e-02 4.6309210726014731e-02 3.1303978181751332e-02 -8.8763528654524471e-02 -1.4888584016739519e-02 1.5272745024462721e-02 -8.7479096252943797e-02 -9.9101184233856915e-02 -2.9971039249493580e-02 -1.5749081660105321e-01 -1.6120261770753791e-02 6.1057054048046989e-02 -3.4365956359609880e-02 -6.4491482224426716e-02 -9.4480476649033921e-03 1.5654608566740860e-01 -1.5789993824611659e-01 -2.3843300044565391e-01 8.0734850267214511e-02 1.9497879401285220e-02 9.0151248310741672e-02 4.8000277880130983e-02 5.9395673930517347e-02 4.0754972968058703e-02 1.6199521013185689e-01 -3.7173083384691240e-02 2.1265351071534299e-03 -8.3861026632522956e-02 2.7292484712465960e-02 7.1053716330490124e-02 -1.6082758332227520e-01 8.2600448997927109e-02 1.4589717999015889e-01 1.2607000696139431e-01 -1.1829206678590180e-01 -2.0281974104944181e-01 1.5413089399424490e-02 -3.7108969654574449e-02 -5.5988649576799721e-02 5.2080092105383773e-02 -1.9653957878871819e-01 -3.9497493327368113e-02 1.5601779032055879e-01 5.9741226627800258e-02 -7.5255088607886454e-03 5.6701855072195571e-02 -3.3361908116095178e-02 6.8096028435835607e-02 -1.6430831145377781e-01 3.8091838423189889e-02 -7.8688095333906000e-02 2.4896542168364611e-02 7.3783181835256173e-02 -1.1266634250091689e-01
1.5382784799373361e-01 -1.1738660897138320e-01 7.0885913980967982e-02 3.2882805788407403e-02 -9.5513208363272664e-02 -4.6351997752659881e-03 1.6911680258477110e-01 1.4677233663953279e-01 1.1478507772430550e-01 3.5270678045828147e-02 -2.3892698819842899e-02 -1.4680401239726021e-01 -6.6842650357945524e-02 -1.0416932077053620e-01 3.3878144868306542e-01 -7.5313637764928387e-02 2.4140854014284809e-02 5.1331552601621269e-02 -5.5940091363250649e-02 1.3632540347219359e-02 -1.3524976295097510e-01 1.0724157421053350e-01 5.7382747004734128e-02 -2.9399616325142881e-02 -8.2563493781215899e-02 2.9631960280257431e-02 -4.2023597164364268e-02 7.8882391879721209e-02 -1.8987951146783419e-01 -1.4340664700000569e-01 1.3751484359978411e-01 -3.6537212025423253e-02 1.2734203702523311e-01 -2.0640295357462351e-02 1.0696419593266600e-01 1.1384040897859560e-01 -1.5017745548769151e-02 -8.1276727653656386e-02 -3.4688593435366929e-03 5.9801967930457098e-02 -8.5886050069627864e-02 -7.9083613311069098e-02 1.0029879764089340e-01 -1.5416391928349960e-01 4.1294293339129567e-02 2.1278022660089099e-02 -2.4190341879266830e-02 -6.3345763338343256e-02 8.1743286333241898e-03 -1.7430354606274720e-01 -2.0636622391350951e-01 5.6314667148657349e-02 -9.7092607420347102e-02 5.6919960133367427e-02 1.5588681187083850e-01 4.0225244015279778e-02 1.2372618174010720e-01 1.6273891166077431e-01 -1.6094517023466301e-01 5.9687696617962943e-02 4.7596069007160083e-02 -7.1142815747182869e-02 -1.1591121619192871e-01 3.1397702967991423e-02 -1.3876622587521781e-01 -1.1339647481636909e-01 2.1210936227586970e-02 6.6573399814477408e-02 4.2942148018260268e-02 6.9251257580880798e-02 -1.5426719617283400e-02 -1.4938881339704951e-01 -1.1177367587577540e-01 6.6825290703334733e-02 -5.7182760806289042e-02 3.9362628581764730e-02 2.7642577351840749e-02 -1.4279647028004930e-01 -2.6126549598730810e-03 -5.4630064003385062e-02 3.8923850763609942e-02 6.7003190678697491e-02 -1.1321584868770350e-01 -6.4838488315519874e-02 1.1815738793985110e-01 -1.4463780898721179e-01 -5.2654962308203270e-03 1.5322804377598320e-01 -1.5310897210857851e-02 -4.3163267695516271e-04 -2.3824725565580549e-02 -5.0650824981631003e-02 -6.6088679112003626e-02 -1.7348368299178060e-02 -5.7527007884586243e-02 3.2502258771940781e-02 6.4364144134747947e-02 2.6040644383827621e-01 7.3208427771758429e-03 2.0312721065323471e-02
-8.8224280404691324e-02 1.1978536589639800e-01 -7.1213432707990146e-02 8.1062526724661202e-02 5.7150463084555007e-02 -7.4874530795262087e-02 3.6414246852585687e-02 1.0862132022095820e-01 5.5968508727178519e-02 3.5336530706388238e-02 2.6464652809987499e-02 1.0700859233028039e-03 5.8142691490424947e-02 -1.1316305286565311e-03 -8.2155012443770270e-02 6.4807856844345965e-02 1.3662702527023629e-01 -7.6547503497714220e-02 -2.5378777728508418e-02 8.3072531357344770e-02 -2.1664159268638902e-02 5.1331153880085592e-02 6.6894749585671473e-02 -2.8897659599238430e-03 -1.9119548776554149e-01 -4.7607327856662440e-03 8.8186377350918319e-02 -2.4017273553456359e-02 9.2379261571448601e-02 2.2748946539212361e-01 -9.0728285491737837e-02 -5.5653919875077167e-02 -3.8854276197035832e-02 2.2959795330695230e-02 -1.8206291021263859e-03 3.3074769302269373e-02 -1.0480832377532719e-02 -1.6292849977040880e-01 -3.5663527790754643e-02 -2.1284938453383240e-03 1.5884506619765701e-01 -8.4662054115311913e-02 6.6660251626027012e-02 2.7662853363814761e-02 9.9528185686179105e-02 2.4615480899918010e-02 -2.0644389211502820e-01 2.3903058801671220e-02 1.4946640912704859e-01 -9.5283950452381930e-02 1.8982011662513659e-01 -2.4095526663723350e-02 1.1351025165865629e-02 1.5848121195519160e-02 -7.3385481867359895e-02 -1.3704996375569839e-01 -6.0090807924508209e-02 -5.7599295393491200e-02 -7.1372572019574509e-03 7.1623302413992743e-02 3.9632108036182431e-03 -1.4665261919005959e-01 7.0885523715092796e-02 7.7264292004635887e-02 -1.4745683617239749e-01 -1.2740404433469790e-01 1.0313776950001420e-01 1.1888770832702700e-01 -1.2969586162437061e-01 2.4774764262835389e-04 1.6861113101904571e-01 -3.2953068038238623e-02 2.0745713781214781e-01 -1.0856437268824599e-01 -6.1866093748808269e-02 7.4450347573610950e-02 -6.1053765002761400e-03 6.5309347599791540e-02 5.9911730442607419e-02 1.5294154900927359e-01 1.3198208049458790e-01 -1.2561709867049409e-01 6.4368051141823674e-04 -1.4665287742494859e-01 1.0883742239548561e-01 -1.3313946178289629e-01 -1.2656226160956090e-02 1.6271319406642679e-01 -4.0770881107619047e-02 -7.8777439458583384e-02 -2.0649309874751759e-01 -1.3220096578178731e-01 -2.6086328161587291e-01 1.0114820102983201e-01 7.1775334099194121e-02 -1.0230851443455470e-01 -1.7482216334605991e-02 1.1466083708682970e-01 -1.2549066246629539e-01 -4.9658355491816873e-02
-2.6058310914523482e-03 1.8145215569127929e-01 6.9209587009014103e-03 -2.3383238509599341e-01 -1.3216175396696980e-03 -2.0569806440481600e-01 1.6053080098763331e-01 9.7082775685066389e-02 -4.7048388911508317e-02 -1.3582469299198530e-01 -1.2816327086958751e-01 4.6739399677437878e-02 3.1745164965860662e-02 -2.0859752623884231e-01 6.7880199119364285e-02 6.8044436771914879e-02 6.3107638125312726e-02 -3.4263886285078107e-02 2.5243255856642260e-02 3.3096025258421910e-02 -4.8623619069615577e-02 2.7757748007147941e-02 7.2483215225328843e-02 -2.2587910621060730e-02 -6.8455495567905358e-03 5.2359361280468829e-02 9.9045413775357138e-03 1.3920197476357410e-01 -4.2788368544372749e-02 6.7090972733535190e-02 -4.4805665916945153e-02 7.9245774257133542e-02 3.6835753158114708e-02 7.2532853396504823e-02 4.1945609084755080e-02 -1.1807967771190930e-01 5.3378220976427693e-02 8.5463827632182479e-02 9.3732199242425290e-02 -7.7453820703248411e-02 -1.2534736754657341e-01 -2.2431156186561929e-01 -7.3455393117508580e-02 1.6589686556324779e-01 1.9999088244602109e-01 -3.1649857219487850e-03 9.7708852979376426e-02 -8.5355461951133679e-02 -5.6391797386501102e-02 3.5743204956267080e-02 1.0072924943251051e-01 2.5278234736799610e-01 4.6854601877689993e-02 -6.8763298202818207e-02 -6.1611191962613922e-02 6.5442253466228950e-02 -8.6998611234873652e-02 -3.9720246164864192e-02 -1.5667212487401710e-01 9.8702911913310556e-02 -1.8206999313930369e-01 -1.0600559225729229e-02 -1.8044231599018561e-02 -1.3035185117636211e-01 -3.0179165733097191e-02 6.5073571966833610e-02 1.6530945425438578e-02 -7.7602753031863772e-02 9.9851944953755808e-02 4.5258116452191639e-02 -1.2802202285897979e-01 8.4713225320574376e-02 1.3472992143001400e-01 6.1292490347470002e-02 2.7615925641641420e-02 -1.1338513411644220e-01 -3.5810776278069091e-02 -1.7963381627591260e-01 -1.1292597728195250e-02 -1.3506006266664439e-01 1.0199365676164390e-01 -1.0453852541797071e-01 -1.7442887255320300e-01 -8.3119313965422020e-02 6.5005426516858728e-02 3.7722505792755399e-02 7.6464958894015056e-02 -4.8046365138060050e-02 -7.0046912760461252e-02 3.6713669935684750e-03 -2.4863744071451130e-02 1.2353018417961489e-01 -1.0230794210495300e-01 -1.0634658870948700e-01 -5.9753255425062428e-02 -9.7932918009833586e-03 -1.0032919689870330e-01 -1.3633524625201979e-01 -1.2590400666294441e-01 -2.9714845170496020e-02
7.6096644973349961e-02 -6.8899427326801887e-03 6.5710950344848602e-03 2.7386771966333540e-01 8.4386949939357858e-02 -1.1465785363539829e-01 -9.1127695323096378e-02 -5.5395657129619587e-02 6.8226805815058592e-02 -8.1770868863932616e-02 -5.9904167421668549e-02 -1.5763503187400779e-01 -6.0592110081832247e-02 -4.0024112314363557e-02 -1.4086566978181389e-01 1.0387826119056269e-02 1.2983409388721689e-01 -9.4450187885918857e-02 -1.6392106529003009e-01 -6.0517438495564298e-02 -5.2442794414286391e-02 7.7430765953969858e-03 -6.0345021882865509e-02 9.8922697085287212e-02 9.5996847874394234e-02 1.2359323699815770e-01 -1.1995106992066580e-01 -3.5560677996997567e-02 6.9882403704096249e-02 -4.9507552648614873e-02 -1.5613333930628531e-01 2.3593953720585720e-02 -3.1986980520342150e-02 -1.3521459415952111e-01 -1.2808751890986420e-01 2.0561870819329081e-01 1.5280298981916671e-01 -1.3579151472461501e-01 1.0269078773931900e-01 1.3734175280624120e-01 -7.0001413702476534e-02 6.8718706515711186e-02 1.0601956177561350e-01 -1.7553730440068489e-02 -4.1360273534891703e-02 -1.1853184390845840e-01 -1.5104345430753541e-01 1.0824091173901641e-02 -1.1191404005159999e-01 -1.4108422854121841e-01 1.0943831731604430e-01 1.2972489758820990e-01 1.6719891628990369e-01 5.1688634555359797e-02 1.5276445544425649e-01 -3.7310657364141173e-02 -1.2192735718458790e-01 -5.5581072292941347e-02 1.9130833213049470e-02 -6.5227988003492858e-03 -1.2104905137754310e-01 1.8937334194471769e-02 -3.5488104843495648e-02 -4.4473489583860777e-02 -2.5462511160125659e-02 -5.4466593666325419e-02 4.0820804087759878e-02 4.0731887669545878e-02 -6.0578141481305733e-02 -1.9740151611594040e-02 -1.7956316849512469e-01 5.4051958036841277e-02 -5.8495577376384077e-02 -4.5598823666899040e-02 2.5443732098868299e-02 2.0912457027998110e-02 -2.1653679075853449e-01 -1.0075625873524161e-01 1.2278995290065950e-01 -2.4180521672035959e-01 7.6575738336593049e-02 1.1754502557085750e-01 -3.7613119556193092e-02 -6.7979734251027976e-02 -5.4506211067190641e-02 6.4653096458002865e-02 8.2422869454861075e-02 2.3955712732065841e-03 -6.5627053479887607e-02 -1.2316298780986530e-01 8.7050269680542622e-02 -3.5173617267676323e-02 6.4953740143239624e-02 4.3840080501969900e-02 4.6160044744936513e-02 4.6570878570377630e-02 -2.0879327496061889e-01 2.3876078255715801e-02 8.9538316157162373e-02 -3.6605198685182347e-02
1.6276729042113569e-01 7.8335797010516670e-02 2.4285018405969900e-03 -7.0390543393497457e-02 7.1390654171957987e-02 -1.7913575271979809e-01 1.7607349649955881e-01 3.8693834469809688e-02 2.0176575274508271e-01 1.0355292158494329e-01 -1.6683088434959031e-01 7.6853899474837201e-02 2.3248510467920421e-02 -1.0498425873885241e-01 -1.4148621318081070e-01 2.3234871295615162e-02 9.6359210007345597e-02 1.7867285981137851e-01 -4.5539618664564990e-02 3.9811008937740942e-02 -4.7616412229769277e-02 -6.4574738344100061e-02 -1.3028388118215001e-01 1.7898402475382441e-01 -1.0845818685052799e-01 7.1483218158680764e-02 2.6482161828707450e-02 -6.5858846517524328e-02 -4.3912293014631313e-03 -4.2696913037926998e-02 1.1524248094853259e-01 1.0127171492985160e-01 -1.4780132833436560e-01 1.2276735529546780e-02 -5.2619819242878230e-02 -3.0783404405640570e-02 1.5898844999636971e-01 -1.4853740041865300e-02 8.3937828917916110e-02 9.8230116225739822e-02 -4.0665838849709729e-02 2.6453765596935169e-02 -1.8967971363449801e-01 -1.8491541792013049e-02 -4.7985460405419629e-02 1.9139220149028291e-01 -1.1047802729982580e-01 -7.0844621325618265e-02 -1.7977768102599739e-01 -4.8857787975603598e-02 -1.1959342135123270e-01 -1.0549738901141049e-01 1.1283162685206551e-02 -3.1417327927286730e-03 -1.2249241465184740e-01 7.7316782148725408e-02 -1.4450016427351861e-01 -1.7250358792092080e-01 9.9816739944287268e-03 4.9205081684239128e-02 1.0481527379122481e-02 -3.2477287016281137e-02 -6.3622809936222630e-02 3.2068402288886563e-02 -1.2243266582318359e-02 1.6388890385292970e-01 -5.7453281322902103e-02 -1.2314805752143240e-01 2.1407423496454470e-02 -1.6080836301337059e-01 3.5929510150728768e-02 -1.5418846675134321e-01 4.8419035456729348e-02 -8.3544117231246204e-02 -6.4001752804826048e-02 -1.3882200244997331e-02 1.3188758370122561e-01 -3.3293182369405289e-02 5.1939191350860739e-02 1.1102700920960830e-01 -1.5757657378631489e-02 2.3247170202954689e-02 3.8320000189384439e-02 2.3006046123422649e-01 6.6691682445541396e-03 -3.1736408310632090e-02 8.3728088415765470e-02 1.6698897134895291e-01 1.2427293421268520e-01 -1.8277561748881439e-03 1.2670400733872890e-03 2.8053104671160761e-02 8.4511456727861825e-02 1.4550643829770629e-01 -9.1501163516305675e-02 -1.1015477724363110e-01 -4.4347994556081351e-03 9.0631393149340822e-02 1.2546944789488451e-01 -1.6368580258086522e-02
7.7413081743947454e-02 -1.2730431912155610e-01 1.1145955154620610e-01 -7.7024943909520333e-02 5.7204615735242853e-02 1.7858413242886090e-02 -6.0869316550746982e-02 1.9233497579475470e-01 1.8289166266007961e-01 -1.3129261995897540e-01 -6.6911646702803362e-02 -3.9192248243859841e-02 2.8936463671367579e-02 -7.1840591597046467e-03 -3.8194943266378878e-01 -1.3478671382115720e-01 -5.0151792601073622e-02 -3.3029653420747727e-02 -7.3238997289185884e-02 -1.6094425100404181e-01 -8.1629856008431229e-02 -6.0844901953328687e-02 1.7752145263059549e-01 -1.3981260930933340e-02 -2.8700336984901809e-01 -4.9269850218309201e-02 -8.9058776899327050e-02 -3.7969963389713403e-02 1.4714196955564621e-01 2.7957118286206190e-02 8.5400721245928332e-02 5.5918146335896292e-02 -3.3426077291106478e-02 1.1585574166258029e-02 6.3343291826991055e-02 -1.0851900673168539e-01 -6.7566809287677526e-02 -1.7051482332100892e-02 3.3759196773611222e-02 -4.0495401017182638e-02 -7.7027356549603965e-02 -2.4924542235624649e-02 -1.2830501996876010e-02 -2.5946410156199189e-02 -1.4578919395978929e-01 -2.7351484317259200e-02 2.2871711874117270e-01 1.9704424405178871e-02 2.2695643675944749e-01 -1.4189909225379349e-01 4.2513773267443031e-02 1.2040308974373989e-01 6.9862197461466269e-02 1.2636696796876390e-01 1.0194582763155660e-01 -2.7815748239834352e-02 1.3491375539649780e-01 1.5724145676203571e-02 2.4605774121574220e-02 5.7911932939532548e-02 9.8979167329040860e-03 -5.0353840605676242e-02 -9.7849306171276393e-02 1.1861581603682010e-01 -1.3173764875089001e-02 -2.7671746514002251e-02 5.1201374540746247e-02 1.6141908559174531e-01 9.7553829027201902e-02 -1.4054895647446811e-01 4.9789488921905829e-02 1.1496899545747750e-01 1.8085735470298282e-02 5.4500388551785107e-02 -1.4757117277680251e-01 -2.8716701907637272e-02 5.4262231751910903e-02 -1.4200131977021629e-01 9.2906836923548980e-02 6.4491830703162445e-02 -3.1721675630711682e-02 -1.2103509282348671e-02 -1.0657251833556521e-01 5.9840688548027522e-02 -6.4629913832905325e-02 4.9972460923318369e-02 -5.1976563057868318e-02 -3.2343134601566202e-02 -1.0531859863595349e-03 3.8242675768134331e-02 -2.6280461449033701e-02 7.6491014126172985e-02 1.1042800672121740e-01 4.6236118936487020e-02 3.7612529882817942e-02 8.0544756642361381e-02 4.3644864171629973e-02 -1.0826569607692570e-01 -3.4258912134586310e-02 7.8637469702380905e-02
-1.2715283646787459e-01 -1.0712291397655800e-01 4.7930880116473437e-02 1.5197621754757740e-01 -1.8280108415539779e-03 -1.6525610920583531e-01 3.2754104316481757e-02 6.2366466175132057e-02 -1.2800229287492629e-01 1.2961280959423740e-01 -1.7711708779126339e-01 -3.0682425260839329e-02 1.9713574780652601e-01 7.9707850213658182e-03 1.0060934985665330e-01 -7.2529133451061295e-02 7.3486485211060118e-03 -1.4959089265286710e-01 1.6175460212665160e-01 -2.3123809930305859e-02 -4.2450087402717898e-02 -4.7684203751071012e-02 -6.5453472989011260e-02 1.7984322853839051e-03 6.3226227348583367e-04 9.3555886922360276e-02 -9.9446665162103903e-02 -1.3775181630295820e-02 3.1961106332417777e-02 4.3098020210281217e-02 2.0279709619179601e-01 -4.1708207880449414e-03 -4.8721093646478591e-03 -2.4511527433991629e-02 7.9316098260233295e-02 5.9523599285225659e-02 -6.5125026598078548e-02 1.5955674723910279e-01 -4.5487178729304717e-02 2.9381672607912461e-02 1.1612008141281710e-01 8.9152801253690822e-02 -2.7043820223586350e-02 9.7899148798169158e-03 6.7180817953439081e-02 -2.2220544965253799e-02 1.8820364809902640e-01 -9.6966085570997271e-02 -1.0393905522704169e-01 3.2785658553450142e-02 1.3002664099309450e-02 -1.2202788117723951e-01 -7.5395189201102317e-02 -1.1484390727925710e-01 1.5375397248432451e-01 1.1946459762392860e-01 2.3693902517542709e-02 4.7793924331445900e-02 -5.8671025638644438e-02 -1.5590169059265061e-02 -1.8039745060058029e-01 -7.7901507414955218e-02 -2.6741078161631632e-01 9.9965850825881122e-02 2.2772147293862701e-02 3.5324790266312717e-02 -3.3724319569926661e-03 1.0042047474781780e-01 -2.2416153273356151e-01 -6.5853384329767117e-02 -2.1943049977004001e-02 1.7559538809059161e-01 2.2642101098449399e-01 -1.7672831924247881e-01 -3.3505978847723702e-02 -5.4441583634725212e-02 1.7243495221729289e-02 5.7087358104079902e-02 1.0938174048885529e-01 4.0361702306692712e-02 -4.2586415957379303e-02 1.7166141803613880e-01 -1.8435224088455580e-02 1.4273293423634431e-02 -1.9045748432452550e-01 -9.8279686386963383e-02 -4.7332344211747777e-02 2.8806364108868089e-02 1.8660553793787001e-02 -1.3301705200529501e-01 1.4662898416529749e-01 2.3024338263337920e-04 -1.3073431450591549e-01 -6.6250958215868421e-03 2.2143769402646232e-03 -5.9427829692384290e-02 -1.1707378660236240e-02 -5.7709952892061843e-02 -5.3155785533392889e-02 -1.2336787526878300e-02
1.4321155269670580e-01 -4.6636177482199219e-02 -1.2692072595487230e-01 3.2096596131864691e-02 1.2301016686982640e-01 -1.6748763274073060e-03 2.0510471293847380e-03 -2.2171376700241271e-02 9.2353420329318141e-03 1.9596815644323901e-01 -1.5309939349318419e-01 -8.3602915085902951e-02 -2.2690482999924242e-03 6.9187093959199295e-02 8.8390111830269777e-02 7.4011797413688518e-02 -1.4298616903329109e-01 -6.1590882269220652e-02 8.8737868859826180e-02 1.1919084043136789e-02 1.6845915327392099e-02 3.3264352862034031e-02 1.1775499449167071e-01 5.7665010997029224e-03 -1.3343504355439989e-01 -1.1672416150128810e-01 8.8579049599099707e-03 -1.9356569780262381e-01 -1.0435410859509490e-01 7.1385333814276100e-02 7.1766883963559944e-02 -5.7684664221778738e-02 8.8281844992140965e-03 -1.8611380320220991e-01 3.2104794760242938e-01 4.7322990913253671e-03 1.7021891484073820e-01 2.7040846703223109e-02 -5.6605689261967837e-03 1.1676376206500140e-02 -2.2309627714180039e-01 -1.3933084615325059e-01 -2.6838383471690978e-02 8.4639607387238344e-02 -1.4338253938643089e-01 3.3764713988494212e-02 -2.6591747886859370e-02 -4.5792907718810900e-02 1.3905740299929151e-01 8.5377599613071578e-02 4.2324418098986620e-02 -4.9829284454888717e-03 4.5608502071067633e-02 -1.5715330779212061e-01 -2.3709626133788489e-03 -1.7464319906794609e-01 3.6921672176965119e-02 5.0700857751921721e-02 1.0263996587165899e-01 -1.2925232440105311e-01 6.1445527254920321e-02 -1.1969981942125471e-02 8.1213272297156677e-02 -5.5435227249596493e-02 -8.8502495849124063e-02 9.5124122654147242e-02 2.1400748004453549e-01 -1.9808245050118439e-01 -1.2250408400041260e-01 -5.0210522412323863e-02 8.6067067564886152e-03 7.1386693044347027e-02 -7.2398429695613747e-02 2.5483837963942820e-02 1.7346310891611269e-01 8.5048996020206814e-03 1.1918987117424640e-02 1.9155803648807240e-02 -3.8790094802585592e-02 4.7117693842580771e-02 1.7165002911912419e-01 1.8054763139339430e-02 -1.4699202228847480e-01 -9.0991988140072755e-02 -8.2450970948517638e-02 1.0361536133480689e-01 -9.5619550948357205e-04 6.8039976481020347e-03 9.4287549705303272e-02 -3.4888675136679867e-05 1.4407785569793621e-01 2.1553138748247710e-02 4.4352957082312211e-02 1.2388777095525159e-01 9.3131853461705383e-03 -1.6017352811028659e-02 -1.1087984507973200e-01 1.5718046819011379e-02 -3.3978088322958608e-02 -1.1484958916625580e-01
5.6519887071733187e-02 -4.4389657956017098e-02 1.0932301707959851e-02 -1.6743894919806910e-02 -6.3334033223660213e-02 1.0291826559355651e-02 1.4556171824028319e-01 -1.2431118712423660e-01 9.5838297440911952e-03 3.0277870896641999e-02 1.0714092535382200e-01 9.4499214017138886e-02 1.0613153096625411e-01 1.4178385774361271e-01 -1.7882557591874110e-01 7.2652182622114259e-02 -9.2674613329424047e-02 1.0419596657247220e-01 4.6012855017559792e-02 -2.4235021731290199e-01 -1.1327031796060170e-01 -1.3960385642565781e-01 -1.6495843443295050e-02 1.0457214722875200e-02 1.0201263048557580e-02 -1.3290609731485140e-01 -1.6395801177632349e-01 -1.6348362462717651e-02 -9.6887935931559310e-02 -8.8150461968762209e-02 -9.0196958844192876e-02 -2.1842518194426671e-02 1.8636616486611099e-01 -7.6634315427337091e-02 -1.0811930020751261e-01 7.2872980122985223e-02 -7.2327625856942704e-02 5.2934954742655027e-02 -1.0038431751902829e-01 -1.1569689859612919e-01 -1.0374579957323390e-01 5.9648554185831863e-02 -5.0030008466244898e-02 4.6536444599865837e-03 -2.8267498407567988e-02 5.8202882876500057e-02 1.7081084827638679e-01 -1.1628638438994671e-01 2.0836320838931631e-02 -3.5659507510551920e-02 -3.8904951285581947e-02 9.4581655146500937e-02 -5.5374272123956077e-02 -1.3029660531480931e-02 -1.5678534580208819e-01 6.5442068282731441e-02 6.5753558802283105e-02 -1.0773141017332109e-01 -2.4611055590909001e-01 3.1899336287194900e-02 3.5022246763552332e-02 -1.0908838605917300e-02 -2.4935803245967308e-02 -2.8195238394352112e-01 -2.1008038620063889e-02 -1.6507073673261818e-02 2.4559320678808519e-02 -1.5978652807953160e-03 -1.5794519185590419e-01 1.1206313225611279e-01 4.7110304872607048e-02 7.1228998882533396e-04 2.1300717200921029e-01 -4.8234994373464839e-02 3.5935000825701113e-02 9.1154101639056448e-02 5.4886941721043359e-02 -2.8238878418361580e-02 -2.0052173712642670e-02 -3.3690663468472992e-02 1.4800901503550640e-03 4.3792422632877921e-02 4.3348312570395481e-02 -1.5438852507793280e-01 9.6350966205793698e-02 3.0311486842368668e-03 4.8870506277986288e-02 -1.7622384627035480e-02 -1.2953950890449870e-01 -1.0739198930104869e-01 -5.7687723709060543e-02 -1.9327600890629559e-01 1.3777029166678931e-01 2.2763930201622781e-01 1.0355125331372619e-01 -8.0538278295737828e-02 -9.9903915746921923e-02 9.9738803438447210e-02 4.1965630312761251e-02 -4.3087920687446823e-02
9.6641943025179422e-02 2.4233798585962299e-01 -2.4800932650485771e-02 -5.6333239387177089e-02 -1.8281829471961761e-01 -2.0599545889649379e-01 -1.2384477145246320e-01 8.1888586350596038e-02 -1.1371367313560871e-01 -9.6693177343784333e-03 7.7618530842331834e-02 -3.8974804830099227e-02 1.2302208183045600e-01 1.0028145742724601e-01 3.5602955249814182e-02 1.2977016310665690e-01 1.3756987859991279e-01 -7.6139863469628560e-02 7.6191730223550538e-02 -1.5571597281342869e-01 1.2744628528611271e-01 9.7433539655049695e-02 1.5575412495148050e-01 -9.5375940350679408e-02 -1.5790272109631179e-01 -1.0154069758023990e-01 -8.2564821840629493e-02 -1.4707070419253770e-02 3.5470099623197977e-02 -1.0582894502514401e-02 1.4376113116217651e-01 4.9876658305993367e-02 1.1058563219379090e-02 4.5106596722859361e-02 -6.4390808441706443e-02 2.1573204079120601e-02 8.7522459709750269e-02 -5.7298411600087570e-02 -9.1059153366074369e-02 1.2703300965681449e-01 4.0046443417859567e-02 7.6983548188444981e-02 -1.8970376624298190e-02 6.5522840985436284e-03 -2.7075007360314392e-03 -2.6080388377960031e-02 -6.2190050288952158e-02 -1.1552770495251140e-01 1.2157598630333651e-01 -7.7719557969574235e-02 -4.3257141496889223e-02 -1.6274209216335489e-01 8.1973764637561550e-02 -3.9216577858397772e-02 2.5252258510903269e-01 3.7203432177138132e-02 -3.9709263550975052e-02 7.3724491414474897e-03 -1.3891428354391239e-01 -1.5656891377332541e-01 -9.9644480944444027e-03 3.0476659175766981e-02 1.9349668102152781e-01 -1.2987635538538531e-01 -9.3080282465458269e-02 1.6561323891348709e-01 -2.2489960147269929e-02 1.2318740883425200e-01 1.2185718710578210e-01 3.6496837705918272e-02 -4.3015646696788590e-02 -2.5742408310067888e-01 2.0789387359820739e-02 -1.4003543898638929e-01 -5.2820680542314230e-02 -9.1371755087339707e-03 4.0641244266637837e-02 4.7463426419801051e-02 -1.0971008247256759e-02 -3.6993047565923323e-02 -6.4256731454569255e-02 -5.2190469209755777e-03 -4.8729374664617783e-02 8.6992419187384831e-02 -7.1525756778504729e-02 6.1057495590649102e-02 1.3416418605744929e-01 -1.7211258425962489e-01 -1.1838456171529380e-01 1.2627400115499951e-01 8.5000309426318338e-02 -3.4524114714024688e-02 1.7754293861116509e-02 2.4835906123254710e-02 7.0163921416969005e-02 1.9664976018984020e-02 8.3867853456826152e-02 -2.5415798339577071e-02 1.1004354199553350e-02 -8.3677145740984921e-02
-1.0716299843208731e-01 1.2558076248115130e-01 1.2891704024884509e-01 -1.0621641965385460e-01 -9.5138130229161871e-02 1.3517755213366761e-01 1.1499332784196160e-01 4.6716786075515132e-02 4.6047494680448033e-02 7.4566824086098965e-02 9.0029379363091924e-02 7.6454208543433419e-02 2.4010474408732160e-02 6.0006947084398823e-03 3.1504780982300057e-02 -1.1998862360350580e-01 -1.3215905015846260e-01 1.0037541079057700e-01 -8.0057035449155822e-02 -2.7789808431883219e-02 -9.2741348063774723e-02 -8.3048836999321390e-02 -1.0577876827411151e-01 -2.9864536430818729e-03 -5.5550597190154857e-02 1.2375534370117300e-01 1.3966333804120709e-01 -7.0335880063462392e-02 3.5291832358135017e-02 6.9575372491578344e-02 2.4354164295081610e-02 1.2496706316291389e-01 1.3903138221557820e-01 -1.5891581698562160e-01 -3.9314107139937167e-02 -7.5874682702667340e-02 4.0310230413952243e-02 4.3599806495217129e-02 -1.8964451595978621e-01 3.3268368715629007e-02 1.2263982840985050e-02 -7.8730665581453974e-02 2.2558253426496841e-01 2.0462304570193890e-01 -8.5414746886191741e-03 -4.9894107218271443e-02 -1.1500683715816090e-01 5.3474267028047320e-02 -1.1869619355467220e-01 -1.5302139086472180e-01 -1.2919823867538381e-04 1.7288277108305161e-01 2.9940783692710679e-02 -4.4248397190009482e-02 1.3459857631210459e-01 -1.9076054143902679e-01 -1.0890052458972550e-01 1.1635202254706650e-01 1.7299461491844881e-01 -1.2560626341900019e-01 4.8243579327483459e-02 -9.4135207985728293e-03 -9.4651567602043959e-04 -1.5359012811381181e-01 6.6580261807960547e-02 1.9992336389990381e-01 -8.5793740518744430e-03 3.8878953142139933e-02 -6.9160017147398542e-02 9.9923180020815960e-02 7.1102802081485145e-02 3.4971783644035082e-02 1.6140663795520591e-01 -8.9952205781409902e-02 -1.0108181219328870e-01 1.1369214672374300e-01 3.6377863938394969e-02 -9.1640869915436449e-02 3.1695678596472669e-03 -1.1887448049225280e-02 8.9226706228005756e-02 4.1453057075907483e-02 -4.1537954907830639e-02 1.4429596578986820e-02 -1.4001451689231731e-01 1.9686804864753701e-02 1.3677499880385741e-01 2.6377255248461559e-02 7.4241050919424442e-02 -7.6763135086524756e-02 5.8765201073390352e-02 -4.9737383657327819e-03 4.0876961784834763e-02 -1.2460035297144841e-01 3.9050025894741873e-02 2.2822806468522631e-02 2.1536135083703220e-01 2.5905828528515661e-02 9.8859030973943371e-02 1.7221851319261461e-01
-8.3156890257567225e-03 -5.3003887281431267e-02 2.0651897476578249e-01 -4.4513888596110260e-02 -9.8752612373426668e-02 1.4407791299265260e-02 -2.1042358407468070e-01 -1.3147485215692731e-01 2.2124649062891830e-02 1.7450453757338280e-02 -2.0174264012547748e-02 -8.4708209946813134e-03 -2.9717324171642259e-02 1.0149914035097010e-01 -5.3058558606420003e-02 -3.1615662770779027e-02 5.0004885184233877e-02 -6.9548830317708683e-03 -2.0333651848862939e-02 -1.4263998780052650e-01 -1.0775383295588799e-02 -7.7900133942402690e-03 -7.7025997186826692e-02 9.6345051028082093e-02 3.6913274085492449e-02 6.0144077064172477e-02 -1.5240547671634269e-01 3.7608523851001149e-02 -2.7704664560909548e-02 -1.7551427235099001e-01 -4.4371275111163948e-02 -1.6236898616821091e-01 -1.2734895271404209e-01 -7.8872511895819369e-02 -7.8025703728382231e-02 -1.9381033517619559e-01 -1.2536170462506041e-01 5.6375445309801734e-03 2.0748212786230549e-01 -3.6378785861510228e-02 1.0744363509576731e-01 -1.7203141812212960e-01 -1.7131654547822540e-02 3.2610477938065541e-02 5.4379818545412698e-02 1.1717614252375880e-01 5.8464034759257773e-02 9.2232190745899306e-02 -4.8168714883484842e-02 1.2118621105685121e-01 2.2962486107396589e-02 -1.9686138881731520e-02 1.1807611825891499e-01 3.2302438734086288e-02 6.3401490036376365e-02 -4.3766552609287752e-02 -1.0425827248673680e-01 3.2001348900640388e-02 -1.7079559024931171e-01 -1.1566917425935490e-01 1.1521430908585430e-01 -1.0361920082169390e-01 2.8067233202845630e-02 8.1147587886895231e-02 -3.2809838912217108e-02 -1.1517551995857291e-01 1.5932791043558570e-01 -1.4177952104009450e-01 6.2419822006594509e-02 1.7485704286841941e-01 2.4163092605116489e-02 7.1753999537884413e-04 7.5421549107269614e-03 -1.7126386747420830e-01 -1.5516847496255640e-01 -1.9514873245079670e-03 5.5263315293959834e-03 -8.3424075228345052e-02 -1.3213550126802809e-01 1.2261352248049280e-01 2.6177210470186851e-01 -6.6488297720293993e-02 -1.4506054329151269e-01 6.9152763977598578e-02 -7.1220771049688783e-02 -1.0111903391071041e-01 1.7048506614001261e-02 -1.3608559731634329e-01 9.9945237424249336e-02 2.4217781590605801e-02 1.6267846420560331e-01 -9.5750501848841287e-03 -1.3690336482806539e-01 -1.0692742820166939e-02 -5.7139120757315441e-02 -1.1266829515044539e-01 -1.3800515347226460e-02 1.3856955620843370e-01 4.5490673355494997e-02 -1.8852184497371690e-02
4.0948420208869317e-02 -3.6464724670206899e-03 -2.4036947691193768e-02 -4.9506324086598281e-03 2.6466740632060531e-02 4.1824145610029131e-02 7.9542236528417160e-02 -3.8075875418315010e-02 -1.0605616851873551e-01 -1.0921098584247731e-01 -4.3827635782770158e-02 -6.6660524137009458e-02 3.4075186028451401e-02 1.2828315299451890e-01 1.1340689950696060e-01 7.3738731525959125e-02 -2.8304478359421200e-03 -2.2525065849375639e-01 -4.8512325448755972e-02 -9.0958461107219668e-02 -4.1729297249759177e-02 6.0182624641562162e-02 3.2408542462791651e-02 -5.2784021729218228e-02 -6.0405794948024581e-02 5.3913158462712253e-02 -2.1919573477067529e-02 4.4311272592478031e-02 8.9657928350166241e-02 1.1672245562840410e-01 6.4148025775590686e-02 -3.7609050237838921e-03 3.8743403912873162e-02 -4.2805456085500772e-02 -1.7509726522208859e-02 -5.4310934466324581e-02 -1.9205914583876929e-01 -8.6492693159919976e-02 1.2128467482962800e-01 7.1967287949829623e-02 1.6905207745926970e-01 2.1334636761965391e-02 -1.4437462979811011e-01 1.2353382811959340e-02 -2.2266005689480489e-01 7.3684174943440442e-02 -5.3420088987588057e-02 -8.1411190358453484e-02 -3.5522656847186601e-01 3.0579434288094599e-02 4.9117781437293583e-02 2.2680181543988179e-01 5.7166356980772971e-02 2.1921159078929380e-03 -4.1438658763563743e-02 1.4509084287554910e-01 -1.7442368895896329e-02 5.5517713409205242e-02 6.7947047364954855e-02 -1.0140961927830169e-01 9.8259111183043382e-02 -1.2313979770596411e-02 8.8659509810618195e-02 4.2633383651056442e-02 -1.4301055364435239e-01 1.9276097514033041e-02 -1.6248927897659471e-01 9.5268912516132086e-03 -7.3956665274346869e-02 -1.1592170824112701e-01 9.7867299451916398e-02 7.3278947513151449e-02 2.0504577215844720e-02 2.3545300622753479e-02 -1.8368072041563760e-03 1.3098407618364241e-01 1.3975618619460589e-01 1.1412047374343710e-01 5.1772747497426538e-02 -6.4167535286972721e-02 -6.3337698389592856e-02 -7.1285323813833623e-03 -2.7331703011899139e-01 -5.4140542705006248e-02 2.9079225245325879e-01 1.3180644231589700e-01 -6.1146249924581182e-02 -7.2862472128788755e-02 1.5298240693644519e-01 6.2929493662912436e-02 6.6954688420182646e-03 -9.4599830430634441e-02 3.9125947635647071e-02 3.7959240963754248e-02 -2.3587480062462689e-02 5.4806145456310101e-02 6.9420391968834710e-03 2.3877563130995389e-02 4.7549618503136000e-02 9.6977272866485970e-02
2.8682524507906079e-02 1.2409642614166561e-01 1.5235228119220329e-01 4.9151590129617777e-02 1.6865493698261541e-01 2.1313720141284419e-02 2.1566536901707861e-01 -5.3380624003331753e-02 -7.9820285189806037e-02 5.3217836149611578e-02 -2.2687179311703491e-02 -7.7373401724853574e-02 -1.8364674170922590e-02 5.1026752124485347e-02 4.4218891960290142e-02 -7.9159225702532934e-02 -8.7854160593129865e-02 -8.8617857754188911e-03 8.3644051202748218e-02 -9.1506440588596971e-02 3.5414546363717590e-03 6.1408784537692801e-02 1.2882737078436070e-02 -1.4630737677488889e-01 1.2582723481470950e-02 1.5927580931520050e-01 -3.2564926278094118e-02 1.0396102603298581e-01 -1.5632263014561800e-02 -4.8255772575846011e-04 -1.5832756331491360e-01 5.8075298540379003e-02 -2.7038861478604809e-02 -1.4572415184596250e-02 -9.0285052421836751e-02 -9.0832793448898705e-02 1.4102622270909099e-01 2.3659299034494940e-02 -2.6054910963473069e-02 -2.7655503360458359e-02 -7.5266880708346848e-02 -2.4525292157885320e-02 -1.2552946216424751e-01 -5.5577451532592637e-02 -1.4825135980413759e-01 3.4264237283312751e-03 9.2771934080342015e-03 1.6718741376887231e-01 1.2813836950270180e-01 2.8082415702198049e-02 -9.3973514149106790e-02 -3.0722998616418151e-02 -9.2975584430231330e-03 -7.6465824465508869e-02 -4.7818284222762332e-02 -4.0734289213561467e-02 -9.7438830190385020e-04 5.2340723231049283e-02 6.5441843440940325e-02 -3.8596192256544301e-02 3.6622569401807123e-02 -2.3641855146134289e-02 9.2418460120020848e-02 1.9128594100029789e-02 1.5407488014443050e-02 1.1306492895757030e-01 -2.1890262717965309e-01 1.7992259739269911e-01 3.7068454244085877e-02 4.2269025379556929e-02 2.1787702703130140e-02 -8.1112092859826707e-02 2.1351714598729379e-02 -1.7993738882596330e-01 -1.6885852308754429e-01 -5.8966548566189089e-02 -2.4737944461698660e-01 -7.5180230788518113e-02 6.5804096508871417e-03 4.4333810391447660e-02 1.5991643799942931e-01 1.8313367237226630e-01 2.8479143050399371e-02 -2.5470662227004500e-02 2.1363494681426051e-01 -1.1512495331867580e-01 -3.0485888895982588e-01 -5.5091518740391809e-02 3.5558418478470180e-03 -1.0010243257329519e-01 2.8626090279632321e-02 1.2421518421800520e-01 2.8809021420976789e-02 1.2540960133029971e-01 -8.3879573019568707e-02 3.2836394451499190e-02 4.0374382148652993e-02 -1.0640287483238520e-01 -5.9930947235885920e-02 -2.1844283523240990e-01
-1.5422434202256749e-01 5.1973466854712311e-02 2.1709005458681870e-02 4.0265880910652092e-02 6.9188638906468175e-02 -4.6748862700468123e-02 1.1922965913343241e-01 -7.6755746927189436e-02 4.3957398660768962e-02 -2.5569776545773200e-02 1.5062336739519239e-01 1.4123566561391920e-02 5.4538367566379087e-02 4.6524557787764268e-03 2.9137738865797898e-02 7.1812618065171030e-02 2.3486855213746660e-02 -1.7800111504652081e-02 2.2135160839300730e-03 -1.1410094874256450e-01 1.4299224828832571e-01 1.4335881253009711e-01 1.5722702001581990e-02 1.6431376834573949e-01 -5.0865189227028179e-02 -1.1356103467508430e-01 4.7384560823567339e-02 -2.1922689505796489e-01 -5.4800658858704950e-02 -6.4284292938795399e-03 -8.7965058538960764e-02 -3.4617059217212663e-02 -4.3714110547416772e-02 -1.5725012179117201e-01 6.1289769534954817e-02 -3.3296121886426992e-02 4.8493362474878073e-02 1.7516656524788979e-01 1.5585575035802030e-01 1.4814535970518430e-01 6.0631843740697113e-02 -1.4799960838894380e-01 -9.2657205849716678e-02 -5.2844961673635719e-02 1.0658517177383510e-01 1.0110464061739130e-01 -1.1093048607926050e-01 -1.6341297868212010e-01 4.6778140261194492e-02 2.6063417418168322e-01 -1.7618832865228831e-01 9.7214356403390378e-02 -4.2787115526499588e-02 5.4830366092737497e-02 2.2405530885214041e-02 -6.1921383211046122e-02 8.7186346547202323e-02 7.0050148278123586e-02 -5.6843040073776788e-02 1.7328673597314470e-01 -1.0158314326683260e-01 6.6224647508253409e-02 -5.7963128159800384e-03 2.2218601477565381e-02 -9.8194035585199582e-02 -4.6389601089422090e-02 3.3932137849212299e-02 1.6084012164128450e-01 5.4646408101787260e-02 1.1943084201220630e-01 1.3925266475083911e-01 6.7481106472505853e-02 -2.1313491939375730e-02 1.0404998248837451e-01 -2.2210245388480651e-01 1.0176383336601651e-01 -1.8426645522746671e-01 3.8980025369211697e-02 1.8886618617462261e-01 2.9367980723637641e-02 -8.5391158448297880e-02 1.5405484773700739e-01 9.0241398669592632e-02 -4.6844593632706752e-02 -1.5848064834044360e-02 -7.9549302281796911e-03 1.5770184744588869e-01 -1.3233090067068350e-02 1.1632491504610630e-01 7.5939559300133866e-02 1.7554218861449509e-02 4.0531279507050100e-02 9.8796390554757182e-02 -2.5345617508185880e-02 5.5991971367450780e-02 -1.4874128905931009e-02 -7.5456141687633227e-03 -1.1771367224836680e-01 5.4855988842867083e-02 1.3860866682448961e-01
1.6568008214467810e-02 -6.3928059946528504e-02 4.6915274542628567e-02 4.9195189025094462e-02 -3.0790229291593311e-02 -5.5485219508920540e-02 -4.9883738838912998e-02 -5.3063980302759601e-03 -1.4067971269314780e-01 3.7731547704289187e-02 -1.4583144665507770e-02 -1.1412426637892620e-02 2.2805625208993079e-03 -9.4790161206875681e-02 -1.6521723610649541e-01 9.8322458687369971e-03 -2.5164758283961822e-02 5.9494791049067602e-02 9.8597302883671800e-02 4.0040451183526744e-03 1.1225436205318051e-02 2.2327095072510589e-01 -2.1559461555069051e-01 -1.3136209302381310e-01 -9.5982912829442379e-02 4.0396917118631979e-04 5.6693883288593663e-02 1.3580651002460400e-01 5.9811909527804227e-02 -2.1817382362736379e-01 2.4025838562370311e-01 -1.1835337643202250e-02 2.2010358395866181e-01 -6.7086561961157989e-02 -1.5648901283079719e-02 -1.2991657887869171e-02 -7.7080568402851851e-02 -8.8281864195877691e-02 -3.9818572374844402e-02 -2.4215893233679581e-02 3.1615301115963758e-02 -2.3630809381998069e-01 -8.6558043210348684e-02 -2.2309891212249300e-01 -2.9384301492621171e-02 -4.3509061885164353e-02 -5.7927370071931071e-02 1.6147350520846621e-01 1.3620800776160230e-01 9.8252840116822268e-02 1.5190867677613790e-01 -2.1976084551978449e-02 1.3138731578957760e-01 7.0277749492432998e-02 1.2657133259135270e-02 -1.0573432645703180e-01 -1.2857233055655151e-01 4.5110348056629300e-02 1.4797167431613739e-02 2.0861757195473651e-01 5.4085151842009321e-02 3.2066235526969099e-02 -9.7807591455766660e-02 -1.5769026059684069e-01 -1.1427473098663669e-01 2.1337303976217609e-01 -4.1160056075155362e-02 -8.6041614867870639e-02 -5.9035008641211251e-02 -4.6214318404132072e-02 1.1342693893795990e-01 7.5743273646943471e-02 -4.8108924248246691e-02 -8.5727974466672505e-02 4.3072511618217811e-02 -5.1353524853730938e-02 4.3946702513184572e-03 1.0483451773331130e-02 5.6348677704513489e-02 -5.4119108465036203e-02 -1.7176304656900240e-01 1.0718432345959220e-02 1.2980979276081711e-01 -4.6107347577893323e-02 1.4154783078053149e-01 5.6107133298811132e-02 5.3301594549471282e-02 -2.7116163765831008e-02 7.3764653636748140e-02 -4.1009026974794138e-02 3.9982792055542470e-02 8.7291169749783418e-02 -4.7513673984447932e-02 -1.2470194156344040e-01 8.2012304811987291e-02 -6.4678819769260237e-02 -1.2310045940527670e-01 8.9958060360643272e-02 1.6313210855770179e-02 3.4892505412149062e-02
-7.0435031419728414e-02 1.4444104930407051e-01 1.3583465669085040e-01 1.4371182232198521e-01 -6.7639277780079665e-02 -1.0449253601963179e-01 -8.2784234649023208e-02 -5.5807789575819992e-02 -6.0192019195367263e-02 -2.1434219443197240e-02 8.6019621498294743e-02 1.5044352768222130e-01 -1.3017143113762999e-02 3.4177838386979853e-02 2.3421596221965890e-02 1.5775897940239711e-01 -1.2021804206939000e-01 4.5365549840379110e-03 -2.8067559528598310e-02 1.5331846824838061e-01 -9.6428567020873969e-03 3.8823108867480340e-02 -2.2176710391082691e-01 -4.2868206228064511e-02 -2.4688387588958829e-02 2.8538507934454439e-02 3.0065819489447951e-02 -7.6428991163943680e-02 1.4024405781651031e-01 -3.4637529380903427e-02 7.3478894328947317e-02 -5.1433858009246623e-02 1.1448187700874329e-01 7.3702071553763196e-03 5.2639362734428423e-02 -2.1155388395609851e-02 -8.9830368216033893e-02 -1.2881875647755869e-01 1.1509856646812190e-01 8.9142332476165015e-02 -1.6875582512816309e-01 1.0669145447823759e-01 -1.2082014098550220e-01 1.1723270641042929e-01 -7.9736934566254636e-02 9.5622136113178116e-02 5.2802739602078083e-02 -1.3850773251547241e-01 2.7357133269108530e-01 7.0608238110631341e-02 -9.1279975294160529e-02 1.5855357275959489e-01 4.8160592538951510e-02 -2.3208323216886411e-04 -1.5319789779764290e-01 -6.8700744064454269e-02 -1.2086499253084540e-01 7.8468700400468314e-02 -5.6205882242790557e-02 -6.8955107286918393e-02 -1.5460031326395371e-01 -1.0300957313377029e-01 6.9940602242302870e-03 7.8504645654194030e-02 9.7456096101033202e-02 -1.3785855615349429e-01 -1.6526962933632448e-02 2.6546432086880220e-02 -9.5687806740548748e-02 -1.7190236626882380e-02 1.4468324064394180e-02 -9.6491805954858373e-02 -1.3682917201855679e-01 -1.5590935938095010e-01 6.8404094787519687e-02 -3.1075481930617311e-02 3.6402027532448047e-02 -1.1105164044725679e-01 3.0881391275659548e-02 -1.2668546494161601e-01 -9.8380216386722896e-02 -8.6561543789019924e-02 -7.4221472177545475e-02 -1.3150493271388800e-02 -9.3357042650056662e-02 -7.0535703144419704e-02 -4.3295515333809799e-02 8.3884026726788768e-02 -4.2755987450383753e-02 -8.0653220815306223e-02 1.2550870105868160e-02 -2.0598845598176770e-02 2.5356211876615079e-02 1.2726427235518689e-01 -2.3884274367057501e-01 1.6500596514043281e-01 1.4672251166860001e-01 9.0646919568458367e-03 -8.1046209596128668e-02 1.6637727145712969e-01
7.5430110351570549e-03 4.4998420383423200e-02 -2.5051891892441802e-01 6.6265766505831006e-02 1.6998192669815970e-01 -4.3095371203629211e-02 9.2743516906956813e-02 -1.7197411473144039e-01 1.0297406117250510e-01 -2.0255272118231631e-02 1.9516144953686340e-01 -1.5050426994840981e-02 -9.0667274748434321e-02 1.4493310637357690e-02 -1.8160470751623189e-02 8.0874650357655495e-02 1.0082401973798991e-01 -3.9025443199387493e-02 1.2490094796530450e-01 2.5756755677122139e-02 -8.4468577912805029e-02 5.4802813833265518e-02 -3.8072037780479608e-02 -2.5082221418090401e-02 3.1608680817106650e-03 5.4786086598605146e-03 -1.0421567839937740e-01 3.9573459022486421e-02 -8.1172491317919648e-02 -2.5513606945470370e-02 -8.7830016570755579e-02 -2.1385444363930101e-01 5.0586027126894577e-02 5.0314901512539270e-02 1.0193862697455060e-01 -4.5868535081079229e-02 -6.3202913539907452e-02 1.6334991946557259e-01 -2.6046525319144330e-02 -3.2029669120181917e-02 2.7226383141052111e-02 -1.0087903442788880e-01 -4.0635799039222147e-02 5.2997331186196511e-02 -1.3324220050910260e-02 -8.9915313520917084e-02 -1.9701536292467729e-02 4.6103554398284952e-02 1.6381004063047680e-01 -3.0589327346243550e-01 8.8154254309967262e-02 5.4625868256824327e-02 3.5607252948418358e-04 -2.1814795150272590e-01 6.8340245032076599e-02 1.0902528900933310e-01 -8.0550988182741909e-02 1.0028865002383471e-01 -6.5328151384224228e-03 2.7436496157451810e-02 3.4624398995549727e-02 -1.6789450660470809e-01 -1.0936227176302830e-01 3.0800905665592699e-02 9.3306395523456112e-02 -1.0075087557858790e-01 -2.4762985223779979e-01 5.7702018695947731e-02 3.6944279383820458e-02 -8.4002435993254548e-02 4.8989305474554441e-02 7.2734892976163576e-02 -5.9244300278549468e-02 -8.9649218481047885e-02 1.3309468481046899e-01 6.7207307306226594e-02 -1.9668364165042640e-02 -6.6286133715635853e-02 -8.2475932687171641e-02 1.8421206309093249e-01 -2.4871645552479980e-02 5.4503360749763682e-02 -5.1280170235316731e-02 1.8940624528068931e-01 7.3949536063678267e-03 3.5397509151020530e-02 2.7289473295819833e-01 -8.8542736225697014e-02 2.0212990372318711e-02 5.0099339147738203e-02 -7.4460117231523416e-03 3.7754480036965833e-02 -1.2094473601216840e-02 -7.5977024188786163e-03 -6.9567384266178603e-02 -2.7166766322419020e-02 1.3612515810446270e-02 -3.5591835109827573e-02 1.8739792973043981e-01 3.8005873462925888e-02
-1.6688627451783389e-01 1.1171021387113000e-01 -1.7326133650063119e-01 -3.0623355899043331e-02 1.0138196540564640e-01 2.5263991353769192e-04 -1.0486452394984561e-01 -4.9519716103087093e-02 1.7299209668537879e-01 -1.3067633200227319e-01 8.6512223318453083e-02 -1.4726531824515979e-01 2.0240915905682669e-01 -1.1496140477233451e-01 9.8365675107516773e-02 -1.0838344097614840e-02 -7.1066822665762058e-02 -1.2212645779447950e-01 3.7323597777647863e-02 -2.0932165388618331e-02 1.6350047541758259e-02 -8.4935730070409748e-02 1.4181205439432690e-01 -8.0746704272369255e-02 1.3229431173150949e-01 3.1557543120536317e-02 -1.8273843401374262e-02 -5.9731697483958471e-02 -7.7529632338684790e-02 -5.3015215133548399e-02 1.2561940179907080e-01 3.8315766852772999e-02 2.7376883503360702e-02 -8.2877336604414042e-02 -1.6713300128171790e-01 4.1309341994432508e-02 7.7448653566786818e-02 -8.3687120587659286e-02 4.9301399412211323e-02 -6.3647890192914669e-02 -5.3008154487034671e-02 -5.8134742664693650e-02 7.3821307671420528e-03 2.5289837209015609e-02 -1.5092186599568330e-01 6.0672024465103593e-02 3.8575109048430249e-02 -1.2186306010803850e-01 8.0669577784692487e-03 -5.0791737793731964e-03 -9.2133935786921611e-02 2.0600596760398091e-02 -1.0161947462589201e-01 1.5729468968694069e-01 -1.7260879927954251e-01 5.0230951979179659e-03 7.7689398433241574e-02 -3.0932426605187260e-02 2.2621118671873180e-01 -4.7708730423174507e-02 6.3920257912525522e-02 8.0540887611896650e-02 -8.3245555101834987e-03 1.6683352495975229e-01 -1.0258861292214840e-01 -4.5779724521219513e-02 2.4137529800211621e-02 -8.1686863086167669e-02 1.9155969709504572e-02 4.2641688194352427e-02 1.2234049097739200e-01 4.7581016247164168e-02 5.3825231197921021e-02 -2.4170086753527631e-01 2.9295138466080379e-03 -1.2529471342191750e-01 7.3829374072873585e-02 -2.4041181022842689e-01 -5.9396780000619563e-02 -6.3360546339013071e-02 -1.3227213132244009e-01 4.2289590411634242e-02 7.0685448227701633e-02 6.2937590715976460e-02 7.7808764176076437e-03 -2.9805213190221409e-02 1.9857517486135801e-01 -1.5386258559370419e-01 -7.0490386286126460e-03 -1.5507383784438730e-01 -2.8224755404232992e-02 8.7229778426543267e-02 -8.0018651487634165e-02 -8.3669279379586903e-02 8.8505157674971052e-02 -2.2615833940908981e-02 -4.7677236597747936e-03 1.5540725075706019e-01 -1.0390224597538360e-01 -1.1225409017105439e-01
-7.6283328166275241e-02 -4.5003666090479393e-02 1.7860997737722281e-01 -9.2742222916365080e-02 1.8434361188153719e-01 4.1184595701597278e-02 3.3756952764752740e-02 2.4737968165140689e-01 1.7445949524223969e-02 -2.8562383745742239e-02 4.5512276370088228e-02 1.9335121904150601e-03 -1.2719639319694989e-01 5.7594870357255551e-02 4.4832500052830633e-02 1.7898347993662139e-01 -7.6743364127424565e-02 -2.8560974403560530e-03 8.4518916629802043e-02 1.0832784764280611e-02 8.0582171591854074e-02 -1.9526610915642170e-01 -6.8748379006362053e-03 5.3707195245689322e-02 3.7528602563175577e-02 -9.7165186574490067e-02 -1.5047191701664581e-01 -6.1861237608487718e-02 -9.8579999120018094e-02 -9.6076513656221621e-02 8.1109983026883589e-02 1.0241459744324249e-01 -1.0115483380674440e-02 6.0448009353471090e-02 -2.1625727085167600e-02 9.1751902091936330e-02 3.1808098878759787e-02 1.7434685610540351e-01 2.5221184067853492e-03 1.7826739304223588e-02 2.5693479160367828e-02 8.1165781195942088e-02 -7.9702277995506735e-02 7.6796351675586016e-02 3.9668556908852563e-02 -1.9066761322400799e-01 -1.2870800984596351e-01 9.5419122882975105e-02 -4.9780538940261097e-02 -7.5513558195767693e-03 1.5827566335617119e-01 -7.6795607803368235e-02 5.4253763031293992e-02 -9.5864937116727389e-02 -2.0146417334381619e-02 -1.1725448611337880e-01 5.8642010808091408e-02 3.2592755940446740e-03 4.9833058043095770e-02 6.9420824155322761e-02 -4.5276915854444051e-02 6.5569121453969745e-02 -7.6268667844967594e-02 -6.5341233460397108e-02 -1.2605237812394201e-02 -5.6512890589051942e-02 9.7783295596327410e-02 7.1433068012000986e-02 9.7212857938285172e-02 -6.0169789904225383e-02 3.6995697604028689e-02 -1.3711522306236071e-01 -7.4206310775819129e-02 -8.0192088384100052e-02 -9.8371785700589603e-02 1.0609648608775550e-01 1.4146829459401561e-01 3.1274299634808460e-03 -1.5318928955504149e-01 -1.1633998850102370e-01 -5.0247714381172551e-02 -3.2429104373753993e-02 -1.7559281699023800e-02 7.9766680983891468e-03 1.4994529525099540e-01 -1.2644561010935190e-01 5.4868464350804613e-02 -1.3167717454604311e-01 1.5504706448465860e-01 -1.3472264713956569e-01 5.6922442401314458e-02 3.9879400741541032e-02 -2.1477102279883209e-01 2.0632323521776719e-01 8.4770869685573125e-03 2.0846654565051581e-01 -1.7318307288732510e-01 -3.1160791665297921e-02 -8.7842643822202051e-03 1.8496960620176120e-01
-4.8682985777063877e-02 7.0279079819120724e-03 3.6439913991363031e-02 -1.0732502739656580e-01 -5.5026929485722673e-02 7.6116416513717700e-02 2.3371296191777879e-04 -6.7534270597228122e-02 -9.6223980783081239e-02 1.0515057735633949e-01 -8.5343221404384911e-02 -1.4902037292359269e-01 -1.2475141959282050e-01 -9.9620681098405994e-02 -1.3972731070626739e-02 2.9593611821202159e-01 7.6334400777541805e-02 1.2530123337499860e-01 1.8204560194624930e-01 1.0157528720879060e-01 7.4699684847750109e-02 -2.4627494967241401e-01 -4.5490268204889078e-02 -1.4274405238889171e-01 -1.3089866699958119e-01 1.4696318663295929e-01 -6.2056511539629898e-02 3.8109522164291323e-02 -1.1899027440278430e-02 -9.0717971350327484e-03 -1.1759229589033270e-01 6.9971908462962851e-03 5.4776543198972703e-02 -9.0631246464027995e-02 -2.5747825703821191e-02 -6.8687466208968706e-03 3.6587724846586261e-02 -2.8137309068610939e-02 5.6951122690735663e-02 2.2441978591512830e-02 3.8799398741316167e-02 1.1316834254826270e-01 -2.5433284459677161e-02 -5.4681613566946542e-02 -3.9358505318551000e-02 1.5993971776231711e-01 -5.0070610134218797e-02 -1.5121468663768159e-01 3.0399220284356310e-02 -3.5008920399631049e-02 1.7363236538974691e-01 1.8056663481267540e-01 -9.0685888320281543e-04 -1.7669957543265589e-02 4.3274555346695699e-02 7.9723588303432555e-02 1.3620110101607960e-01 1.1661165304658770e-01 -3.8239273814910713e-02 4.7186117456663623e-02 2.6396719976657751e-01 1.7898641698234249e-01 -1.8729334705132120e-01 6.1906883632593862e-02 -4.4259431018363798e-02 -4.8500742161905093e-02 1.1949490179008621e-01 -2.2613671725916228e-02 -7.9156084768489690e-02 -3.3177415934807032e-02 -1.9293909784745902e-02 -2.2380388460748999e-02 2.0642324549166761e-02 -1.1773466067491120e-01 -4.0542972852320051e-02 6.2489668584842749e-02 -1.4266445308133499e-01 6.1666416084718068e-02 4.1218093423918377e-02 -2.2285008957112658e-02 1.0172205492919370e-01 -6.1562476614587393e-02 8.5957175865913463e-02 2.1370999505209931e-01 4.3358735859459182e-03 -8.9872676795198884e-03 2.5977323987511649e-02 1.1598634186291749e-01 -1.0465908802784871e-01 1.2681892117075511e-01 3.6484126748204358e-02 2.5763088525145531e-02 9.3045525404927026e-02 -1.0326833787087590e-01 1.2717223001966771e-01 8.7113340124521446e-02 5.8536486177758709e-02 -8.1523447983071859e-02 -1.4537126801377601e-01 -7.0459959122281110e-03
-5.8851381789946880e-02 -2.7812248492749811e-02 -6.7378791977076163e-02 2.0250873123292321e-01 -1.0028893267552480e-01 1.0270719900318080e-01 7.5130980898113278e-02 9.2071412615803108e-02 -4.1489271356026113e-02 -1.5225651826363090e-01 8.1032628049909253e-02 2.0079743074214279e-01 -1.1562310715539829e-01 3.6654432023081857e-02 -1.5833358449466040e-01 4.1572717862266767e-02 -8.4703453402893234e-03 4.6243439193545309e-02 1.3794870381830149e-01 -3.5717898500487390e-03 8.3523022673755346e-02 -1.8079843775173790e-01 1.3723228843887869e-01 -7.7813027103888155e-02 1.8532683920109741e-01 4.4961398284859060e-02 1.0378351888149751e-01 2.6259871951375240e-02 8.7323688963283561e-02 -7.5956778375900469e-04 -8.9662852788115172e-02 2.1040309194287248e-03 2.4170757840593339e-02 -3.8482056509792029e-02 1.3862030989844040e-01 -8.2599637106509263e-02 6.5189689556083411e-02 -2.0046942626502470e-01 -8.6143170333740832e-02 2.7391986975938452e-02 -5.0912876151211248e-02 -1.6960661532779961e-01 -6.4302462527949286e-02 -5.4348315006763889e-02 2.0737527075167239e-02 1.7993668715562391e-02 4.0871106982372937e-02 -8.4653789908437083e-02 -7.9605033183826598e-02 2.2934894996593541e-02 5.3123683117163277e-02 -2.0351835077844929e-01 -8.8605731810475152e-02 1.9415937507184629e-02 1.4853444880003089e-01 -9.4458608230638313e-02 -8.8451008773436479e-02 -3.5281576009639423e-02 -5.4580598054832972e-02 5.4546020467048970e-02 3.1582582979315571e-02 1.6473636362003291e-01 -1.5124902016534661e-01 1.2355475296213600e-01 -4.4415912144634938e-02 -1.1511936160810299e-02 9.7970629149082451e-03 -1.0164258473423191e-01 9.5522600986095108e-02 1.4426049673533800e-01 -3.6791902475332178e-02 -1.0472368775280889e-01 1.1290957289658279e-01 -1.2618444217660091e-02 3.9071320612538193e-02 1.2741649667949431e-01 9.4238213660597758e-02 -7.4165420858086029e-02 1.8866503039624541e-01 1.1989640286568660e-01 -4.8515102735302823e-02 1.9002786248793541e-01 -2.1192209959249131e-01 -1.8519572298838959e-02 8.5999002582710607e-02 1.2877558878399001e-01 5.5294178743943552e-02 1.0881719076199600e-02 5.5760430942699314e-03 -5.0704811862843202e-02 5.8450306685658232e-02 -2.8707605938387549e-02 -3.2118526099233838e-02 1.0677621778969221e-02 -2.2890805311962720e-01 1.4663473376467390e-01 1.6613887434436640e-03 1.2912385611589181e-03 -1.5694840430540789e-02 -9.8455309366819121e-02
1.2445109518534750e-01 1.0876895594551469e-01 -1.0913723013941520e-01 5.4967254712877098e-02 2.3972637277686129e-03 -4.8506299263682780e-02 1.2491979055415790e-01 8.0886750250150588e-02 5.2523573842806842e-02 -1.3907851280427571e-02 1.6149330422920510e-01 1.8256548298106101e-01 9.6126331901498191e-02 6.3493314793001557e-03 3.1215361059762799e-02 -4.0648734040964031e-03 5.2951571171569137e-02 -3.8695111057830120e-02 9.9669792943026927e-02 8.7945230180309225e-02 -1.0279337294697810e-01 3.9562910810296392e-02 -1.7934860375029799e-02 1.5339858742935730e-01 4.9269819937193912e-02 1.5431504287139119e-01 1.2354674613300440e-01 3.0873640753566030e-02 -1.0814819012024331e-01 -2.1470252543031421e-02 6.2225536335835517e-02 -1.1684537057077500e-01 -1.9880547172111952e-02 1.0557437465991720e-01 5.2724341007350491e-03 3.7352101605447913e-02 3.9112045623177390e-02 -3.2233742887964922e-01 6.3059614329859806e-02 -5.5671784139544642e-02 -6.5781831666361951e-02 1.1225737852181760e-02 -1.2289908216694170e-01 -1.0690830037916001e-01 -2.7445665389672219e-02 2.6235234413963641e-02 2.6553495606608690e-02 5.7787820592960240e-02 1.2192771293303531e-02 1.7876870834617811e-01 1.0254119515566611e-01 1.8232882730820490e-01 3.3977639397494007e-02 3.5307704064741922e-02 9.8986970247724945e-02 8.5312710400805958e-02 1.3734452526724300e-01 1.0275533760368870e-02 1.0712661058653079e-01 -1.9816264050116290e-02 -4.1336838405285230e-02 3.7773239014678633e-02 -4.0203232258273568e-02 -1.4894143974744400e-01 1.2036904371207800e-02 3.8393018869941260e-03 9.4135131816993470e-02 -1.2706421145749630e-02 1.4851971154949151e-01 -7.5336857735613286e-02 8.2034498709078457e-03 1.5406984175797789e-01 7.3034527917867062e-02 -1.3069106041403929e-02 -1.6949859649043009e-01 4.9616204035646171e-02 -2.9934110192021392e-04 1.4806300108921180e-01 -2.8418569582030251e-01 1.3652162814495550e-01 5.5279651636531597e-02 1.2162993628197960e-01 3.3939465530169237e-02 2.8396853938759830e-02 -1.7582738108214530e-01 -2.8005784761187751e-02 -1.1867121996961420e-01 -6.5646175296127762e-02 -1.4569774174473610e-01 -4.6763142826026761e-02 8.6674543664275544e-02 -6.5127674145276218e-02 -2.7918959936226530e-02 3.6346849765924998e-02 1.4517936614516699e-01 2.3008540125525151e-01 3.9675595709861983e-03 4.7685500139169987e-02 9.4914246387232212e-02 6.5045495758031632e-02
-1.0715849033482350e-01 -6.0355476336037162e-02 2.1617803107750581e-02 -1.1221608326649810e-01 -2.2686885834254350e-02 2.0586200516077360e-03 -5.5079683288839977e-02 2.1423082832543330e-01 2.8603241938717661e-02 8.9325585630238319e-02 5.9014834047518658e-02 1.2187137860204179e-01 2.0613837633448630e-02 2.0044439287461061e-01 -1.2167095395856210e-01 -4.5349613559894190e-02 8.9135074046556170e-02 -1.6123658972803899e-02 2.4526056704943108e-02 7.6502736425977547e-02 -1.7755035046140691e-01 2.5707529345242891e-01 2.0434704257933189e-01 -2.6880105144364650e-02 -6.7098500219877066e-02 7.9537555367223664e-02 -7.5593885005511521e-02 -1.9992203496136621e-01 1.0023098852962001e-02 -9.2852085646807955e-02 -2.0317474066295381e-02 -3.7419803083013077e-02 2.4423030287595779e-02 3.3706096097533722e-02 1.4194318832591471e-02 3.4950813665932702e-02 5.1552921777703618e-02 1.2419001273953919e-02 2.0616836061616520e-03 9.6433535185736691e-02 8.0250629243590436e-03 -8.6466256876881531e-02 -4.0303320911756597e-02 4.2421121514150943e-02 -9.8629505742923909e-02 3.9589334565853687e-02 4.1855899140615549e-02 1.2721474670340049e-01 -1.2703333401326380e-01 -7.1132364204740308e-03 3.7816485022269163e-02 1.1105103483664951e-01 -3.9895346957008880e-02 1.3573618328620999e-02 6.8787548036192095e-02 -7.6068375705365563e-03 6.2728841591883876e-03 4.2700717650459893e-02 -5.8741030034807948e-02 -1.2518882579844970e-01 -4.3060108138129903e-02 1.1726707810400810e-01 7.4607173523887821e-02 3.9360289034922280e-02 7.3714498894707964e-02 -1.2623275949692239e-01 -3.5400499954123872e-02 -2.0731710718744081e-01 -1.2953905043948949e-01 -6.2687302778390349e-03 -6.1321489071853259e-02 -1.7012957784998770e-02 4.5262971743148118e-02 -1.1847583256769861e-02 1.0375170636660680e-02 2.5356376997994418e-01 -6.7106751565805492e-02 5.7357570899255667e-02 -1.5939602783815560e-01 -1.3392063940917129e-01 -1.5737144488534849e-01 7.2031826967379781e-02 1.7071480552352991e-01 7.3042607282083963e-02 1.2884165856306051e-01 -1.6369789178795069e-01 8.1315471890937782e-02 1.2784380196550360e-01 -1.3209436605813771e-01 -2.4140699932321551e-02 1.4768193294854050e-02 1.9543172712593571e-01 4.0700086338287332e-02 -4.9928270010061337e-02 -1.7626255898927259e-01 -1.4667181720701450e-01 -2.3224584163346280e-02 -8.8074259323113593e-02 -1.2277133483277120e-01 -9.3575437979935422e-02
1.2013654217846370e-01 2.3828130289812940e-01 1.9457389925177551e-01 5.7063090806077937e-02 -1.8844169498496401e-02 -9.1139379275703758e-02 5.5362576725934337e-02 7.1105893920778443e-02 -4.5884706428256372e-02 6.1520639848191588e-02 -6.3769679783524623e-03 7.2597253210411206e-03 2.5934885404560820e-02 7.3704855322754170e-02 1.7082281576014260e-01 -1.1764971062277969e-01 1.4416065117385499e-01 -4.9499875596018678e-02 4.0104811362856301e-03 5.9963944472271748e-02 5.4284761686418777e-02 -8.8467511336976556e-02 1.1008178005710199e-01 3.7721681773083549e-02 7.7273876743161407e-03 -1.1597558936021920e-03 -5.5033484248110359e-02 9.6556364653166610e-02 -2.7790456736751460e-02 -1.8897089949580861e-02 -7.9589119781772230e-02 6.8448247568410683e-02 -3.2587810142048063e-02 -1.1857443672166799e-01 4.1884698795998383e-02 1.0998366749301990e-01 2.9871593990296179e-04 -1.1017136591098670e-01 -7.1550389936017714e-02 9.4081784116353956e-02 3.0609995368444290e-02 -1.0043244170530480e-02 2.6512725116659780e-02 3.9984178347122978e-02 1.4257954685704230e-03 1.1406004983629170e-01 2.0382110833531361e-01 2.5407720287516429e-02 -2.9021392125443531e-02 -1.3249542620465521e-02 1.8143051585302070e-01 -1.6420209348005501e-02 -3.6322501123924322e-02 1.1009681410714291e-01 4.0930925463050452e-02 3.7764831061599377e-02 9.1036191055891322e-02 -1.7242973784988371e-02 2.7285165697065631e-02 8.3153827875480535e-02 1.3952773920830711e-01 -1.4867836013532890e-01 5.8030366340971170e-03 3.7623285529369832e-02 2.2624367407862320e-01 8.0558312235302465e-02 6.7633823767665108e-02 -1.4244510106550459e-01 -7.6964132752185194e-02 1.2583640069820150e-02 8.9445611479638421e-02 9.4937090686205608e-02 -2.1296610721984499e-01 -1.3913548146750160e-01 1.9447986601744550e-02 5.6886939384588171e-02 7.6107291651308209e-02 -1.2154026475640051e-01 1.2234116808240990e-01 1.2875765166322309e-01 -3.2451429440314962e-02 -5.3216709483022762e-02 2.3395960679165700e-01 -2.4545693700173141e-01 2.1121155667888539e-02 -6.8672843669161210e-02 1.1754765489200179e-01 -1.5154919300148340e-01 8.5668052814925635e-02 1.3958255002373110e-01 -1.5547586958571780e-01 -2.2263602380512899e-02 9.8149519913709363e-02 1.9262828533200330e-03 -1.2135017993309230e-01 5.8662710835961383e-02 -1.1848726929715930e-01 -1.4847004609955489e-01 1.0139490576388460e-01 6.2257999272140457e-02
1.2350860001541961e-01 7.2678724188855223e-02 7.4780263401290140e-02 2.5752633458850541e-02 1.0716884766907060e-02 1.4237487860374540e-01 1.7184510245221341e-01 -8.5283878563104626e-02 -3.6505290654287308e-02 5.5437491579776482e-02 -7.5048794347426590e-02 -3.6508272221090002e-02 -2.2161183719856900e-01 -1.6652521150068869e-01 -3.0936822190513032e-02 1.4137935170115609e-01 7.9641439128584748e-02 -1.7094040714856831e-01 -1.8694117865710599e-01 -2.6719577803041011e-01 -5.2038058853009279e-02 4.8795611990639552e-02 -1.0040744721716120e-01 -2.2249064130551949e-01 -5.0943404671832782e-02 1.0000226157472990e-01 2.6260189950397989e-02 -2.2259523597073730e-01 -5.9689455436381177e-02 5.5156043798702141e-02 7.2937600381592416e-02 5.9658353175433172e-02 3.5366933485723138e-03 5.4289263264646247e-02 -5.5834766061427191e-02 1.2144448691116250e-01 7.6166761400903657e-02 2.3882155702254559e-02 2.8444151796213929e-02 9.6631705397545575e-03 1.4268515567744339e-01 -3.3896122142583793e-02 -6.4080955145001698e-03 3.0686750288692059e-02 1.4489892724458320e-01 -3.7928640254060980e-02 2.5212020696348081e-01 1.4331933693621660e-01 1.0842061834292890e-01 1.2995309619367101e-01 8.5795437361786006e-02 -9.8637896536750962e-03 -8.1100864186613525e-02 4.0927048452574097e-02 -1.0531452447438200e-01 2.4405563416070041e-02 7.4618297169388326e-03 7.8905364923400209e-02 3.3375330492341468e-02 -6.3369625898004378e-02 -1.4076796997779190e-01 -2.6820528505796089e-02 8.5797181443282022e-02 1.1601380648803450e-01 5.4355771251832878e-02 4.1969753794592772e-02 1.6525510035994409e-01 -5.4947019772797638e-02 -3.5384037066573271e-03 -1.7923785734425469e-02 -1.9520123269285011e-02 -9.8303429538204354e-02 9.8107608872430918e-02 5.4722389057119902e-02 8.7622100663086760e-02 1.1217198957903640e-01 2.7884410102350940e-03 -4.3681871560066962e-02 -4.2088633482723070e-02 3.0980066556168320e-02 -5.5964523810525732e-02 1.9185109828272059e-01 8.0315191678743791e-02 1.7642950799832671e-01 -1.2538039920913039e-02 1.4296286771166619e-01 3.0383854594403709e-02 -7.4533680597491797e-02 -2.2973751266565801e-02 5.7961277200094592e-02 -9.4753197304280404e-02 -1.4288300894367051e-01 -7.9287476084288183e-02 -4.4546989481075841e-02 -6.6941424848320150e-02 4.6191508799045211e-02 2.9786121385259332e-03 1.3574859381778850e-01 -9.2120174750061953e-03 4.2417855144866887e-02
-2.7628444911799870e-02 -9.1947505980589678e-02 -1.4971941677835060e-02 -1.9178552422485659e-02 -5.0431270134862573e-02 9.1277840404689808e-02 -1.8059780879339171e-01 1.1053522526080450e-01 2.8225368429374349e-02 -5.1570510198456800e-02 -7.4256869177072193e-02 -1.5260391259920900e-04 -7.0758012855779012e-02 -1.1902066749978170e-03 -6.5746458980163389e-02 1.0128638406107320e-01 -1.5527098533771730e-01 -1.4638007723967880e-02 -1.3491303646007219e-01 -1.1073137027005480e-02 2.7518052501123071e-02 1.8988002245340790e-02 -5.7537941835672192e-03 2.9219894578565490e-03 1.2087814643522039e-01 2.0717093950034060e-01 -5.5520824328632338e-03 2.9624374790990209e-02 -1.1182642714418030e-01 1.7201087133376991e-01 1.0958343245666140e-01 -3.3300255827439541e-02 8.5034618295770650e-02 -1.2109899723417940e-01 1.6257704313372251e-01 -3.3894484717840158e-02 7.4343418730164867e-02 8.6244419482132878e-02 -1.4843141843295049e-01 9.8174014341250490e-02 3.4717200629696171e-03 2.2808723053570620e-02 -3.3253176340601831e-01 -3.2998027999256462e-02 1.1938960308878460e-01 3.5208364465836833e-02 -1.5495462734499241e-01 1.7669865727487369e-01 -2.9488960481180191e-02 -4.8957846719335472e-02 -3.5850682510664263e-02 3.6955438474181937e-02 8.2027350946565200e-02 -1.9181810250189699e-02 3.8869116701250209e-03 1.2940396007203961e-01 2.2505558284919869e-01 -1.6970964246179589e-02 -1.7122801761709949e-01 4.0853201746090320e-03 -6.6784133380055326e-03 1.0186000741166899e-02 9.2534610273674114e-02 7.2923028098670920e-02 8.2997745946404050e-02 -1.4626833789186460e-02 -4.8468799532545612e-02 1.3675008700462980e-02 1.0013793140754440e-01 -1.4493292503373520e-02 8.5096287236705870e-02 1.9887877913420459e-02 1.0038499235674730e-01 -2.5953775431527681e-01 -6.2237232054262188e-02 -7.2297146578301455e-02 -1.1124758658377069e-01 -5.1279702641898052e-02 -9.5647082342562778e-02 -5.3756244046506738e-02 -6.8972972326606319e-02 -7.1580743522801915e-02 1.8506494099618929e-02 -2.1720185078603321e-01 -1.5605142781304551e-01 1.5453568689647909e-01 6.5125341751050753e-02 1.1381922508232981e-01 6.6004554316770658e-02 6.0446489981721863e-02 -1.8245054626278809e-01 -6.4858036721703774e-02 3.2177700881366157e-02 -1.8512631621743349e-02 -2.7031064221026069e-02 2.1020058065693958e-02 -4.3547657467484643e-03 3.4762759743342489e-02 1.3323002722045210e-01 -1.2803890809261709e-01
2.9046176799964209e-02 1.1102417911839050e-02 4.7019860703886952e-02 -7.1451644182476390e-02 7.4332472438393707e-02 9.8588315921073283e-02 -1.0623193401648851e-01 1.0074505917305419e-01 5.6041912875948792e-02 7.5412998940024553e-02 1.0845857795725600e-02 -2.1460183260587889e-01 -4.0384835750088638e-02 5.9632594617998233e-02 7.0417791558222267e-02 1.3217398323291479e-01 -5.3592737525450913e-02 1.2774028696128059e-01 -1.8711177231481729e-02 -2.0532852045191910e-01 1.1778207564978600e-01 1.9504051870850991e-01 -4.0405800267615137e-02 1.7144224267042940e-01 -5.6499436015364141e-02 2.9026424240589901e-02 1.7222882004444859e-01 -2.7976854136065429e-02 1.2719855957005899e-01 1.1664193739385080e-01 -1.3579143657856349e-02 -1.3924087377987640e-01 3.7591848556174833e-02 -1.3958967274366791e-02 -3.7441005340562800e-02 7.8281135359014500e-02 4.9911765731855878e-02 -8.9650733321045825e-02 5.1156197238157931e-02 -1.2428477777594130e-01 -9.9607591127120643e-02 4.8720435920171723e-02 -5.2365139864628707e-02 -2.2128959625745331e-02 -9.8345910226576821e-02 -1.2658298508602869e-01 2.2520251261169111e-01 -1.9406396113322169e-01 -8.2448544856670691e-02 7.5191043636970781e-03 1.7938151494747149e-02 -6.6534847968995670e-02 -3.5453663386842388e-02 -1.4491858074842690e-01 5.2186178063886451e-02 -1.6274403637088739e-02 -1.3587562285645860e-01 3.8974793614030202e-02 2.7693446397705362e-02 2.3745293753913471e-01 -8.5206946004665912e-02 2.9685169539768830e-01 -7.0223232343841896e-02 -2.9705410918634420e-02 1.7334251686549329e-01 8.5576312477572674e-03 -1.4027699383208539e-01 -4.6068094018225363e-02 -1.6906143502207580e-03 -9.6117182250717817e-02 -4.6189076417414050e-02 6.9413654202278990e-02 -1.7428874426600249e-02 -5.1398199965679091e-02 -8.1165318610836826e-02 1.5133044477676291e-01 -2.7738229637453489e-02 -8.6130598135937014e-02 -3.2421488055886889e-03 3.7300820572163391e-02 6.7262872973021456e-02 -1.6554624639051380e-01 -7.0362941345502106e-03 -6.2230718190133830e-02 -2.6828003167829469e-02 -1.1056264345210860e-01 1.3312546808800250e-02 -1.1720228434902870e-01 -3.3538994220368660e-03 2.9241156856686660e-02 -9.2489694624131605e-02 -1.2747939469031799e-01 -1.3072309831935169e-01 -3.2669250296842561e-02 -4.7012740752203859e-02 -8.1716475527978408e-02 1.2633334068685009e-01 8.9607011918930141e-02 3.7020164909447789e-02 -1.0255875773657440e-01
1.7710242348199140e-01 -3.2064048014030407e-02 9.4656813132313583e-02 1.4880689261081509e-01 -2.2732421199672420e-02 9.2838034784134771e-02 -1.6301800034038411e-01 7.4650345934912363e-02 4.9150416595610841e-02 -5.4908508574800841e-02 -9.1202735098729990e-02 -5.5359770693709259e-02 -1.2009044438622089e-01 2.0609740310744071e-01 1.8970763880656279e-02 -4.8315021877973367e-02 -8.0818645481090204e-02 -4.5469009331579102e-02 1.1868037498232881e-01 3.0279982050211669e-02 -1.0383277770452280e-01 1.8871342708895601e-02 -1.5974128996897041e-01 -3.3376285378873757e-02 7.1996115360011326e-02 2.0526039393258009e-02 -1.4622551638491710e-01 3.2549787061988612e-02 5.7555933190749371e-02 2.5580188968617568e-01 8.7246884261059143e-02 4.2345923142711718e-02 -3.8697159480616312e-02 1.2623800115668241e-01 -5.6878717888768478e-02 -1.4649752788723980e-01 3.5226125792645502e-02 -2.6060643918078909e-02 -1.0119591546484730e-01 7.7483647874257225e-02 -1.3017639458307370e-01 -1.6701589422947891e-01 1.4914897568947860e-01 7.4124819809759282e-02 1.5492902732786351e-01 8.2868560895069707e-02 3.3612505886626308e-02 -3.3389480281833937e-02 2.4856188170217959e-02 3.0773170769253590e-02 -4.4248233092655367e-02 2.6618173346619528e-01 -2.0237485639023839e-01 -1.9371617412033328e-02 -1.4972153341304950e-02 5.2226137883307641e-02 -4.1696761840147020e-02 -1.7032362252738001e-01 3.8044067340550172e-02 1.2141300141146420e-01 -5.0763601772492693e-02 5.4369608014923833e-02 3.9704926732377840e-03 -3.2736619119155541e-03 -7.9803805711494272e-02 3.4192553853271343e-02 -6.7972175473632476e-02 -2.6558024089109529e-03 -3.6022461930765443e-02 5.4385086654872627e-02 5.5021939807228942e-02 -1.0083687634297640e-01 -1.8049004145800261e-02 1.4198890267470690e-02 3.9316672431237029e-02 -3.9654682699717787e-02 -8.0151280760655599e-02 2.4302523609657001e-01 5.4825125356079647e-02 5.4848919965415438e-02 -4.4598718746462603e-02 1.7289984510531070e-02 2.3175234124874711e-02 1.0484759959033491e-01 -2.3743445039021489e-02 -2.1083828310235500e-01 1.8915469824526571e-01 -1.4259612390502180e-01 9.7958501419470698e-02 7.4563764369233829e-02 -3.2783361555874593e-02 8.8267474091013126e-02 4.4352028051917958e-02 7.9018453956812937e-02 1.2522804202797941e-01 1.3683971861278590e-01 -4.9086579555977401e-02 1.0653603307018369e-01 -3.9913889576993662e-02 -1.1135871661537421e-01
-4.0960405996436399e-03 -1.5253012784257270e-02 8.5126291182715197e-02 -6.6250511419048641e-02 -5.8398719447328934e-03 -3.1156943969988731e-02 1.6264302301293460e-02 -2.9881557080990839e-02 5.1948102374105007e-02 -2.1683895879256410e-01 -1.8675889414012169e-02 -1.2300894515789550e-02 7.9340492100793109e-02 1.7036684859810799e-01 -1.7847916067010219e-02 8.7175484536869186e-02 7.4123802251031976e-02 -1.1934911590992759e-02 3.5164967935781941e-03 -1.2409003131135640e-03 1.0896820594289390e-01 1.5267947168518309e-01 2.0807874550748421e-03 -9.2939755538850866e-02 3.0403655602356781e-02 -1.5708421836645781e-01 1.0663006001441711e-01 -9.8338099315093921e-02 -1.2218358131557790e-01 -1.2393885434083930e-01 6.4913018631811120e-02 -1.7627559025859191e-01 7.5336166713994415e-02 1.2808922074481149e-01 -7.0999007656569788e-02 9.5607963421754760e-02 2.6483368783111180e-02 -4.7752701127277766e-03 -4.1461653272370148e-02 -1.1033931006410590e-01 -9.7064620671275151e-02 7.3755048036418816e-02 1.1325875574017009e-01 -2.1293801790991738e-02 -2.8777779968241279e-02 2.7842444937804089e-02 -1.9342561413874090e-01 1.3679976828786430e-01 -6.2814681550039067e-02 2.3050623668979111e-02 -2.7686561236425659e-02 1.3310117239804059e-01 -1.3826664604433220e-01 -2.7190506739971060e-02 -3.4379542579334441e-02 -1.3229646967265171e-01 1.2213703480325470e-01 -9.5569363557299836e-02 8.6467990758509385e-03 -5.7761808049230028e-02 -7.4153338984620454e-02 -8.3717673183495052e-03 -9.8304565824608711e-02 -3.2916663731886379e-04 2.3679618869673899e-01 2.0971532774927210e-02 -6.1773600803455694e-03 -1.0707040424423119e-02 -1.4827364883496350e-01 -6.1702627989622628e-03 -1.9920930729509359e-01 1.5128768446554419e-02 1.2227952811560901e-01 -2.0488113487402890e-01 -7.5308708973876759e-02 -9.0195693452317927e-02 7.5472854118341787e-02 -8.2021588028827377e-02 2.2050968845625971e-01 1.4505864263258450e-01 8.5742526948438216e-02 3.7508376010713482e-02 -9.4900548077023417e-02 8.3505426438588770e-02 3.4261836451142773e-02 8.5207154341674571e-02 -1.0355289903257971e-01 9.4206938795469278e-02 8.4342060495376903e-02 3.3730056393905039e-01 -2.7879872959267919e-02 7.2204798242551813e-02 -4.7660676893178162e-02 -4.7898984140525937e-02 2.9637949821185200e-02 8.2801387775460866e-02 -1.4807414998213489e-01 5.0404078346952347e-02 -2.4084628987131061e-02 3.7831411670510927e-02
-1.5011216093596891e-01 -4.1807445528214880e-02 7.8571469148301820e-02 -8.0457234548954190e-02 -1.3833999264257490e-01 9.6366285904214727e-02 -7.9131257497580487e-02 -6.4997661536979598e-02 9.0690086133092623e-02 -7.7000997961567286e-02 4.7813045149150482e-02 1.2016560982821529e-01 3.2846214130276823e-02 -5.8145307355016700e-03 -5.8990287005733456e-03 3.0032914239126570e-02 -8.0011469029926273e-04 -1.0310957099051921e-01 -1.8492485588953781e-02 -8.4017076376246905e-02 1.2354518006806860e-01 2.9017347844633181e-03 -3.6128736245181883e-02 6.1733284705975291e-02 -4.7363446937134970e-02 -1.2242561130865181e-02 -7.6483185415995081e-02 2.0778495808964941e-02 -1.2284437036873920e-01 1.0153696456098250e-02 1.1931832757417450e-01 -1.0961133175114830e-01 1.0069172586364920e-01 -1.7836325268583941e-01 -9.6517045586508032e-02 -1.1012354551091939e-01 1.0134454886439440e-01 -8.2983338453676392e-02 -3.4263057708862593e-02 1.0211055108033480e-01 8.6880214877372366e-02 1.1552306352111520e-01 -1.1902188484772961e-02 1.0678895392187490e-01 9.4584811182057846e-02 6.2902702266160279e-02 8.5468146233118533e-02 -8.1031431615360555e-02 -7.1048280339980285e-02 3.0362315381747421e-03 1.0231470419007610e-01 -8.2190243580786693e-02 7.0232442494538357e-03 -9.8129335302906250e-03 -1.1861999296077680e-01 -9.0800285093399241e-02 4.3431956249189663e-02 -1.6126384378058439e-02 6.7972667968846517e-02 8.5074730685691644e-02 2.3978155804366338e-02 -6.7198921180118401e-02 1.4929696976097249e-02 -2.8357677206190979e-02 -8.4408779519718258e-02 1.8045203731732981e-01 -2.6713669274093341e-02 1.2215952492627830e-01 -6.6140050306146753e-02 -2.1773553261588161e-01 3.9919007381829463e-02 -1.7649951926322391e-02 -1.5141582546278201e-01 1.4558088023320900e-01 1.6269835183357381e-01 3.2068002680118578e-02 -8.6518314423211826e-02 -6.1876680069790767e-02 -5.2895020993201987e-02 8.4334696163420680e-02 7.0822868427166216e-02 1.4733571298177839e-01 -1.9927384342229759e-01 7.8332618444487551e-03 7.6795521252653251e-03 -2.3137965359974211e-01 -4.5775290984589982e-02 1.3848197195934350e-01 -2.9947576036913898e-01 3.5389076943717568e-02 -9.6978614100419594e-02 2.1676954045209840e-01 -7.7355931260680980e-02 -6.8216943765483790e-02 -4.8009052624593013e-02 8.3702770352913097e-02 -1.2464358154284701e-01 -1.8354948526677749e-02 2.1939342615193241e-01 -1.0933516979640630e-01
-6.2467915571946663e-02 -9.6522538266253816e-02 -9.6305880433537300e-02 -3.0004139168541201e-02 1.2160347859715490e-02 -6.8521239441568904e-02 1.4942413808357069e-01 1.7665042564205119e-01 6.9270135454952961e-02 -1.4605865346741621e-02 2.6194685758589652e-02 2.4465114513819532e-02 -2.2911168863695280e-01 1.6308714208727090e-01 -2.7891056428766062e-02 9.4428931663518081e-02 9.4569155519330650e-02 -3.4492824948321087e-02 9.9986245053566292e-02 1.8794071573592100e-02 1.8168532684871011e-01 3.5699496959308409e-03 8.3645635831657475e-02 -1.9243245077161081e-01 5.1513108864572242e-02 1.5912082731216162e-02 -1.6777971311473121e-02 -6.9664200635707690e-02 2.3711075148097591e-01 5.5583173029085990e-02 1.2317807143028719e-01 -5.7586987236450150e-02 -4.3353043090835271e-02 -1.6956973355539921e-02 2.9489056997093381e-03 2.3529207259359051e-02 1.1215804895630380e-01 -9.2590120780609617e-02 -1.5776850244056179e-01 -1.2095965387457939e-02 1.0906708372599100e-01 7.2507149960044370e-02 -1.5967646972461370e-02 1.2087747570298291e-01 -3.2213646210638887e-02 7.4903115669402262e-02 8.5852594177192362e-02 9.2895573049275107e-02 -1.0237163523016950e-01 3.3126786313484473e-02 -7.4073897424390328e-02 -1.8956961962257091e-02 4.8229800701517903e-02 2.9469174316988621e-05 -1.4389935117614430e-01 1.3045612651194960e-01 -1.3254394476982920e-01 1.5211679023426100e-01 2.7322011271991249e-02 -9.4792290359584905e-02 -3.1101262266902661e-02 -9.0661375437549901e-02 -1.5503892625973689e-01 -3.1191039746925842e-01 -6.9599768549751057e-02 -1.9959563759015431e-01 1.9899439593762069e-02 -6.6205381637802430e-02 8.9511291657840858e-02 7.4964325840626428e-02 1.6432468450362420e-01 5.9656693286979118e-02 -1.1231440952792419e-01 8.1263473695321164e-02 -6.2319423598354552e-02 -2.0101960359040300e-01 -1.1587867229382930e-01 -1.6197091983208620e-01 1.0529196858099890e-01 -5.1955087792051560e-02 8.8014676229051014e-02 8.3181836151047760e-03 5.6813254798250133e-02 -3.7503399781955941e-03 -1.0371830865220960e-01 -8.0773063142247720e-02 -7.7389824858330958e-02 -2.4442043956558711e-02 3.4628412101336763e-02 6.8694002787901068e-02 1.1221644985641059e-02 1.4242345520986910e-02 7.2885388757470845e-02 -5.1792590353912076e-03 7.6541398541784114e-02 -1.1572298207012401e-01 -1.7243701776188839e-02 1.2473137518177289e-01 5.8633931410798520e-02 4.5738461238770442e-02
-4.0482736440330763e-02 2.1541277475667928e-03 1.0117534961158470e-01 1.2092578321591051e-01 -3.8857108951740292e-02 5.1970696441637409e-03 -4.2581982900562837e-02 9.5543444116585226e-03 9.9431270480798764e-02 -3.6813418401346637e-02 1.7846348176392399e-01 2.7373988211551070e-02 -2.0762175977350300e-01 1.3039531945052249e-03 -1.2155853108996130e-01 1.1662669418632849e-02 9.4401844928187609e-02 -1.1978858485743769e-01 -2.8693346737171291e-02 -4.2248408356619228e-02 -5.2362177528606099e-02 1.5064805504339720e-02 1.3719832915461541e-01 1.3448301978503410e-01 -1.8445642163988810e-02 -1.0263747601245091e-01 1.8543998271710491e-01 3.9736979547633829e-03 -3.8904927786357090e-03 9.4392725287169282e-03 1.0405514985022429e-01 1.2930762579396149e-01 7.9498490703238930e-02 8.9049110085512515e-02 -1.0166026748858210e-01 -4.2310455222176697e-02 1.0286236814070890e-01 1.2229149442532060e-01 1.7939639026029991e-01 2.6106814254854459e-02 -1.4549341231760861e-02 -8.9423378969419015e-02 9.2962064874355876e-02 -1.7728568005944169e-02 -2.0011026704536820e-03 -2.0080392766108578e-02 -5.9366395034970723e-02 -3.8854758861144943e-02 -3.7374772489517372e-02 -7.0456821426154143e-02 8.6649807341912174e-02 -1.2637638442401630e-01 -1.3257091062201851e-01 -2.5437811963365747e-01 -1.4341520780152150e-01 1.9426012418045099e-01 3.3918064809537810e-02 8.9150077153186125e-02 -1.1271619485923071e-01 1.1094253260347690e-01 5.9038569677531377e-02 -1.0134293917925610e-01 3.2492009926250072e-02 3.5462749307512169e-03 -2.7625229393049783e-01 1.0222860333766801e-01 -7.5446123559292519e-02 -8.0749006599134573e-02 -1.6305357800188261e-01 9.1724574996320210e-02 -8.2801661485247091e-02 1.6305805008290669e-01 -1.0772007834873140e-01 -1.7393214226770509e-01 -2.8271827638284539e-02 1.5391565180917010e-02 1.3847345671771791e-01 5.8683706002796389e-03 -7.4078588750388696e-02 -9.4870796542545793e-02 1.1410587830097860e-01 6.8108837043555854e-03 1.2979820888851160e-01 -4.3967185071326152e-02 -1.3186007633451721e-01 4.8378613456191488e-02 -1.7676513625929580e-01 1.9459263529115169e-02 3.0110235050641559e-02 7.4979078900959204e-03 5.5155021626290806e-03 2.1429170468325740e-02 1.2690220396759161e-01 -6.8851657415129108e-02 -2.3312693869145789e-02 1.8263052035636471e-01 1.0152455390436690e-01 1.0918712270324321e-02 -8.3772117831813653e-02 -4.3832385504123592e-02
7.3793745566927502e-04 9.3241178286018016e-03 -2.6922061302729422e-01 -4.6031626454680598e-02 -8.2380104355521025e-02 1.5620694303332039e-01 -1.6413416508251430e-01 1.4026188482375879e-01 -1.4528506567827421e-01 7.8442333270555595e-02 -1.0820477079153050e-01 3.0519742621474309e-02 -3.8688892330992139e-02 1.8468034512897240e-02 9.8134125315412352e-02 1.4611573948784151e-01 5.6707213397390981e-02 -1.3879716132951009e-01 1.2763172939567219e-01 7.3919173064089473e-03 3.8104384501245203e-02 -1.0270825878717990e-01 -1.5957158504575600e-01 1.1750749535171420e-01 -1.9105736332587231e-01 -2.1788394790741350e-02 9.9497446581978205e-02 -3.2871412736622897e-02 1.5205202317288341e-01 -5.2169995458560048e-02 -3.7817332309919649e-03 -1.4751743842314900e-02 -2.1066166133560701e-02 5.6122738360643229e-02 -7.7136271443078983e-02 6.6371889277164597e-03 1.1576791596511890e-01 2.5467145695323198e-02 1.0110263709446750e-01 -4.1732646174296527e-02 3.7040380734684179e-02 -1.7210054222552509e-01 4.6409195116195449e-02 -3.0041216073058988e-02 1.3146471894168299e-01 6.1141327133400522e-02 6.6956003219387106e-02 5.5713539042113132e-02 6.4032269135932338e-02 2.3694210521586111e-02 -1.7158343897598571e-01 1.0740286556370391e-02 5.6271474254045530e-02 1.5728277422426179e-01 1.2141552807875900e-02 -7.8833761011599751e-02 3.9173508507162773e-02 7.9961741837488623e-02 1.1117858733231691e-01 -1.7524785897708318e-02 1.1765470445611929e-01 -1.2727603212988051e-01 -6.7066239108793085e-02 1.5729365475084921e-02 5.1020317517151553e-02 -5.3769606772467608e-02 -1.8153526968979161e-01 1.1503340742837249e-01 -8.0527232867708118e-02 9.6282292276963596e-02 -2.6600399322431229e-01 2.5629766909966569e-02 1.3986520142519260e-01 2.4003991278505131e-02 -7.0959798157339091e-02 9.0020361400447134e-03 1.7029032419652221e-01 -1.4343137369811010e-01 -1.1817218917712430e-01 -1.0960972791772590e-01 2.0631852450897471e-02 4.5372539228853648e-02 3.0485739785236401e-02 -4.9727885009188177e-02 6.1217383931867327e-02 -5.4803174146546119e-02 6.8900840307250634e-03 2.6063360060856730e-02 5.7245633397521138e-02 -3.9999546379246922e-02 -9.6261176360237011e-02 -2.8332182529933241e-02 1.5775678333383561e-01 1.1263221133917040e-01 -6.4516396412503084e-03 4.7068180584823628e-02 -1.4685266923654250e-01 -9.2624403709889919e-02 2.0468129908805019e-01 -9.3299722255727219e-02
7.3716085146116758e-02 1.4929579533109541e-01 -2.5446754277416699e-02 8.5557776797645035e-02 -2.1300638024077101e-01 -6.0003027456858392e-02 5.8581273539297228e-02 -4.8047992658813210e-02 2.2323301936737580e-02 -8.5679587609769375e-02 -5.8915846330836942e-02 -5.3241823304305158e-02 -3.3051378594356223e-02 5.6589788128241100e-02 7.1346008836168070e-03 -1.9496165531307920e-03 -1.2262181461388770e-01 -1.3780332587201130e-01 -1.5688251054039839e-02 8.1332221880017555e-03 4.4850223191948842e-05 -2.1531044398203442e-02 -3.6611350314877077e-02 2.0732629336623290e-01 5.2082478882522369e-02 -1.4282680535832010e-01 -1.9479417736887170e-01 -1.9654213981941560e-02 1.8403786704691291e-01 1.6515905832056729e-01 -1.6082715083829170e-02 -1.1234165310789290e-01 -1.9948846579474849e-01 -2.6889418222686662e-01 4.2294688992086504e-03 8.3173799722678868e-02 -8.0254150763173049e-02 9.2180276212949164e-02 -3.4045149509496102e-02 -1.9095763452621789e-01 -8.8162276149337193e-02 -1.1271590708233049e-01 9.0895480919122265e-02 -1.3231966283373489e-01 8.7284811743954471e-02 -2.8179064261241300e-02 -4.9930282759806828e-02 1.0917138286948390e-01 2.6542556511929230e-02 1.1797942139265560e-01 1.0800427756177740e-02 -8.7445217579975601e-02 3.8600126042902763e-02 -9.5787588307607544e-02 5.7738196953520483e-02 7.7022939210117949e-02 9.3476718341083287e-02 3.0764473691032052e-02 1.7430478613352941e-03 -1.8246654837898379e-01 -2.6703660754836531e-02 8.1760041718866847e-02 -1.1758468637827120e-01 -2.9935053474452890e-02 -2.7474903974118128e-02 1.1936831114956060e-01 -1.1814673457827470e-01 -1.4960051642746039e-01 4.7120579374121917e-02 -8.5578462134239447e-02 1.0334710034819260e-01 -8.3138968699524973e-04 4.3297869498341357e-02 4.6556635259563739e-03 -3.9530075765243457e-02 3.7772529581515862e-02 -1.4675427927477900e-02 -1.8806093879267399e-01 -3.2400385754512810e-02 -5.5018330557777162e-02 -2.4247902054660962e-02 -7.4915472467789707e-02 1.3114699506656799e-01 1.2390807625224511e-01 1.9184181188775759e-01 1.7802813110921020e-02 -1.6896377794417300e-02 1.9819469968632419e-01 -1.5980232920205450e-01 2.5657762505132371e-02 -6.8359919051135837e-02 7.5660506109515496e-02 -6.8232838060116568e-02 2.4835961266262509e-02 1.3556939096295311e-02 1.4349489335239379e-01 9.8553617991742420e-02 4.0279146776261363e-02 -7.3965361164048726e-02 1.3197674305867710e-01
8.2858864608534644e-02 5.4393778488181797e-02 2.5100227110787701e-02 2.4178452519961150e-02 1.1607612499595581e-01 -8.0359895621703176e-02 -1.0264346566179471e-01 -3.3449586643043122e-02 7.0974813282790788e-02 2.2545243216832701e-02 6.7043046607071416e-02 1.0684850569063591e-01 5.0187904280002728e-02 1.1554811133477730e-01 1.8289604894345121e-01 3.6017681182937068e-03 8.0758362375567244e-02 -5.4985044825935761e-02 1.3292429535467351e-02 -2.3501510233581421e-01 -1.7228905507013051e-01 -1.6511867051665891e-01 -5.9257372143718491e-02 -1.0655507079321680e-01 1.2763481731845780e-02 -1.3299139300858120e-01 1.7999055797160721e-01 7.9081041414566122e-02 7.5393947093038861e-03 -8.4569447982618361e-03 7.2155524460422532e-02 1.7534403212075581e-01 1.1778107548218340e-01 -3.0571321317703332e-01 1.3649709022396939e-01 1.3050670156474331e-01 -9.2199738703426973e-02 -8.5572026634025342e-02 -7.5199171413994154e-02 9.5972916785767373e-02 -2.6331663386186810e-02 -4.2774905663380700e-02 8.4799934081690766e-03 3.9601290379467503e-02 -2.0959128251246779e-03 -3.9157783107737119e-02 -5.5443463020751933e-02 3.9653133523277907e-02 2.2101134790521990e-02 4.3524231213336470e-02 1.0786598986375090e-01 -1.1546245191356180e-01 9.6050858738142494e-02 -2.4889782015789931e-02 -1.8050815988136071e-01 3.6340971497610640e-02 -3.5951227009818378e-02 2.4643362947345910e-03 -5.8328719488981863e-02 7.3999475505053453e-02 1.0559599540789021e-01 -6.6184164781510502e-03 -1.6053928772521261e-02 8.7425571252610468e-02 1.2154388548757079e-01 -1.6151128359882261e-01 -1.4185856930020899e-01 -1.6712105397602341e-02 6.4918793713121828e-02 -3.0736095230619709e-02 -1.6264819112980741e-01 2.1009842393410739e-02 1.4582125385665351e-01 1.8111189687817461e-01 -2.5493717098519891e-01 -2.8587308343983230e-02 -1.1263586757898740e-01 1.2855443473322531e-01 -8.9575354294208747e-03 -3.0327665587836498e-02 4.9297309084792547e-03 -8.8991786282230381e-02 -3.1490107330025899e-02 1.4483789902949840e-01 -8.3536302953202163e-02 2.2011406525853351e-02 1.2849056915054710e-02 -1.4355130869994120e-03 -3.6505333220838501e-02 2.5347543328701330e-02 -3.3947347104775497e-02 2.3953955334287749e-01 2.9198977855388560e-02 2.0781894427210710e-02 -5.0596551435902193e-02 -2.4547767226692219e-02 -5.7300384964725407e-02 1.2455050041408640e-01 -9.0093389993247230e-02 -4.1467186015503310e-03
-1.6401434091150099e-01 -2.2723659003891328e-02 8.3274464371778614e-02 2.5426833264118359e-03 -4.0535312830518498e-02 -1.1290608472822700e-01 6.4696398835929619e-02 -7.8923886606761084e-02 -5.9372774397149101e-02 -1.7190556428292950e-01 -1.1392657764455090e-03 -9.1711698599311761e-02 -6.0500981888749757e-02 6.6121743592711987e-02 4.1230328014686048e-02 5.2726157813742368e-02 9.4313630707642010e-02 3.2059728299006612e-01 -3.5275066095523368e-02 4.8405460829872647e-02 5.0912150501544857e-02 5.6184720578524701e-02 1.9290634783110469e-01 9.2280505535281318e-02 -4.6803051706139277e-02 -1.8872000347911200e-03 -1.4856466134254470e-01 -1.0932127690290561e-01 9.5088219414227477e-03 1.2106129565585259e-01 -1.9659125191847961e-03 1.9574246735415229e-01 5.9758337379294667e-02 5.4456377003203452e-02 -3.9092779679557182e-02 1.4974194089923951e-01 -1.3244053350029311e-01 -7.7439359275784297e-02 7.7192185417172612e-02 1.8169123002584139e-01 4.6960370592767718e-02 -9.0775374925504734e-02 -1.0009117027987980e-02 -7.4380607481983343e-02 5.3827197510730757e-02 1.1565532225227020e-01 -3.0323550673547861e-02 2.7472320208743239e-01 8.7229047646542671e-02 9.1564989404952460e-02 -5.5193409084971987e-02 2.5531640655148940e-02 -5.0177813038374593e-03 -8.9471534842605588e-02 -1.1069924603058780e-01 -1.0070150581819751e-01 2.3699356702320470e-03 9.9725439524333867e-02 -1.8258873741029451e-02 -4.6015042183438402e-02 1.4928475016034631e-01 6.0184547526374609e-02 -1.4179328827457949e-01 1.2553393644701161e-01 8.1143485330016002e-02 1.0398093777682170e-01 -1.5026846371613861e-01 -4.3727091004667727e-02 4.0695431477341268e-02 -1.6666676784418391e-01 -8.5942281218852459e-02 8.6189655530623327e-02 1.3202852080892960e-01 1.2822000133775621e-01 1.6569422622911351e-01 -1.0807960059918929e-01 6.5345696199315573e-02 1.3331629860718630e-03 -3.6979843678955578e-02 -1.3561512493492099e-02 6.0150238916431467e-02 6.7669166506015191e-02 -8.2164395660955875e-02 -1.0982225262936859e-01 -1.1849981413716500e-01 -9.3664438064832656e-02 9.1753137229129131e-02 -1.5085328860707289e-01 -5.0158414278950993e-02 -7.3535661118765083e-02 4.9422822655619647e-02 -9.4121463295840965e-02 7.2968477215174903e-03 1.0272606783754860e-01 8.8689476270731357e-02 1.7342253956910150e-02 1.1188089308924699e-01 5.7477873071959569e-02 2.7232014216865510e-02 -6.5213858610947043e-02
-4.4633991679261201e-02 -1.0727072223645040e-01 -3.8208136417613087e-02 -1.6679865400619229e-01 -1.1452354839922841e-03 5.9342906747135632e-02 -5.8583572098013653e-02 2.6352400625518829e-02 9.5105388203977174e-03 -8.4131538376566062e-02 1.0791338762334500e-01 -7.2572601332440881e-02 8.5339140764000010e-02 7.0000862786901985e-02 1.4372642023107011e-02 1.2695762235674529e-01 1.2622297011199249e-01 1.8685342863194850e-02 8.7182453352421779e-02 -1.5352217909770169e-01 1.5842253646274250e-02 1.2041497431960969e-01 -1.2975901821949301e-01 -2.7131767105089931e-02 -9.1018269596625914e-02 1.3219960939614800e-02 -3.0031726389725240e-02 2.4475556779664071e-01 -9.8201302495267664e-02 1.1250000884297701e-02 -2.6456004259345571e-02 9.0134858777823720e-02 -7.1350266494408773e-02 -3.5637094298626083e-02 8.3345492098963816e-02 1.3261828128320721e-01 7.1744398728701975e-02 -1.1135972132745260e-01 2.3639128244169068e-03 -1.9818798102272439e-01 -1.9458819958667750e-01 -8.5294592599833297e-02 7.7065217263440927e-02 5.0066668399265178e-02 -6.0887217565850027e-02 1.1760543694712861e-01 1.6224664474398631e-01 1.4718739673266140e-01 -2.3633306456556771e-01 -5.4208419053853631e-02 -8.7780906144500015e-02 -4.7843536257170839e-02 1.2044317627222220e-01 -8.6050090642040153e-02 -1.0410728591649190e-01 -1.2465741205081669e-01 -8.8870879130372046e-02 -2.6833478989137918e-02 -2.8101856375037579e-02 -1.1084224932126201e-01 -8.4755427188157595e-02 -9.2008874947403244e-02 -8.5293242300414407e-02 2.0580753531713361e-01 -1.6321113253859890e-01 5.0183360004375822e-02 7.2985526319421937e-03 3.9379821666769739e-02 6.3484474137647087e-02 6.4711213053664049e-02 4.8956088743024803e-02 -6.0521034141415193e-02 -1.2582205117468739e-01 -6.2136786996153111e-02 3.1418743879571553e-02 -3.1541203581582009e-02 -8.6259557235600304e-02 1.7824628439552509e-01 1.4377355151297161e-03 3.4125615640482811e-02 -6.5770762659967718e-03 1.1937951464524139e-01 1.0665791048199050e-01 -5.4916084473985452e-02 -1.0982757786323440e-01 8.5512860430339815e-02 1.2400785495824170e-01 1.5245933120755881e-01 -1.0730495324105730e-02 -5.4846735742216553e-02 -9.4796185936638688e-02 -1.2479844831022030e-01 -3.0589431583711701e-02 6.6529195083740333e-02 8.9722208695216486e-03 7.9533438682095850e-02 3.6461294602637681e-02 -2.0714270987314429e-01 -1.0025294769142760e-01 1.7590450127449991e-01
7.0028835994703151e-02 -5.8544519535318210e-02 1.2147431151244030e-01 -6.4406151079466456e-02 -4.5192387722500969e-02 3.9807651770393512e-02 -8.8460557716911914e-02 -2.6879680054815690e-02 -1.0088176827469431e-01 8.0957351254895324e-02 -3.3717614885926117e-02 1.7388557206714569e-01 1.8406968690387579e-01 -3.7018548774741027e-02 1.4390482321022850e-02 -2.7728793068657560e-02 5.7129196493264443e-02 1.8264587174481820e-02 -2.1923954295403659e-02 7.8564647399322368e-02 8.9859779498060996e-02 -3.3867310750469157e-02 -1.0476516974768851e-02 9.7761505271669116e-02 2.4830391226394709e-02 -3.9819167839352139e-02 5.5625318767694172e-02 -9.5445740693395634e-02 -1.6406905708434630e-01 7.7351053303561221e-02 -5.3763817633031702e-02 1.8004726730818571e-01 -2.2226829616383970e-01 -3.4390635914451601e-02 -8.9796294785105590e-02 8.3134412026997159e-02 7.3158242084245623e-02 -3.3572456262646967e-02 -1.1328181381244330e-01 -8.2743783000483295e-02 -6.1817137248054883e-02 -9.8586235825811247e-02 -2.2827534591707960e-01 3.3868495588841731e-02 -8.5360972478965971e-02 5.1453815724580767e-03 1.2118157155133230e-01 5.5623080897995572e-02 1.1607043179523230e-01 -1.3245541995552310e-01 2.6501459129018821e-02 -3.3538164651455808e-02 -2.6242645376557222e-01 -8.0431498017066685e-02 6.4043873411349428e-02 -9.9973488327134333e-02 -1.7012067381443971e-01 9.8591449691449451e-02 -7.0554195972191494e-02 -1.8753161832648680e-02 8.7155973970053216e-02 -6.3514198622730986e-02 8.9466673362152999e-02 -2.2145340268263380e-02 -1.6968511377219450e-01 -2.3213374340892251e-01 -7.5444342503673267e-02 -5.9997526580619943e-02 2.4012969389521549e-02 -7.5310288638474679e-02 -6.1497987413354882e-02 1.5766115676494211e-01 5.8916478047149112e-02 -6.7115436755846053e-02 5.9740977066185107e-02 -9.1727329582018506e-03 -1.7540417613931811e-01 -2.2682101884143841e-02 1.1333435157088589e-01 -1.4994560946611959e-01 -1.4343692408669051e-01 -2.0025325644098022e-02 -9.7538034793445930e-02 9.8447089609823027e-02 1.0443338444874820e-01 -5.2063195348728900e-02 -7.5193306917408553e-02 1.1798461688120199e-02 5.1175526393328820e-02 9.8327179124058556e-02 6.2034527408926926e-03 -7.7690711117443315e-02 -6.1577916318023132e-02 -1.1971739019081790e-01 1.7125880061070820e-01 1.2165754311039090e-01 -1.0971056783504929e-02 8.2989450860297034e-02 1.7210075444272099e-01 1.1212566027170780e-01
-3.2689985367590252e-01 -9.8711979861780721e-02 -1.1439831567441190e-01 9.2961139897600992e-02 4.1854573838923118e-02 1.2934054141891990e-01 9.8287853989387663e-02 1.6934017014509400e-01 -1.2604190042591401e-01 -6.7291565471408119e-02 1.2085454224741669e-01 -1.1096906453873250e-01 1.5753077404181370e-01 -1.6937933668602911e-01 2.3937034685409749e-02 -1.2742503064725061e-01 5.9889553338299713e-02 -7.6352383771637375e-02 -1.7575842897285989e-03 -1.1421781749674489e-01 3.8796304592064783e-02 -1.2953408091075080e-01 -7.9628506735610310e-02 8.3783831075605396e-04 -7.8725012963972413e-02 6.2773641222957532e-02 -4.3888320344674547e-02 7.5156803704176003e-02 1.0272655455700951e-01 -1.2480514480512440e-01 -3.9992871144690890e-02 3.9158956517954688e-02 -4.9401904161195838e-02 8.7029624295233296e-02 7.5552403121904976e-02 -1.1731338825859930e-01 8.7648281129304784e-02 2.9369083359229300e-02 1.8138240206477890e-02 1.5677759086709910e-02 -2.1875796967222391e-01 1.3101622406117630e-01 -4.3026745103717901e-02 1.1335833316956580e-01 2.5027749901548050e-02 -1.4427717989846919e-02 -1.0394146360490961e-01 8.6953424822919650e-02 9.3116369732806653e-02 4.7285421729158741e-02 -5.8112704357951142e-02 -2.3234591639172849e-02 6.2318856637501259e-02 1.7050468935170569e-02 6.5761933892311580e-02 5.8314164990005690e-02 8.7345443555060076e-04 4.6939795473890482e-02 -1.4073641966350831e-01 1.2058362894486301e-02 -8.2906277045860219e-02 -1.0184785825626480e-01 8.8511131066018253e-02 5.0830511583136673e-02 4.0276453486329439e-02 9.4922855102100856e-02 -3.9358425076004122e-02 -3.8080917642947187e-01 -1.4707065629672611e-01 -1.3520699030748001e-01 -9.8817326887765348e-03 -3.8622978720587883e-02 -2.0558808189224700e-02 6.2991734487194861e-02 -8.3620049029577967e-02 9.6628089536567693e-02 -7.0472367905313027e-02 6.1019160010707292e-02 7.5719314080590572e-02 3.4381818333601828e-02 7.0948929448234416e-02 -3.1347995545201117e-02 -1.8951321208948789e-02 -1.7000752932984280e-03 6.4040421349077351e-02 -6.2218520560203751e-02 4.1327989272043203e-02 -1.4072849778968949e-01 -6.5852169677422662e-02 1.4045220995528959e-01 -7.9139357894345799e-02 -1.1268206424918870e-02 6.7526103148179861e-02 6.9531445993386343e-02 1.1481361626715290e-01 6.1249437322023148e-02 3.8864626591112283e-02 2.1628551692315939e-01 2.1695695568141202e-02 5.1314791343580621e-02
2.9317291540603040e-02 7.0139457318217788e-02 -1.4116013146498510e-01 1.0120538631857570e-01 8.4751733907364651e-02 1.6592340886111859e-01 -4.6664074210019557e-02 1.4559546059129380e-01 1.4564734438851651e-01 1.4113000737300649e-01 3.7487994618158292e-02 -1.2351110959130640e-02 -8.8359222447782521e-02 -1.3117426979055660e-01 -7.1093634160829866e-02 -4.9014363002683178e-02 7.4492597466936206e-02 2.1645042679113319e-01 2.2095282943862860e-01 -2.9632751439685939e-02 -9.8935375656099112e-02 5.2629156077913221e-02 8.2041100274417633e-02 3.6214876062490901e-02 -6.7298631351912344e-02 1.2972667464777980e-02 1.3966666068782590e-02 -2.2376884205718890e-02 -3.5766714771928249e-02 4.9737645107847617e-02 -1.0250235106209760e-01 -8.4137553000544554e-02 -7.4810860402945059e-02 -8.9376212033828534e-02 8.1397327769738015e-02 2.3641188464114221e-01 -1.7882784280937430e-01 1.3091885058489761e-01 1.3895604432613600e-02 -7.6667439958780281e-02 5.2736696695971072e-02 1.0360994085338730e-01 6.3060269492150614e-02 1.1788501718702930e-01 1.0589834150609020e-01 2.1500706469221220e-01 4.2462526684597351e-02 1.6952334390259751e-02 -7.7872909241285607e-02 1.4609124200302939e-01 4.1886276252564157e-02 4.8192718488854001e-02 5.4783707703441598e-02 4.4493448492138647e-02 -4.6866227350177793e-02 -4.0381782515807783e-02 -1.2265028664042550e-01 2.6299045685600321e-03 -1.6470502356701869e-01 -6.2826320509975261e-02 -3.8682114568223139e-02 -4.7351276126116823e-02 1.5065759639007961e-01 3.5207370786624448e-02 8.0541388295175473e-02 1.3599508431972421e-01 -1.0216086550986520e-01 1.1825646613067660e-01 2.4851466892577952e-02 3.0636236546898641e-03 5.3647728011242582e-02 -8.5097957134863345e-02 -7.2453901820297165e-02 -1.3703944225297060e-01 2.4457263657833182e-03 -8.7432081260885256e-03 7.1640699685826037e-02 -6.4794791962378515e-02 7.7434070596091559e-02 -3.7382666513509723e-02 -1.7377222704604889e-01 -2.4678101882517098e-02 -1.5301461237874411e-01 -2.7916649460128080e-02 -5.6314052154969240e-03 -5.9674099680230739e-03 -1.6395125053109100e-01 -5.6334250172295708e-02 -1.7433162497426481e-02 -5.5022226233704258e-02 1.0092094108955500e-01 9.2050080290196054e-02 5.5796581625359352e-02 -2.1146939767634140e-01 1.4918072192114851e-01 1.7819706457575529e-01 -1.2125814250713340e-01 1.2895668523296350e-01 -4.0642955889495277e-02 -4.6316946367873868e-02
-2.5416481674803960e-02 5.8557337614640048e-02 5.3595111082619690e-02 9.4287653643031870e-03 1.6608383248328629e-01 -1.4654404081147140e-02 -2.4019893030617481e-02 1.7242276605584039e-01 -1.6914090243050200e-01 4.4361945097214320e-02 -1.0962209930762290e-01 -2.3236534989952268e-03 -1.1022088799289589e-01 -6.9509466237482193e-02 -1.3752297670400729e-01 1.2024712219544451e-01 -9.4469354843944225e-02 -1.2285284734432350e-01 -6.8955982409107275e-02 -2.0874177036113631e-01 -4.1527344757881501e-02 5.5902423783850172e-02 1.8833948717004551e-01 -5.2570888963564877e-02 1.5441319824198790e-01 1.4606034200738310e-01 1.9105238623791529e-01 1.3860286247383169e-01 8.2485973949963202e-03 -8.1517911438390905e-02 -7.3536448044719760e-02 -1.3832523629901370e-02 -1.1874969525614419e-02 3.3294456540518651e-03 -1.8320969304285620e-02 9.4636846469830144e-02 -2.3397793148236681e-01 6.0965662300165507e-02 6.0452653859297059e-02 9.4679177606256007e-02 -1.0400139616656010e-01 -1.7728067495754601e-02 -3.8129366770563947e-04 -6.4527578090418855e-02 2.8963004044019941e-02 1.3743324380860061e-01 -7.1351541316875391e-02 -1.7774488879860370e-01 2.7205499440435949e-02 1.6910647775909251e-02 -1.5110371823281560e-01 -4.4127427881505088e-02 -6.9853384947775793e-02 -1.1286277062609580e-01 4.2909789430633581e-02 -1.9316940119060921e-01 4.2119494643934677e-03 -1.8404046970103191e-01 2.6316778785532079e-02 -2.1475462457169131e-01 7.9348255331919068e-02 -1.7871275531363409e-01 -1.5487594418459599e-01 -1.1358801010100680e-01 4.1066952088565457e-02 5.9015883321623889e-03 9.8474346150909067e-02 2.2164054158565909e-02 8.6767004272934434e-02 7.3002471304581631e-04 1.7520338071028999e-02 1.7048428156440620e-01 -4.1266561787587128e-02 -5.6350884829862362e-04 1.0289059405737749e-01 6.6811198971706703e-03 4.4386542674362747e-02 1.3033702328617369e-01 1.3364733527720021e-02 -6.3974801610309731e-02 2.3724705756654391e-02 -2.0115183245715040e-02 8.5073842762092344e-02 8.6558480628571938e-02 5.2060444863746572e-02 -1.1046975513680150e-01 7.1126427232085537e-02 1.8264015709409370e-02 -8.5347615872364863e-02 4.3898811677867092e-02 -1.2205925076585949e-01 1.3457615996449621e-01 -6.2407995384783851e-02 2.6840261296996359e-02 6.4734796298737018e-02 1.5427749225207970e-02 1.3013264755800291e-01 4.2037937695521360e-02 1.7967886130078481e-01 -3.7384562977301459e-03
5.3636329891474037e-02 3.7472155898926413e-02 -2.5482507336105700e-02 -4.5520392596575872e-02 8.6954873515312628e-02 -1.8186273678702070e-01 -6.0426911654630662e-02 -5.6651433778972887e-02 -4.1547179135163058e-02 8.3594443252247037e-03 2.6417363107629661e-02 1.7616598679946741e-01 -1.5862597845480589e-01 -2.3075518805644099e-01 5.6006604779140663e-02 -3.2772633292057943e-02 -5.2825571370079913e-02 1.5331041873559781e-01 1.8513182441599199e-01 -1.4245429444952121e-01 1.1995177715255220e-01 -1.3136600446581551e-01 4.2246525218985587e-02 5.5713209080469799e-03 -3.3193895707907691e-03 2.7100777770576380e-02 -2.0159012749880489e-01 -2.5005672193350571e-02 4.8132169631424353e-02 2.0576903818529149e-01 1.1827867840754420e-01 -1.5901174623199271e-01 1.8458128771618079e-01 -8.7278300730875197e-02 -1.9727977971890029e-01 -8.9734503035424379e-02 -4.0000577978156152e-03 -1.1282212795163130e-01 1.2080337058642170e-01 -7.4704276163471375e-02 -1.3029668082197431e-02 -1.3998772594176390e-01 5.2135967522562179e-02 2.4500290919940770e-01 -1.2442112087616350e-01 1.7621266936411521e-02 -7.6804307239822941e-02 9.8227387463077340e-02 -7.1718999218058521e-02 -7.0004635395801373e-02 -2.0888018164213190e-01 -4.0465826909087052e-02 -2.3639204497697151e-02 -3.6131748496371012e-02 2.2660340388075870e-01 -7.9692625717223201e-02 7.1310873874490616e-02 -2.5073732884188162e-02 -8.0512139838635186e-02 6.9360741520818128e-02 -3.8457687663394448e-02 -4.6401302272775793e-02 1.3236707753484711e-01 4.3990607166194670e-02 1.0984439756634221e-01 -1.1098256435804150e-01 5.7867039407031827e-02 9.5802879868625603e-03 -4.1485187060995812e-02 -1.3427763217506880e-01 -2.1167659346597551e-02 1.1483417707227600e-01 -5.8301562950282500e-02 5.7269568400041958e-02 -4.5154569878053857e-02 4.6979020521778570e-03 7.9449435384169348e-02 1.3767794887597259e-01 3.7461390625198203e-02 -6.9365817443632072e-02 -1.7685126526893531e-02 1.1595465164277539e-01 1.8438698993890090e-01 -1.0154620634515150e-02 4.8028241900981553e-02 9.4540672770733455e-02 -1.1103087846924591e-01 3.0356732383060709e-02 1.9016600662856431e-02 1.9062688187127190e-02 -7.8592327225545516e-02 -2.6023712244231331e-02 -6.4631083101215209e-02 -3.0077331340618681e-02 -3.9073276564480917e-02 4.8067050346917613e-03 -4.3006013536577292e-02 7.1167517505676250e-02 -6.1379571392409182e-02 -3.0075758744202378e-03
-1.1250065867862220e-02 -7.4116150933696417e-02 -7.9292543833965681e-02 8.9750964791752111e-02 6.0214345208334928e-02 -1.3859588609273540e-01 1.7680710795393001e-01 8.2433617968392645e-02 -1.5003802294951049e-01 -1.1790653738359751e-01 4.3105858686590448e-02 -9.1344072290319628e-02 -1.2763651618405200e-01 3.5743055906914400e-03 2.9161441322318349e-02 1.0799287478079490e-01 -4.0873886741968658e-02 -8.0499832451048983e-02 -5.6373258552860218e-02 6.9857867721296055e-02 3.1754912744595520e-02 -3.3036020627302737e-02 -9.1954479618417840e-03 1.6107794849459231e-01 1.9988262100638522e-02 8.8049296200973917e-02 -1.2479871564149150e-01 -4.9678768445399833e-02 -7.7934596329670328e-02 -1.7169558884675171e-01 4.2367077785172208e-02 -5.8456574302981242e-02 -4.9139274986079687e-02 -1.3098560055036080e-02 4.6934139090707927e-02 -1.6475563848646529e-01 2.1830931736691130e-02 -1.3261256317504491e-01 -1.4842969746848689e-01 -6.9993217367046015e-02 -1.8787718085828331e-03 -1.8432659459786460e-01 1.7056516893320289e-01 -5.8529921011930788e-02 1.4230401304531279e-01 1.2300128784173030e-01 1.2094824795849550e-01 -8.9840004196147127e-02 -6.7414930195345224e-02 -1.2781039631774421e-01 5.4964661420753597e-02 -1.1279912132840440e-01 -1.3479267504634219e-02 2.3875082771846131e-02 -1.6758933535983311e-01 -1.1903428806808240e-01 -4.7157093825020042e-02 -1.3306869588164810e-01 -7.0245644891290343e-02 -3.4474561448669887e-02 1.1059593815006410e-01 1.1784415228648010e-01 1.7329008165786239e-01 1.8686081752033189e-02 8.2488979890648406e-02 1.5435533576586859e-03 3.8408625929040090e-02 1.7398583310320531e-01 -9.8950454519342299e-02 -1.7879039057610141e-01 -9.3675279339871992e-02 1.1186788098024109e-02 2.5159832104108850e-02 -9.1986262868035434e-02 -3.9336932836391773e-02 1.2021755572132740e-01 -1.3904721902104289e-01 -3.2783624296815708e-02 -1.1372421488786660e-01 -6.0864432708167097e-02 -1.7256668470078079e-01 -3.3941725695295480e-02 -5.5605532363157073e-02 -3.3370833729861001e-02 -1.2221595257250130e-01 6.0141314910696970e-02 -1.6912876806107591e-01 -9.3160452100087443e-02 9.7956362597983626e-02 7.0775696253237944e-02 -1.5123993473284180e-02 1.3366646791398579e-01 9.4554175599107101e-02 3.0082275505995300e-02 9.5504283432454651e-02 -1.4893548159271430e-01 1.4633734572544499e-01 4.5179147588526328e-02 -6.3028695632734194e-02 1.5851180097078221e-01
9.8439921040626127e-02 1.3279740473000500e-02 3.0322434573736130e-02 -4.1913798185567973e-02 -3.5649983787396457e-02 -8.5003305118521569e-02 -1.4116041256311440e-01 1.4453949151028239e-01 4.1426736590731462e-02 1.3252658846356050e-01 2.0568383088627709e-01 6.2985769186844412e-02 3.3853885635878850e-02 -3.9755198857374198e-02 -5.4726155370519716e-03 1.9609100603838339e-01 -4.8914605976146178e-02 1.4267132755785669e-01 -1.8543140849501480e-01 -1.0997264516768140e-01 -1.5938938649391740e-01 -5.6856822866431081e-02 4.4178115336262688e-02 -5.5818791623981817e-02 5.7129379081622703e-02 -1.3474710994039199e-01 -1.7930391211988081e-01 1.8091285678451760e-01 3.1078767650398870e-02 -8.1214058162457123e-02 -7.0876634904227645e-02 -5.3536238484192472e-03 -5.3216765374758501e-02 1.1502993959080290e-01 5.2188236441167032e-02 -1.3680238778729101e-01 2.9272602113438351e-01 1.2719512966493750e-02 -1.0648082842647950e-01 2.6726143063820200e-02 1.1717858006383920e-01 -4.2583751543809868e-02 9.5979101747853540e-02 -1.4422845982755519e-01 7.9201587540399104e-03 6.9541802745729978e-02 -7.5406397365566202e-02 -1.4337279909565659e-01 -1.7600424922178691e-02 2.3149241646539320e-01 5.1513417474241138e-02 1.2290128866301110e-01 2.7625254333606261e-03 -1.5148734239713060e-01 6.1586789750195901e-02 2.7130544698407338e-02 3.5015319970139132e-02 2.0673509392410899e-01 6.7711699875435780e-02 -1.2915797211061031e-01 -2.9027695590266810e-02 2.7266440195796791e-02 3.6352346703053498e-02 1.1182835873473750e-01 8.1267851872530564e-02 -2.9454911647338312e-02 -5.0501925524058550e-02 -4.1684095386329098e-02 -8.4278528837897368e-02 -6.7929414112166367e-02 -4.9613795670184202e-02 7.6377623888039786e-02 -2.0676345579282860e-02 1.2373480529005000e-02 5.7450812495462668e-02 -1.4101517257837379e-01 1.3780566714662370e-02 -8.9691987065467684e-03 1.5944099158080441e-01 8.8099065659399858e-02 -4.9714553541119921e-02 3.8707851389320307e-02 -2.8167261666297540e-02 2.4652199755091721e-02 4.2776969880229547e-02 2.9703025226682701e-02 -1.1009528679815669e-01 -3.1991903677265912e-02 4.9741784972946908e-02 -2.4217158639874359e-01 -1.9092460542966830e-01 1.1081004975283909e-02 -6.3160181086182834e-02 -3.1870328429785537e-02 5.6790029153754147e-02 -7.0737582337876900e-02 -2.3673127463423611e-02 3.8366705319624828e-02 9.5011405773783530e-02 7.3729696785145682e-02
-6.5541870777313618e-02 2.9004976031540258e-02 -9.5541301303316596e-03 -3.0615098709095528e-01 1.7165172500803530e-01 -1.7419791485598349e-01 -8.8006508370896727e-02 -3.2960837906990982e-02 -8.9899231597235049e-02 1.5222840361048470e-01 2.6200674362676181e-02 1.9615184714377350e-02 -9.1195361090969262e-02 8.2990763891247335e-02 -9.8461166693443306e-02 -7.6684214131035211e-02 -6.3236173070636878e-02 -1.6093458894030480e-01 4.7653711711821867e-02 8.8618465511721561e-02 -3.9257691675625553e-02 1.4501301262459770e-01 -1.1550492323318340e-01 1.1201293753944580e-01 1.2559305773092279e-02 -2.9508379619156680e-04 -1.3982911679705881e-02 -5.1536185346626580e-02 -6.9052615370530104e-02 1.7893568437982829e-01 -2.6339285941767892e-03 9.9753417920797338e-02 1.1612261620373440e-01 9.3039178410201331e-02 8.8865756703547794e-02 3.4101926504885621e-03 -1.1064668157791790e-02 6.4661344745098631e-02 -3.9940223892569918e-02 9.7604875907978783e-02 -3.7469572761650277e-02 1.4424303899415991e-02 2.2368386580802899e-01 4.4647200147738278e-02 4.4820189291646557e-02 -7.8726402883600513e-02 -5.4078731446521111e-03 -5.3720717917189402e-02 -6.8536964789889840e-02 6.6708446969127075e-02 -7.9542371122813788e-02 -1.3300661892324570e-02 1.4783756661649530e-01 7.7880964772483893e-02 -1.4447023855991529e-02 7.0587791495091728e-02 2.4377881040029358e-03 -3.7813977667349098e-02 8.1200640405352763e-03 1.6018199649926021e-01 2.0896334834591659e-01 -2.3423849381374030e-02 -1.1163902146756910e-01 1.2525873225361489e-01 -1.2321583150461260e-02 -9.0826068866085519e-02 5.9809701134183137e-02 -1.6097789062871601e-01 1.1279246458057519e-01 5.1855540695277480e-02 -3.8671067756369262e-02 -1.0056630230317190e-01 1.2326259843208041e-02 -1.4577636331489330e-01 3.5521593860812793e-02 3.2647680311222151e-02 -8.2528341065217226e-02 -1.0998478085364530e-01 1.3740272593386740e-01 9.9548250998820559e-02 -9.9245459178254683e-02 1.1334538786864200e-01 -3.0009464224434349e-02 -3.7483681170819100e-02 1.0240269594535691e-01 1.2578669350984861e-01 -1.9850757717809259e-01 -9.4431386248934004e-02 -2.7272789450029761e-01 -6.5329798419499017e-03 6.6413971041840394e-02 -4.2586786441596983e-02 -6.3370589527484691e-03 8.3528904930669848e-02 6.9012883545520876e-02 5.4443356864778983e-02 7.2338277664025438e-02 1.1005401970645340e-01 1.4274453804465381e-01 5.8724614607560087e-02
3.2830389404920349e-02 -8.7915168265193494e-02 -2.4765401545533781e-02 -4.0664406959815588e-02 -1.1958301794719541e-01 3.5855203672094813e-02 1.4103495231011379e-01 -5.1703070200348741e-02 7.0335627710010992e-02 -7.0644441961434601e-02 5.8282762223441031e-02 1.6706344678172409e-03 7.4236132952312614e-02 -3.4095583299278038e-04 -2.1783040430752239e-02 4.8705782047446369e-02 -2.6836101156144432e-01 1.7311494520441159e-02 -4.8825642675367681e-02 -8.0831738614703233e-02 -6.8130482212596863e-02 -1.0802293852026100e-01 5.0168626460865007e-02 -5.9248241909664531e-02 -1.5929469891876380e-01 5.0403375608580818e-02 7.2268244387464944e-02 7.6772800591370427e-02 6.1747227005119108e-02 1.4300382654768609e-01 5.5203253538998770e-02 -1.1238358658536871e-01 -7.0069873240626329e-02 -1.6683255886794371e-01 -1.0887410986966869e-01 1.2353729114630781e-01 1.0771480090237870e-01 -1.5658116112383921e-02 1.6786967835329411e-01 3.5995483187926322e-02 4.4104391614507257e-02 -8.4366048940156868e-02 7.2867908799075804e-03 -3.6305692792898019e-02 4.4642648311356718e-02 -7.0186700876568628e-02 -1.0316012155822291e-01 -5.8248434723632093e-02 4.2301726807168878e-02 -8.9205048324853695e-02 6.9720971856045422e-02 -1.2837206723439120e-02 4.1444213670579107e-02 5.8284139872044807e-03 -9.1582707834201055e-02 6.7536506640855171e-02 -7.7162335765406889e-02 1.7759878597742661e-02 -1.8238385446196721e-02 -4.0924687609581983e-02 -1.2613788439240980e-01 -9.9190890732666348e-02 -9.9521654328653647e-02 1.8300590460642731e-02 7.5226333189846298e-02 -1.4153361292896660e-01 8.0491035764400060e-02 -1.3958146303448660e-01 1.0573569166100449e-01 -2.1095402652961601e-02 -2.4204092508536479e-01 -1.9580617954210491e-01 1.3567766456325160e-02 -1.1719152576330440e-01 1.3516847792621681e-01 -3.8462836029584863e-02 1.1621605665264949e-02 1.3513122497608021e-01 -2.1099057571102059e-02 1.4510723312853799e-01 -1.6126748776445959e-01 6.8056331938975617e-02 7.9657063546916138e-02 -2.5681798349965901e-01 9.1248180131369622e-02 -1.9938201690815741e-01 -9.1835198899693382e-02 -1.0747964170457930e-01 9.3488764607243702e-02 1.0654587891719880e-01 1.8205970124040621e-01 1.1133885501553180e-01 4.1878256608937230e-02 -1.2237041756173200e-01 1.2944182318095551e-01 -5.2139441920921750e-02 1.0171639643032780e-01 -1.3135072299938649e-01 7.3016808730300101e-02 2.6261362425734409e-02
-1.0055259146602030e-01 1.5449723878114210e-01 6.1003619855464229e-02 4.8214712496063288e-02 8.9500445470517401e-02 2.8483076515464150e-02 4.3008050401883637e-02 -8.6992948036377336e-04 -1.2314791839368910e-01 -2.6257047441442641e-02 5.3698647880693659e-02 -1.2841669531441011e-01 7.6029141242944534e-02 6.1176951026827880e-02 -8.1407883631751301e-03 1.0446396960415100e-02 -9.2767556722940597e-02 2.7603835537028609e-01 -1.4184579840949219e-02 1.2381376872652830e-01 -2.0689160320888891e-01 7.9389807815773622e-02 -7.7159802700382408e-03 -9.6513275329674589e-02 1.1800460272263601e-01 8.5682355482774197e-02 -6.0503350906886813e-02 -5.2465612490286639e-02 2.9834148372536973e-01 -9.0987967189238211e-02 2.6404260258216672e-01 7.4747457255425295e-02 -4.5976624820861213e-02 -4.3810969708601467e-02 -5.9998556192548860e-02 9.3338649654977804e-02 4.7187228170367759e-02 2.2039777454094331e-01 2.9110050314835292e-02 -1.4874791213812660e-01 4.7800414581196798e-03 -1.2061638082131620e-01 1.6810498394168510e-02 -7.9408592803641390e-02 5.0466390841609851e-02 -3.7690392566830343e-02 2.4582238622697209e-02 -1.6464907355389410e-01 -8.4186115848950652e-02 -9.7573631557905827e-02 -4.5607380082805030e-02 -8.8438681779072464e-02 4.5331715226335792e-02 4.3818518745351427e-02 -3.7732531123729117e-02 7.2369919384092504e-04 -3.7609099880038827e-02 1.0053933900357991e-01 3.2600637601099720e-02 8.5631423935231005e-03 8.2000702882526852e-02 -5.0592427616750531e-03 2.2795354488960060e-01 7.8173582719405759e-03 -4.8416112747715748e-02 -1.2075643536265700e-01 1.1048828358778461e-01 9.9303790405090141e-03 1.1877122885193570e-01 -5.5012285986881258e-02 -1.8804101192753071e-02 1.2136068603333400e-01 2.3912871129286219e-02 -1.1039395391593369e-02 -7.2585124184225457e-03 1.1258566805847270e-02 -2.1748357507704350e-02 7.8367972478126990e-02 -2.0892260816659451e-02 1.6266664413855661e-01 7.3582234048776257e-02 6.3557912719357609e-02 -9.2996767198917904e-02 -1.4502393331224181e-02 -4.8922583449815031e-02 -1.4662609315066390e-02 2.0902536873313442e-02 8.9396427713133469e-02 -1.5293411503615681e-01 1.9503391499896561e-01 -9.6682552500822888e-02 -7.8337011578486881e-02 5.5681294163541478e-02 4.1396259837186117e-02 -6.4489825614232041e-02 1.5560655467897541e-01 -2.4961583728406961e-01 -2.2416523596402640e-02 2.9831356039573879e-02 -2.2134181497934142e-03
7.4326506607201151e-02 -9.6607913546405605e-02 7.3913550549318807e-02 -2.8168832476775461e-02 1.7184109319733670e-02 6.6778991178686575e-02 -1.3774110928057581e-01 -3.6794152003838919e-02 -4.9083121760491268e-02 1.2119544288365131e-01 7.1390682348627443e-02 -3.0183491688231909e-02 -6.8618513167514703e-02 8.4112215767985804e-02 1.0544480894810120e-01 5.0989945424368938e-02 1.6226094661818549e-01 -6.3952679554449721e-02 3.5150913594480193e-02 1.7216072832313301e-01 -5.2955592410634203e-02 3.3881058158195029e-03 2.1272985354263971e-01 -5.2526861993632268e-02 4.2469809119267843e-02 3.4900668564433052e-03 1.0814457990397239e-02 3.6149199916331470e-03 -7.7694581325390921e-02 -8.7755924236796318e-03 -4.8615922271787418e-02 4.6005852496622882e-03 9.9293758157064135e-02 8.3156979934996756e-05 -2.3038773335899340e-01 -1.0804493544481970e-01 -1.2132495902197871e-01 9.1654914524763487e-02 -1.8894490295294091e-02 -1.7847211446593081e-01 9.5800931744951578e-02 2.7784985768657421e-02 -1.6481230379780799e-03 6.8951868082624601e-02 -3.6474482534706920e-02 1.0882497186339900e-01 8.0690052881123833e-04 -1.1975660819004130e-01 2.5030120842911707e-01 -5.2342792899699113e-02 -9.0188890391939489e-02 -4.6065560602187527e-02 2.2159879781864719e-01 -8.1639543905120595e-03 -1.9683236974014640e-02 1.2295571781126670e-01 -8.3799674342585936e-02 -1.5441610251901999e-01 8.9281218504760174e-02 -8.1912055065335151e-02 -1.4324603212328241e-01 6.3764544675353710e-02 -8.4867498652922563e-02 -1.2724243231800140e-02 -6.1324408825172871e-02 1.6577845559830481e-01 3.4011612390429123e-02 -1.6048190645566399e-01 1.2601299479660399e-01 -2.0309910001288470e-01 -1.2030217457476509e-01 -2.1283528522223021e-02 1.2777953511258691e-01 7.5859544442842583e-02 -1.2098768868238730e-01 1.1656778847267120e-01 -1.4771638323021741e-01 -5.2486944461915673e-02 7.6285946024690313e-02 6.6657967079330541e-02 -2.6363348575441169e-02 1.3874642153669209e-01 -3.0954210082505028e-03 -2.1138900096504601e-01 -4.8309931875759160e-02 -1.5058299313334789e-02 4.5481260269109001e-02 1.4117364466996229e-01 2.0358332866978451e-01 -7.3397206732327525e-02 -7.3487643212637066e-02 9.7916077441462836e-03 2.9408459916390260e-02 -2.9371783572530390e-02 -4.1893372579383158e-02 1.0859456259447600e-01 -1.7857600003742601e-02 1.0724071046401830e-01 7.6331038042930510e-03 9.2782405700822065e-02
2.4252043248138341e-01 5.1474260161961882e-02 -1.5747192170297200e-01 -1.0563906095233171e-01 3.1524887980896803e-02 1.3547736311809169e-01 6.6810061356307154e-02 -4.0467928462799008e-02 -1.0546717766053770e-01 -7.4128574092851826e-02 -1.1037896922287790e-01 2.4728416707766460e-02 -7.9846274296325001e-02 1.8806233437190720e-01 -3.3503119873152992e-02 -8.9289730786461130e-02 -1.5846948989371329e-01 -8.0442716170534542e-02 2.8332207537878670e-02 -7.5356271377209877e-02 1.4550985316271539e-01 -2.9113325886612251e-02 -5.2242208208382122e-02 -5.3584277072713203e-02 8.5061396707848125e-02 -6.5341775062334434e-02 -1.2213344035911100e-01 -7.2189778131329013e-02 -1.7313601753176089e-02 -2.0636199761300339e-01 -1.0683900121965470e-02 3.0158718335071590e-02 -1.9102055837635020e-02 7.8836594384885036e-02 1.5107628892161140e-02 -3.0887177487135660e-02 3.6867004233564579e-02 -5.0202455889922393e-02 9.0893352778492267e-02 1.5818524707372161e-01 -1.4119244526173161e-01 1.6877388241600441e-01 7.7340160219418932e-02 -1.0010057737874939e-02 -1.9789157604339181e-02 1.5051772547273290e-01 -1.4488564481345870e-01 -1.7622212640483369e-02 -1.4300834164314940e-02 -4.0224351245637377e-02 -3.5494574517331832e-03 3.6448857342003690e-03 -2.2928251914561670e-02 -3.3044587240720270e-02 2.0535524011760248e-02 4.2560533406864651e-04 -1.4965212998479641e-01 2.2445898994175120e-01 -5.0711176330784737e-02 1.2689990527812600e-01 -2.2049853890166369e-02 -1.0887013617256960e-01 6.3765781283045289e-02 1.2660765401253640e-01 -7.4092632603003125e-02 6.5190734109645737e-02 -5.2996738173784579e-02 2.3695422559590201e-02 2.3784591269221361e-01 -9.6360703063542705e-02 4.2120022317535741e-02 1.3659686517885791e-01 2.5528181202212052e-01 -1.5038918122092820e-02 6.8457478909059372e-02 1.6433903572541450e-01 5.1699090540985121e-02 -3.7005584367733053e-02 5.4868726526445019e-02 3.2781826004886418e-02 3.4184661912841220e-03 -9.5324975043639418e-02 1.4460901648334801e-01 -1.2206748834331220e-01 -1.4920493254058351e-01 -1.3829672626844011e-01 -2.3092709032540959e-02 3.2869085672545421e-02 -7.3955357720525236e-02 -7.8397616041663468e-02 -3.2318699672465263e-02 9.9825229814202460e-03 -7.1607975942045057e-02 -1.9376305113659209e-01 -1.7865866696224302e-02 -3.5012856466226448e-02 -1.0421097134538690e-01 1.6515783356226360e-04 -1.2719165256355650e-01 8.6919218409992977e-02
7.5467801432115567e-03 9.3368595010811878e-02 1.4168843102129611e-01 2.4563420380312929e-02 2.0838312294598729e-02 7.7600562568177586e-02 -1.3838572085797801e-01 8.1965731494403353e-04 1.5083354671520610e-02 -8.9223235559218791e-03 2.0997140718032539e-01 -3.7185336474949371e-02 -7.0117261193054128e-02 4.5082711681034900e-02 9.2986373618044654e-02 -6.4255426817467279e-02 3.9545615529954108e-02 -4.0211300801865357e-02 -2.0366663923222419e-01 1.7154786439932700e-02 1.3253313281390650e-01 -6.0192045736244058e-02 -2.4632402127275171e-02 -2.0507265083960460e-01 -3.6497575859783943e-02 1.1438833359357550e-01 -4.8771111792817179e-02 -4.1585222859819707e-02 -7.1453204625140876e-02 1.1966132659372181e-01 -4.2653507049196189e-02 7.4573852888625992e-03 4.7135711531050520e-02 7.4999772217284003e-02 3.2774143138420903e-01 3.5215293846855553e-02 -8.9879236509446778e-02 6.5906654058090791e-02 2.1829539187304639e-01 -1.5127445421267091e-01 -1.9145155239392511e-01 -1.5735815530888361e-01 1.3720783051032789e-02 -2.3833031782221320e-02 -1.0183781687766940e-02 1.8401849560282699e-01 -1.0033524567631109e-01 1.9408184673003079e-02 -7.0319590574069363e-02 -2.6909070008510040e-02 4.5220010834620877e-02 -1.6570334128993941e-01 -1.4488235166926840e-03 1.5385249386768851e-01 4.5438981377325813e-02 6.8828223825765478e-02 8.8715949882363834e-03 -8.5468724869873045e-02 1.1819641972554570e-02 2.3664945073835590e-02 -4.5964385977966662e-02 9.8504147865547897e-02 1.4292354226141840e-02 -2.4780831667552741e-01 -8.9211776348647354e-02 -1.0100262617585050e-01 -4.7136272724509987e-02 3.7179768570667349e-02 -1.3287910296744859e-01 -2.3023416831731111e-01 9.2474350229812419e-03 -9.6568880877591981e-02 1.5501989442987829e-01 -1.2596773833766291e-02 6.2914230545997856e-03 -8.9122542883109349e-02 1.0055756740719100e-01 -5.6275441597772549e-02 5.6717036514766443e-02 1.3297130004487640e-02 2.1238037147505329e-02 4.8078652984246698e-02 6.3572232264615516e-02 1.2110008018919979e-01 -1.8507811787488081e-02 -1.0968559409492000e-01 -6.9654865387422937e-02 -6.0146329130187789e-02 -7.1611575369320168e-02 -1.0677207715769170e-01 4.6632646286646033e-02 -7.1384871196621430e-02 5.1211617319390557e-02 -8.6066965877831303e-02 1.5654530106821551e-02 -8.9585365001553105e-02 -5.5700443964925170e-02 -1.3948857226734951e-01 1.3415504366391501e-01 4.4203488955032157e-02
-1.3882715265521561e-01 1.2736161968656429e-01 -3.8610177569941513e-02 7.9536904197693423e-02 1.6019906433436501e-01 1.8311447651178672e-02 4.2971278434565302e-02 1.8235105202562199e-01 5.2812689311038392e-02 -5.1071887531211786e-03 -1.6287433524687661e-01 2.7833355047501011e-02 -1.9889531005193421e-02 5.3742983197722742e-02 -9.7743910452832344e-02 -7.3871585239674575e-02 -1.2044553880742560e-01 -1.3120220020464460e-01 -9.7621961634194968e-02 6.0800791771683939e-02 -2.3367848890829351e-02 2.8552949228992781e-02 -4.5950338752942972e-02 9.5454938574325215e-02 -8.1283393614428476e-02 -2.0717600207077569e-01 1.5572001869273650e-02 1.4052105103397611e-01 -9.9204944144527629e-02 -7.7961267495010200e-02 6.3889904819428370e-02 6.1386935478298439e-02 1.3447074092444530e-01 -1.3809832243787731e-01 -1.0511122865982429e-02 -6.0732540236650832e-02 1.6965709645840061e-02 -5.5205577056485218e-02 1.1285045871816619e-01 -2.9361774082873060e-01 2.1236913625689649e-01 1.1075553029587390e-02 -1.6087977250518379e-01 7.9505196123645816e-02 1.3875800687612809e-02 9.0077336427755936e-02 -2.9305673926919591e-02 1.4487307144106851e-01 -2.6734728693099750e-02 9.0480658822891302e-02 -7.3658319972083761e-02 1.9873384969251510e-02 -1.2947619702788860e-01 -1.9975105807904289e-02 1.1132595242851180e-01 1.3313356126242221e-01 -1.3269854760047500e-02 3.3852551555715697e-02 1.7624233789066131e-02 -5.0873294570350780e-02 1.4884024917144770e-01 9.3247374933656701e-02 4.0808332022057831e-02 -1.0169907154354541e-01 2.8881317463713960e-02 -5.7490748703701203e-02 2.4280936586217602e-02 1.3158927038189261e-01 6.6290779654067836e-02 -3.9459110701429580e-02 -2.5855240733636298e-01 -1.1529940388359730e-01 -6.6102012239569213e-02 -4.3115217431980109e-02 2.2316807368923941e-01 3.8478796040968412e-02 -1.1410143554669300e-01 5.0578694685171857e-02 1.8997920502182181e-01 9.3435962481989279e-02 9.7521878590532921e-02 -2.3970724681467749e-02 4.7492823417015731e-02 6.9288985060620206e-03 -7.4565489896624940e-02 -5.6927236900533508e-02 1.4979704001967831e-01 -5.8165999108089131e-02 -6.9165087270559492e-02 -9.8093086159075318e-02 4.9374475670213563e-03 -8.8634437723569187e-02 6.9134632205642157e-02 -2.8483987708753690e-02 -6.2950622309754248e-02 1.5129216061898111e-02 5.1842903387683749e-02 8.9650474391871710e-02 -1.2491412278001621e-01 7.0728369517372908e-02
2.1928719496730309e-01 -1.1134055240077349e-01 1.2519924189757010e-02 -1.8463331535300630e-02 3.2245820097934468e-02 -1.8386780181508280e-01 -4.5283985341032708e-02 4.4881386939889752e-02 -1.1183288395929490e-01 1.3515672733204620e-02 1.1170354434548919e-01 -1.7202569588793820e-01 3.8378935215059709e-02 -1.0090652123291610e-01 -1.1570746344829930e-01 -2.2607805887011959e-02 -1.4721221077499830e-01 -5.6712591736704530e-02 7.0313455673639723e-03 5.8785408299242968e-02 -2.6435298890625149e-02 -2.6914425746665069e-02 -1.6364430948959649e-01 2.5686939118772428e-02 -2.8612831924446102e-03 -5.3013934656958001e-02 -1.0570417747652590e-01 3.0486766584209889e-03 2.4797732677406221e-02 -2.4633310928048140e-02 -2.3717104332166301e-02 5.4576157309741670e-02 9.1113355439593216e-02 1.2140669622798921e-01 1.1101542792983400e-01 1.4273961184148709e-01 -3.9990023656053210e-03 -1.5008784536534100e-01 2.2671046103146841e-01 -3.8038447539052250e-02 2.0287270581353531e-01 5.1550854076347581e-02 -2.6033609897277529e-02 1.8172233839523741e-01 1.8330648945518661e-02 -1.1871608903707480e-01 -8.7159181637972941e-02 3.4296926934417470e-03 -1.1705517187349740e-02 -5.0574044772556427e-03 -6.1875229954864053e-02 -9.6088098287202980e-02 -1.8029225372335481e-01 -7.3249901184344428e-03 -1.4078050642656120e-01 -9.6681520579046096e-02 1.2867159911087269e-02 1.7764068858059060e-03 -8.3269666831657513e-02 -1.7110543238989201e-01 1.1292822064261290e-01 9.4572576263033167e-03 -1.8268770044753250e-02 -1.4546043560730429e-01 5.4531780205834178e-02 1.6403622469034589e-02 -5.5610061561784219e-02 -1.5595243176509499e-01 -3.1337061375547627e-02 8.0325544259612039e-02 1.2187883054736200e-01 1.6080206735726590e-02 1.1105420184328540e-02 9.7263764977075465e-02 -1.7981529165168139e-01 1.0307658253464080e-01 -9.4421209186159885e-02 -1.1171134369108550e-01 -6.3767702527451750e-03 1.1591425384188560e-01 -8.2668069975916969e-02 1.0402994374474039e-01 -1.5628197177193820e-01 -2.0903728318192240e-02 -7.6739909315138424e-02 -6.8500359845765926e-02 8.7070841117456305e-02 6.1942645467219483e-02 7.3365571393410017e-02 -1.3084347165204440e-02 -1.5582225709986530e-01 1.7101169246528210e-02 2.0481542567173279e-03 -1.6097552353081010e-01 5.5798666908131837e-02 1.4626205689114899e-01 6.2991930901224430e-02 -1.9570861235284559e-01 -4.4625769703592659e-02 -1.9360526194347269e-01
4.1813343159561388e-02 -5.0063461904651378e-02 9.3239128598070292e-02 -4.2343004123607857e-02 -1.2158524206621510e-02 1.2852867785741320e-01 6.0593511802853661e-02 1.5139147102441769e-01 -2.3936808544448272e-02 -3.1036730929407959e-02 -2.0518683242233621e-01 -2.5729355277951251e-02 2.5128477235707949e-02 1.3511264882254459e-01 3.1657456955551229e-02 3.2419595137779568e-02 2.2106460499175701e-01 1.0034365838735709e-01 5.6029219155363012e-02 -1.1514694177212100e-02 -1.0341668395035930e-01 -1.0506945584946831e-02 8.7988748865238220e-02 5.7557321147881417e-02 1.6719717031421669e-01 5.0397888243781511e-02 -8.3247410795329699e-02 -1.0326687436708271e-01 1.5246771340757029e-02 -2.3344026350242089e-02 1.1337853497385879e-02 -9.0348032699039821e-02 7.6195189461531060e-03 -1.6522723675949541e-01 -2.5671447886299950e-02 -6.3703970657835535e-02 -7.7371855185963687e-03 -6.4000462163865401e-02 2.0701754568579100e-01 5.2091154206988982e-02 -2.5963284580397678e-01 8.3036529110461596e-02 -8.4270553813935126e-02 1.7360490571078821e-01 1.3129932362154870e-01 -1.7363738585704511e-01 -1.0550457843024071e-01 -8.9224323215247626e-03 1.1556165424706370e-01 1.2553131210996989e-02 -7.1556491399711398e-03 -3.6516258947203513e-02 8.0941900386746590e-02 1.1918717177567591e-01 -6.9397508519184026e-02 1.1549594459343709e-01 -6.9147861524549034e-02 8.5131893439555031e-02 3.9751365056592811e-02 -3.7980694370480391e-03 1.4071933698231720e-01 2.1967633143427489e-02 6.1062165924555163e-02 -1.0820258713503519e-01 -8.8989542899609433e-02 2.8638267243584248e-02 -5.6137064380074431e-02 1.0394916574098050e-01 -1.9292925075935130e-01 1.4432817030327089e-01 -1.1943267691135280e-01 6.0916068338425750e-02 -6.6533443545212415e-02 8.3068070138819818e-03 3.7085628188177309e-02 -1.0248658954989261e-01 2.3040418128177038e-02 1.5575676789285130e-02 6.3843167894844580e-03 2.6060692712106670e-01 -2.0282533614237469e-01 8.2135457111530086e-02 3.3635938561877472e-02 4.8463732505043988e-02 2.6404151737210290e-02 1.6807854335757050e-01 -2.9641739828553480e-02 -1.3677796776233250e-02 -1.1107908489810111e-02 -8.9645080275917596e-02 -1.4853959295269539e-01 1.4908289582459221e-03 -1.9235571425789080e-01 -4.8848582250406093e-02 7.3040526629710653e-02 -7.0028267915283438e-02 1.5917169875817039e-01 -6.4683301872069221e-02 1.1860026873238290e-02 7.5598675037327312e-02
-1.3895996647480749e-01 5.5766722329693708e-02 6.3875691318486791e-02 -9.2019329876717515e-02 -5.0591500954954488e-02 -1.7404617650831511e-01 8.5137365479076910e-02 1.2668854217414641e-01 -2.4329673956618239e-02 -2.0696165400949040e-01 2.0354120754751480e-02 -2.9770708242749331e-02 2.7036347804454009e-02 1.0983345186448620e-01 5.6198072431055963e-02 4.9025083673789133e-02 -3.1262080604026680e-02 3.6207264904806699e-03 -1.1876747593785269e-02 -1.2507792799733301e-02 3.5582633158495663e-02 -1.7754270024385860e-01 -2.4687343563658301e-01 4.3273471903485378e-03 -1.7941374776260201e-02 5.1610411689933230e-02 -1.7307891460210899e-02 1.9165740788300561e-02 -3.5386169240118051e-03 4.3003410746994701e-02 -1.1012718977026330e-01 -8.6477353418298319e-02 -1.0090509185388449e-01 3.0274115331859329e-02 4.4384963603916007e-02 1.9670873942426720e-01 -1.3904496476459791e-01 1.2653656713037409e-01 -4.7971829322136741e-02 -1.9247769802511978e-02 2.7609548323399308e-02 4.5210960867505007e-02 7.2708585855152372e-02 -4.6978368837599378e-02 -1.4050629692836400e-01 1.2790246503195990e-01 8.1376538752318067e-02 1.3167620074676170e-01 1.4577453889659281e-01 -2.0974737077443888e-02 -2.2717574847516370e-03 1.2863216581225079e-01 5.4549606349590654e-03 -1.1320660253395159e-01 3.5150265400361938e-02 3.2494870857852610e-02 2.6626592216851788e-03 2.0680682091211631e-02 1.0385879889646890e-01 9.0708517562019378e-02 -2.4150105145557710e-02 3.7867090317383098e-02 1.5196354574706000e-01 -5.5080477783247553e-02 -2.4959127500346820e-01 1.8224817725733589e-02 1.4925178915903389e-01 -3.0579422872831039e-02 7.7172494073506931e-02 3.0495877934109170e-02 -1.8620441512273789e-01 5.9235787325059241e-02 -1.3730603450649850e-01 2.1523591583154311e-02 -6.8277800504116790e-02 1.5971617533793001e-01 1.1669122167795749e-01 3.8589088993403318e-02 8.5259758557686346e-02 7.6372449167107018e-02 -1.4341048277435400e-01 1.7806244888109671e-02 5.3196426049129694e-04 3.5772423136140141e-03 -9.8723917596680560e-02 1.0951809519407350e-01 -4.3751271073554941e-02 8.4337394663351509e-02 6.5914693056284154e-02 -1.0840770130083560e-01 -5.1311807206271799e-02 1.2587051064747221e-01 -2.2132624236614239e-02 -7.0265863823512700e-02 -9.1168939748206487e-02 -1.1422132855001051e-01 3.0209485525828798e-02 1.2402871062521460e-01 1.3709339025246539e-01 -3.2834793508844529e-01
-4.3931577802467182e-02 1.1158324144660510e-02 3.5283397659779930e-03 -1.0293625972407951e-01 6.7564710261380492e-03 5.6011625631759796e-03 1.7664936291708851e-02 -3.4785952501668058e-03 1.7544174748238061e-02 -2.6313928314680671e-02 -1.0687451752008389e-01 -3.6317691415123567e-02 8.2542762833989411e-02 -5.9906790548810131e-02 1.3710361563418519e-01 1.2879070655622959e-01 -1.1446496428845290e-01 -1.2737746212746910e-02 -1.6711894094971000e-01 -1.0579441768277600e-02 -4.0992591211331697e-02 -1.1966848158514121e-01 1.3575600155921319e-01 5.8385308495064299e-02 1.1509822795096160e-02 2.2394790430978299e-02 6.2630221099654312e-02 -1.7667241625747121e-01 9.4318618443610031e-02 -3.2979435195295892e-01 7.9754803852303144e-02 -1.6592883295043331e-01 7.0930314259341886e-03 5.2223038640372831e-02 5.3555686763573522e-02 6.7494940877791940e-02 -2.2842064786439180e-02 -4.0976280584510368e-02 -7.0768019008901020e-02 1.4846502440245509e-02 8.1643735926004352e-02 -1.8524285011100941e-01 5.4739492024535263e-02 2.1151581426739810e-01 -8.6418757913418104e-02 -4.5635221903966128e-02 2.4858416124815819e-02 5.9651548846097947e-02 8.3929020865397812e-03 2.4569446141288070e-02 1.0610540213371331e-01 9.7464995413861513e-02 1.6865513868113069e-01 -1.1510961362727511e-01 8.3279045778423780e-02 3.9214481697845902e-02 9.0647161631705279e-03 -2.9264260084855170e-01 -1.0592334915441121e-01 5.8348548680314999e-02 6.0139704042623303e-02 -1.4479048950626710e-03 -1.8303096328439810e-03 7.6083183489187384e-02 -1.0986650074523591e-01 5.6764205849204490e-04 -2.3803009858667329e-01 -2.7880314721216910e-03 4.3387682101558448e-03 1.0594685973273620e-01 1.3959316560375251e-01 -8.6485520406811081e-02 4.4617641978713637e-02 1.0313057812744091e-01 1.1050880899651250e-01 -5.7141276071789857e-02 -1.1257486102256210e-01 2.2189510252467289e-02 1.4158553442921770e-01 6.0765277016529673e-02 -4.4139940865543563e-02 -3.4942471346410327e-02 1.8633757210566071e-01 8.2607458265105529e-02 -9.5620077999701694e-02 -1.0550304595735779e-01 -1.7650334249624600e-01 4.5189429180828534e-03 1.3914012886702709e-02 -3.1192823149805090e-02 5.0425170357780748e-02 -1.7731926144026811e-01 5.4617771938655314e-03 -2.4991025632048101e-02 -1.0071968993820809e-02 1.9915412843568919e-01 -1.6836510926343379e-03 -4.3040861582100187e-02 6.6850776966960596e-02 -9.7456725059629448e-02
-6.3837699485324792e-02 9.2799971023032959e-02 -1.4801097167102409e-01 1.2636357543292981e-01 -1.2570965903025039e-01 9.1922466343119201e-03 -1.1416878818531989e-03 -4.0628404807863013e-02 -1.2771325478535370e-01 5.2547999736494953e-02 6.6531252242894856e-02 -1.1508895996623160e-01 -1.0814795805444571e-02 1.5970730495803720e-01 1.2476337389619110e-02 8.6227564798156270e-02 -1.4428810742971671e-01 -2.1307155556578999e-03 -1.7576806184546839e-01 1.4739372380972929e-01 -1.7106226130248309e-01 -1.8120495670877101e-02 3.6970359289502798e-02 -2.1974435146862720e-01 -1.1138723147079470e-01 -6.8791601250492398e-02 -5.6232768426239588e-02 -2.2392448741398278e-02 -2.0985830695800209e-01 1.0183021649490839e-01 -1.8970290255349770e-01 3.8787102239810953e-02 -3.5330064918135257e-02 5.7498398760017652e-02 -1.4762085668669100e-01 -2.3194757059571341e-02 9.0240060951162326e-02 3.5317371255895277e-02 9.1900476099713774e-02 -1.1809151020674390e-03 -4.8348545043516412e-02 -8.0503506343138229e-02 -2.7619869123881008e-01 9.1507948415342655e-02 6.5648963019590244e-03 -1.9667329403064140e-01 1.0790168366380820e-01 9.0625839161326271e-03 -1.9432724970126500e-01 3.2709386899176122e-02 -1.7700689476956771e-02 4.0159279824499234e-03 6.3602556607278080e-02 6.6080232502919417e-02 1.2345643522079711e-01 -1.3792426680425199e-01 -9.6519931127273501e-02 -6.1474296642171147e-02 -8.9503774462011840e-02 7.4078727825702378e-02 9.2614848708006542e-02 -7.1607377022891175e-02 -1.4358418418535340e-01 1.1467085687998230e-02 -8.5663561044302890e-05 5.9087793550265638e-02 -2.7517463090006359e-02 6.5284417603989897e-02 7.6950457513771447e-03 -2.8783960821461490e-02 4.3919907065765471e-02 3.3912072784414993e-02 -1.2590028496324349e-01 8.9504135296162274e-02 -1.1652752865396319e-01 9.5277439151013055e-03 1.8298567466578711e-01 -5.8413611133782309e-02 7.9234054606300799e-02 4.6565619472085949e-02 -4.8682606881779743e-02 -1.9929470728246801e-02 1.1349543010738020e-01 2.6892922804937010e-03 -2.0788201837498771e-01 2.7925150375388140e-02 -9.7930555877979664e-02 6.3080024546968205e-02 -4.5773327952393382e-02 7.4698269851581428e-02 -6.1845866455833415e-04 1.8850020978455981e-01 -6.5598074407603416e-02 5.7553397868057583e-02 8.1369577674771820e-02 -1.9684631606376891e-02 -1.4883083891079179e-02 1.8716757281861870e-01 -5.7940737569412808e-02 1.1523901710794779e-03
8.5533828205042364e-02 5.1106608625531888e-02 -1.3466584229047271e-01 5.5716044066863653e-02 -2.4558791329220130e-03 -2.3235740315023470e-02 2.1851210984963759e-02 5.8384782649222977e-02 -3.0775290034311598e-01 -2.8718919970795280e-02 2.7852621376567521e-02 -7.2987573210420001e-02 -9.5829433829905983e-02 -1.2849109296690880e-01 2.3923522827948039e-02 2.3877578166001251e-02 7.8753055600995825e-02 7.3769670816836358e-02 -1.6341210243071511e-01 4.5380634903137013e-02 -2.0990124882950330e-02 1.1997163567545220e-01 3.0189537774100390e-02 1.9281701275141261e-01 -3.9046401106879081e-03 -7.5727406162409444e-02 5.5744171113588939e-02 -6.4715862248256553e-02 -7.0319325449489684e-02 3.7127982239365767e-02 5.2321404223399988e-02 -2.6391292015034030e-02 -1.5068503156177171e-02 -2.3751651368638690e-01 1.2219606650496550e-02 -2.7067411895238458e-01 -1.7578810170649700e-01 4.1577507506348227e-02 -8.7893043357924874e-02 2.0946464925757871e-02 -1.0895495669045000e-02 1.7699630122073809e-01 1.6167399277489031e-02 -5.6138070973641999e-02 -2.4749002500407899e-01 -6.0060691800444613e-02 8.3218389737438891e-02 1.2535297484567470e-01 -5.6096266131781578e-02 -9.0459315295576631e-02 1.5039852037227930e-02 6.8211412770584123e-02 -2.1270703832426519e-02 -6.0666578418956743e-02 -7.4631797621115992e-02 -5.6129134769533448e-02 -6.7628202751299868e-02 5.9626685389531267e-02 -6.4131763807169270e-02 2.6840997782345891e-02 -1.1892049211033510e-01 8.7713980855180271e-02 -5.7260622799326373e-02 4.5666860309968561e-02 -7.8904935068821541e-02 -1.4077740069935291e-01 1.2268783271382150e-01 -6.4531694483823024e-02 -3.7769671479335180e-02 1.1543597844079589e-01 9.1629356164594760e-03 -2.2116089199125430e-01 1.2835225720145380e-01 -3.3225812820603780e-02 -4.6981640689974083e-02 -1.5222100824015189e-01 1.4750978763020900e-01 4.5391017295730592e-02 2.7494757349908298e-02 8.1728326672011034e-02 8.4826548860279016e-02 9.0805830779608493e-02 5.2483912299342267e-02 4.7527322343249578e-02 -3.1339608030481317e-02 -1.0492767072413710e-01 7.6953629535430100e-03 -1.0845313688200391e-01 -3.7556407579391250e-02 -9.7387820713322262e-02 -1.9000325162363130e-01 1.5523998417848681e-01 8.3204113050563550e-02 -7.6498951058623643e-02 6.5573919736230502e-02 1.0950358228657300e-01 -1.1056300654753280e-01 -9.5581857767249395e-02 8.7547535898977596e-02 -2.6219403008352390e-02
9.2965166196034940e-02 -3.4806204885727589e-02 -8.6275222968436843e-02 -5.9615428940937749e-02 1.5604020960457071e-01 6.5166352089417692e-02 1.8348416848840340e-01 4.7870476038246020e-02 -5.0557910894939391e-02 7.1358822627946364e-02 1.5101281629204069e-01 1.7830398125523711e-01 1.6937443665651100e-02 8.0823744427083025e-02 -4.0074682569149679e-02 -1.6488186550618381e-01 1.5597088623417921e-01 -1.2429529987989690e-02 -1.2924574233667491e-01 -9.4757851087123091e-02 5.0160107984448851e-02 -7.6138137239155676e-02 -1.9768841036637669e-01 -7.3285831900493176e-02 2.9506805126590419e-02 -9.2318166374143126e-02 -5.0426089939029327e-02 -1.5415799881842340e-01 4.7662521909584948e-02 -7.8791538921672274e-02 5.4682452769539841e-02 1.0053259535092320e-01 3.3501208411696223e-02 -2.4033244329456992e-02 -4.0785256616810490e-02 4.3796553223875892e-02 -1.1014517524699979e-01 -4.2230267409884253e-02 -7.2739199432284686e-03 -9.2101157845233695e-03 1.6735009195505659e-02 -9.0342508169599670e-02 -1.0896070210126320e-01 -4.0025735100519842e-02 2.2511745693451199e-01 4.6483047364065406e-03 3.6033340523578657e-02 -9.1556645996718505e-02 7.6676716142994955e-02 -5.0336341947702701e-02 -1.1597070603304130e-01 1.1026342223472360e-01 9.9048992239321024e-02 -9.8852500184503631e-02 1.1209314009215041e-01 9.6332886186762778e-02 -6.7559135634114698e-02 -1.0374255923700471e-01 7.4485952512649681e-02 -1.4834910613634991e-01 4.1848190782237490e-02 2.7775842230547282e-01 -4.5711938772092432e-02 1.8991907612320111e-01 -2.1389951407821350e-02 -8.1373046604971383e-02 -2.8861880211407939e-02 -7.8092155582859197e-03 -1.0704909097310671e-01 -7.5201156870100705e-02 7.7966378343220358e-02 -5.6359519894427383e-02 -1.7773018891845330e-01 -1.0042097395847920e-01 2.8220908991201169e-02 -8.0338610605843200e-02 1.1942497928077039e-01 -6.6421019173996372e-03 4.2583037227566936e-03 -9.7578056505257499e-02 2.0311724203078901e-01 -3.4436426962176497e-02 1.5196825929550109e-02 -2.0226778959251909e-01 -1.9553459780655390e-02 2.8180552016032111e-02 -2.1388907908026299e-02 7.3049572451737488e-02 -1.9347026353181331e-02 1.0462677228764460e-01 1.1635481591613249e-02 1.0810674767751140e-01 -1.6250646859337459e-01 -7.6540726346739696e-02 1.5587254276131279e-01 4.0302836473868280e-02 3.0706044633001899e-02 -1.1335935938941739e-01 1.8226468050782350e-02 -1.6243730878764151e-01
8.4315047900991744e-02 1.3486168781389521e-01 6.2365298707326849e-02 8.0027911307191196e-02 1.2581232685682309e-01 1.0237264201326041e-01 -2.6897670412083310e-02 -4.4698026045221488e-02 -6.2947486524617097e-02 -2.4653205405747579e-02 1.3036607005330050e-01 -1.9299315860232891e-01 -5.9174693934499097e-03 -1.4238130820002901e-01 -1.0273425014789930e-01 -1.0480062494551490e-01 3.7629639747307257e-02 -3.0514133535479059e-02 -3.0753426642565551e-03 1.2309129725586090e-01 -3.8247529029895358e-03 -8.3429649902469580e-02 2.6027787688509409e-02 7.8849485983596992e-02 -1.4015283411378801e-01 -1.5685455284096250e-01 -1.3743664626324881e-01 2.7486879568447840e-02 3.5048537610682932e-02 -6.5672689800502865e-02 2.4677340508975760e-02 5.6227056497672803e-02 1.7801413527438231e-01 9.1928777401575304e-02 -3.7977493855613817e-02 -2.9885760622268061e-02 -4.5459294880830857e-02 -5.2477805698887332e-02 -1.2891004200616310e-01 4.6709533760358538e-02 -1.9806579957503170e-01 -7.3232123710591070e-03 -5.6831519009201498e-02 2.0159101598454601e-01 -4.7472386984348048e-03 1.0830562251569380e-01 1.9390161696857380e-02 1.5481610975464920e-02 -1.5807842758268870e-01 1.9312149447739879e-01 1.4886091102972199e-01 -9.5099570075617729e-02 7.5263156976630302e-02 -6.7381735464413561e-02 -2.4335594969455941e-02 3.0743657685759630e-02 2.1986082475587421e-02 1.3170457639066410e-01 7.3459614770747222e-02 -9.1515990186460339e-02 -1.5725051310458740e-01 5.9031063084801563e-02 -7.1231830454079631e-02 5.7080663959719197e-02 -4.6097122072023378e-02 -8.2884281649782635e-02 9.4322324370955002e-02 1.8174489086832041e-01 5.7976603994621123e-02 1.5291472522070990e-01 -1.0124948361460970e-01 9.0471553576247601e-02 1.0732828329548599e-01 2.6596181986873139e-02 3.5073672327509832e-02 -6.6675254775258999e-02 -6.3583782965314348e-02 7.7265850376620560e-03 -8.4769825208837454e-02 5.4959478700899143e-02 -1.3190312096106871e-01 -6.9947334148404358e-02 7.4057153635551209e-02 -4.3530361140856913e-02 1.3280924260330099e-01 -4.1784271951390423e-02 2.9219808898977660e-02 1.9791596126739500e-01 7.9264126151640066e-02 2.0328513014923050e-01 1.1768216705536461e-01 -1.5684976392594779e-02 -2.5098279323427720e-02 1.8408742015238490e-02 -4.1482912498789951e-02 -6.0572563600009052e-02 1.4575160798218240e-01 1.0063658333663600e-01 2.3160820191703879e-01 -1.5710146926386451e-01
4.4730969724765042e-02 -8.9990540111396136e-02 5.7518978007867157e-02 -1.8221350521353159e-02 -4.0907616040170278e-02 -4.8453958970290950e-02 1.2428487440372840e-01 -2.7363039316063398e-01 -7.3871248941042245e-02 -4.4658981463986239e-02 -4.1585727645200077e-02 -8.0032088782924074e-02 5.6444436384613078e-02 1.3076142855261441e-01 -1.4280815018009491e-01 3.4972525959990210e-02 4.7814596960257909e-02 2.8745133306778050e-02 -2.1293579023241780e-02 6.2844141238910065e-02 -2.6825754466017560e-03 7.5168747094173094e-02 7.6733256902007926e-02 1.4328288581808080e-01 -6.1885593344414909e-02 7.1573889081756992e-02 1.9088804535137630e-01 1.7152808012103779e-01 1.7382108212456210e-01 -4.3935343122176569e-02 -4.2978287251879313e-02 1.2208201373108830e-01 2.6668913707466262e-02 2.5723121670258062e-03 5.3766402056108706e-03 3.0790781773975592e-03 1.7818853226036971e-01 4.9086876828358647e-02 -2.5616896140841169e-02 -7.5653130393797136e-03 -1.0089246245112750e-01 4.0616917358293182e-02 3.9369973842917100e-02 1.2414601396302390e-01 7.7033076408516948e-02 1.4954655263361319e-01 9.9537284983568480e-02 1.1754091060195340e-02 -1.9281036120377432e-02 6.1790432556752442e-02 -1.2069749696635090e-01 -5.2630762558812882e-02 8.8381707924958586e-02 -4.1195550117249249e-02 1.0742602483975559e-01 2.0919395760075340e-02 2.2951767514290430e-01 3.0395801689614369e-02 3.7279113200906523e-02 -7.8080889642533988e-03 4.4581762584566781e-02 -8.6475491351377928e-02 1.0993761736353001e-02 -1.1447298631443070e-01 2.8907429816248199e-02 -2.7090565285698798e-01 -2.7501757696686981e-02 7.9564956949698271e-02 -1.2997212234203431e-01 -1.6262294567772539e-01 1.2440480587061430e-01 -2.1201451835119101e-01 4.3404794925074208e-02 4.7193209787785989e-02 4.1619731318088153e-02 1.1038613312218989e-01 4.2983611921402577e-02 4.2632787506714266e-03 -3.1316596115927013e-02 -1.8781334879121830e-03 -3.3131084145222187e-02 -5.9020967464538457e-02 4.5928099240349088e-02 -1.3399099589607340e-02 -3.2462190096655581e-02 1.3435137762015911e-01 6.2388350774936513e-02 -1.1430802613847990e-01 1.2153699780859641e-01 -1.3670255490152439e-01 1.6835966557022391e-02 1.7012164025305870e-01 -2.1086260167035800e-01 -1.9521788471186771e-01 -1.0063873712354281e-02 1.5724122600768339e-01 -8.6540664284468730e-02 1.2466515452808380e-01 -1.0850444628317661e-02 -7.4084305745024906e-02
-8.6539287220766564e-02 1.7388985901120022e-02 -1.4551285662077701e-01 -2.7134444471885372e-02 7.0904475846415321e-02 -1.1675685609106989e-01 -9.5208306863442782e-02 1.0574358290695600e-01 2.8349873180075279e-02 1.9914570172002918e-02 2.3212669634979539e-02 6.0394935132948878e-02 -1.0744595473474600e-01 1.7728035556743859e-02 6.1064247201141127e-02 -4.4689707012451743e-02 2.7498202553413460e-02 1.5815234411221690e-01 -1.5650574943684700e-01 7.6594940706907491e-02 -7.6910484289331969e-03 -4.7400017447366181e-02 -1.7171805307466970e-02 -7.2373450061549188e-02 -1.5210241352132930e-02 -1.9423597518782310e-01 -1.3598994829019331e-01 2.9441602190500581e-02 6.8929229982304024e-02 -3.0684778902128021e-02 -6.9966087549159341e-03 -5.6816683576877247e-02 9.3133773670044342e-02 -1.4214472805876441e-01 -8.7179162648353098e-02 3.8989115404412890e-02 -4.6331418422330658e-04 4.5793697065372903e-02 6.2584022727013439e-02 1.2403100001150349e-01 -1.8728365832135929e-01 1.1546221211160330e-01 -6.9467948415509032e-02 -1.8898987482982171e-01 8.7694584209274132e-02 -2.0215935147611230e-03 1.8256652710277629e-01 3.2382633733773987e-02 -4.9356762208151703e-02 1.3373798081609961e-01 6.7436011821254277e-02 -1.2738615975636820e-02 -6.7718176178362986e-05 -4.7162719358060580e-02 9.9546062766076873e-02 -3.0535654890091229e-02 3.8185954961811687e-02 -2.1370384974010059e-01 2.5231277843199479e-01 1.1742260375088071e-01 1.3474622602190961e-02 -3.0718123449487672e-01 1.3115933404236250e-02 -9.1723431189745269e-02 -6.7255250406467820e-02 -4.8236230945564673e-02 -5.7381478158914367e-02 -5.7984098996991647e-02 1.5378292186001971e-02 3.5149555280689013e-02 4.3650971462736762e-02 -9.4183082460928533e-02 1.3795479843928041e-01 -9.5660515750778094e-02 4.1476736313092913e-02 1.4038793680832631e-01 -1.2292863528333520e-01 1.2104816077801721e-02 -1.0147034692691580e-01 -8.1734748422546022e-02 6.0091082460672310e-02 1.4751207916542661e-01 -1.6322331219338251e-01 6.1358547263063348e-02 5.2966712031189281e-03 -1.6274200922527100e-04 -5.9274745821131992e-02 -1.4801737177950349e-02 1.7083316183834121e-01 1.1363629293376799e-01 -7.9859101215931802e-02 -1.2914196443938691e-01 1.2807554545487890e-02 -1.9246085202461091e-01 2.2954092664865929e-02 -1.4040929422435870e-02 1.5790122951467159e-01 -6.6700427486862002e-02 -1.4871497088707841e-01 -1.4989322591521080e-02
4.2592723982429227e-02 5.3023137732998729e-02 -1.0634537583500690e-01 7.5118659078873704e-02 -1.9797213328021621e-01 -2.5523974447159242e-02 6.8581294910715393e-02 -2.4026627273432320e-02 2.8859436873666039e-01 8.2272214599685509e-03 -1.3782254047038700e-01 2.9783696031890329e-02 -4.4010695949836108e-02 -3.3096063540571853e-02 -1.6359456620611421e-01 1.8395483310285829e-01 -6.2839456363008458e-02 -7.8394834052185586e-02 -2.6200424936695891e-02 1.8298851878631400e-01 -2.3360480382050429e-02 -3.6000084194254142e-02 1.7845934377121161e-02 -1.9955492203177591e-02 -1.0130307534011559e-01 8.2980567761051140e-03 -9.1883669138381387e-03 9.8771630171510166e-02 -8.4426521656435036e-02 -5.6357620438402957e-02 2.2544431831768640e-02 -2.7735477047564291e-02 1.0670100723639230e-01 6.3933710236385582e-02 3.5237802973816519e-02 5.0503375772500532e-02 -1.5830431080128821e-01 7.2975300245623445e-02 1.4995774911340361e-02 -8.3425822680225553e-02 -1.2865885620625700e-01 1.2284144094722491e-01 3.3120498249537562e-02 -5.5342573979591126e-03 5.1284181048031542e-02 5.0801032343657142e-03 6.7359003057619563e-02 9.8514337074039841e-03 -2.1122780799188209e-02 -3.0466401572903611e-02 -6.4000006576766036e-02 -6.8674699540149806e-02 5.2645000359004199e-02 -9.9745115277819693e-02 1.1165272311705599e-02 -1.1746673808765040e-02 -7.6290931406856569e-02 8.4462244839730291e-02 1.1643592141743070e-01 1.3293796140291770e-02 1.7269651736778779e-01 1.1769322924953320e-01 2.5641389169968198e-01 1.1045058835027211e-01 2.5395007754629391e-02 -5.7798282296461813e-03 2.6719508627314381e-03 -1.1577127081256230e-01 -8.6169295852051742e-02 6.8283813917977595e-02 5.6479424754690567e-02 5.1061510000540378e-02 9.5966319128982153e-02 7.9648348028630550e-02 -2.2598564353371400e-01 -1.2508094316520710e-01 -6.3892676458967318e-02 1.2995615970170260e-01 1.5713245170599530e-01 -2.0231578817950019e-01 2.1080769585081038e-02 2.0659702486080520e-01 3.8171801899377557e-02 -1.0485991469232581e-01 -1.3103098523442091e-03 -1.3353593070343511e-01 2.2708838447393812e-02 -1.9230012961414339e-01 -2.5129718944821799e-02 1.0521520185166031e-01 2.6926441746314448e-03 1.8003169373462441e-02 -2.2366153613478970e-01 3.3593134168467133e-02 -8.7961310862015057e-02 -2.7126797042823180e-02 1.3938057550543460e-02 -8.6318787491427490e-02 1.5535494438402209e-01 6.5489408776370300e-02
-1.5589823649469320e-01 -7.8984883870337461e-02 5.8616029646806032e-02 1.5268753868925600e-01 1.0409948824731990e-01 -9.0982862696562430e-02 -1.3858433269018991e-01 -4.3516219015486253e-02 1.3398975142962091e-01 6.2341899741123093e-03 -4.9358972497463389e-03 -8.9158193994248819e-02 -1.8963030406797329e-01 1.3977441750813091e-01 8.4878365248202178e-02 7.9117074613248975e-02 5.5994036176973301e-03 -1.3909982884698351e-02 1.6911640239769831e-02 6.3015477750277327e-02 7.0552074364506889e-03 -2.5365470176349553e-01 2.1856801810668850e-02 2.0316922629265211e-02 -1.6382438922795750e-01 -4.6334180294060182e-02 5.2819975128448431e-02 9.7825842366424647e-03 -3.2509040427493880e-03 -4.3458966845733041e-02 1.6152873294783721e-01 1.6904187156239880e-01 -1.3924897581370960e-01 7.0570893793299200e-02 7.6927027190055799e-02 -4.5047759259394769e-02 -1.1223152676217750e-01 -1.1917565483362320e-01 2.3926349559998629e-03 7.3133857431008198e-02 2.6270303177524431e-02 -2.5782294175175739e-02 -9.2711193399668462e-02 -1.1659890459525610e-01 -1.0233890413544550e-01 -2.7357394989585421e-02 9.4459466903766762e-02 -6.1246964337361189e-02 -4.5113845964421397e-02 -5.1291330644349348e-02 -2.0797154780900709e-01 1.2835806126008520e-01 -4.7588783393491513e-02 -3.4100501452942841e-02 3.5482469130836340e-03 -2.5284412325185211e-02 -8.3315999518006723e-02 -1.2685084363642031e-02 -8.6631576062006027e-02 1.0102404049147430e-02 -1.3092467275984371e-01 -4.2768240235395161e-02 1.7936794383313520e-01 -6.5564655257496843e-02 1.7338365634164729e-01 1.1641955625698050e-01 -1.0023868269374641e-02 -1.8406231390570248e-02 -8.0075569955102826e-03 1.3213244579849859e-01 3.3624327083109072e-03 -1.9735422967620549e-02 9.2646763834123028e-02 2.7059250762865718e-02 8.0415639718049534e-02 5.1508520579260440e-02 -9.1163513433390839e-02 -9.2790301822932408e-02 -9.9095732845677020e-02 1.8650198791802131e-01 8.7869354805163905e-02 1.3628714633380119e-02 1.5063241193848051e-01 -4.9996671392319378e-02 1.9088998701480259e-01 1.9170053915193119e-01 1.2333995654825361e-03 1.0247506016148820e-01 -1.5233902206296099e-01 -4.7654145263758579e-02 6.3104117539489371e-02 6.8209176056444915e-02 -1.7209633021514281e-01 -1.7062061706466050e-01 1.6527158902782771e-01 1.9131252064234380e-02 -5.5315308211497181e-02 -6.5860057131598648e-02 9.2126044695307899e-02 6.0828161082278363e-02
2.0927030866211810e-02 9.2492538491969437e-02 -1.5063665080511390e-01 -1.5207122727917069e-01 -3.4127586492493887e-02 1.0901302842004480e-01 8.4555063880932674e-02 -7.8792221045022065e-02 4.3933125726204988e-02 -8.7828091622954518e-02 -9.8045517402418125e-02 -2.1050675645733441e-01 -6.0343809030373632e-02 1.0573078730974431e-01 -8.9507488406507379e-03 5.0110586100925718e-02 5.4174893536565127e-02 6.0968928486005103e-02 -2.8839177264810199e-02 -1.0183442940950441e-01 7.0422224726959123e-02 -6.2622442703199416e-02 7.9384798262737352e-02 1.7537733034151881e-01 1.0958758757069569e-02 -2.8729176053679410e-02 -9.8811760456073039e-02 5.2915694568682593e-02 6.5729087150976943e-03 5.8205946980640293e-02 -1.2023307884673250e-02 1.2820479052841410e-01 1.6685520471323020e-01 1.5628986596063479e-01 -2.0432485805392989e-02 1.4284603974314619e-01 -1.7022743863208750e-01 -1.2651866161681879e-01 -2.1214567492657141e-01 -5.7270754097731802e-02 5.2292211712085722e-02 -1.2936400926127639e-01 -1.5172690664721361e-01 2.1981393054747871e-02 9.2960099919483535e-02 -2.1564781371138711e-01 -5.5417197114427753e-02 -1.2185373213454100e-01 8.0599059147059324e-02 1.1227889369002550e-01 -3.5801914094435887e-02 -3.4405600363159067e-02 -3.7759875480134583e-02 2.0239419689360560e-01 7.1438634081960731e-02 -3.5432687476359227e-02 2.4264246029431450e-02 2.9970720768849490e-02 -1.0228289819665040e-02 2.7928946040311362e-02 -1.3031076578677189e-01 -9.6111236382746296e-02 8.8790065580467301e-02 7.7271001906710993e-03 -2.4818159711122369e-02 -5.1761793925091518e-02 2.4339993045177560e-02 -1.5783567702007981e-01 -8.4413480856510015e-02 -8.7401531493055528e-03 3.7335828216448631e-02 3.8272065785129823e-02 -7.9169114038907903e-02 -2.1048378575677260e-01 1.7491540634485499e-02 -2.1065753944044720e-03 -4.3575009299020633e-02 1.6459573175048881e-01 3.0252650697962059e-02 -3.0061737405695678e-04 1.2492426623004270e-01 3.0981587392176341e-02 -7.2977265646260184e-02 1.3688083221442859e-01 -6.0237606805687252e-02 -8.5964126489760539e-02 -1.1430422540434571e-01 1.0995411284944070e-01 5.2745385208793391e-02 -1.9020196820844271e-01 1.4889340522528769e-02 1.7727574083612141e-01 1.7635402737690051e-01 -8.9655660021677741e-02 -1.4161025079294090e-01 -3.6627376753187703e-02 -1.0542427581299340e-02 -3.4529572566432187e-02 8.6196641778548855e-02 1.2212494155386290e-01
4.0969230181019702e-02 2.4106117421875781e-01 -9.0610436982180173e-02 1.8751753376673899e-01 1.4124763871452800e-01 -1.1940100507213990e-02 -6.5473027505213818e-02 5.5088069244500222e-02 2.4010645346724650e-02 -3.2117383331385588e-03 2.2735175914609551e-02 4.5511254859797963e-02 5.2382606113706300e-02 1.3296777332486409e-01 -6.7861193449508153e-02 1.7920115605677431e-01 2.4459352844342881e-02 1.4724662742576519e-01 -1.2866965578034869e-02 -2.3752899074520090e-01 1.0913701998050040e-01 8.7760562012275903e-02 -1.1885759837400500e-01 8.8725075341357013e-02 -1.9266656049064779e-01 2.4908525869344100e-01 -8.1968186307980806e-02 8.9068384358243921e-02 -1.1140538742629651e-01 -7.4355620615095638e-02 -4.4704205453848837e-02 1.1315825729283850e-01 -9.3485867460639499e-02 -4.9452765133774258e-03 -2.6929900941367151e-02 -1.7234312289170919e-01 -1.1250926200204250e-01 9.7664757669318453e-02 -9.9127674829377038e-02 9.3467621883839211e-02 2.5420814864391780e-02 -3.4207299497766491e-02 1.8549321061259689e-02 1.0068067630023481e-01 -1.2460083221874691e-02 -8.9222486062083134e-02 -4.9529538179473323e-02 2.0331873585379041e-02 2.8058602538051931e-02 -1.0053501348007580e-01 -5.8520649676816507e-02 -5.0995043690954762e-02 -9.6389272543685567e-02 2.3329023948436479e-02 -2.2377298419885960e-02 7.7084801586654830e-02 2.1061681422646861e-01 -6.7435497824009455e-02 1.8885659041421110e-01 -5.3140751654993178e-02 4.2700568082441957e-02 3.6963304772416293e-02 -1.0838881088844900e-01 -5.1075015319127753e-02 -6.3991341258083284e-02 -3.0617007579809879e-02 -1.6209445010108490e-02 -1.6929812971228630e-01 -4.4605240213090383e-02 9.8961680579750841e-02 -4.5535776075166970e-02 8.4798455407316294e-03 -6.0258360228817023e-03 1.6327989934234721e-01 4.2713039820724302e-02 -7.9050770829038150e-02 -1.4025512839326751e-02 -8.3995037811519624e-02 -3.3510473899186169e-02 2.5084273528276781e-02 -1.6321358216876630e-01 -2.6077462456185790e-02 -7.1767761880096370e-02 -1.3566711313269469e-01 -5.0643347608938419e-02 -8.7432363621538167e-02 -1.4281839017205850e-01 9.3110432660502618e-02 -2.3954076010842769e-02 8.9803092847197313e-02 1.2583464320921181e-01 -1.2181971529167410e-01 -7.5475707509057161e-02 -1.5083907327960250e-01 -7.7969542498155311e-02 7.1875193908722797e-03 -9.6325839626638946e-02 3.7789717495580827e-02 -1.6190665956950209e-01 8.9853573566279515e-02
-6.1304354259346411e-02 5.8818456841624629e-02 4.0557161819625327e-02 -9.8790496536904041e-02 1.2470656212136710e-01 1.1266687012033380e-01 -6.9478127566271364e-02 -1.2500414064874191e-01 -1.2399556388471030e-02 -1.8041965645550970e-01 2.7294172755449861e-02 3.0321728226872860e-03 -6.2178558561035130e-02 -3.0318267467252129e-02 -1.8774442073990340e-03 -1.9409412904207789e-02 -8.6355447463653201e-02 -2.3320446211139299e-02 -5.3369043640276677e-02 3.0361623292440649e-02 -3.0902816555782509e-01 5.8127870109937828e-02 9.2822830375224236e-02 2.2340045362096040e-02 -1.3512580108664130e-01 6.6096507019920106e-02 -1.4680813784364491e-01 6.8648062087356562e-02 -1.2970751668957589e-01 -6.4926824203330347e-02 1.2135746420868720e-01 -1.1328401902649420e-01 -2.7558077645123480e-01 -7.1967853669388293e-02 3.9635208255376947e-02 2.0386970858411169e-02 -3.1078607376578690e-02 -1.2095814985985021e-01 -2.5928359741971452e-01 1.6592690623352290e-02 7.1149537982606134e-02 6.9908189463251336e-02 -2.4565164531422040e-03 1.3224837203247489e-01 5.6812185749207940e-02 1.2246194293573071e-01 -1.4012047583009529e-01 -7.6588465615243267e-02 1.1676471709964061e-01 1.4530950127637901e-01 -1.0549640784535760e-01 -9.9763682631221748e-02 -1.1284482607620870e-01 6.4208491466150652e-02 1.3142232223315410e-02 2.5292545903957679e-02 -2.2358027171966141e-01 9.8093664127383032e-02 5.1302991041040462e-02 1.7163254596591571e-01 2.8627244037369251e-03 -1.9769450119695539e-02 -1.9028848900370929e-01 -1.2740935028857001e-01 6.4895982612961063e-03 -3.2770221954835622e-02 -2.6953207872540300e-02 -5.0323703264983338e-02 -8.1967304801887172e-02 -5.4807112177551957e-02 -5.4063222035197173e-02 -2.2187663778979249e-02 -2.8400141592417619e-02 -6.8092061009092392e-03 -9.9936484691831334e-02 8.4042670727099519e-02 1.0225290253697490e-01 1.8374791929355139e-02 1.2616079727231261e-03 -1.9274127074536790e-01 9.6812560087587651e-02 4.8971094875529669e-02 5.5002893014339943e-02 -1.1135059167269690e-02 -2.1599577231582991e-02 1.8017571841465771e-01 -3.2472616284330763e-02 -4.8366941910007878e-02 9.9749318955183360e-03 7.0230150432553734e-02 -3.4367721584486331e-02 -1.1718989930800600e-01 -7.1105933826045478e-02 2.3261652678905499e-02 6.2117727276619124e-05 3.1820044704421860e-02 9.0208416792474603e-03 -1.9539450652845031e-01 -4.1078591636991388e-02 -1.4236273525946039e-01
-5.8475228226448357e-02 -7.2351748637150243e-02 -6.9502523341942318e-02 6.0486272910676708e-02 -1.4111721102653360e-01 -6.0524288453139237e-02 -9.8400790914103167e-03 5.0227110123326072e-03 -2.0776096590099799e-01 -1.0863568000900270e-01 -3.3405909282221237e-02 9.8349108685326508e-02 1.3480564593114920e-02 2.0462172938120912e-02 -1.0378292809704159e-01 -6.2831960416467686e-02 1.6250875713178379e-02 -1.3851113701549159e-01 6.3885362581639474e-02 -9.8443127448607615e-02 -1.0965128673220290e-01 1.5366465367228110e-02 6.1642594084079523e-02 1.1946982374911730e-01 -3.5627143556610813e-02 2.7192163293031441e-01 -1.8417803244501099e-01 -3.3822235496676331e-02 -1.0808669318960140e-01 6.5405445813531388e-02 5.7704257500809417e-02 6.8680282090300027e-02 2.1376539657885479e-01 2.8721037314538019e-02 6.1667195723091907e-02 2.0721705782330349e-01 1.3879018252930081e-01 1.5438029430285671e-01 -1.1878123012636270e-02 -1.6857830709507700e-02 3.2937537516588618e-03 4.6488400752381857e-02 -2.7828247117528018e-03 -2.6400824549820841e-02 -1.7672709121805399e-01 1.2896449078171021e-01 -2.5255926115215722e-03 -1.1899137595826870e-01 8.8378212568524406e-02 1.0955712421241430e-01 1.4170991544997050e-01 -4.4718264380660289e-02 -1.6852658867264930e-02 -2.9484797209994869e-02 1.4160893074974781e-02 -2.2796402767097480e-02 -1.2597904592817000e-01 -1.1473919401689590e-01 1.0617057134811719e-01 1.1846686956602639e-01 2.0500883043366780e-02 8.7244676696567380e-02 1.6327128819648851e-01 2.0304821455956371e-02 1.3008720869781079e-01 -1.0280785153532750e-01 -1.4839096627057299e-01 2.2689401074439019e-02 9.5036151372101738e-02 1.5229067287653439e-01 -2.8844174246054548e-02 -7.5686059408048165e-02 -1.1517893497274920e-01 1.1494265720597950e-01 -1.3029187777624530e-02 -1.2177889975970579e-01 9.8817422777109407e-02 -1.0948304988238350e-01 -5.1252909253117998e-02 1.0914020896361511e-01 2.3093352584370080e-01 -1.1561020782870000e-02 3.8194839578979477e-02 2.5948715580168272e-02 5.4139740547449952e-02 -5.1478933595913379e-02 3.3348881643126493e-02 1.7052529257836599e-01 1.5394559402041191e-01 2.0699790057772460e-02 -1.4341537021523120e-02 -2.5101136601106449e-02 -2.4788754301355079e-02 -7.8296298310491938e-02 1.4225248877137939e-01 -8.9644618229096657e-03 4.0729809150772053e-02 4.4245699109256652e-02 -4.6094305554606058e-02 1.7213317802535361e-01
-1.7069899149085750e-03 1.2004773968542660e-01 9.8729523720060136e-02 6.5428686790580351e-02 9.9626426221167269e-02 9.9885269269093732e-02 -9.6259791371608554e-03 2.7850320885280892e-02 -5.8782946100436658e-03 5.1153056640691613e-02 7.1325202358319656e-02 -6.0713702117931437e-02 1.7872019521210880e-01 -2.3407046909619561e-02 2.8426850181043330e-02 1.8946340687857280e-01 -7.2610585732165736e-02 -9.6506279061951722e-02 1.7935605456837431e-01 4.6029532570448721e-02 -5.2817723018986427e-02 1.7019697943896989e-01 4.5396911455672564e-03 -1.1724083493868420e-01 -4.2145816082638100e-02 -1.1702082618592270e-01 -6.1178631852778179e-02 5.8919742322173362e-02 1.6128489037441460e-01 -3.3245560021009937e-02 -7.1354653159002961e-03 7.0265522919579410e-02 -8.0871082886232612e-02 -8.7950694142630875e-02 -8.8213420556385452e-02 6.6755762796881848e-02 3.3292943814279427e-02 -8.2380560386290422e-02 7.9297759311498711e-02 -3.8730062150367272e-03 -1.6115870900449209e-02 1.2590611849833541e-01 3.6744031309143381e-02 6.2772216612733481e-02 9.6526285479466262e-02 9.7721712870349531e-02 -4.6460202784643592e-02 1.8061995275060030e-01 3.2859191566571362e-02 -1.1447618934267380e-01 -3.8038528332470199e-03 3.1762731927563858e-03 -1.3430519279538869e-01 1.3241487229188159e-02 1.1498670997143480e-01 1.0891129679329790e-01 4.8535299496479292e-02 -1.7847352056911819e-01 -1.3929663744654130e-01 2.1372318403221341e-01 1.8067013723808121e-02 1.7268814147943939e-01 3.7714540319729283e-02 7.9016389721327587e-02 3.9139352593631591e-02 -3.0525350771445820e-02 7.0972714466106271e-02 -9.4414014558930448e-02 6.2197718581838243e-02 1.1447438911998820e-01 1.3421478882847140e-01 2.8559375185512121e-02 8.7285017318222621e-02 9.9574503352008154e-02 2.0307227044858411e-01 1.0013711489104330e-02 7.7647813537238028e-02 -7.0168544119701928e-02 -1.0491290239840299e-01 -7.3671604703791777e-02 1.3596270930456100e-01 1.0678025026567679e-01 -1.1151036437976590e-01 2.1362327861766971e-02 -1.0082566050148251e-01 8.8675856141385581e-02 -1.7372979490995399e-01 6.8996931094597702e-02 1.4709437116243260e-01 -9.5898828356546367e-02 -3.8283937442761533e-02 1.8343317642674931e-01 3.8704399582835072e-02 1.4698203988059140e-02 1.6275411462553051e-02 -1.3028268824452369e-01 1.1382261859505900e-01 -3.3168626516839148e-02 2.3061832515937411e-01 1.5570136920974351e-01
1.0612538271161670e-01 9.2082118585205444e-02 4.2140982484585544e-03 -9.5646305474869950e-02 4.5129156780232077e-02 7.6504883590174724e-02 -1.1117150611262100e-01 8.3105521213052855e-02 -7.9282004043536580e-02 -5.7736667522127888e-02 2.2333392106443181e-02 7.2283483818840158e-02 -1.5613468219354409e-01 6.2153930486632831e-03 9.2404473903095086e-02 4.4398054324638878e-02 1.2515666139450189e-02 2.2419412695021870e-02 -5.1672900138026071e-02 1.6126763344854189e-02 -1.9682059884677919e-01 -1.9628672365975131e-01 -7.8649912487748150e-02 2.1626678606127961e-01 1.9593171707325718e-02 5.2594753667510458e-02 2.1438773744401179e-01 7.6700665772762522e-02 4.2066820721416483e-03 -6.0977469869649130e-02 -2.9958376931349631e-02 -1.0872625657951890e-01 6.7163847672531168e-02 9.3736654370634415e-02 -1.6130438771232469e-01 1.1692545331749581e-01 1.3397776972960140e-02 9.3441184902846794e-02 4.4710190612326117e-02 6.3353927000362617e-02 1.8042266497019972e-02 -5.8793907557700420e-02 2.3898583158388411e-02 -3.3813647205514210e-03 -1.8856937481845490e-01 4.5059379492602143e-02 3.8127726479561280e-02 1.2373674994252140e-01 2.3607041664493910e-02 3.5592631133446039e-02 9.2255127224132663e-03 -1.3645439382247199e-01 -5.5678044148813978e-02 1.4302118726391261e-01 7.1087127919039553e-02 7.6660170741316661e-02 8.6065785943042442e-02 1.4198881156317419e-01 -4.7708803002445260e-02 -1.0723219761777890e-02 -1.2191435374061350e-01 5.3293930476490670e-02 5.5890099018497660e-02 -3.5929606349053317e-02 -5.5224729543352682e-02 -5.9733154581416634e-03 -5.8769211050569203e-02 -1.3981683573478671e-02 -5.2586241830347387e-02 -5.3579307957015293e-02 2.4505808556656669e-01 -2.1980254920493419e-02 3.8212501345085428e-02 -1.7251604795373930e-02 1.8297792115184611e-01 -2.3690194703468968e-02 -9.5117674615905964e-02 -6.3512594063659278e-02 1.4788315530090951e-01 2.0951526522648239e-02 4.5062816635504767e-03 1.0956748801594990e-01 -1.7052716008142499e-01 -9.6988248971699970e-02 -8.6944028782732968e-02 3.6775289463847817e-02 9.5803449837203805e-02 2.6680991976832061e-02 -5.7204522020531647e-02 1.7917075451559031e-01 8.0411752794451605e-02 1.8289733798128249e-01 -9.8916419659640042e-02 2.4553838956116761e-01 1.6269480167268699e-01 -1.7489963524131349e-01 3.5938119713072363e-02 -8.8637741417596116e-02 -1.6884343382493319e-01 3.4514114545988288e-02
-1.5300680087023211e-01 2.4396020128255530e-01 1.3817958654258111e-01 1.2818495847006979e-02 1.0264478409167330e-01 1.6267195857037861e-01 9.4737658568071315e-02 -7.7026935481561962e-02 -4.0662770869949218e-02 5.3537016666152723e-02 -3.4474237240581722e-04 -7.6689549175255256e-03 -1.0153756497913040e-01 -8.5713231512112697e-03 -4.2839229535926830e-02 1.1630065738395820e-01 -3.6763947931924321e-02 -8.9631974421421665e-02 3.8461722690248750e-03 -1.7380909733288669e-02 2.2828546735684439e-02 -4.1566870680212311e-03 6.6519536619330355e-02 1.9703186073159390e-01 2.2361200227415540e-01 -1.5060530714074891e-01 -5.4611928128901657e-02 4.0224732152366341e-02 -1.0606137365380680e-02 9.3207233961473013e-02 8.8355171456895212e-02 2.8774903893357798e-02 6.7016098116588568e-02 5.5759567849470927e-02 1.1349748360735450e-01 -2.3985830896544200e-02 2.4458786698864121e-01 -5.9569340743693397e-02 7.2842650141270284e-03 -7.2747233126331939e-02 -3.1582299505374098e-02 -1.9308431507436309e-03 4.6588906118036323e-02 -1.6110572301246809e-01 -1.5071292736888950e-01 -9.2034252161613782e-03 8.9730878165761543e-02 1.0334474069339490e-01 1.2819565532495170e-01 -9.7475206386813534e-02 -6.2171986387411657e-02 8.7193407921426977e-02 1.4540694504582791e-01 9.9091832980225600e-02 -8.8274204166333061e-04 1.4550629108243271e-01 -1.1702253641059870e-01 -8.2143566299209950e-02 -9.7785876974411531e-02 -7.2974478950537783e-02 9.4813830534140942e-02 -1.3719507623282989e-01 -8.4148500207644125e-02 4.9004763270227097e-02 1.3072005522275579e-01 6.3442772030265687e-02 4.7041253999741350e-02 4.5203194749096594e-03 -6.7080970450017333e-02 2.3420467867303452e-02 3.5077964513932122e-02 -2.9617250432949480e-02 -3.3442838378438720e-02 1.0634938980641750e-01 -1.6771868929522929e-01 1.7714538180869679e-02 1.2143344294986190e-01 1.4709727271675599e-01 1.6861072893788701e-02 -1.0994275121543989e-01 -1.5988019800655459e-01 3.7417051310624791e-03 -1.7470262875198861e-01 1.6974683858007392e-02 -2.8487633383127150e-02 -1.4024203888891890e-01 3.2240237976396018e-02 1.5525079682919360e-01 2.3348524927089540e-02 4.3707731373895081e-02 9.1150307147553414e-02 -9.5811983752746674e-02 -9.6641942695180380e-02 -2.0190634192826859e-01 1.1673071573749340e-01 -1.4174176728712759e-01 -6.6883688688498477e-02 -5.5003990169984460e-02 -1.8090727738684739e-02 -1.0514445185545571e-01
1.1757161590523039e-01 2.6834407011672767e-01 7.5523709577266493e-02 9.6066861620842416e-03 -5.0045301160815923e-02 3.6229363206700907e-02 -6.8303613150950113e-02 -1.0192219365859100e-01 2.9688522841577750e-02 -7.7181127605471592e-02 8.6619080217070626e-02 -1.0058242987408650e-01 4.8864229978014789e-02 8.5808721797166559e-02 -9.6847095232215588e-02 -1.7170926988736959e-01 1.1282672412850191e-01 -5.9517617212068122e-02 7.1630567563472941e-02 -3.9867220705501510e-04 1.0379802744277010e-01 -1.6168461623826100e-01 2.0334423349933951e-02 2.9589960000430050e-02 -4.1969707035032007e-02 9.8476190811400993e-02 7.7818444387972280e-02 -2.2475083657757020e-01 -1.5387759987588850e-02 -8.2325076997154439e-02 1.8950845111023820e-01 -1.0944458705532140e-01 -3.9545023927036682e-02 8.3756164607796113e-02 8.2832831440287788e-02 7.9170228427469947e-03 1.9692880459970551e-02 1.4597675832780099e-01 3.9249501756122518e-02 -1.5601545269174641e-01 6.7063911220718350e-02 2.4586650403263150e-02 -1.5047201988003181e-01 -6.6145484982275821e-02 6.3249195232514557e-02 9.5818729688921606e-02 -2.0961287635382360e-02 -4.9349428014046091e-02 -1.3503701567115309e-01 -1.2043819302207960e-01 2.7643796541670311e-02 7.4365728314043519e-02 5.9688910672422463e-02 -7.2753091887131291e-02 9.8493673188617598e-02 -1.5958312663199989e-01 -6.9212258610200864e-03 9.7914357961930557e-02 2.6369450089103460e-02 9.9468143414592688e-02 5.7217762083553010e-02 -1.0340547355389169e-01 -1.8225756005010710e-01 -4.9390748840573359e-03 1.2137400001487350e-01 2.6252831352911891e-02 2.0338908644718129e-02 -1.1022969071855759e-01 1.7083680175287989e-02 1.2025264304405610e-01 -3.5331303912835600e-02 -1.0851951556781110e-01 -4.7361049345725173e-02 1.1149284419876040e-01 1.0789572071437190e-01 -8.9411566688595775e-02 -1.7623349928047169e-01 1.5939482517510570e-01 -5.0067129796391163e-02 -1.1487275180586960e-01 -7.7791416303716124e-02 5.8191410930731283e-02 -1.0025091908484740e-01 -8.6190983030922735e-02 3.0811187855139199e-02 5.2950993216270240e-02 -1.1046903110370830e-01 -4.8922899948786798e-02 2.3315102730582821e-02 -1.6187081480361371e-01 -2.8491357097092368e-01 7.3170041187172921e-02 1.3443997948973970e-02 8.4592989809287381e-02 7.0088944857649493e-02 -5.3628714471277962e-02 1.1630759968008859e-01 8.6808247253681123e-02 -1.2223950653159291e-01 -1.5056715301552189e-02
-1.2833524065111149e-01 -1.3838805094639539e-01 4.3621603418173782e-02 7.8851404839694980e-02 4.8142120716932559e-02 -3.3021006577122432e-02 9.2336980581070913e-02 -1.1301411732831020e-01 -1.6710299071509099e-01 -1.2985706827435720e-01 -1.9813548332303271e-01 2.2282772071832341e-02 -4.6694708630049923e-02 -1.0132125849911300e-01 -4.8439150570970972e-02 -2.9157619877638971e-02 2.0498040314916291e-01 6.7858332306721489e-02 -1.1438904814518610e-02 -1.4329479227258149e-01 -1.6208699518915970e-01 -5.1466328593357841e-02 -9.8035929932946728e-02 -1.7118307394574070e-01 -1.5536967488836151e-01 -3.0244669499742460e-01 1.1600676111331040e-01 -8.2048033796452688e-02 -6.0770200942750777e-02 1.8220391515435849e-01 1.1468578465568769e-02 -8.7140520568554689e-02 -1.1120223109226671e-01 1.1071605463140100e-01 -3.3491033290783498e-02 -3.5269471143154658e-02 -9.6760850034630867e-03 -1.2439888184588320e-02 -6.6785337065916786e-02 -5.1025114190449632e-02 -1.0656016536408830e-01 -8.9400342373223349e-02 5.1889650510610633e-02 -1.6690496107664040e-02 -1.5963867222605849e-01 8.0433296221926978e-02 -1.6873364062004181e-01 -1.2664388291194581e-01 -7.4161925128372289e-02 4.8200410080533357e-02 2.6814624847221850e-02 -4.4028847059335442e-02 3.4330633231304572e-02 3.7004642953786228e-02 1.1192053325608600e-01 1.4563758269720151e-01 6.6648313572188270e-02 -1.0154093623700030e-03 4.1927651988742182e-02 -3.2136691908064972e-02 1.3974747191053680e-01 6.7458073633274190e-02 5.3135807212161802e-02 -6.3173229207576453e-02 1.2568149038115661e-01 3.2531952293833787e-02 -2.8847387412797430e-02 -5.3127531409706628e-02 1.0384001559520011e-01 1.2008997170812140e-01 6.8588365833526649e-02 1.2438375436150470e-04 -5.6669779728335923e-02 -1.0118126774401311e-01 3.9349042975560841e-02 4.3546702963806798e-02 -1.2240157254365169e-01 -9.3853403543304431e-02 -1.4993724553978940e-01 -6.6637115497592131e-02 -1.5464278575057261e-01 1.6535454389312788e-02 -6.5490549158874617e-02 -7.6117030683655593e-02 -1.9596470578786149e-01 -2.2773192980266749e-01 -3.5623249234421027e-02 2.6885505962479352e-03 -6.3205467038660425e-04 -9.1841545240660433e-02 -1.0242797826215309e-01 3.0314311446891060e-03 -9.7377143954425441e-02 1.0965410506004690e-02 -8.6281884532432365e-02 3.6594295748595330e-02 -6.9187305606743257e-02 -4.8955602837142571e-02 7.0359943493679897e-02 6.7523745601812193e-02
8.3497110281757603e-02 4.6089188169102617e-02 4.8796183656497148e-02 5.7136067011353299e-02 1.2268242737560600e-01 -2.1249394174090832e-03 2.8431942565497470e-02 -3.5625672578780659e-02 1.5497126620090279e-01 1.7959437221399869e-02 -5.2971073392181968e-02 1.2561975184317650e-01 1.9841833042472709e-01 -7.2094188662311612e-02 -7.4654645941112430e-02 1.1978089970045340e-01 7.2635145311961630e-03 -1.5561245864530909e-01 7.4860449006808896e-02 1.5952099099158051e-01 -1.2808457211909810e-02 -6.7419016725067393e-02 5.6601251197448472e-02 -1.3482197757675299e-01 9.2417458718329383e-03 1.7777404811931510e-01 -6.7863173615300726e-02 -1.6625763351626199e-01 1.0479336779874290e-01 -1.6528009052189551e-02 -8.4013936786344431e-02 2.1521262018166999e-03 7.0304876843727340e-02 -8.5821191737340272e-04 -1.0117390670247620e-01 -8.9239471805506676e-02 -1.6900069464902731e-01 2.4083769233347391e-02 -9.5875496421875900e-02 6.5111939445968242e-02 -1.2079407109609190e-01 -1.6525984656233561e-01 1.1260974018369170e-01 -9.5474668919357464e-02 -1.5504727457649650e-01 -1.6822028291417360e-01 5.7874831136314607e-02 8.5566304506772703e-02 -1.2157160301450400e-01 2.3958363465919730e-01 -1.1262750049106300e-01 -1.2710843171731931e-01 -3.7837216016705519e-02 -3.6516712354412090e-02 -8.2114923301292025e-02 1.8781446849965629e-02 1.0415613073795590e-01 1.4932539429997091e-01 -1.2577618059682130e-01 4.7724370360637487e-02 5.4224149681127804e-04 -3.7990073850887297e-02 -3.6444773180923803e-02 -1.9610972056231930e-02 -1.2488640879105910e-02 5.0794618932497780e-02 -5.5977958549649300e-02 1.7869012407115390e-02 5.6838259191280507e-02 -6.2061974492237763e-02 -1.6259558332422419e-01 -2.1583518326619450e-01 -1.6486520936542531e-01 -5.8843300555072781e-02 9.9055827302026566e-03 1.4900755004375951e-01 1.0275190231175740e-02 3.8167836908335639e-02 3.1553405597140073e-02 -1.5638367302472870e-02 1.0775788653686470e-01 -1.3183302949624881e-01 -1.1499504626631470e-01 -3.8610394066138490e-02 -1.4374442855531641e-01 -4.0770063415100331e-02 5.8604459887301640e-02 5.2911376814131938e-02 3.3783697416862490e-02 -4.0678008429120900e-02 -1.8196785304832419e-01 -7.5408649577794459e-02 -2.4855648860237490e-02 -1.2476664046895820e-01 2.1352468925744711e-01 -7.9389878806742323e-02 -3.4218016858794990e-02 -8.1344407954271725e-02 8.2279913794510245e-02 2.8380714849586250e-02
2.6660114799742250e-02 1.6676441301290079e-01 1.1390233889435700e-02 -2.8984444359114809e-02 9.3464704919707028e-03 1.3569183419562059e-01 -2.7781070632014099e-02 -1.0838490289959300e-01 -9.1213902676118060e-03 -1.2555141723235669e-01 -1.8514328095329960e-01 2.3106237688730299e-01 -6.6062456155498286e-02 -8.9764127266895186e-02 6.4959346349475353e-02 -1.3510354582372271e-02 -1.1392202706306199e-03 7.9916047799919995e-02 -1.8772995186928529e-01 6.9262896787360758e-04 1.8221497694821359e-01 9.4231383685459608e-02 9.5027457508423702e-02 -1.3279902382824399e-01 -1.0796573145360440e-01 -2.4808755790736159e-02 -5.8039972986080442e-02 6.9877360486687010e-02 1.7868792713567530e-01 -9.9716010116332507e-02 -9.1409541502766478e-02 -4.5930852585318607e-02 2.2675382479332849e-02 5.4029619165503313e-02 2.1144950108018981e-01 4.8546608411036377e-02 2.4183711391251309e-02 3.6453105171755873e-02 3.9434812506745617e-02 -3.2806738265027781e-03 1.1081938851481329e-01 1.0249787993212620e-01 1.2444182417877550e-01 6.3496884335577708e-02 -6.1119523300653539e-02 -1.1842805828371970e-01 9.5047007800954347e-02 -1.6906676022485759e-02 -5.0574955878930662e-02 7.8893114592530109e-02 -6.6103816127012008e-02 1.9111498124926489e-03 -1.7104591350997261e-01 -7.5176526057640358e-02 7.9550997142027360e-02 5.9395376733124873e-02 -1.3555565805729569e-01 -9.7476547362340862e-02 -3.0434931380411579e-02 7.2244267499711398e-02 9.1660479448775367e-02 4.6166878253783338e-03 -2.4262467092718301e-02 2.6283406486154931e-02 -8.7681561090490676e-02 -3.2613123245472130e-02 1.5158610095408250e-02 -3.9200295035095777e-02 -9.6293618256488508e-02 -7.4620776143150630e-02 -7.2324271883607058e-02 4.4031616384944079e-02 -1.5700584295458141e-02 -1.3335747044684040e-01 -1.7249130495684051e-01 -8.8396930004678201e-02 -1.1876614671350830e-01 -2.2415732186592892e-03 -2.6233148709153731e-01 1.3028510702780130e-01 -1.1952960272193720e-01 6.5263723420900491e-02 -2.2196386428488951e-02 -1.5674115602649660e-01 3.1800504045108931e-02 5.3530747637284999e-02 1.6345301054731770e-01 1.4753804461712380e-01 1.6429532088629430e-02 -8.9453431383453005e-02 6.1559424123745342e-02 1.6005489084123081e-01 5.0485083961977650e-02 1.7135046994302019e-01 1.9266264743482889e-01 6.5754533753916850e-02 -1.8612710911626599e-03 1.1619065613879460e-01 4.1629697657056706e-03 4.8499613439288040e-02
7.5854766649706626e-02 4.0835130206992122e-02 -2.8941063589533779e-02 6.2026801049256841e-02 9.5427510241332572e-02 -8.0090607047927267e-02 -1.3724127752668261e-01 -8.1598819512308466e-03 -6.2999128965716453e-02 -2.2104924247271229e-01 1.2692522852896520e-02 2.3141674472252979e-01 6.5417145243946040e-02 -4.1791659893992798e-02 7.9798537932066899e-02 5.9970531649376393e-02 -1.6604027689521811e-01 1.5708264415516739e-02 -3.8194096443394977e-02 -4.4864027118113742e-02 -8.2650204217286360e-02 6.4978086107551999e-02 5.6930390680801413e-02 3.3150562586327668e-02 -7.2939788065907160e-02 -6.1578641346105502e-02 6.7018076257527148e-02 -1.0107387336095749e-01 1.0737805688382460e-01 8.8439711362349363e-02 -1.3719696863755620e-01 -2.8718337902650048e-02 1.8617263676171000e-01 6.8919070725571532e-02 2.9843428581347840e-02 6.7282240234346286e-02 -2.9653075682402382e-03 4.8115495146602461e-02 -1.7606552048416010e-01 -1.2324274069926710e-02 -3.6081251508556490e-02 1.0764395016355149e-01 -1.3184211173831570e-01 -9.2314848386699969e-02 1.8003043333019869e-01 1.2294460421177630e-01 3.0187755687125589e-02 2.5381447592375189e-02 -1.3182261037704840e-01 -2.4399669661099380e-01 -1.2327531072835531e-01 -3.3933906854716887e-02 1.6920136431086899e-01 1.8538094505078340e-01 -6.2779788104541406e-02 5.6718548050354659e-02 -1.9675477390878719e-02 1.4200828022124579e-01 -7.6690245106268928e-02 -3.3178200729669698e-02 3.4283453789528358e-02 3.4855281648044759e-02 -3.6469851058909833e-02 5.9811413373568607e-02 -8.0654520040030139e-02 1.6598531660811999e-01 1.5186338908113220e-01 -4.5068562762647278e-02 -1.1156394030336959e-01 3.5849895429947459e-02 -6.9664753802863646e-02 9.7742804092454089e-02 -1.1424643908343460e-01 5.6802178339345068e-02 4.1558644557880747e-02 7.7477998921457333e-02 -1.4631197694027720e-01 -8.7107049778242032e-02 -2.5390213828261812e-02 1.2348275157345540e-01 9.8521600712145427e-02 -1.7659161499795770e-02 1.0754821456643759e-01 2.2695513010352369e-01 8.3373536989803917e-02 -1.2227625023450570e-01 -6.0618577959584453e-02 -1.0886700847014109e-01 2.0964180084889239e-01 -6.6472674594428266e-02 7.7134069342134570e-02 -4.5905003184804519e-02 -1.2150647260340559e-01 -2.4544531357424661e-02 8.2200709177110670e-02 7.1556734066979794e-02 -1.6458413586258141e-02 -4.7571386117461638e-02 -5.4193206508160910e-02 -3.4099395595917667e-02
6.6956805022420463e-02 2.6253246657036350e-02 -1.1304862260563710e-01 1.3465596511744121e-01 -1.7246004552144001e-01 2.6923145996706092e-02 -4.1271002569701530e-02 9.6689641266599027e-02 1.9594354918338450e-01 -9.0975508078347506e-02 -2.9813148824088521e-02 -1.5024309972474201e-01 -2.3294706283107699e-02 -1.0824814957088420e-01 1.4576484134555770e-01 -1.9379185671906801e-01 1.5928286298923969e-02 -3.2425204023490167e-02 9.0003441850652025e-02 -9.2968694209706090e-02 7.9186407994507990e-02 1.2852844753120349e-01 -8.2754268398648995e-02 -1.6029947647284930e-02 4.1252610629853262e-02 -1.3006610048925851e-01 -2.3682304550376999e-02 3.8530936822764067e-02 8.7037440153335685e-02 -9.6813916813523360e-02 -1.1649180319783180e-01 2.1893735094539110e-02 2.8684584753589339e-02 6.7561793315195101e-02 -6.8027049913676765e-02 -3.3357904034633262e-02 1.0678670958347990e-01 2.6883101214190902e-01 -1.1471467100827260e-01 2.5152347002590908e-01 7.4545786149824822e-02 -1.6639939421118061e-01 -1.2134020282426700e-01 8.7949163853600146e-02 -1.9878058786990330e-01 9.9907653749476716e-02 5.5090325497862122e-02 2.0926099832810699e-02 3.7682208288872518e-02 -1.0324909388472220e-02 -4.6939109426681032e-03 3.3184217304389627e-02 7.3539470347174937e-02 1.0081905221366710e-01 -1.8090901613895799e-01 -1.6300492458001380e-03 -7.8208872455194520e-02 -8.4307609033007547e-02 -6.5514528793974999e-02 1.1430971973751069e-02 1.6995254732040599e-01 9.0797009064134543e-02 -5.6419869356683167e-02 -1.6155590921828261e-01 1.3051680823636361e-01 -1.2396348348833770e-01 1.5258297169440371e-01 -2.7640278098805791e-02 1.8176762459541300e-02 -1.2908605506344589e-01 -6.0726066674051997e-02 1.8485133346459879e-02 5.5225985789302913e-02 -8.7188137690065753e-02 2.2343318803142321e-02 5.8165824362916493e-02 4.3855468750827742e-02 1.4640497301074029e-01 3.4068001053967609e-02 -2.4638036707053819e-03 4.6614337512093852e-02 5.9604074559542759e-02 -1.7138204892417859e-02 -4.9278176150768993e-03 -3.1421352176666827e-02 7.9004665899185117e-02 -8.5591972158014396e-02 9.6916724949084238e-02 -8.1861469218372257e-02 -5.8311885955045571e-02 -2.5899102904255691e-02 -4.2351358915333051e-02 -2.2015605533477589e-01 -1.2567857095234611e-03 2.2138582759078949e-02 1.2848900582575931e-01 1.4646461230607349e-01 -1.2868965271744451e-01 2.8492294427013051e-02 5.7482349884921208e-02
-1.3917537159305221e-02 1.8708877048369269e-02 1.8246896601479121e-01 8.9313775937349946e-02 -2.1221884509458641e-01 1.4015124051155631e-01 2.9373468780057279e-02 -4.5655813849710569e-02 -4.0655720110055429e-02 -4.3575946457960583e-02 -3.4828414908109090e-02 4.5624236843516373e-02 -4.4757236056521377e-02 -1.3793367200365830e-01 3.1329881987696040e-02 -1.7972363116911260e-02 -8.6269748093474111e-02 -1.6537514903267349e-02 1.8328307469360819e-01 -1.8369311804918909e-02 -1.1079729774247200e-01 6.0748514748531851e-02 5.1988982105488732e-02 4.6324616851623091e-02 -3.3070908243441839e-02 -9.6112582573730482e-02 -2.2361467514792791e-02 -1.2794383863678120e-02 -7.0307505409030732e-02 -9.0373477215634615e-02 -1.2545112496573471e-01 6.6648162327561947e-02 -1.0507808975684060e-02 6.1852017814243203e-02 1.4334439565187240e-01 2.0914339756683279e-02 -6.2288640800295933e-02 -1.6203282712261369e-01 7.1760463949945869e-02 1.3724005167778541e-01 1.1344582394295720e-01 -6.4757955616483162e-02 -8.5275880314069075e-02 6.7633546424948870e-02 8.1730963941487073e-02 -3.2026438500723828e-02 3.9743428236708608e-02 4.2232765130522008e-02 -5.3901210676399677e-02 -1.2052992643464440e-01 -2.2222628325360680e-01 -8.4136238577638536e-02 2.7601686069334630e-01 -2.7833613230888038e-01 -2.0931779306808469e-02 5.1187720054067840e-02 7.9064426844565730e-02 -4.9727745556354383e-02 3.4892918999988959e-01 8.1927378417411781e-02 -1.3862158193352209e-01 4.9031586539819740e-02 5.4609377226885053e-02 -6.0018188614775057e-02 8.0632956958317722e-03 -1.3055797452232429e-01 1.8005791744484991e-02 -4.6713974997387997e-02 4.0619678108011877e-02 2.7614345809571190e-02 6.8424071938958189e-04 3.9248760742815907e-02 1.1700572450186681e-02 -1.7416949562061310e-01 2.0852781707692551e-02 4.5376968972250221e-02 3.7327795618151062e-02 -4.7345476345860900e-02 9.8701766643380096e-02 3.0298203282890061e-02 -4.3489754343053501e-02 -4.9108800368633750e-02 -7.1918494091412627e-02 1.1824470483321300e-01 -1.3178424558931590e-02 -3.7259183002547769e-02 -3.8159506802055411e-02 -1.2189757334578060e-02 -9.0478699024291759e-02 4.6874082496016697e-02 -1.4292109654499549e-01 -1.6214826883904861e-02 1.3671771390432200e-01 1.6198915925959470e-02 1.9844277805977609e-01 -1.4417362197007780e-01 -1.2789784088217651e-01 1.2725214099482650e-02 -1.2315056611103151e-01 1.6624262443767239e-02
1.0053883962954180e-01 -2.4763570371654439e-02 -6.4396643981307441e-02 2.1382233848931142e-03 -3.8167422695986199e-02 -2.3947502591848201e-02 3.5646991718078461e-02 -5.8240325389834993e-02 1.3487888157433581e-01 -4.6938022672272033e-02 -7.4122040047373286e-02 2.1331106609180250e-02 -1.5013643460376641e-01 -1.7666547021696809e-02 1.2837128420585639e-01 1.2850557879991220e-01 4.3586370885882353e-02 -2.0685831499073999e-02 -4.3178083384025952e-03 -3.5519368724774937e-02 -5.8632157071119469e-02 1.2328802445430920e-01 -8.2247750540707404e-02 -1.2443673926920611e-01 7.2468394341702921e-02 5.5049798409912150e-02 -8.4487734857651795e-03 -1.3358668606749940e-01 -1.0493670008842130e-02 -5.8887666618683589e-02 7.6525706302713895e-02 2.8334508950606607e-01 -3.2867932586505749e-02 -5.2107123377952140e-02 -1.0462580657449630e-01 -1.4810265774125769e-01 1.8270379716026769e-02 3.2390796990027317e-02 -9.8333315534305243e-02 -2.7244931146902979e-01 2.1307100563617301e-02 1.1873190804736210e-01 -3.0384003498764699e-02 -5.3406653851725563e-02 -2.0660711172558369e-02 1.4082788725511350e-01 -1.3095313916264051e-01 5.8075332752257458e-02 -3.9812846509378483e-02 7.6867056157410518e-02 7.6696699678414013e-02 -9.4939252285201767e-02 1.3740589023479111e-01 -8.9328196667000318e-03 1.3265277318753160e-01 -1.2860304264889741e-01 1.0244977189577591e-01 -9.9433790037216072e-02 -4.8436133125119393e-02 1.3055389015732810e-01 -1.1448194959944660e-01 -1.3403666380284679e-01 6.4087785026348904e-02 2.0111591002412318e-02 4.1049043448547248e-02 -1.6627466381827730e-01 -1.1257927893648221e-02 -6.8976655720204685e-02 -1.0445205745442780e-01 6.0947128115082648e-02 -2.9495236508580679e-02 1.9311748223565389e-01 -8.8830326880986063e-02 4.3427782176079892e-02 -2.5716633650475058e-02 9.7467824393757840e-02 8.9596355616969242e-02 -7.6223537516697332e-02 7.6345457781782769e-02 1.3046527255430779e-01 -1.2651500460516521e-01 -9.0563164355379477e-02 -1.1029010625849030e-01 -6.5465527464355439e-02 5.6816936804815053e-02 -1.2167666555524810e-01 1.0108071452494199e-01 -2.5897904320037579e-02 -1.3345324545709300e-01 -8.1243268057810375e-02 1.2562401731063669e-01 8.1639747560946913e-03 5.8073095971811879e-02 5.8938535416424923e-02 1.5379569771845419e-01 5.5727467544900371e-02 2.6267923581816222e-01 -1.5689217166899130e-01 -1.5055493656357020e-03 -1.5242454432745720e-01
7.1633092092685757e-02 -1.2922955594841740e-01 3.1333829789333858e-03 2.8011077652661639e-02 1.9405020784849411e-01 -2.1228068421038790e-02 2.1866319396740819e-02 5.7993279704073197e-02 1.2996960868772731e-01 -1.4249925397198890e-01 2.9427196350793220e-02 6.5921169370960209e-02 2.8721213663697190e-02 1.4549379930516671e-03 1.0713321674746989e-01 -5.1323556154544883e-02 3.4625108527518260e-02 -5.5049944027696182e-02 -7.2521457325240235e-02 -2.0648413282556920e-02 3.8857823228396100e-02 7.8063543864707638e-02 -9.1946920672458417e-03 -1.0324030660861990e-02 1.7640305312621621e-01 7.0617912752358500e-02 -6.5341574914425909e-02 1.8096274178393601e-01 1.9979676506658110e-02 1.4484651057576170e-01 3.4713568840718738e-02 -9.2550133616965638e-02 -6.1799116279870142e-02 1.2668087935604269e-01 -1.5914321745910259e-01 1.3633687834799171e-01 4.3036912437769949e-04 1.8578094543755141e-02 1.6299941162507291e-02 -2.1911321507002691e-02 3.7131718021953593e-02 -5.7401878619749519e-02 -1.6481101551238780e-01 4.4721680989430489e-02 -6.4838453812593982e-02 1.3212139974079110e-02 2.0100501138287100e-02 -4.2138286243229399e-02 8.2619640840630504e-02 8.8053557623945705e-02 -5.9772895548224729e-02 -5.4750364220574013e-02 1.5933997127816291e-01 -2.3031461231546299e-01 1.0902227380933220e-01 -1.0398902563737840e-01 -6.5864537650663205e-02 1.4638591410874430e-01 3.9343118597026300e-02 1.0992364234305750e-01 2.1473058443184881e-01 1.0194251653984609e-02 -1.6540214519256140e-03 6.4889642557158497e-02 8.6215177797341527e-03 1.0365815708569349e-01 2.2568946794020109e-01 3.4195026056437323e-02 -2.7618196229218389e-01 1.4538240214315240e-01 4.8517296623173743e-02 -2.1652969256200849e-01 2.4812086145569709e-01 1.1146906810663490e-01 3.4592853336549503e-02 1.0887381449179760e-03 9.6293376411130741e-03 -1.0623668126442340e-01 -5.0430215399164258e-02 2.4916995427592221e-03 -1.0549409870097511e-01 -1.5273581779514250e-01 6.4252295673447070e-03 1.2882032539778919e-02 -4.9680935972283263e-02 -3.9929353553146751e-02 -1.1112875425196310e-02 4.4156744408912568e-02 -8.9201459742968600e-02 6.0676216727261929e-02 2.8193298575218649e-02 6.5026702721467253e-02 2.4831565904442951e-01 -5.8839356030856008e-02 -4.9233823249951684e-03 2.4456847423139479e-02 -4.8045277863823198e-02 -4.2740421302726657e-02 2.0100954823862521e-02 1.1082685047950010e-01
-7.3536361941567222e-02 1.6544143300175090e-02 8.9326578269473378e-02 1.0270275514690290e-01 -2.8556184054436950e-02 -1.9628052760596391e-02 1.5316288241022680e-01 -2.5174679698870401e-02 3.1836652046518643e-02 5.8678230093831267e-02 1.4366696962956770e-02 9.7570858927573653e-02 -1.4383809152850580e-01 1.1208693546096379e-01 -5.7932682365253112e-02 1.2717613041551079e-02 1.7468024545128269e-01 7.6550741783710671e-02 6.3550284011354929e-02 1.3722138933615289e-02 -9.2872883999903552e-02 1.0057099960391490e-01 -9.4048797656696992e-02 -2.8744324268032469e-02 5.3576607120277557e-02 -3.3762616971834948e-02 -1.4566863835515109e-01 9.7038706961265736e-02 -3.0564747063052320e-02 -4.8560767870880733e-02 3.6503065259438131e-03 -1.5369282783302249e-01 1.1241055418659630e-01 -8.0330525640749981e-02 1.6902988112452039e-01 6.1371224991292189e-02 1.2729803399788109e-01 3.7582015537417281e-02 5.9756525274232773e-02 -5.1309432744534228e-02 1.4751813599658459e-01 -1.3759983597042270e-02 -4.0039662927802998e-02 1.0497805060404811e-01 -1.6686725870703820e-01 -9.5137286834382634e-02 3.6632510578153622e-02 -1.1086467791904740e-01 -4.3228757373760231e-02 -5.6546644375173628e-02 -1.0988091947296050e-01 -4.8770602254073772e-02 -8.9754725916881467e-02 2.6036309444529032e-01 2.1286652186508430e-04 -1.0750865233080210e-01 1.3425558523193951e-01 -9.4133665586339111e-03 1.0038398357562529e-01 -8.2454716945773235e-03 -1.1867057689290740e-01 -6.3419625597639057e-02 1.4265740714457929e-02 1.5620203606143659e-01 -1.5630430555783739e-01 1.2932194827594981e-01 -5.4128629122784386e-03 -1.0309807543141000e-01 8.9492532068001188e-02 4.8371762842078928e-03 -1.0540997686608750e-01 -7.5661455883965908e-03 2.2362164420000599e-01 3.6685466839272041e-02 8.5666557737119703e-02 -8.2704889182130391e-04 -5.9317465761917418e-02 1.3746883364164559e-02 3.7137820322313421e-02 -1.3097689402334370e-01 3.8322156908141697e-02 -3.6991835898884612e-01 6.3942822855855563e-02 2.0247024037337309e-02 -4.4592586845164789e-02 8.4819335147804618e-03 -7.2216844210799894e-02 -1.0679021891045760e-01 5.7175308911042381e-02 2.3909688251849959e-02 -4.6677701183828128e-02 7.9171561467491464e-02 -8.7015304038584818e-02 5.9945149668515788e-02 1.5544740882524419e-01 1.1829049322789199e-01 1.2930410950599269e-01 -7.9049230731504591e-02 1.6368000982366671e-01 -7.6929939297582281e-02
2.3033554938718670e-02 -5.7796203120647822e-02 -8.5790937722813959e-02 6.3897728615561686e-02 8.0009656162320517e-02 -1.7545055144033780e-01 3.0506570149381400e-02 -3.2064356920558257e-02 -1.2741236510593651e-01 -3.0057518662356258e-02 7.5421011395524401e-02 9.0988242916703974e-02 -1.9863414895651521e-01 1.2254190309714690e-01 9.2512504092817166e-02 -2.1137713953395409e-01 -2.7820398942064861e-01 5.1175140151426317e-02 1.0058823269733280e-01 -7.5570688744614728e-02 9.6256688867879900e-02 1.4714225575792699e-02 2.3863422274460830e-01 -6.3455242662725467e-02 -2.0631272541869669e-01 8.9952069301249826e-02 5.9573332886717158e-02 -1.5443631174097069e-02 -1.2395741637446490e-01 -1.3292940950631049e-01 -2.5764774614189551e-02 4.8481351145582573e-02 -1.2015272568541470e-01 -3.1331826955751887e-02 -1.5990270685178759e-01 2.2491295117762631e-02 7.0736649434094315e-02 6.7489641033828540e-04 1.5373311531545189e-01 -8.1119961257136414e-02 -2.0110567376652781e-02 2.1075365779876960e-02 1.0288340001158550e-01 -1.9343797853760850e-02 1.0145980170582940e-01 -4.2606042090220397e-02 8.6351050322722361e-02 7.8009459745460086e-02 2.3750958214213670e-02 3.8608630347313252e-02 8.1268379860736262e-02 3.0405780386439409e-02 7.3045418330685882e-02 9.0024349185511054e-02 -5.3495310135805933e-02 1.3254308141960319e-01 2.8441153353399948e-02 5.9981822937675587e-02 5.1704809767815003e-02 5.0991542192717253e-02 -3.1751307225555921e-02 8.1136499191395720e-02 1.7165923221337320e-02 1.5733569104897139e-02 3.0280795776118849e-02 4.8090248672723150e-02 8.2777504283337681e-04 -6.1976230284711928e-02 -1.3577075093526059e-01 7.8730179852214449e-02 5.1814548019921212e-02 -4.0635063016343363e-02 1.9132506648485641e-02 -1.0362998807428291e-01 -3.9131182040086768e-02 -9.8228201321468533e-02 -6.4574708292221214e-02 1.6628333512191110e-01 1.0742207128716851e-01 -8.1104745799721642e-02 -6.4656839981070857e-02 -2.0102345682478709e-01 -1.9998262863575389e-01 1.3764574860548859e-01 -5.5931824780504208e-02 1.6677996440399641e-02 1.3363765800179850e-01 2.0819923033780199e-01 -2.5393735027701071e-02 -6.9514118327546323e-02 -1.1119842792167950e-01 -6.9456360798269140e-02 -9.2634997718549467e-02 3.6720200909601132e-02 -4.1760727091872903e-02 3.9006879394721507e-02 1.7617449075912190e-02 -2.9967924197427089e-02 2.4701179035441559e-01 2.5055431009796082e-03
1.9014182821958620e-02 2.0423108566212009e-01 1.4630448458795190e-02 1.3529531156794539e-01 -4.3968860631620359e-02 2.7386408822281820e-02 -1.1706164115675080e-02 2.9882231840373802e-01 -4.1322863529532142e-02 -4.5025041079047090e-02 -1.8170065420863379e-01 -2.4772509877901010e-02 1.3428034634900779e-01 9.3561904171357933e-03 -1.1517478132762141e-01 -1.1367213141420079e-01 6.8917890415413343e-03 8.8096940813835359e-02 -1.1256853438029500e-01 3.2026733440521177e-02 8.2216212975313563e-02 -7.6159664579644529e-02 -9.8527543377678814e-03 -1.3537107791869410e-01 5.6121169247718233e-02 -2.9135928292292900e-02 -2.6919635975505160e-02 -2.2297925376917230e-02 -2.6076843382315179e-01 1.1504440201565340e-01 -1.1145327835825400e-02 9.4748501247833867e-03 2.7883001779389641e-02 -3.0539396173402079e-03 -6.9492174941804097e-02 -1.1823136334773940e-03 6.6707564523655838e-02 -8.1010088760272533e-02 5.2087113559482173e-02 -1.0960248692875940e-01 1.5445935021333951e-01 4.6083959819447851e-02 2.3746322991858360e-01 -4.3271804537368640e-02 -5.6985225636454598e-02 3.1797537301749099e-02 1.8845047183320789e-02 -1.1302965270290830e-01 7.6857741009812297e-02 4.4569532657777938e-02 -1.8499219443423781e-01 -2.1960277629089739e-02 2.8522809972485919e-01 -7.2433983961838311e-02 -1.6461148074633089e-01 -8.9925461912794824e-02 6.9318577529192446e-02 1.0148633258851970e-01 -1.4212763992213789e-01 1.1988514934481240e-01 -7.1865422202992843e-02 1.7297904107705760e-02 -9.8462132626936219e-02 -1.2267499066321229e-02 -3.8392935181494482e-02 -1.5138687063180681e-01 -2.1162175055605739e-01 -8.2744159042099030e-02 -6.9398060716795731e-02 1.1380815874045800e-02 1.2627744070039651e-01 5.8236467647813699e-02 1.5244847760794289e-02 -6.3334992293427837e-03 1.1290050092347320e-01 1.2431146197238210e-01 -7.0327447539371327e-02 7.5730815020175632e-02 -1.7902945388244659e-01 1.9082173152849019e-02 5.0469347066281728e-02 1.3042975578804281e-02 1.4187784710554791e-02 7.3267108897491370e-02 1.9386475985563999e-02 1.4001235611932999e-01 4.0565678554127680e-03 -2.9482579736596019e-02 9.0337451310530684e-02 1.0314979138946111e-01 1.4649827716223840e-01 4.7281326737730542e-02 -3.9658670302807168e-02 -1.6134235720479430e-02 -6.4831978096782691e-02 2.0017438476028510e-02 -2.2322845645651079e-02 -4.6108647181674067e-02 1.0697168259843180e-01 9.0364853411841421e-03
