# CEC 2013 LSGO F04 rotation matrix (100x100)
-4.9151872446406147e-02 9.6176114147622560e-02 8.0338987662171402e-02 6.4566658162909824e-02 -2.0485344689298030e-01 -1.4083687127738331e-01 -2.2690082422735380e-01 5.6404590447372907e-02 -6.3192643901282014e-02 2.3320734888092651e-02 -5.6607792673248489e-02 1.1850258925102119e-03 3.4548351705595927e-02 -1.4297829578237781e-01 -1.7978939521880360e-01 -4.2646984386073672e-02 8.1299133412259472e-02 -1.1546452171983421e-01 -6.5873439705117345e-02 -1.1152257085018100e-01 -1.1753032084854960e-01 -1.5840532406840160e-02 9.6361210902462510e-02 -7.0551446955415029e-02 1.5300651616316560e-01 -1.6123051458466850e-01 8.9272387474158221e-02 3.5604509018175919e-02 1.1266716259050560e-01 1.5695118222036581e-02 -1.5456119005092869e-01 4.5395377505625820e-02 1.3625835653857440e-01 2.0196916931253761e-01 1.4457843033692661e-01 1.4412864288345040e-01 7.9177691685810101e-03 3.0369105072903961e-02 -9.1527762845958534e-03 1.5166823658879119e-01 8.0374866039115839e-02 2.6721325238224139e-02 8.8435894619684152e-02 4.9738118826225822e-02 -5.2491336797043923e-02 -1.7278782333966941e-01 1.4893059851912421e-01 -6.0615696834586709e-02 -7.8446314784340526e-02 -1.1052445012437930e-02 -2.1153197057844189e-01 3.9861702015710640e-02 -6.3255114245139521e-02 -4.4559821327878951e-03 5.9612348172321403e-02 -3.5155194637490561e-02 1.2969729421975120e-03 5.9964390788110229e-03 9.0548117795956784e-02 -1.3913551956586609e-01 -2.2975088101341050e-03 9.1467090985219490e-02 -6.8259972330530754e-03 6.8260095252758281e-03 -2.8370858697944429e-01 -1.2290898277144580e-02 2.8750810235036841e-03 -5.8391705835012228e-02 1.7893743239731091e-01 -1.2942394133679680e-01 -1.4411240752284549e-01 -6.2010107491374797e-02 -5.9958769362303488e-02 1.1865682771711540e-01 -6.5093447471230277e-03 1.1575796954384700e-01 5.5231663617135492e-04 5.4539658234159342e-02 2.9214574611084249e-02 2.9883455556434500e-03 -8.3602162291686433e-02 3.0334888136566329e-02 -4.7608413796779922e-02 -4.2800301567747732e-04 -1.1914896161931481e-01 6.2077194612840281e-02 -6.3160143899876880e-03 -1.4594031593999940e-02 -2.3262676361641571e-01 4.2454565347741093e-02 -2.8714372543963189e-02 1.1000256504423451e-02 -5.4723604918288017e-02 5.0441060155157452e-02 -5.9076651369192330e-02 9.0524342929733381e-02 -3.8521962238266289e-02 -1.4404294327883110e-01 1.3898671063341980e-01 1.0510305173252309e-02
4.6098736065668749e-02 7.0608943836406590e-02 -2.2430611904259379e-02 -1.0771994128976339e-01 -3.8974996304377403e-02 -7.2903417034104134e-02 1.6169908585891690e-02 -1.3874466342272221e-01 1.7042596545227279e-01 4.9242307504333623e-02 1.6060210015447371e-01 -3.4269085262941062e-02 9.3434846787572752e-03 1.6070711715786948e-02 -9.4903807482952043e-04 -3.3420946057581273e-02 1.6191403057420850e-01 -1.6982437545051501e-01 1.7990906920848340e-01 -5.8259627032763231e-02 -2.2444833200997421e-02 5.9653635098808062e-02 -6.3758304096166368e-02 2.5683435670233751e-01 -9.5972027746715274e-02 -5.2384414894244460e-02 -1.0377666140421980e-01 8.8000282446772812e-02 6.9272837732212100e-02 1.4295537404119270e-02 -7.2816275574251466e-02 -5.2824877125793493e-02 4.9067075300107517e-02 1.3350184022708639e-01 -8.8800840117821411e-02 -2.3606738449684039e-01 -1.4181909121134231e-02 1.3854444332197541e-01 7.1051079443670241e-03 -4.5955461608902147e-02 9.4955040669039439e-02 6.1531634272594907e-02 -1.2154136562219470e-01 1.7139675905075691e-01 7.0834930710341665e-02 -7.4130007282541863e-02 -2.5457072582067780e-02 7.9585606318938198e-02 -2.3405064087729471e-01 1.6131376376702139e-01 4.7060331247789824e-03 -1.0047406035090070e-01 2.3475109387099319e-01 -4.1285626750311812e-02 7.3416853304107965e-02 1.6742104543292169e-02 -3.9282348720959684e-03 -4.7623765191952973e-02 3.4417496051590321e-02 -4.5009710682483078e-02 -1.4184944201673361e-01 -1.2137705670252959e-02 -1.2403251921102169e-01 1.4778254306602739e-01 -1.1095400601103241e-01 6.1771474129686643e-02 2.5694335624650488e-01 -7.0591814826438497e-03 8.0815347923910333e-02 -7.3674367391943260e-02 4.4184805279633192e-02 1.1365907941558551e-01 -8.7985719563021814e-02 -1.3820988092422659e-01 1.2082420943613829e-01 1.5117392390009711e-02 -1.4570192260502021e-01 -4.7448441906399401e-02 -1.6254733084304890e-02 5.8883302826839463e-02 1.8976763495033841e-02 -5.7208120336666571e-02 -5.2410376407991621e-02 -3.3735695132876727e-02 2.6629013117190230e-02 1.4853143963196629e-02 5.1115679376487567e-02 1.6053439621292470e-01 6.8186102089583422e-02 1.0395609731573439e-01 -6.7663562497387267e-02 1.1547901483713489e-01 3.9502897339692061e-02 -3.3127451823290667e-02 -8.8880137506794094e-03 3.2102153859111512e-02 -1.1338034155264480e-01 2.2527521032283761e-02 -8.9383983454667554e-02 1.2882948836683361e-01
5.0932403001497303e-02 -1.7246252638056399e-03 2.5631786050831142e-02 -8.4708323419099577e-02 -7.5645304803205041e-02 -1.0885214009930590e-01 -9.6872660362122595e-02 2.0008707503489320e-01 6.2312854097480233e-03 -4.8924444424568912e-02 -4.6171890082169993e-02 4.1846285834805368e-02 -1.3196118805760421e-01 -7.5648337644907290e-02 1.6307874253104301e-02 1.2992972778323449e-02 4.4077365653136337e-02 1.8355553481834399e-02 2.2776524860039910e-01 3.0210227367898381e-02 -3.4035187241094160e-03 6.6536046501721680e-02 2.4003957098180699e-02 -1.2780390404672180e-02 5.8497192127261677e-02 7.3258716205442262e-02 2.7986115540661149e-03 3.4971574497562247e-02 7.1696643366817497e-02 -6.9204383546367987e-02 3.4472588914336577e-02 -6.3846004782543694e-02 -6.8671883680779290e-03 1.6100717035078510e-01 3.9799678707011232e-02 2.3583052873587279e-02 -1.1774767609507300e-01 -6.9518752300002595e-02 1.3152480754795410e-02 -9.3551841133903982e-02 -5.6921188505562957e-02 2.0499141227422091e-01 1.5369243881698411e-01 9.1096672451212557e-02 -2.2223033287628889e-02 -4.2945243395636989e-02 -5.7675497450022407e-02 9.5029307481952860e-02 2.4779555478484160e-02 -1.0686325822857630e-01 -2.8357155952953312e-03 7.6817530186260932e-02 6.8445252532542827e-02 -3.4966580275746562e-02 3.5899763088313497e-02 1.4919794628225100e-01 8.2452880486474131e-02 5.6121546438786238e-02 5.1949011540286375e-04 2.5980406680677809e-01 1.6660756904026680e-01 -1.1346379731916589e-01 -1.1142285617090630e-01 5.4055644393345398e-02 1.5490269298577100e-02 1.8575713238868441e-01 -2.3209078904930158e-03 1.1193444991431301e-01 1.1896154531596741e-01 2.2200229593111559e-01 2.3789358960879470e-01 -1.0179029728736980e-01 3.9505119468516960e-02 -6.3376146713820164e-02 -8.7285315628301927e-02 1.7129430998350689e-01 1.5020453669522721e-01 -1.4257527619028859e-01 8.1470884559410955e-02 1.4606285825012921e-01 1.1560930673673010e-02 -2.0297824138894369e-01 1.2539095590376620e-01 4.5450841252288779e-02 -2.0311140811357689e-01 1.0806147585440030e-01 1.1624418816475759e-01 7.8435136819156436e-03 4.7304633007953588e-02 -1.1677579379707310e-01 8.1713867602121362e-02 4.0583660337158732e-02 -1.5545008455652279e-01 -5.7461046689858811e-02 -4.4193760794504627e-02 -8.6908070305420047e-03 5.1517583735610141e-02 -6.9716191046676229e-02 -2.6346800836982012e-02 1.4386271144897650e-02
-6.5516797668283611e-02 2.9948754730629100e-02 1.2435711074023729e-01 1.0170269234586821e-01 3.9201773354725952e-02 1.0218233073713801e-01 5.4812378056517057e-02 4.9092027685172603e-02 6.5580415711752812e-02 2.0767321676560080e-01 -2.7910642181414841e-01 -1.8948378214651479e-02 7.1470689752292510e-02 1.5442209671539611e-01 -3.7297359197072409e-02 -4.8252881458181823e-02 4.9354663651356857e-02 -1.2308958317074591e-01 3.7556916362074089e-02 4.5417076576560972e-04 -9.2952839263812842e-02 -4.3047374230686317e-02 5.3113759684587002e-02 6.9635781599143881e-02 -5.4561404982817363e-02 2.9059034643483039e-02 -1.3455001201258129e-01 -1.0024482932737450e-01 -5.9572673000018783e-02 -1.8524200399801280e-02 1.2173853116079220e-01 -1.6719323248851259e-01 1.4405369565162940e-02 1.5464585270362019e-01 9.4386334963226071e-02 1.7738020188012499e-01 1.5454826917418521e-01 -4.1277778981828481e-02 1.2947431516293079e-01 1.7442294369248809e-01 5.5688998893121108e-02 1.7019759364706361e-01 1.2989393105141259e-01 -2.8645134418380819e-01 -3.3770076467320519e-02 -1.0751863899005031e-01 2.9263688321146820e-02 9.0854574539910402e-02 1.4448885894228800e-02 -2.9189032768171589e-02 7.4498072036656898e-02 -4.5121466562552781e-02 -8.9825625229274175e-02 2.5899214484509610e-02 -1.2477716763928400e-01 -3.5690353134909432e-02 -1.2854516949493849e-01 -7.9780310907626342e-02 5.2864939156083139e-02 -9.7060009640033612e-02 4.0899902073089182e-02 2.9046030990686290e-02 -8.2010407427362583e-02 9.5704043439484673e-02 1.3820659591606879e-01 1.5728787817301571e-02 1.0853372543067460e-01 -8.5601597170581814e-02 1.4968967973910360e-02 -1.2686135772326940e-01 7.0917041354329136e-02 2.3806843798589709e-02 -2.7691333236695880e-02 -1.2606447418043509e-01 -7.7566529202071924e-02 1.0902485006536049e-02 -1.7563576883536370e-02 1.0333348409446801e-01 -1.0833246713265850e-01 1.2104989840167910e-01 2.0026817403341660e-01 -2.4711512593012699e-02 4.9554366956258707e-02 4.6718127180959211e-02 -7.1011762946841112e-02 -1.7038528344074150e-03 -2.6774882377325199e-02 1.7669561477761869e-01 4.7519666540954041e-02 -1.0460012122413130e-01 5.3491943697691710e-02 8.0478859356921412e-03 8.5112895772294972e-02 5.9515748077593321e-02 -4.2760584426574808e-02 1.1749875252674410e-01 -2.3775894331446550e-02 1.7503355342850000e-02 -2.1590995038386110e-01 -8.1972377872283536e-02
-6.0570017280380237e-02 -2.0966094288097450e-01 -3.9823452099544840e-02 1.0861689787935550e-01 1.1628182007131831e-01 -1.6198015397854049e-01 2.4879584523387210e-01 8.6262225311673879e-02 7.0963478783606010e-02 -1.3457529250423811e-01 3.5657519550438780e-03 8.5149002728586110e-02 -1.1239682037765771e-01 7.8357024357138774e-02 -6.4358910959383337e-03 1.6592701359754838e-02 1.6036560675036030e-01 1.1099861849505950e-01 2.6467609355900662e-01 1.0176834327971850e-01 -1.5190689599454790e-01 -2.5808730119755560e-03 7.3381588672312092e-02 -4.7356086213503701e-04 -7.8761058045179827e-02 1.9110232086849779e-01 -3.5653629889496323e-02 2.8065172532001640e-02 9.4497382602726193e-02 4.1131154207027780e-02 4.7489363228929438e-02 4.1540420238017933e-02 1.4134830670758891e-01 -3.0061810372558010e-02 -1.0109581821310470e-01 1.1822566826981920e-02 -8.4123610218156494e-02 6.4456290389950530e-02 4.7450238817259002e-02 -2.4263179442982862e-02 1.2135688901821630e-02 -9.3431722207051177e-02 -1.6054796449929001e-01 -1.1938560201221560e-01 -5.3468696524666813e-02 -2.0141675954430099e-01 1.7379511070366330e-01 -5.0099885873140612e-02 -2.8726946556964589e-02 -5.8987353203500577e-02 -1.6438724527685189e-01 6.5800980846992740e-03 1.1590934636788290e-01 4.9442081961882427e-02 -6.5980087944020313e-02 6.3910724122410695e-02 -8.3516819046153102e-05 5.0838501695935678e-02 -6.2559781733267608e-02 -5.6668573421557747e-02 1.8833445248950559e-02 -1.3346200803860311e-02 8.6277196615529808e-02 -4.2894546823518752e-02 -1.8378769536664141e-01 7.3257313765979035e-02 -1.5925476806819119e-01 7.8728331402792465e-02 -6.7291651071589173e-02 -8.1793742983761936e-02 -7.7565039894503682e-02 -7.0031337924397856e-03 7.5152401448347408e-02 8.3157180586429597e-02 1.1029758723416650e-03 -2.2080704570616758e-02 8.6320288472226517e-02 1.1892387942959851e-01 -9.8125737310654160e-02 -1.3269594778273311e-01 4.0721040872135267e-02 1.2150795706767120e-01 -3.0141025471523138e-02 5.7612640020704972e-02 -2.8900660032148161e-02 -1.0792259162857050e-01 6.4875602277281539e-03 1.4274629371583411e-01 3.3842112387644568e-03 -1.5945012064101710e-01 8.9352569562293413e-02 1.0866805049569860e-01 -7.8261867670398402e-02 -1.9828120445545880e-01 -1.3875597596203300e-02 1.4168037238490591e-01 -8.1177457992768876e-02 -7.1167618496361648e-02 -4.8972665303332552e-02 -1.0197915098728270e-02
1.5457154858837989e-02 1.2861533116428500e-02 -1.0231575437748179e-02 3.3278472370349539e-02 -1.6332029294966289e-02 -5.7565503242696919e-03 -5.4124515652296673e-02 -6.5935137761328394e-02 1.1693965185846270e-01 -5.7077761990830228e-02 -5.6536325925832319e-02 4.4882450231120113e-02 3.0039789844701240e-02 6.5442730214285247e-02 -9.7356488045341916e-02 -6.2182472822796045e-04 1.8920741064809701e-02 -4.7077269291772882e-02 -1.1368633559574060e-01 -1.5724020669996581e-02 8.0484842951839733e-02 8.5172180095022934e-02 1.3994364926724409e-01 5.1543545733245238e-02 1.1327461002419380e-01 -1.8033560438677251e-02 7.8860991243175332e-02 -2.8553039470175151e-01 3.1941725355679779e-01 -1.8189584777568191e-01 1.8861464940600491e-02 4.8735694267621192e-02 -4.2882322644568177e-02 2.1215607316960240e-02 9.2919967842554699e-02 -1.3704939245006359e-01 1.9123058037711860e-01 -1.5985349646786051e-01 1.4723844232826039e-01 4.8040048326466731e-02 -1.7629862583628189e-01 4.7650468568645597e-02 -1.0889754553212430e-01 -1.7189389452269049e-01 2.1181127334777361e-01 -1.1828027779462311e-01 -5.7730634220437498e-02 8.9590248339852449e-02 7.5007649405294209e-03 -8.3341193137439817e-02 -9.3555563014242310e-02 8.5572704956473927e-02 1.1903421346353329e-01 8.1855325121558978e-02 1.2196670314147991e-01 9.7831111042066515e-02 5.3960839457753283e-02 7.7735389533255525e-02 1.6615792039358629e-01 7.6010449599446459e-02 -6.2023981919855649e-02 6.7929921450277653e-02 1.0228751479484730e-01 -7.1342066811521845e-02 1.5595033120144580e-01 1.4524372614585951e-01 -4.3882115271388127e-02 -5.9320558678288761e-02 -8.3325651266582562e-02 2.2920303269077069e-01 -3.0223818706718818e-02 6.9372872123633508e-02 3.8502100768922888e-02 3.8634608453248183e-02 9.8495811834231783e-02 2.8975223528794950e-02 -7.7062660517605935e-02 6.5746394318580259e-02 -5.3073696307278602e-02 -4.7232930265783277e-02 -2.0268454778876979e-02 5.4660126034177241e-02 -9.1159797725362063e-02 -1.2398646108690820e-02 1.4512491125154660e-02 -1.3598299519670881e-01 4.6114799367015687e-02 -1.2678007008149989e-02 -6.1042821520411537e-02 1.4537772202228039e-01 -3.0453860900987780e-02 1.0307358688555060e-01 -5.9372187302055422e-02 -4.0950922160658723e-02 -1.0667858611433820e-01 2.9696657067602002e-02 6.3968166041744975e-02 9.2637511145389498e-02 -5.0173899831058043e-02 1.4556702670863481e-01
3.9511904544906877e-02 8.0030930043172271e-02 -5.0606819233828183e-02 1.8173848347118629e-01 1.5989310214895990e-03 1.0715473785225300e-01 -5.0724751326518434e-03 -2.5495704101284940e-02 -3.4784133354327382e-02 7.5560611283837079e-02 1.6587333687884670e-01 -1.0234258868731850e-02 5.4917743085246664e-03 -1.2552237529690821e-01 -3.2483048498664083e-02 -3.6449453562918510e-02 -7.3577402637199543e-02 -9.4296145807762022e-02 -1.8350541576481469e-01 5.8867387022739220e-02 -7.8799311855039748e-03 3.3488096679982898e-02 -1.2380296302196021e-02 -2.0200195117254360e-02 -1.4566378365182239e-01 1.0304702169863721e-01 3.2724531564274698e-02 -2.7837107334927249e-02 1.3581654353447911e-01 -7.3950294768265049e-02 -1.7314877634020709e-01 -1.7000573496054391e-01 2.9262771338501581e-02 -1.8875109644540210e-02 -1.8906669868076881e-01 2.4487447703126889e-02 -5.6059353107093958e-02 1.0601779887540500e-02 -8.5472414819303413e-02 1.8921712637763949e-01 -3.0932808527162941e-02 1.4909070582994599e-01 -3.0355250635933362e-01 7.7837106683088242e-03 3.0474037489918952e-03 5.8447458880820639e-02 1.1140181560296090e-01 -7.3388909238375627e-02 1.1386528259270209e-01 -6.4781556760388104e-02 1.0840394398896620e-01 2.0925555985365141e-01 -4.2066053717470048e-02 2.2403053929788769e-02 -5.3212235173258259e-02 -2.9040831018896821e-02 -1.2907995305303671e-01 -1.6066064468812681e-02 -2.1521375817475381e-02 9.8912369877521222e-02 -7.3599806378756905e-02 -2.5606874888865311e-01 2.0590260953877229e-01 7.8953790678806104e-02 -5.4821445169077533e-02 -9.0905338278674308e-02 -2.7124767072983769e-02 -4.4949809460033172e-02 -4.8766749698570477e-02 -7.6321157612173771e-02 1.4186115315419451e-01 5.3904378788494862e-02 -1.7101706801930680e-01 -1.7095700897926580e-01 -1.3227304403057830e-01 1.0945673383594820e-01 4.3770316284691801e-02 4.4095218671974863e-02 -7.3057815755066874e-03 -1.2481329865915269e-02 -6.7014785091301429e-03 -1.4095094740237230e-03 3.5485656062554487e-02 1.4304661072759009e-01 -1.9122507659037119e-01 2.0757776428299100e-02 -6.2822583379538818e-02 -1.2058877388191290e-03 -8.0277059523297403e-02 3.7574946690030861e-03 -9.8348770725987921e-03 4.8468060157302227e-02 -1.3776332913199299e-01 -8.3389543078665085e-02 -5.4959310117807733e-02 -9.4004708496418260e-02 -1.1313301751624970e-01 -2.5181076346510501e-02 -4.7355309208870620e-02 1.1652478414238390e-01
1.3018562067536901e-01 -9.9857314669734409e-02 -8.7831063329702599e-02 4.5194706198493258e-02 -2.6815609048155011e-03 -1.4219677969632619e-01 -5.4919031348825122e-02 2.0158524187140588e-02 9.1771200171922057e-02 -1.7537602046634321e-01 4.5876342467622983e-02 2.3170863530544639e-01 -6.4541349147609214e-02 -1.2809443777094859e-02 4.5325061821874853e-02 1.7271616594795720e-02 6.9655463780020146e-02 -8.4100447343028226e-02 -1.2736590397571559e-01 7.3785394416665082e-02 9.3262554816714027e-02 4.2680543065511438e-02 3.6791105730397559e-02 2.9150881896982830e-05 9.6795573080641309e-02 -1.2608360780933370e-01 -1.2186928511332660e-02 -1.1387535481231850e-01 -5.9085488974398921e-02 -1.1891758108364740e-01 6.2282781901567878e-02 -3.3977573345438578e-02 6.1732015847212170e-02 3.1695222890958899e-02 -4.5480939792555353e-02 -3.1757477024129429e-03 2.0174063564957039e-02 -9.7829892052649442e-02 3.0530920135324220e-02 2.7047882605459161e-01 2.6140860852107518e-02 5.1352662566472952e-02 1.2776541002860689e-01 1.6549612734745211e-02 -1.6790741805059409e-01 1.0256898242750830e-01 -1.0116442568178880e-03 9.6649560010708735e-02 -6.3341008793302622e-02 1.7400567590070040e-01 -1.4694704816221649e-01 -1.3186954419902139e-01 8.3904094974293547e-02 -1.3991610299590260e-01 -1.3745772216240890e-01 -1.7942738288529569e-01 -7.9432882220269660e-02 -1.2650365792082419e-01 2.2308393866439370e-03 1.1907317142442510e-01 4.1189643579817643e-02 2.4506961022855290e-03 1.2493510079093860e-01 -2.6602740357469061e-02 -1.4779308980076461e-01 -7.1244322029949569e-02 4.6349293228268140e-02 -6.2942606469587756e-02 6.5986927640476950e-02 6.0009143690063632e-02 2.2467068259601211e-01 -6.4500350300534318e-02 -1.3569196744315340e-01 3.8094416509483933e-02 3.9424303553864941e-02 -1.9150308957547640e-02 1.7084318329644649e-02 3.2277450830836323e-02 -3.5977645339096871e-02 -7.2292877035043503e-03 9.0431435547931913e-02 1.9261925892113771e-01 -1.3686172556373050e-02 1.6354691748409651e-02 2.3949753734509610e-01 -1.9855040491094149e-02 1.2180265127587690e-01 -2.1204505828426611e-02 1.0544249089974550e-01 -3.2770165067491808e-02 1.6004310396740029e-01 -6.5945782922437565e-02 -2.6029485040280999e-02 -1.4080686497368020e-01 -4.3932571582800922e-02 -2.0441061878074110e-01 -2.2781178665779819e-02 6.6107064392249379e-02 1.0201196956377190e-03 -1.3020747251401299e-01
-1.6065849464338749e-01 1.6391530086693289e-02 -1.6342603764179210e-02 -2.9603385988409218e-02 -4.8694840418102667e-02 -6.8525925343118299e-02 8.3561178233286570e-02 -1.1230677490873410e-01 1.0354416531828180e-01 3.0572331781400421e-02 -3.2677157652414239e-02 -1.4965490078134339e-01 -4.6819406894216098e-02 2.8520498364711509e-02 1.4122255653896050e-02 -4.1245402570236692e-02 3.4391449143529998e-02 -9.2542792830971679e-02 -5.8824820609706799e-02 -6.6029863302599870e-02 1.2949051233300210e-01 9.5928538601815893e-03 5.1464064184386378e-02 -1.7305675011763511e-01 1.1555942010649289e-01 1.0286022777343080e-01 -1.4918665086339319e-01 -1.1039270800182750e-01 -1.1359114212828930e-01 2.7389439709325471e-02 -4.9247520335320358e-02 -5.3454570548590707e-02 -1.1492547383857110e-01 2.4686872306242540e-02 -7.8763965285844034e-02 -6.9503601759944578e-02 -5.8962578242093749e-02 -7.4325966104116112e-02 -7.2663894705321988e-02 7.4088663521199319e-02 1.9257491356537290e-01 -6.3582627815436180e-02 -4.8090088051602142e-02 7.6009783895862257e-02 6.3895344732188539e-02 -5.6485802376189066e-03 -1.8045174202361389e-02 -1.7483305424950399e-01 1.1714515780083060e-01 7.3276357833742756e-02 -1.4619491868638809e-01 5.5287439474162460e-02 8.4561066549068961e-02 1.1714825774273691e-01 1.2773872836040101e-01 1.0971091967601870e-01 8.8189321977209884e-02 1.9458469656692029e-01 7.6989572544961526e-02 -1.3797557937521840e-01 -5.7549640573584747e-04 1.7142051176715859e-02 4.6253183843357283e-02 6.5926228103670700e-02 1.1966861060536470e-01 1.0144791345972580e-01 -4.1772112326501173e-02 4.4373220553691348e-02 1.8385334602894121e-01 -1.0423140750488399e-01 -3.4017977199913868e-02 7.3971187432112520e-02 -4.6631044989542902e-02 1.7105355849105089e-01 -1.8527250225090899e-01 9.3618909367872899e-02 4.9891073908040637e-02 -1.2041369975684420e-01 9.9539706848417467e-02 1.4667824805392701e-01 2.5272845094895021e-02 1.0547693423057170e-01 1.0958660423929389e-01 1.0625996711763580e-01 2.1007338556600030e-01 4.1097403925709597e-02 -4.5983622419589122e-02 1.2873710142286529e-01 -3.8363527309394588e-02 -4.2727518141150903e-02 1.4687895540084939e-01 -7.1253578469856485e-02 -3.1218462519270070e-02 -4.6354014305778117e-02 5.2748926995182369e-02 -2.1281383996273681e-01 1.1314881322978081e-01 -5.5770269717532142e-02 -2.5046619878214271e-01 2.9158434554053189e-02
-3.2352546393776473e-02 1.8763439839485599e-01 4.3123831635346603e-02 -3.3318780782064572e-02 -1.3261467154754350e-01 -1.5621898542745591e-01 -3.3196086748816772e-02 -7.7096261813318315e-02 -9.7413254965217910e-02 1.0509840436014900e-01 -7.8626396720084465e-02 7.3627942056895532e-02 -4.9730541261142937e-02 2.1236598525927151e-02 -7.9983529085982552e-02 -7.2157322298312164e-03 2.8142873628985359e-02 -6.4505503990830548e-02 1.9145904216550549e-01 -6.6618091505746520e-03 6.7252892880105636e-02 -2.4807296702885510e-02 -2.0672144656864511e-02 1.2902003402538420e-01 -8.3414627473840611e-02 -1.3077977840233529e-01 3.1041102587819530e-02 -4.9743348423431463e-02 -7.5070127145929560e-02 2.2136026503776249e-01 1.1946422790339620e-01 -7.9945285961234330e-04 -1.3796382724317879e-01 1.1936838215225180e-01 -6.3509816155982612e-02 4.2287582278794360e-02 -8.2046066081351232e-02 9.5410104284092107e-02 1.3769962061522761e-01 -4.8208756550830890e-03 8.4392114195601345e-02 -4.9699974855301247e-04 -3.0332343738529077e-01 4.1420709743563129e-03 -1.1117170398823990e-01 -8.4978723770336953e-02 -3.1895070443754940e-03 8.4125494680357182e-02 9.8806672922060995e-02 -2.1670039200483882e-02 -1.9672237258074550e-02 -1.2741019171798021e-01 -1.3337388416428289e-01 -1.0788512153935000e-01 -7.4571220677758052e-02 7.0854237321961930e-02 -7.2899740282179284e-02 1.2859447190499090e-01 9.2006311859756898e-02 3.1071131578260400e-02 1.3454672643568519e-01 3.5917017687843937e-02 2.1306856327433751e-01 2.3009044692704549e-02 1.1888694645487149e-01 6.7750294777025764e-04 -7.3551119705986726e-02 6.2195358645558377e-02 -2.2418921476188240e-02 1.4377646569477839e-01 -3.2776420023010087e-02 -5.4108980098713802e-02 -1.0330390803657109e-01 -6.4397012890257524e-02 7.1999532079882286e-02 -6.8059465905220107e-02 1.1404169785179261e-02 -2.7990404753430290e-02 1.0951892432393241e-02 -1.5718825087107969e-02 4.3182078417026121e-02 1.0095934876931960e-02 1.3587563776368600e-02 -2.1428458734767109e-02 1.4995110301321629e-01 1.0671492856836050e-01 -2.6575038217195229e-01 -1.3937867270218071e-01 -8.2262603347021332e-02 1.0988042039815310e-01 6.5943181351734229e-02 7.2916966225444288e-02 -2.3713747239187491e-01 -5.0496485770756078e-02 7.0597141355623852e-02 4.0407829773458567e-02 -9.5489031281777506e-03 1.7835099855955180e-01 6.9443531912290385e-02 -1.2283272333797290e-01
-4.3509544215817202e-02 2.5645886230546422e-01 5.5988160238382260e-02 -3.4808064444727227e-02 8.9371697112128404e-02 -8.1982752605468681e-02 -1.6943682111776079e-01 1.3961493026198760e-01 9.1166316416698367e-02 -1.3833372155529780e-01 1.7705670190690241e-02 2.5160969492020461e-02 -8.4191784742607870e-02 -1.8292098360268830e-01 -2.9608372438661011e-02 -1.4543190268320419e-01 -2.6647603192361251e-02 9.0118351272808636e-02 4.7716665094267599e-02 -3.1006530155625418e-03 1.0892115348355109e-01 -1.3905245600049940e-01 -7.0918889369835855e-02 8.6670292706456403e-02 5.1076441712179337e-02 -3.4436496685616498e-02 -8.1867704237022984e-02 -7.6654342865622130e-02 6.6993706903361191e-02 2.0085391014386760e-02 4.8206146119849219e-02 -6.7884224809233373e-03 -1.2605059022115100e-01 -1.2891011143557790e-02 4.6890521331356551e-02 4.3310582781359193e-02 1.1359256633918691e-01 -1.2530026682152801e-01 -2.9159267487477211e-03 -9.9931409010816430e-02 3.4838113332782361e-02 1.0159164499829440e-01 -1.0580988318191110e-01 -2.4273010629351111e-02 8.5916470014597096e-02 3.3780037648833583e-02 1.5835142810116681e-01 5.0480141327990072e-02 1.2879449381310290e-01 -5.7385827577697687e-03 1.3270310746514771e-01 -1.1737988328382810e-01 -3.6317169163043478e-02 8.9268681799434091e-02 3.2407579896370747e-02 2.8328816467106133e-01 -1.6755818989477031e-01 -3.8369361499337742e-02 -1.5347056462636649e-01 -5.7016669266581603e-02 6.1209476325846633e-02 -1.0794043715450399e-01 -4.8346059071115152e-02 7.3693732639918574e-02 -1.1455536366144950e-01 -4.8469096076999438e-02 1.4036403634506661e-01 -1.0832035428567641e-01 -1.1456060152864500e-01 -5.0026760109032557e-02 -5.7090528891187042e-02 2.8764307667182899e-02 4.9518403017866169e-02 4.9695578682198448e-02 -1.4302252417201641e-01 -2.5877435199489349e-02 6.2222616070058807e-02 1.0268555388198369e-01 -9.2379740399517168e-03 -1.2196958143140470e-01 3.4701587679564903e-02 6.5133005997124613e-02 6.1931215276853233e-02 -5.4144836969554293e-02 2.7595746110363140e-01 5.7073364183866201e-02 1.4168532249805321e-01 1.4788858999866911e-01 5.9360819952282817e-02 -5.1377405848720893e-02 -5.0159207119880533e-02 -1.5930713132672270e-01 8.9354911437820473e-03 -8.3735994645902007e-02 -2.4332557461143298e-02 4.6441895106843878e-02 2.2749628108741649e-02 -1.1046486483593421e-01 1.6731112354008049e-01 1.3813105933246919e-01
7.7069472345017098e-02 -3.4931459974978618e-01 1.2554669298073620e-01 5.7768693187889027e-02 -3.2775989895860141e-02 4.8645907387435502e-02 -3.8184598318598079e-02 -4.1756125396358389e-02 3.4758257573846041e-02 -7.3207377045987690e-02 4.9518582262677538e-02 2.1155841875340340e-02 -7.5472828141875309e-02 -7.6832932414135094e-02 9.5160579958949276e-02 -2.8184560811037110e-02 -2.4922240865881781e-02 -1.3655809471236071e-02 -4.0904836198488732e-02 5.6019895597984107e-02 -3.9371622024690238e-02 7.8391013254449471e-02 1.9473311925513331e-01 7.6805525455803117e-02 -1.5240490062545520e-01 -1.9818916436440029e-01 1.1975978912092169e-01 7.2729795483600854e-02 5.2296400531386893e-02 8.8481849103787702e-02 1.1589294885360890e-01 -5.4215043214447802e-03 -2.8875267323704068e-01 -1.1195492831941450e-01 -5.9263452225785601e-03 7.0403994010944090e-02 2.0521440628016430e-01 4.8014098178908927e-02 -1.1088020706283031e-02 4.6545164865175452e-02 7.1188023440027365e-02 5.5955295798331174e-03 -2.0177248886398819e-01 4.7164073827417961e-02 4.2663948242766737e-02 6.1203848225457342e-03 -5.4328476917148358e-02 -7.5637598916239668e-02 -6.0152793120182110e-02 6.1179754255399427e-02 -1.1167592546403671e-03 3.2886420686073330e-02 -3.6791035846837232e-02 5.1432007192214670e-02 9.9571060812026255e-02 1.2948560465041239e-01 7.5477795096261527e-02 -1.1336359522097640e-01 -6.6126176441006204e-03 2.1631318429975191e-02 7.3159647006849862e-02 -3.9117451070053953e-02 -1.7769921973797401e-01 7.0186316092959167e-02 -5.9264448171582648e-02 3.8965345673572127e-02 8.6209171868204693e-03 -1.5605441151334740e-01 1.2476285006364481e-01 7.3697110449962286e-02 -1.9210281091167920e-02 -7.7102511665997509e-03 6.7012724752192318e-02 3.5738097736311647e-02 -5.7750527149423192e-02 -2.4503244978351560e-01 3.1629903439012758e-02 -5.3439292384651851e-02 -1.3131388020575879e-01 2.5282865384135222e-01 1.0651402188093000e-01 4.3157343432740969e-02 3.0694677213545261e-02 2.1191427069059579e-01 -3.9251999325962871e-02 -2.9956973619671329e-02 -2.3769299645318851e-02 2.1733060942038949e-02 -1.6450591285738869e-01 -6.2222756601428897e-02 9.9203603710778243e-02 1.9672291452165550e-02 -1.7709901613737269e-02 1.1025790818954170e-01 1.5186175949422570e-02 -1.5991550218128280e-02 -5.3412381320735502e-02 -3.5941926677701040e-02 1.3298741317907350e-01 -2.8390788268840839e-02
5.4702800443144923e-03 -7.8135753672913991e-02 2.6211460104177849e-02 -1.0811224236081381e-01 1.0979681362545420e-01 8.0312280009378567e-02 3.9455404349726893e-02 2.0827824802990200e-02 -1.2104250938868109e-01 7.4278450499923765e-02 1.2073907114148701e-01 1.4794591720272710e-01 -2.8569938960809518e-02 -1.5217338679019501e-02 -3.7667896881954217e-02 -1.4122572956568030e-01 2.5998042414424240e-03 2.2496091378551859e-02 -4.3782616266728892e-02 9.4181646391935894e-02 -9.7126676513752778e-03 -7.2186571790579163e-02 1.8498579653762590e-02 -2.5072930665604311e-02 -4.3235342632885289e-02 4.3711023194078782e-02 -5.0043354182172470e-02 9.7896351507113011e-02 1.5816312488984899e-01 -3.0080444211441241e-02 -5.4381846872714183e-02 -1.4342330191725600e-01 -1.1329888768812959e-02 5.7789795741191924e-03 -7.9811724690492164e-02 -2.4471394004644102e-02 1.4561582150326199e-01 -2.2804609276607271e-01 -5.4731519782589722e-02 1.9471747480812859e-01 -6.5437334041586873e-02 -7.4295079988226639e-02 1.3046738057548390e-02 8.6086037011583585e-02 1.1000718303975900e-02 -2.5662837637094971e-02 9.1574949742126405e-02 -6.5512604369501473e-02 3.5017774940202882e-02 1.8397206005135350e-02 -1.3386156259298801e-01 4.4576513802313443e-02 -2.9315187877957449e-02 -4.8891819752009909e-02 -1.4697248202684690e-01 -5.9125393233165832e-02 -8.7179450469918804e-02 -4.9593807325088113e-02 8.2336705019558892e-02 -1.3536899720293610e-01 1.9693623788204451e-01 -8.1140474805839621e-02 -2.8264121591447040e-02 -1.3044420082863550e-02 -6.4253355416053941e-03 1.8233779962954499e-01 1.5359675524035599e-01 1.5774795776704209e-01 1.7406726955429490e-02 1.0979632999189030e-02 -8.1018208868641098e-02 6.3175228365193780e-03 2.1811755567960109e-01 -7.4237934852272439e-02 -2.9769779825078162e-02 4.8118284677280583e-02 -9.2471008650471184e-02 1.0178601696287620e-02 8.8009984281293696e-02 6.2391400827701900e-02 -1.6785275070132019e-01 -5.0281299627239678e-02 -1.8998843040410471e-01 2.7087501930024689e-02 9.9676463010311175e-02 2.1397297127310810e-01 -4.0572473465524693e-02 2.2381245572145200e-02 1.4383522290471840e-01 9.4752701376219703e-02 1.3003787612871839e-01 1.3139085051456209e-01 -5.7872917077109324e-03 5.4319228000205687e-02 2.8532197127000991e-01 1.4228563902189559e-01 1.9800229151156629e-01 1.0885575295399599e-01 7.1943213481063306e-02 1.2932878218777030e-02
-5.8695726237342191e-02 1.1014106425409011e-01 -4.3141130901468462e-02 1.4526674335099690e-01 -5.8586871704028771e-02 -2.2367246865908179e-02 1.4054316471845929e-01 5.6952186934071253e-02 8.2297196427852437e-02 -1.4312599580739230e-02 5.4589779801829462e-02 2.6132575269217952e-02 -2.4314516753076679e-01 -5.0474297153996227e-02 1.2274350531364510e-01 7.4400913409768080e-02 -8.9567677663477049e-02 -8.1620192451941742e-02 7.3869187330297612e-02 -5.9760169241340901e-02 -3.8089284575182777e-02 2.4430572542929820e-02 3.3718752533031963e-02 1.0736033654510550e-01 -2.2143990603408331e-01 -2.3864457713342509e-02 8.7662060199313746e-02 -1.9070313599903271e-02 -7.3392182913384882e-02 8.0277063731495249e-02 -2.2151435762494109e-01 4.7582113814933881e-03 1.2274248506666570e-02 8.5228121462330969e-02 -5.4896052596742101e-02 2.2610061531926709e-01 5.0292429381981703e-02 -2.2540600075057780e-02 1.3182318022993950e-01 7.5822679942039117e-02 -1.1009642317096530e-01 -4.3947072758342677e-02 -5.2626088069582385e-04 -3.6754496912582833e-02 -6.8491977468311243e-03 -8.5440739731588486e-02 -3.9897491819888303e-02 -7.0477702972804049e-02 -1.2932948596952071e-01 3.9062352201581448e-02 -1.1738847550933740e-01 5.1407790543212964e-03 -3.0578557515180599e-02 -1.5732398970417230e-01 1.3238578231461981e-01 9.1255302938545363e-02 6.5413694966650171e-02 -1.0625077904741939e-02 5.7357696744705700e-02 2.7735873938514361e-02 1.0209268266914970e-01 -1.8609974525897119e-01 -3.0101746333409191e-02 -2.0677815333013921e-01 1.7678479934878211e-01 -1.3891591090177391e-01 1.4926468833150620e-02 1.2842806803205670e-01 -2.6513374727524380e-02 -1.6685507353557439e-02 6.7788176696216090e-02 -3.9434446019146023e-02 5.1337303547558992e-02 -6.2951004918958331e-02 4.2787978014317642e-02 8.6812361866320936e-02 -5.4114211744135568e-02 4.9455353940088846e-03 1.6908891240466081e-01 -6.9168906352414544e-02 1.8720872084481911e-02 9.4838540136756744e-02 2.9437634988254340e-02 -4.0318729243532837e-02 3.1655760820313690e-02 -2.1481289832393929e-01 1.4211428923804051e-01 2.0743680725759811e-01 -6.2069409682055127e-02 1.4038994537532909e-01 -5.7585755153869787e-02 -1.7834325241685339e-01 7.9435459717184867e-02 1.9324612917616091e-01 8.9967300266155958e-02 -6.3927994927227672e-02 1.3379866542136459e-01 -5.1251811928384419e-02 5.1111194568140110e-02 -1.6405877796097229e-02
-2.6024010755161211e-04 -2.2433340894316159e-02 -9.2588091423131458e-02 -1.1587276601516860e-01 8.7155318386624020e-02 9.5079286667486815e-02 -6.1417836411399987e-02 -5.5269914420290597e-02 -1.0321489637960350e-01 -1.1558685829135890e-01 2.0600412887996289e-01 -7.3193062034116518e-02 1.0163047167620939e-01 7.7857195954627742e-02 -1.1896646930985490e-01 -4.6090182538068167e-02 -3.1248765519143750e-02 -3.7744486562505210e-02 -1.9208721823086670e-02 5.9736855903439037e-02 2.4215674265417791e-02 -2.1462186809344300e-01 -1.4454095095841471e-01 1.7877792140353690e-01 -8.1296592278229995e-02 -1.0048262911749990e-01 -2.7771983904140929e-01 -6.5861339467805802e-03 1.2202776873091020e-01 9.7288692329424345e-02 1.0642588870454101e-01 -1.4258460996319050e-01 -1.2425682733507171e-01 -2.7740075690396600e-02 1.1102265582759510e-01 -6.8447718880065511e-02 3.7153888426368860e-02 9.1106241651096834e-02 -3.1671821789279173e-02 1.2614086251504569e-01 4.8858880170800636e-03 -2.8758360723419810e-02 4.3323875160431291e-02 -1.4272794208218510e-02 2.3160837474327331e-02 -1.2225977199483370e-03 -5.8333757003197761e-02 -9.2584571111231695e-02 -2.1384352348674359e-02 -7.2187476429147773e-02 -1.8824880982901129e-01 5.8437374293045588e-02 -5.3844206419857932e-02 3.1241191615991509e-02 1.9882779008102361e-01 7.7550078696791598e-03 9.7339953664282677e-02 8.1162004749836619e-02 -3.0482759899186290e-02 2.2547452988214870e-02 -7.4922746952579694e-02 3.8979734757339742e-02 -4.3144923577745617e-02 -1.6284890352512990e-01 3.2240569259625968e-03 1.1175725535320040e-01 1.1337612420856230e-01 3.0533446171652268e-03 -8.0292532186850049e-02 1.0044549023027660e-03 9.3819998659071063e-02 -1.7750196912728361e-01 -1.4358281743466361e-01 4.3112387671166083e-02 3.2346743628818828e-02 1.7111605358351131e-01 2.4471713896499861e-01 1.0021500521681161e-01 6.7459600845505549e-02 -1.1388237199888780e-01 1.7296069673609679e-01 5.6004100663769263e-02 -4.5989384951018383e-02 -9.8950188844505894e-03 -1.5895385022006231e-01 -4.7004717571335862e-02 -1.0574549413861470e-01 8.2487149488250297e-02 -1.5759738056414310e-03 -8.6969201538931284e-02 -3.3450649939937759e-02 -7.3002628411926423e-02 -1.0155173780801600e-02 -3.2937972472743077e-02 -9.5633342340590843e-03 -6.9248219596228519e-03 4.4149150585034769e-02 2.6561319116841450e-02 8.8749481143527681e-02 -2.4205859949888761e-01
1.5462500361504000e-01 -5.0240707420752997e-02 8.4564405017335031e-02 8.3091536452796474e-02 -9.9323242782583490e-02 2.1524139968165740e-02 -3.0284436908383561e-01 1.0165992901104580e-02 1.4015675311169040e-01 -1.9503591831585950e-02 5.3314165793468711e-02 -2.3166983936293001e-01 3.9068281139362122e-02 -1.5233795275833881e-01 -3.6713243037894437e-02 5.8936666729851733e-02 -4.7203948149658467e-03 2.3919646380364179e-01 1.3056561767219291e-01 8.0829205840019638e-02 -1.4377858440786001e-01 -6.1568037646691200e-02 -1.8833352856814309e-01 -1.0399651422332540e-01 -7.5049725082681082e-02 4.7058870780291542e-02 1.1963218120793720e-01 8.0425803751944636e-02 1.3363345510603220e-01 -6.0065152858249322e-02 7.9481902588886821e-02 2.8751842292903649e-02 1.1232304181787180e-01 -1.1653850349034160e-01 -7.3245029667695583e-02 5.6846448017775712e-02 1.4328894847397749e-02 -5.6551370998323122e-02 6.3121028222219613e-02 3.9286715575295797e-02 1.9497074299102839e-02 7.9906888966835773e-02 -1.4367739698381890e-01 -1.2313669511658409e-02 3.9343845837319043e-02 8.8065587329895681e-02 -6.3194059873415850e-02 -6.3835261405659422e-03 8.1716697463107155e-02 -3.6430909578908183e-02 -1.4783997420642289e-01 1.5132805148989591e-02 -3.7084291302005967e-02 -1.9499829469048910e-01 -4.0524704860071203e-02 -1.0428828968342239e-01 -1.0916213634694240e-01 2.0597121789517070e-01 2.7776985326206181e-02 -4.5523306934804560e-02 -7.2163467261332367e-02 1.5375523687171591e-01 -1.1834279696148289e-01 2.4635495761669748e-04 1.3864727043937139e-01 -5.1039528236319777e-02 5.9364034733346761e-02 2.9828350172246710e-02 -2.1599575555545110e-04 -9.1984242029644961e-02 1.5116023328149620e-02 3.3626723703398267e-02 -4.8503493007059167e-02 6.9055071888862063e-02 1.0846518427715750e-01 2.3737686283173770e-02 -1.1959031940525409e-01 -1.3315319425091060e-01 -8.2118174330969546e-02 4.9240524155412298e-03 -2.4993851972491929e-03 -3.0995532735676429e-02 7.9757612019204310e-02 3.1523923437848142e-02 7.3416223869865963e-03 -1.3676707376829101e-02 7.5011950262699439e-02 1.7308902316879979e-01 -5.2315780666932300e-02 3.7075786132191382e-02 1.9277826177713739e-01 -1.6618447360503730e-01 3.5108674427308507e-02 -1.2420099078899610e-01 7.0365209752168241e-03 7.0299937915500751e-02 8.4416930242379257e-02 1.7209492837888771e-01 -6.7243630931307363e-02 -7.4389898019801740e-02
-2.5977964677509669e-02 -8.3759349429894880e-02 5.1575452429878058e-02 -2.0421608074870060e-01 -1.0518399248894930e-01 1.2128252407915480e-01 -4.5453292322653431e-02 4.6135485050150742e-02 -6.4053896868381449e-02 -2.3039024903027381e-03 1.4738894096381020e-02 -8.7017440498701359e-02 -1.2900541525682560e-01 -2.2240210851064101e-02 -2.2680781426384289e-01 6.2442510293556228e-02 -1.4589605666037370e-01 5.8668349019920199e-02 -7.3578646763340820e-03 1.6102415588615329e-03 1.3479464570694261e-01 8.8057607427074358e-02 9.5966575555784653e-02 3.7600226133523137e-02 -8.0170959022276250e-02 1.7167207711024721e-01 -7.8846945364248786e-02 -1.6904203305070999e-02 1.7133800351432649e-01 1.9765278587242929e-02 -1.5142839529819210e-01 6.9104470346799049e-02 1.2886756785659220e-01 9.6443535667822017e-02 -9.0187522546139515e-02 -1.7787383815716921e-02 2.2071504373447770e-01 -7.5136852516946295e-02 -3.3919912100632409e-02 -5.2820760895866577e-02 1.9413906162312161e-01 -1.7911794108555579e-01 6.1526536247099278e-02 2.9099801660881271e-03 4.3109618001409746e-03 -5.9629549776135590e-02 6.6627716398260234e-02 1.0347545039367870e-01 -2.1990010320667261e-02 9.5916871697529119e-02 1.4444496682287189e-01 9.2783520346250998e-04 3.6837340643607601e-02 -1.8708884423781669e-01 7.8064545655038189e-02 8.6545192861383083e-02 -1.3768482800584031e-01 -5.1420642969691052e-02 -4.0301661471216561e-02 4.9942052775108102e-03 -1.1201247134703800e-01 1.2961147741136381e-01 -5.9206757457704103e-02 -6.7577951413047843e-02 1.2145150228293029e-01 -1.3886962550764989e-01 -3.6264536657716749e-02 1.2992012076674780e-01 3.7670790575557951e-02 -1.4008942750910809e-02 1.0907591761950160e-01 -6.4183612903359055e-02 8.2996018860970466e-02 -1.7756079152885039e-02 3.9775489736751442e-02 1.0834611598184130e-01 1.4072707169723181e-01 6.2874720648749771e-02 -1.9242614257381729e-01 1.1471592322219800e-02 -7.4461109567032488e-02 8.7866756963515646e-02 -1.6703539841254431e-02 2.4699888835179200e-02 1.1997902760006000e-01 2.8403132332131720e-03 -6.0828456103287257e-02 -7.9459127058869733e-02 1.2523512676021220e-02 -1.2316472063382970e-01 7.4716212317628178e-02 -2.4479653908872970e-02 -1.7643946404070809e-01 1.7333762007647521e-01 -2.8827776550942739e-02 -3.9410508611139983e-02 -2.5070933791342909e-01 -2.7305745293115691e-02 -5.2431648292806811e-02 -7.0813502689684948e-02
-2.7873496860495610e-02 2.4219177901445609e-03 1.2598300448186781e-01 -1.1979180305806569e-01 -4.1664086320684607e-02 -5.6616410102535028e-02 -1.1136760597903639e-03 9.2166668516344821e-02 9.6376396814619097e-02 5.8349057187455727e-02 5.1987911578043257e-02 -9.9033573684974757e-02 6.6230048602355082e-02 1.5350131429463651e-01 1.9531357302631908e-02 2.0748075625641099e-01 1.1167413484571030e-01 4.1922074004743910e-02 -1.2744358475796971e-01 -5.8440679994789198e-02 -8.9419636701864549e-02 -6.7883403960199498e-03 9.3515487127332306e-02 -6.8060581198398695e-02 5.4507829067309319e-02 1.0192300718347320e-01 1.0928540560657700e-01 1.1429771056983380e-01 -1.8130952822029109e-01 -2.2571408072012539e-01 -7.1215692701441305e-02 -1.1886030943075340e-01 -1.3581105881121710e-02 1.5206724290313059e-01 -1.2411354855230880e-01 -4.9103668429657157e-03 2.3597199620243939e-01 8.5825342664178919e-02 1.3587288115101040e-01 1.0049981166590570e-01 -6.6624573522156318e-03 -8.0824790786470341e-02 -2.2006445497565450e-02 1.3718784692598951e-01 8.7945566449196752e-02 -3.9692547853515857e-02 -1.5205051187103369e-01 -5.3378183501666357e-02 -9.9831041485713062e-02 2.1480366305445260e-02 8.4468757203221875e-02 -2.8844984717084361e-02 -1.2666405831340110e-03 1.0376908628402140e-01 -1.9885498439328081e-01 1.8014773448416621e-01 -8.2994563366611178e-04 1.0689082580262350e-01 -1.5373084829041120e-01 -7.0319032843271970e-02 -2.7246781542011069e-02 8.6635148086434341e-02 -3.0621818876043511e-02 -1.7568451662116061e-01 -1.0367987321036130e-01 -4.1341262237558833e-05 6.7101266979761653e-02 1.8271033057939728e-02 -1.5603249655150250e-01 9.9935912105150460e-02 -5.9889109353491711e-02 -1.9588842405384731e-02 1.8792409962627151e-02 -1.4522035219912049e-01 -1.1726890980029550e-01 -2.7440588186154101e-02 1.5207474503148891e-01 -2.9497418667089451e-02 1.1243615021071460e-01 -1.5726717813582081e-01 1.4314505921133891e-01 1.3072177540777920e-02 2.0527165396680449e-02 6.2792745615832285e-02 -4.9126996611702903e-02 1.1369344082681640e-01 -2.8096329112457130e-02 -1.0298192924778250e-02 -3.2562817011264802e-02 1.7050903460697359e-01 1.2500061898254239e-01 -6.7971044724838559e-02 -1.7037458756008272e-02 -1.2085759730783710e-01 -1.0360697578493250e-01 -3.8814021827250453e-02 -2.3951107233198921e-02 5.9373363634113371e-02 1.2195503273423811e-01 -2.4559428519956229e-02
1.1477083576246420e-01 1.3100651396822041e-01 -3.4616121696621732e-02 -2.7124460184908072e-01 6.1505165488812297e-02 1.2463408269586830e-01 1.0383014679339470e-01 1.1517094934769430e-01 -2.3496602487976508e-02 -6.8269858919412757e-02 1.5675118146217240e-01 8.2354787291999534e-02 1.3985024512017641e-01 -1.1960204162033260e-01 -4.9945384990224703e-02 -1.3695500565179800e-02 -1.5734737066862700e-01 -6.1385128295570919e-02 -1.4160983318085281e-02 -1.7185919309372251e-02 -1.0479983335200610e-01 1.3409722470264970e-01 1.8037334012679880e-02 2.6656134953831401e-02 -8.1747258578663815e-02 -6.8776894734751223e-02 6.3282556789816077e-02 3.1232393391760590e-02 -1.4686842215022500e-01 -1.0749436657511791e-01 9.2935108968069419e-02 5.9377025724534883e-02 -1.0556310909599860e-01 1.0142957671334379e-01 1.2963279999947730e-01 1.4374320111679911e-01 -9.2064717743990613e-03 -2.0451437671917320e-02 -1.1582640065719441e-01 -1.2038655871294010e-01 9.3576293678322726e-03 -2.7253376125675719e-02 -5.8058900947513647e-02 -1.2819802499809560e-01 -4.9615955971301008e-02 -2.2316937818762220e-01 8.0413864365889761e-03 -3.0308176668480801e-02 1.3023037075441171e-01 4.7285212601882537e-02 -1.3772421272986760e-01 7.9681769920717932e-02 -2.7178415984395219e-02 6.4886451247801319e-02 -3.1846446657415962e-02 -1.9152112554371609e-01 4.5679231505063443e-02 1.6212430564073799e-01 -9.7076501653370686e-03 1.9230586671895120e-01 -9.6965310103185209e-02 1.2473223405087699e-01 -3.8870083776854927e-02 -1.8987693242448819e-01 -1.8582928935553879e-02 -4.0404569058811957e-02 8.9336544558960965e-02 9.9511091135917260e-02 1.2776922555930820e-01 4.0932624030670967e-02 -9.2063460733487881e-02 9.1550638193344719e-02 -3.3022886109134363e-02 -9.6483049520821124e-02 -6.0111803195786358e-02 -9.5087403324574798e-02 -1.0407016728932331e-01 1.3336284143584609e-01 -3.2602809085826252e-02 4.6494396532216313e-02 1.2362227145672020e-01 6.7974887324450783e-02 7.2490752925409047e-02 5.7221838308409899e-02 4.7888299200708709e-02 5.2697416140375111e-02 9.3404298100664598e-02 1.7158872887608111e-02 4.3599869201365903e-02 2.8546407711225841e-02 3.6803767129212003e-02 -7.4488908974378903e-02 -1.0090452116378260e-01 -1.1070297308801200e-01 1.5836324808947241e-01 3.0117717608625891e-02 -1.1011159128268240e-01 -1.1189913265611220e-01 -1.3121907209327119e-01 1.7132187756726841e-01
-1.4661560646559091e-01 1.6243364423708209e-01 -1.5443320742343439e-01 -1.0431038733865630e-02 -1.6980594441051980e-01 -5.6198574815618671e-02 1.0444326534568529e-01 1.0523693433245131e-01 -6.3297502184964508e-02 -8.2160193810003446e-02 -1.9221864508951789e-01 4.4441863172922258e-02 1.3179849255750639e-01 -6.5090992679970511e-02 1.9605785407110690e-01 4.5203665768393957e-02 -1.2998253878596941e-01 -1.0935430463201490e-01 8.5603384159878115e-02 1.0770620207896570e-01 -4.8971249062060553e-02 -2.1784045020629809e-02 8.9426347416360630e-02 -5.7145660462316297e-02 1.0733377192780809e-02 -1.4864638771909541e-01 8.0687763669947440e-02 2.6874039397890789e-02 -1.8244811230039210e-02 -6.1231789431818263e-02 -6.6227217207617903e-04 -1.1623469213359590e-01 -1.1335352931225910e-01 -1.4260579296493761e-01 1.4255685419113571e-02 -1.6046330718997059e-01 5.1361559659661722e-02 -3.6823757304414888e-02 -6.8767390207483542e-02 4.3665227040216838e-02 3.6714969100576603e-02 -1.0078996718935780e-01 1.7354110473964748e-02 -1.9605936952315928e-02 1.4293160366873159e-01 6.3193985366232067e-02 4.7631003812547812e-02 1.8747033472046971e-02 -1.4286927592190810e-01 -4.3936026323068138e-02 2.6605884014789371e-02 3.3501114321513911e-02 5.0811440294166073e-02 1.2574670191589121e-01 -7.6957102662841628e-02 -5.3155586704153233e-02 -1.4361351643897299e-01 1.0277392149125381e-01 -1.3963006497887201e-01 1.1260477056662380e-01 -1.0568856178192740e-01 -1.0042597920706910e-01 1.7967406852185119e-02 6.9160690987268875e-02 -4.4527125437960169e-02 1.3580652997689449e-01 1.9303595262601780e-02 1.6994113531205701e-01 1.0887520615254140e-01 -5.8915427578738473e-02 1.5380356189889550e-02 -8.1265449690567454e-02 1.3791606611077351e-01 3.9580760870126443e-02 -4.5727097939134750e-02 1.0983941953720069e-01 -1.6881965757144690e-01 -3.8047584566021163e-02 -1.5256870627569891e-01 -2.2101586399492230e-02 3.7253901764495441e-03 -8.6830578106410605e-03 -8.2005550906977712e-02 -1.7367771562176379e-01 -4.2414576439952750e-02 -5.6774182510657752e-02 -6.3382118857063949e-02 1.5455775399704391e-01 -1.2972870059567340e-01 -6.0810895684967281e-02 6.8190758389712100e-02 -1.8288428734965109e-01 -1.0350637664186040e-01 7.8415544490767042e-02 -3.0582855621139229e-02 1.4168234344735339e-02 -1.5971370340623131e-01 2.3906065644361099e-01 6.4735714072023443e-02 -9.8696918542439255e-02
2.6816541162327661e-02 -8.0698407542627554e-02 6.3930254443967702e-02 -1.5264363534662459e-01 -8.6075792510331636e-02 -2.0196508276539921e-01 -1.5838582309771460e-01 3.5853345341361580e-02 -6.3277196569012997e-02 1.0442543068178710e-01 -1.3979487768202081e-01 -5.2489898318394693e-02 -5.2273590467487599e-02 1.4203517751528441e-01 -1.0866451347619040e-01 -1.2514084505849210e-01 -3.5796396366991702e-02 -3.0050800899991459e-02 -1.2866340812163121e-01 -5.2606183839744081e-02 -2.9403619998192781e-02 3.1682541223272430e-02 5.9647561012617430e-02 2.9260068372036940e-02 -2.8573288450324991e-02 6.1508875970796517e-02 -5.3521434184961567e-02 2.6964630498590152e-02 9.5691221672288308e-03 4.2102966380500782e-02 4.8955037274242219e-02 7.2806289993863169e-02 -1.3926997578500899e-01 -1.2516592571843921e-01 -8.1363877957002242e-02 -6.4451969269947729e-02 7.7018525397640272e-02 1.2554281668240699e-01 -3.0414260897540679e-02 3.0467658467270731e-02 -2.5297013771903198e-01 -3.5136404318059450e-02 1.3169870786101190e-02 3.1993336959380433e-02 -2.8572161909661331e-02 5.8975167507105356e-03 -1.4908455562857739e-01 -6.9709651532425379e-02 1.1529070163361131e-02 1.0391212832088249e-02 -1.2700872184618900e-01 -7.5966823982380818e-02 2.3856572487589101e-02 5.2637867571474838e-02 6.9695524238924250e-02 -5.2848760850193383e-02 -6.7314802902811999e-03 -1.5554580115959091e-01 8.6593809540089946e-03 -5.3129475939467347e-02 -2.0147046528324560e-02 -2.7488906985287900e-02 2.1261268456999849e-01 5.3413437178895899e-02 5.7419605584732851e-02 -1.7687751348424111e-01 -1.5949809385515001e-02 1.8487931309740821e-01 1.1372061922889680e-01 -3.0234376704005889e-02 -7.8641883477285068e-02 -4.5206063743738978e-02 -5.7981518645946499e-03 -5.0551366031448920e-02 -6.1887086522938832e-02 5.4426521006689148e-02 -1.1608038775274550e-01 1.2198115170346370e-01 1.1066331188660281e-01 -4.6856570073964030e-02 -6.4867546430212364e-02 -5.4188668891075521e-02 3.1374321914701320e-01 1.3300967016521609e-01 -4.7513520438458037e-02 -4.0447809262284549e-02 1.8128306547055040e-01 1.4732151642635880e-01 1.5186886459792809e-01 -1.8864423226415550e-01 -8.4534909338820435e-02 -5.8149235985728203e-03 -4.1926219195214581e-02 -7.3195255155621600e-02 -5.2820345443015436e-03 1.0469125137515770e-01 -1.2292741630485850e-01 2.0256920614575999e-01 1.1859597715108590e-01 7.2857137771368236e-02
7.6277935567692995e-02 -1.6783627665139189e-01 6.7120571303462245e-02 -8.4692472204712793e-02 -1.9682800103379461e-01 2.9806225024046711e-02 1.5023531905152390e-01 -6.2702246001884551e-02 5.3397962864179568e-02 -3.5060164368509977e-02 -6.4817621126179031e-02 1.4484411901945621e-01 4.5055808152317023e-02 -1.1175704829468880e-01 -1.8532917731706711e-01 1.3030324278829000e-01 5.3813119712426201e-02 -4.3542211925389498e-02 -2.0013176081203349e-01 1.2708539004573269e-01 1.1253024273283990e-02 -1.2210382148379710e-01 1.8895080787078359e-02 8.0292902408932703e-03 6.9892147730103403e-03 -2.1159298732002611e-02 -1.1995768545852580e-01 1.2193964410489930e-01 7.2629454776099278e-02 1.0431406428780069e-02 -4.5231680657110432e-02 9.5021991993242391e-02 -3.1211955395079021e-02 3.8478969493143070e-02 1.8661188046006841e-01 3.4250235661752712e-02 -1.4764011359017479e-01 -8.9806163373502357e-04 -4.0853183021472443e-02 -1.4353068265068741e-01 1.2231612109653320e-01 3.0226569513932589e-02 -1.0081200366245779e-01 -1.5746650221216199e-01 7.2132535832293371e-02 -8.3629759890313654e-03 -2.3467867732278359e-02 -1.9940664189261559e-01 1.4993528632027480e-02 -1.3345785249575429e-01 3.4398971258404527e-02 -6.8023068353619071e-02 1.1929304316566920e-01 -2.0551296494689439e-02 -5.8802411787609948e-02 -2.9534831623051691e-02 5.9190440655624177e-02 7.3257942402128212e-02 1.7306739094350640e-01 -7.7190875527143071e-02 -5.4886054220867557e-02 -1.7398303148056080e-01 2.0815644491443509e-02 1.0987781114609781e-01 -6.1738868996055393e-02 -1.5565713412557231e-01 -9.0820474616808103e-02 -2.1667802147031331e-02 2.5688803948957759e-02 3.4514238341998703e-02 1.1106258195360021e-01 -1.4863270016525000e-02 3.6360812324565513e-02 -1.2101920779548050e-01 -1.4616751500387451e-01 -1.6789550452819269e-02 1.4538963834542179e-01 -6.2997121345683207e-02 8.8146685849099210e-02 -8.1670982825826202e-02 6.4366551082781942e-02 -1.8688133448006819e-01 -7.2403263221425762e-02 -1.0082208435795800e-01 1.5024579620450690e-01 -3.5911221824003699e-02 1.5791850177975819e-01 4.7739418227024058e-02 8.1625252887663244e-02 1.7383371941717779e-01 1.2337983184478619e-01 -8.8127252851511226e-02 5.0338219379617903e-02 9.5150768675611355e-02 -7.4941805928847888e-02 1.5321605547443709e-01 -3.4053607949987373e-02 1.2848025029567639e-01 -2.8507082767576220e-03 -7.7340306193679584e-02
1.5303190358609739e-01 3.7032414829160643e-02 1.2214595280211890e-01 7.6001414022172128e-02 -3.3519740932904031e-02 1.7043221907955630e-01 -1.2232050398747980e-01 -7.0577955812276272e-02 2.5632191517650321e-02 6.3687203853980925e-02 1.2374644540818830e-01 -1.4777021258200290e-01 -4.0530176400744217e-02 2.3167003498293559e-01 -5.7367859451968220e-02 -2.4065581640960499e-02 3.6202033411569558e-02 2.0862545145228371e-02 1.0055766650629749e-01 1.2327308733086639e-01 -8.4096081996482677e-02 1.6050299190543980e-02 -2.9624420904483709e-02 8.8343872537916882e-02 1.1487380716089660e-01 4.0005549190862653e-02 5.1390283566036879e-02 -2.6448976884836162e-02 4.0766937668860826e-03 -3.7568225415218162e-02 -3.9945833618078401e-02 -7.4072718803797039e-02 -1.5125350062564030e-01 -1.5687719640900991e-02 8.7265702885683900e-04 -9.2682063762651756e-02 -1.8127520954175980e-01 1.5688682776120760e-01 1.6319415889223829e-01 6.1031493979331261e-02 -8.2644607110491000e-02 8.1616794809031834e-02 1.2398761640656160e-01 -4.5886879557588640e-02 -1.4787013125274490e-01 2.8745291427628029e-02 2.3308183814058669e-01 -1.5030938537228430e-01 -6.0986873895299852e-02 1.6906434030622719e-01 -2.7656385118467321e-02 -7.1310755096819264e-02 -8.7230133120005618e-02 1.5088249560789191e-01 -3.0539193392195140e-02 -3.5938163690816753e-02 2.9097560476473459e-02 4.7638711566735957e-02 3.7791898644622027e-02 7.5111413605027155e-02 1.7767290827937959e-02 -6.8864301364928965e-02 -2.1693365698528441e-01 -6.8343913395340683e-02 7.0498636994985861e-02 -5.5134739176877223e-03 -1.1781269673618390e-01 8.4397311206351508e-02 1.4412337834254671e-01 5.8081650174664559e-02 1.1511910740843490e-01 2.1406721784572849e-01 1.0331866225750380e-01 3.6637474011029128e-03 -2.3330101809574860e-01 -2.8116297432615889e-02 1.7997577835124321e-02 1.1019966803460540e-01 -8.0844519623341025e-03 -5.4159040916047153e-02 -1.7533328666193801e-01 8.3196211403717912e-02 -1.2905144775551669e-01 -9.4113878822363564e-02 1.6358323418063270e-01 -7.9206001611658750e-02 -2.7137839126880909e-02 -5.0009183162140800e-02 -4.5944919623173278e-02 -3.6208877876339210e-02 -9.6619377585734981e-03 -7.7211376187382705e-02 -1.2831364836616510e-01 1.9412216762004851e-02 -1.0692717689864630e-01 3.0285206685075981e-02 -4.8788251408692772e-02 6.2237529686957067e-02 8.2192485188669950e-02 6.3738980839588552e-02
-8.9963643542130434e-02 -1.1860556904765160e-02 8.2911922608196076e-02 -8.5542517829101619e-02 1.0249721460965470e-01 3.3538562755761683e-02 -1.5170451997394310e-01 -1.1017334803586980e-01 1.6051678708348860e-01 -1.1852034720040661e-01 3.2815356610472302e-02 -1.8575266762878209e-01 -2.3585142439073331e-01 -5.0998031150058631e-02 -2.2644039753848180e-03 3.5487804761933348e-02 -6.5413884035074352e-02 -7.0160883832937346e-03 1.3996038368148431e-02 -1.4333025881747369e-01 -7.0378428553971986e-02 8.2417778965178712e-02 9.6626662245656039e-02 7.8249631119314697e-02 6.9129908857909400e-02 -1.0030608495668010e-01 5.7391898477305317e-02 3.7121008483064571e-02 -3.7258723384902673e-02 1.3938864189127709e-01 6.2603892696228430e-02 -5.4532669773853973e-02 1.3032884807317810e-01 -6.6754957826633491e-03 1.0014221442278259e-01 -6.3434699849930443e-02 7.2870052254712631e-02 -5.2914116354173923e-02 -2.3518366506082561e-01 -7.7278861304051996e-02 2.8030391386420360e-03 1.8344140971283321e-01 -7.5231436345084265e-02 -1.0061638852426660e-01 -4.7657836256837574e-03 7.1310783778496126e-03 -5.2807147865533498e-02 1.9497329198488361e-01 6.5861167603906744e-03 -5.7137688903251757e-03 4.9039188498031842e-02 -1.4919732528311419e-01 8.1814030209044250e-02 9.5610001737187381e-02 -2.2421918919132511e-01 -9.9395144651600778e-02 1.6202087265888690e-01 5.0290149890888668e-02 -2.3277886279398991e-02 -2.4035890573205980e-02 2.8757349167035321e-03 -1.7394060418044091e-01 9.4002301028114452e-02 -1.2497345467605490e-01 -9.8129661369535694e-03 2.8120920127026140e-02 -7.5812971178817953e-02 1.4638537701786169e-02 9.4137403312288207e-03 -1.7914488188025629e-01 -9.4300397096416758e-02 -9.6926727122688433e-02 4.4254835988749831e-02 -1.1899357365100170e-01 5.6641661929329673e-03 5.0215170052088857e-02 8.5256169817552727e-02 7.9033991961982519e-02 2.1077463769061849e-01 1.0812035817756439e-01 -9.2057603975162508e-02 1.0828477447964539e-01 -2.3351466225390480e-01 9.9222391120226308e-02 -7.2532004637958059e-02 -6.7650477826266306e-02 -6.2091591904063527e-02 -7.7962927609882826e-02 5.7634837699243099e-03 -8.9127751547338971e-02 4.3699946025814153e-02 -1.2969728521063290e-01 -3.7051371291658843e-02 1.8355250874221431e-02 -3.2398598611760830e-02 2.0280052826600801e-02 5.4115589453210197e-02 1.7334377610192581e-01 -8.6059611787755438e-02 6.4368548471955807e-03
3.0599266837221320e-02 7.6349475856644533e-02 1.6612679735023461e-01 1.3184210388759361e-03 1.4990642474337920e-02 -1.0031180302137790e-01 1.2538944862396720e-01 2.7168573896776049e-01 1.3969778274684869e-01 1.3279239572801069e-01 1.1361666303642159e-01 1.6716924134096520e-02 4.4405120798817213e-02 1.4441918052739471e-02 -1.0779221560344721e-01 2.4650262632604761e-01 1.4141354451860830e-01 1.1836987940357090e-01 -7.9543045621460723e-02 8.7221783345600989e-02 -8.6330002115847515e-02 2.0460393681130659e-02 -7.6339538933263729e-02 -1.1095035364861970e-01 6.3472728480843774e-02 -1.6803969353022241e-01 -4.0371212155984472e-02 -6.4991460166194295e-02 5.4415597263882752e-02 2.3046977618930420e-01 9.8906446661369496e-02 -4.2072524602250352e-04 8.9216796939561971e-02 -1.1826215352642531e-02 1.5496727008894391e-02 -1.4723235442872451e-01 -5.5542195517056601e-02 -6.0756981133608789e-03 -8.9975316453583004e-02 -1.8609320923547959e-02 -5.3081615400334688e-02 5.8605347697883690e-02 1.6645861184040388e-02 -7.7529341427118995e-02 8.7185219447387302e-02 1.1707753495543020e-01 1.1532875535874480e-02 8.7448378348589251e-03 -8.5294783199052732e-02 1.2361864675864891e-01 1.3433529211169731e-01 1.4277852979488559e-01 -1.4672531909260800e-01 2.0428304155698690e-01 7.8720326071300296e-03 3.4123683770149398e-02 -6.5585301087082437e-02 -4.3024574143009357e-02 1.2308012628269981e-01 5.8764252115298288e-02 -1.1599619580799730e-02 -3.0412249632853772e-02 -4.1651211706837762e-02 -1.1845736094319520e-01 1.3005329416380100e-02 2.6344382528574371e-02 5.1950432452507259e-03 -6.4348465768959182e-02 1.2611916753135941e-01 -1.2644866369674970e-01 2.3055025689288852e-02 -9.3582036374668234e-02 1.2303011409950401e-02 -2.0808531533685639e-02 1.6088966564353169e-01 1.1674254077533509e-01 1.7609769712363030e-02 -1.9871146339719471e-02 -4.6912744741449998e-03 -5.8132291224653423e-02 4.8433834650127558e-02 7.5623318613886215e-02 2.0910799513618111e-01 5.4845324473555390e-02 8.3672589705315478e-02 -1.4212684495090580e-01 -3.6753966792877089e-02 -4.2970157840913209e-03 4.5997922221317850e-02 5.3122079275974482e-02 1.2016667746487340e-01 1.8678914102941679e-01 -7.5882168845225376e-02 1.2466835409777249e-01 2.2662808647909871e-01 -7.1993206533229034e-02 -5.2699665504225461e-03 2.5705083160191440e-02 8.4396683564853844e-02 8.1062650337514405e-02
-1.9889684808603311e-02 -7.5164519804113289e-02 -1.7711937283915469e-01 -6.6790904224711511e-02 1.7503702590442549e-01 9.1014715086254416e-02 -8.4512618428949193e-02 7.9419207442367711e-03 -1.5159666219184989e-01 -4.9440078741048658e-02 6.5324322878642815e-02 1.0114741904715691e-01 -1.2552131094827451e-01 -5.1841048075435471e-02 4.0644082161316333e-02 2.0770828040657191e-01 -7.8218674210054240e-02 5.9831202419437249e-02 9.4628788870255026e-03 -8.1994729776517339e-02 -6.9278738903094439e-02 -2.6728399846732981e-01 -9.3823516639690852e-02 2.8830527934577691e-02 -9.2084510568752234e-02 6.3243256688675697e-02 7.5594036752242771e-02 -8.8581830966577998e-02 -1.7271499265415009e-02 2.8124198524808710e-02 1.0631807466346239e-02 3.7680506917638967e-02 -3.3902833925053617e-02 2.0200806613920691e-01 -1.0588132607392030e-01 -1.7820445709596280e-01 2.9402269468567530e-02 -2.0077145427463128e-02 -1.6798905118240001e-02 8.2620127030552534e-02 -2.6791052474905350e-02 1.7855605285222839e-01 5.2071411240825941e-02 -1.8133043478950639e-01 5.9816082194632143e-02 3.2420491048217488e-02 -1.1807337297643659e-01 -6.8535209976299694e-02 -1.2410448060378050e-01 -2.4346204510914009e-02 2.2922518824804211e-03 -5.9740009383556947e-02 1.6320722266549401e-01 6.8599434300929019e-02 -2.8252703963242740e-02 2.0261379473264490e-02 -2.0086997551613389e-01 -2.8733459298572801e-02 1.1128883747523270e-01 2.7054179066913219e-02 3.8399740058299693e-02 -1.9345102745781659e-03 -3.4972738414976147e-02 1.3482219348091079e-01 6.5385397966166020e-02 -1.0998169883504330e-01 7.6422644849973090e-02 7.0476755559963314e-02 1.5267238096214841e-01 4.6806839620517427e-03 -3.0642188386133362e-01 9.2015081555735984e-02 -2.7398292066725279e-02 4.1195542788540013e-02 -1.0952333191848990e-01 -5.7318271679030683e-02 -1.8019104405999999e-02 -6.2900398264199825e-02 1.2062218847676150e-01 -1.6113601744855929e-02 -5.3966076360655044e-03 4.8243128675325472e-02 1.2811043598957500e-01 -1.3682917369058051e-01 -2.8479811565670799e-02 -6.1133507082113799e-02 5.2029073389710308e-02 -1.6251120267378399e-01 -1.9121839187309281e-01 -3.0207929335162739e-02 8.7277674340290046e-02 1.0207476866931051e-01 -6.2705556215430308e-02 -2.2443223616679640e-02 -6.0137855601756537e-02 2.1880999697160210e-02 -2.9844467675749140e-02 -1.2448329020437530e-01 -4.4163847255207153e-02 -1.5002848932258939e-01
-1.4179185713985590e-02 1.1220959489973220e-01 4.0270789841632099e-02 -1.1159669754089930e-02 1.8344576587754079e-02 8.7459926573347599e-02 -1.2005709344068910e-01 2.4772454703654559e-01 -9.8669194700835738e-02 -1.5926372067483771e-01 -1.2508159811639941e-01 2.8293899615109669e-02 1.6924888891950301e-02 6.4653442285709725e-02 -1.3260903930659881e-01 -7.3106636534653879e-02 1.7872403947689519e-01 -3.2915528622040752e-01 -6.6579610746998391e-02 1.3151354926226480e-01 -4.2914139820364018e-03 -1.1559508872930550e-01 7.2504344233813803e-03 3.2224609074477953e-02 -3.9813284451734231e-02 -4.9930915252424678e-02 3.1294459313453489e-02 6.0081768509975181e-02 -7.1909652532286095e-02 -7.9997549219239947e-02 1.4406498882068680e-02 2.7912194803660341e-02 1.6022041914539289e-01 -1.1199117006799671e-01 -3.8362995348986843e-02 -2.6428775299612461e-01 5.2544181162692438e-02 1.8811869927657890e-02 -1.5605413594498629e-02 -5.9048823023755928e-02 -1.3593027037758460e-02 9.8380987918854391e-03 -1.0756823577875550e-02 -4.2585481687481679e-04 -6.1945150922387990e-02 -5.7676021896800822e-02 -5.1460893959763146e-03 -7.4951136567940863e-02 -8.6514002409732685e-02 -8.3580634335909315e-02 6.3896317676135489e-02 3.7180610222953631e-02 -2.9258039150324950e-02 -8.9725705338630321e-02 2.9408145837962321e-02 -3.9227605130963607e-02 -5.4481512434533932e-02 1.0991510346970190e-01 -1.8143592971419230e-02 9.6175374759219986e-02 1.5019973300232300e-01 -6.1699483486528872e-02 -9.8773616608418435e-02 -2.2754422327197030e-02 5.1300437799350812e-02 -2.1271541794483739e-01 -5.4248871640618757e-02 9.4102343851042866e-02 -5.1495466493121811e-02 3.7047571602213433e-02 -2.7867812340682651e-02 -5.5216400486425756e-03 6.6817121865948181e-02 6.4828963012264984e-02 8.1813288517417163e-02 -1.2683818575290889e-01 2.3214052169634261e-01 -8.8445856434183304e-02 2.4149051622124110e-02 1.2693943202048669e-01 -7.2453708429749422e-02 5.9239503759768372e-02 -2.6390950279421579e-02 1.8956624846621389e-01 8.7742772970863581e-02 -1.7003927650483520e-02 -7.7004297663423607e-02 1.1771990551783119e-01 -1.8732817468955690e-01 1.4457283537729650e-02 -1.2126389381833121e-01 6.2585927214564463e-02 2.1582341090873719e-01 -1.2864660855404239e-01 9.6918681218088332e-02 -2.9058372728496061e-02 5.1685565130474781e-03 5.5593065118981148e-02 -1.3672373136874741e-01 7.9436526696098908e-02
3.6608804296098030e-02 -8.6768932800151188e-02 -1.4083952446759780e-02 -6.0619433777282352e-03 9.8608212903804227e-02 4.9822986546817473e-02 1.2097391936668050e-01 5.7906076069785477e-02 -5.1479357687979913e-02 -1.3751671164771401e-01 -1.1580259315269460e-01 -4.9890124414794637e-02 -1.5970548740891460e-02 -6.9503014879611372e-02 -3.6884055605751032e-02 -2.0230040265277799e-01 7.7792385558884836e-03 -3.4720208997623833e-02 -8.8909276339882055e-03 -8.7132286403013112e-02 1.2955236984295809e-01 -1.6680360670199920e-01 8.6799702603079731e-02 8.9227139423449689e-02 7.3326991993346538e-02 1.3251057958817139e-01 2.0689583471707951e-02 3.5954613260409128e-02 9.8643137571089862e-03 -1.6631073090789431e-01 1.4302516184678510e-01 1.8438991037748240e-01 -2.7502984139080450e-02 3.5629621742171158e-03 -7.2902398056298348e-02 -3.8872717119237427e-02 4.1848346342243603e-02 4.3073844361045267e-03 3.7981414476878569e-02 -8.9413074057529324e-02 -5.4580532340554287e-02 1.2398057228763521e-02 -1.6014475207227341e-01 1.2833606124891650e-01 -4.8257124114761990e-02 9.0700431984222576e-02 -1.1635111449874250e-01 1.0046589712608379e-01 -1.1759474877119960e-01 1.6798922557090690e-01 1.1034714110952090e-01 1.0377602004111490e-02 -8.0185144331833977e-02 2.7629868359434779e-02 -1.3895126593897339e-01 -9.6759938008681587e-02 3.5218172015547299e-03 1.3238814820508030e-01 6.7872736132471620e-02 -3.9111710173385147e-02 2.0052557935762541e-01 6.9974686952436792e-03 6.8440720328081003e-02 -2.6375462318762388e-01 7.0585078806720672e-02 -1.4146163070411380e-02 1.4180824070098991e-02 -1.2164654480889640e-01 2.6083711961805528e-01 -2.1594307557970260e-01 1.6219720362459619e-01 1.0356716636377200e-01 -1.0167375894294590e-01 1.2123614165716649e-01 -3.9092139233143433e-02 1.3758768002014740e-01 -5.6319568228332222e-02 2.3550865289836909e-02 -7.5174744731669497e-03 -1.2550806946206980e-01 7.6136384194424159e-02 -1.8006419771616991e-01 -3.5020735735477072e-02 -3.7389374368864602e-02 -5.1110338673939638e-02 -1.6242280556265771e-02 -5.9921598391928482e-02 1.1885001879415930e-01 -7.1171224321939799e-02 8.9323022998650303e-02 8.9474397832475516e-03 5.9808279384056438e-02 -1.0262864602639191e-01 1.0666763910665850e-01 -5.7708208701254211e-02 9.1117152327271411e-02 1.7185906251632060e-02 -1.3275610920525641e-01 8.0671004831482845e-02 -1.7931235935139300e-02
-1.6149108668001570e-02 4.9649032183236318e-02 2.8516902470210201e-02 1.0228085093779440e-01 -3.2841362537631258e-02 1.1400830325331431e-01 -7.7544261801830147e-02 8.4026152478537286e-02 -1.9445465203556520e-01 1.3375872496892099e-01 2.9018760577052449e-02 1.9590382756261519e-02 -3.6334915765848470e-02 1.1456781493291721e-01 8.3359889673395748e-02 -5.1796994284852793e-02 -4.6987720258803031e-02 1.4559078918757071e-01 -1.3349315833656289e-01 -4.5260549209807717e-02 9.0815407965432124e-02 2.7391810961364721e-01 7.7817335819872394e-02 -5.7735047951028823e-02 1.0172958090771859e-01 -7.9276660000674140e-02 4.3509288227793340e-02 -6.0668666259037585e-04 -1.2306719350043420e-01 7.7693235862524634e-02 1.1658703986595549e-02 -1.3132095911972111e-02 1.0677413784686869e-02 1.1654459717307961e-01 -8.5126355208980736e-02 -1.2691748191226360e-01 3.2599538240740300e-02 5.7409518064328917e-02 -1.0195085079793160e-04 -1.8523373844602520e-01 4.2438449946762352e-02 2.0755347572599829e-02 -6.9535412804803562e-02 -1.4915582637316149e-01 -4.2475784702586082e-02 1.2604674368648411e-01 -1.2546423409781060e-01 -5.8602539267021872e-02 -8.6120703310823735e-02 -2.0124449897123259e-01 -1.1054274497603089e-01 -7.4977225577464168e-02 -4.8276347340419627e-02 -3.7419312581615800e-02 2.0944651107181689e-01 -7.2231444088241489e-02 -1.7754213211719169e-01 7.7902934513775335e-02 7.2652076092583839e-02 -1.1582613021281250e-01 8.7159092745584879e-02 -9.4363956307678271e-02 1.0736711089757750e-03 -2.3815520600653849e-02 -8.4756239615079873e-02 9.8714916667429972e-02 8.0144889701908500e-02 1.6303756779725420e-01 -8.6946073789412021e-02 -5.7057267096540902e-02 5.4843848581326668e-02 1.5221318223964220e-01 -6.4022624800078060e-02 -6.4955356863409010e-03 1.3307416892719559e-01 5.9554987798027842e-02 3.8075810778631820e-02 -1.1513748295778710e-02 -1.7928789650534949e-02 4.4562578109921758e-02 1.6339291088705121e-01 -9.3815374206928856e-02 -2.6983148335167262e-01 5.0518779857627642e-02 6.8108851254818262e-02 -9.5493709995436771e-02 8.3803181186017803e-02 6.8548450055220200e-02 7.6283383828044296e-02 -9.8533823914438476e-02 1.8082644697611619e-01 3.6818770385753607e-04 -9.6780135789036378e-03 -1.0578333516749119e-01 -6.1958371276930477e-02 2.7124026439296092e-02 -5.4444277486914251e-02 -1.7516317362362399e-01 1.2880667933123191e-01 3.4364292331849303e-02
-1.6012580207945190e-01 1.0363182528340829e-01 -1.6184387339511550e-01 -1.0200276171610451e-01 2.5197543025782820e-02 3.1367148292538172e-02 -1.7896591300082351e-01 4.6891314739370311e-02 8.0424097818976331e-02 -6.9861413543835890e-02 -1.2433961921931010e-01 -4.5839431010534218e-03 -7.1562545113055764e-02 5.0911697247446796e-03 -2.3352040323439030e-02 1.4763434622613411e-01 7.3760733739940618e-02 8.8850431456203666e-02 -2.5119015439769861e-02 1.9937390364789609e-01 1.3078273418841699e-01 -4.8927642067372691e-02 1.9757697169013280e-01 -8.5062957832952174e-02 -1.7401763445950219e-01 -1.2688038324017581e-02 1.1406193676882970e-01 2.8765083027597921e-02 8.5989186314144095e-02 2.2267574139319811e-02 1.8839900641286400e-03 2.0556228954812800e-01 -3.1150732704580859e-02 -1.9570640417588109e-03 1.4944028138378510e-01 8.9925714647793517e-02 -5.8442477088671042e-02 1.9968503547601410e-01 6.3573579401780336e-02 7.4675120101074938e-02 5.5848253957047826e-04 -4.7338027058723323e-02 -1.0767384117107991e-01 4.9668413441207399e-02 -5.8056823463935002e-02 8.9479086678397671e-02 -2.4552922147793550e-02 3.9588863113367387e-02 -7.3320362984984552e-02 4.8015911187008313e-02 -1.4850927991112250e-01 -6.6621619243947081e-03 1.3791093107741740e-02 7.1599516456255174e-02 9.3172887778152982e-03 1.0415924221380679e-02 -1.5767554419129690e-01 4.1649932797932797e-02 5.4956280600184926e-03 -3.5385761317753173e-02 6.4587752860798316e-03 -8.8739286923007797e-04 -5.7400457998740377e-02 -1.4382753165648779e-01 -1.3191530480030220e-01 8.3151666470554678e-02 -7.2789161327851577e-03 -1.0838498819898450e-01 -1.7332740479840261e-01 5.7310832056927646e-03 2.2070795000110260e-02 3.0671991317389530e-01 -4.9481479554624591e-02 -9.6691315311946816e-02 -1.6256300369970880e-01 1.7964646233825091e-01 8.2615100258855295e-03 2.1505383887995659e-02 3.3466703957418541e-02 1.7465246783451741e-01 -7.3499801239477114e-03 -2.4572477654597160e-02 4.8035828930806122e-02 -7.0035761440595715e-02 -3.7684941566907923e-02 7.4056823477047593e-03 -1.0331023632950040e-02 -9.0424169062162010e-02 1.5806204175229241e-01 -1.0335952938242490e-01 -8.8934200365072685e-02 9.2397976680007987e-02 1.2043364455636540e-01 9.8667432631440788e-02 1.7384611391533239e-01 -7.3608601144686703e-02 -2.9861515063774199e-02 9.8614866608050411e-02 -1.2139099327096740e-01 -5.6695219038445113e-02
-2.5878455848826581e-01 1.2920747931461230e-03 7.5687914362020534e-02 -1.8447617641474881e-01 7.2700486248799004e-02 -9.3925248784597154e-02 -6.4202869418934966e-02 1.3650423888304411e-01 -3.4715949545273662e-03 -6.3237952305038161e-02 6.7131002934317258e-02 -8.8854326984501394e-02 2.1431342867513889e-01 3.1494310645303419e-02 -6.0090980183021281e-02 -5.8890876749756509e-02 4.2853127551489643e-02 -9.1716560101406663e-02 1.4315831626602721e-01 -7.8930081843264829e-03 -2.4819098586736171e-02 2.2240093341652091e-02 -3.0025866295405840e-02 -6.0087063268989783e-03 -5.1355369877367787e-02 1.2488193386021020e-01 2.1150998726378359e-01 2.3967169878240140e-02 1.6230999298788329e-01 1.2536139430030621e-01 -6.8951278262769228e-02 8.7154947981207084e-02 -1.0468390582334890e-01 -1.0969106935266219e-01 -1.6802874758767250e-01 7.4827435115437491e-02 -6.0670628490003348e-02 -2.1839683858865080e-01 7.6890016800718053e-02 -6.7867249811435396e-02 1.0727408215839000e-01 1.3824809618525549e-01 1.2840859429067200e-01 -9.6852844784406061e-02 -1.2384550917766010e-01 6.3463837911876805e-02 -1.8120767091092499e-01 -2.3615335889680161e-01 1.2182752688490291e-02 6.2287481683203617e-02 -2.8539661042573279e-03 -6.3971015679580204e-02 7.1608425598025188e-02 1.1994303393755090e-01 -3.4021135686475981e-02 2.7717931653172181e-02 -1.3338405598710929e-02 -6.5071925870926264e-02 5.1135891532621727e-02 -3.6790794814531007e-02 -9.1391711816922114e-02 -3.1815923705226512e-02 8.8226851608070131e-02 -1.5122970772909240e-02 -9.6182871093116365e-02 -6.3437536008100093e-02 -3.1917137095180868e-02 -2.4648412039133582e-03 2.6394267044902659e-03 1.3317722146106320e-01 1.2123367580335870e-01 -8.1863534773994551e-02 -1.0990213048090870e-01 -1.2714316238580781e-01 6.8898194253675285e-02 -5.8047724072078907e-02 -1.3254518441972449e-01 2.2965972179915309e-01 -5.3502001013351383e-02 1.7925680231381851e-02 1.1567652692387470e-02 -1.1859184577714579e-01 -1.3214947694842280e-01 -2.6107514655578049e-02 2.2685375399174579e-02 -2.1211034690983840e-02 -1.1457355301858520e-01 2.9545467643719760e-02 -1.0109612235842720e-01 -2.3715850084944399e-02 1.0981612168895470e-01 9.7330122257168576e-03 1.1930999345878560e-01 6.1674542806520363e-02 -3.0730239166922330e-02 -1.5681369414701199e-01 1.2056058034227170e-01 -7.0861814585993194e-02 -2.4542439138785311e-03 5.8469234351795482e-05
-3.2024133229546739e-02 -1.0248314304064780e-01 1.1201253865453140e-01 1.0314099734095640e-01 -6.5966975483553375e-02 3.0085060399991450e-02 -3.9023452668809223e-02 1.9360549972058069e-01 2.8884892450354180e-02 9.7621887749741038e-02 1.1093660744683120e-01 1.3757812832867780e-01 -1.4610067813938590e-01 3.2467218049162402e-02 -7.3244714316265669e-02 -9.9361693966529011e-02 -3.2050350720128962e-02 -4.2557195933245341e-02 -1.7681079334558241e-02 -8.0309605430667161e-02 -8.7462697117275237e-02 2.4033040362490220e-02 -2.2313127409009861e-01 -3.4980916943531351e-02 -1.3021453781068881e-01 -2.8273839732452239e-04 -2.9818540983754190e-02 1.2689171715357100e-01 2.2333559057551411e-02 1.9651753103441950e-02 -7.5747348192917494e-02 1.3550893056346019e-01 -1.3389740381822590e-01 1.2672645315160799e-01 1.0911208943071110e-01 -6.9383944136418782e-02 8.4121098325925774e-03 -7.4828955332257113e-02 6.3769627001968018e-02 6.9073699129384533e-02 2.1757672071461900e-01 -8.0785488810492079e-02 -5.8233264139300307e-02 1.6689918623624531e-01 3.8430409651562990e-02 9.7175541981490310e-02 5.2811301360183388e-02 1.5738673930384001e-01 -2.1959029609998001e-02 -8.7073360362993596e-02 6.9770543711886068e-02 1.4121123142516730e-02 8.9246869771268195e-02 1.2790186622521429e-01 -4.8534047815416197e-02 -2.0008946026620861e-01 6.8783132173664510e-02 6.5234690578095555e-02 2.2766792468051179e-02 1.1050398051644200e-01 2.0937814690923079e-01 1.4917589468061529e-01 1.2300645515402710e-01 9.8792431609294587e-02 3.1961563742165688e-02 1.3819028985628201e-01 -3.3105195160125778e-02 1.1041268499837950e-01 -1.3535818403162460e-02 3.7678815776238518e-03 -1.5637477899840499e-01 1.1074705070357020e-01 1.4164538137218560e-02 -1.2230752040157869e-02 -4.2176142799096948e-02 4.1171879745913298e-02 1.1277702283596140e-01 2.2136738662544880e-01 -1.4606393614152899e-01 -1.8474796133839240e-02 3.3185717846375681e-02 -3.4610162970741841e-02 8.7107404311792341e-02 -6.4042043740990734e-02 -5.1892110674294792e-02 -1.7581828553285911e-01 -3.8763398029296139e-02 8.4894526144330372e-03 6.8303895833329659e-02 3.6240116657180049e-02 -2.2485057043308911e-02 -1.1227312226297050e-01 1.8051933209891469e-01 2.4555521492850819e-02 -1.4013894744540631e-01 -1.9226027204971161e-01 7.6620557940401957e-02 7.9099927725487670e-02 2.2138398650657511e-02 6.6728639105026924e-02
-2.2272317881769799e-01 -5.1333680704084200e-02 3.1685946441604620e-02 5.0600257487373013e-02 8.9299002848869588e-02 -9.2788980245363684e-03 -1.7991539602934221e-02 2.7774180777274369e-02 -8.9026456088956707e-02 1.1901101529136590e-01 1.8941660543543429e-01 1.3096777767904341e-01 -3.9002644735477827e-02 -1.2984662087026591e-01 -1.4303847155271260e-01 -2.3118603348126901e-01 -5.6252333597204433e-02 1.0894459332644499e-02 9.2841511817504125e-03 -5.0875935195465408e-03 -1.5755147149173010e-01 1.6435128130325849e-01 1.1590960025765710e-02 -8.9344990603516139e-02 9.0604702772846324e-02 1.9664982180520310e-01 -1.5061128493305730e-02 2.4610447121126248e-02 -1.0496204686613519e-01 4.1726202380381168e-02 3.6197152659057347e-02 1.3417931009321421e-01 -1.1098190143463919e-01 1.6359828719551631e-01 1.3693065468238150e-01 -7.0745856525164949e-02 6.2986012847299905e-02 1.6790876298984209e-01 -5.1659585131690028e-02 5.2628883217628437e-02 -1.2090969802747011e-01 1.8730572823173919e-01 6.3900179190850837e-02 -1.6839191805541170e-01 6.7990911220389874e-02 -3.6181569338780237e-02 -1.0642628304549701e-01 -9.4010464330450350e-02 -4.2644136390378742e-02 2.1763522412621619e-01 9.6309828854824642e-02 1.4156003039332990e-01 4.8094134351373628e-02 -2.4512584291829420e-01 -4.2128656249041212e-02 7.4592415913691021e-02 -4.0257488253380221e-02 1.3682796389535801e-01 -1.1764236767634710e-01 4.2419277122433978e-02 -1.0404883027798600e-01 -7.8644486246857603e-02 2.0186684254394800e-02 -2.0130150351976801e-02 -9.2423513295325846e-02 1.1583214666744010e-01 -9.2198274684485534e-02 -9.2559152941037920e-02 -8.4392746600137236e-02 -8.5386906998376876e-03 3.9111753950615023e-02 -1.3898445745485731e-03 -4.2574479036591593e-04 1.3172576832968660e-01 1.6578674160617469e-02 -3.4467319022398003e-02 -3.6220420452488029e-02 -1.1720245599153591e-01 -4.8078098256705663e-02 6.7296686723841412e-02 -6.1159785094532397e-02 2.4604178261845931e-02 4.4304980248051587e-02 -1.8826823611354279e-02 9.9900821638863921e-02 -7.5093443175708588e-03 -5.6742607821948197e-02 1.0829156323438120e-01 4.9060144398633022e-02 8.4641688472743740e-02 -1.3265982944455620e-01 -1.2354343614070460e-02 1.8766904559326451e-02 -4.9615370384692144e-04 -1.6155270902407232e-02 -1.1841442131833980e-02 -1.1686170701202011e-02 1.8013791026508441e-01 4.1781683225478317e-02 -1.7683815711637280e-01
-8.5689367090269142e-02 1.0041335129197660e-02 -7.6285574787489388e-02 -4.0978064454761619e-02 1.0911838375559769e-01 -2.9689213435294990e-02 -1.0109409005568221e-01 -1.3982085259220900e-02 -1.0949430462341521e-02 1.2782699249195609e-01 5.7393542630333118e-02 -1.0094158085216520e-01 3.2205361206077483e-02 -1.3649700412609789e-01 6.5043759997644973e-02 -2.4224620630809549e-02 -3.6108981096541468e-02 7.9585073590437219e-02 -1.6444418819455730e-03 1.2589930307883671e-01 -5.7753741558925320e-02 1.1612052528384270e-01 9.9832053728589693e-02 1.0345770575336970e-01 2.2514621392595170e-02 -3.9315985249592067e-02 -4.0160536899750417e-02 2.3076308536621310e-02 -7.4018885338656124e-02 1.2589025163455000e-01 -9.2820637021738664e-02 3.5847017654700393e-02 4.5886634047060233e-02 -1.9177536063292239e-01 -2.8197513729144169e-02 -2.5755815470826449e-01 7.5787546149035295e-02 -1.9670931007218831e-01 1.1336493510956670e-01 1.5399710525982699e-01 -9.5043274050677778e-02 -1.3902659735357820e-01 -3.1182687308613510e-02 1.8593600157976838e-02 -2.8486882745551328e-01 -2.6908195804908458e-01 -4.5137320290030293e-02 -1.0907599713354151e-02 -1.7886665160440011e-02 3.8446642402152863e-02 8.2320195716749658e-02 -1.0293346401096620e-01 -6.4326893155534803e-02 2.3395310239719549e-02 -5.9528552289757002e-02 -3.0835828532703519e-02 1.0528880139499659e-02 3.3179837069452420e-02 2.0547559585744091e-01 1.8378531761836669e-01 -9.1663714787093079e-02 4.7017212572440141e-03 1.5179873974859660e-02 1.2518940003694429e-01 -1.8727015371845918e-02 -2.2183396950586552e-02 -1.9045108084971771e-01 -1.1645616350736010e-01 2.1287138160173101e-02 -1.3241191448161920e-02 -1.0261484929886040e-01 6.8124336600632676e-02 1.4002113077484510e-02 -5.7916970929439374e-03 -1.7993768923300520e-02 1.3919089145740970e-01 1.7803887878553129e-01 -1.5039258306949019e-01 -7.3158892923930741e-02 -1.1207706706181189e-02 2.3100072423422030e-01 -1.2669332622803399e-02 4.8847695371603883e-02 -1.2420703952212230e-01 -5.3521725643828663e-02 1.1445831683805680e-01 6.5011467250604638e-02 4.9893890691257853e-02 1.0731269224372560e-01 5.9418967305960767e-02 4.0713023317844417e-03 -1.0667877585119420e-01 3.4288741469815767e-02 7.1307245659543286e-02 -5.2828798331860521e-02 9.7190178783942496e-02 8.7963472810885027e-02 -1.1206313896152641e-01 3.2790909922067457e-02 4.6868808068489198e-02
5.2904743718559999e-03 -1.0701651578182840e-01 -2.9578072374989831e-02 -7.0636638970270546e-03 8.6940804250047118e-02 2.0046041867058609e-01 7.8907803637468854e-02 -4.3417023124509482e-03 -1.1964792397702020e-01 -9.4924707747456760e-02 9.5138009842955455e-03 -1.7845012074686120e-01 2.7991144937273602e-02 -1.2212583377275769e-01 4.8372570550786718e-02 -2.5874501880746661e-02 1.6812947044233079e-01 -4.6349574259170148e-02 5.9515752503892197e-02 1.5120271750327091e-01 -1.0428373590679130e-01 1.9931698639635539e-01 5.0989672404027582e-02 -7.1188511445903713e-02 -1.4286589738871680e-01 -9.1704208480273594e-02 1.1414501343926579e-01 -9.8512914898929965e-02 -1.3565869625202351e-01 -9.3509548509962421e-03 -1.2146243577135230e-01 -9.8940721799992720e-02 4.8418878735215019e-02 -5.1392388983644323e-02 9.9305316041575178e-02 3.1745273939307018e-04 4.8220718378894543e-02 3.5121140559099720e-02 1.7937707998725061e-01 -1.6356590450464550e-01 3.7661786850434238e-04 2.4787067381738489e-04 -7.0738094235205454e-04 -8.7658711271315748e-02 -4.5734051271986501e-03 1.7714270947787419e-01 2.1624493562137151e-02 7.9241156871619978e-02 -9.0131379776540427e-02 -1.9799108830307541e-01 3.7501016504269812e-02 -4.2544797979610041e-02 5.2728191305576023e-02 -1.5457955738864770e-01 -5.8793167037734788e-02 1.0674441080915600e-01 2.4649053855500959e-02 2.1221635519432579e-02 9.8393969414949101e-02 -1.2953420999667969e-01 -9.8555054459517302e-02 6.1815255559680288e-02 1.0936169226115930e-01 9.6581874102361007e-02 5.0156001466849414e-03 3.0146977561967579e-02 1.4484979103401779e-01 -8.1743924932628942e-02 2.6125956268951678e-01 6.9863421588301097e-02 -9.0114771116506058e-03 -7.9155715312036676e-02 1.2295865287859330e-02 1.0764056571544930e-01 -9.6882679048174714e-02 1.9241006726887100e-01 7.7031013691858510e-02 2.7720495504788212e-01 7.3256959259820051e-02 -1.8526616972141741e-02 -7.7441186168735243e-02 4.9369273632096478e-02 1.6338491486702131e-01 -2.6562209432056240e-04 8.3134748992908847e-02 8.2236779323111117e-02 -5.5392154375119719e-02 7.7470553440137811e-03 9.1106856790503413e-02 1.0559074620383820e-01 -1.0027443897689940e-01 4.6881569349001707e-02 -2.8320563080243170e-02 -1.2101408130900911e-01 4.1391509482794728e-02 -5.7733353167080483e-02 4.2138688249220423e-02 4.6943755820667669e-02 9.6858297577629940e-02 -1.3521948563071640e-02
-9.4925210847314936e-02 4.2078406661813582e-02 -1.7587772635250531e-02 -5.4953492024263903e-02 -2.6827303565163819e-02 -1.2096486967137760e-01 -2.0315058803240232e-02 -8.4910524258640332e-02 1.0647148587591571e-01 -1.3752572018589879e-01 -1.4041460890415611e-01 7.8326690806306970e-02 -9.2411925267995451e-02 3.3847332844001578e-02 -6.9042767984823075e-02 -1.1717359982737650e-01 1.1086482457484370e-02 -1.1842994398054101e-01 -1.6855692481839360e-01 -2.5033690047840250e-02 -3.0503403847322202e-01 1.3499426639726181e-01 9.0050543304181149e-02 -3.8492695071039473e-02 -7.6133732427313954e-04 -4.2413702197056050e-02 -4.8166618440960728e-02 5.8920323861487899e-02 1.2667230124996660e-02 -2.8110284258758979e-02 -1.1743147892141389e-02 -8.4493343825994355e-02 -1.0439291946331410e-01 -5.3811076788111860e-02 -9.8260413459570428e-02 8.2169064820110299e-02 -9.7573656108617415e-02 -9.2577373554613238e-03 -4.2047565443443749e-02 -3.3777022339123129e-02 -6.9543580725042423e-02 4.5749539947019649e-02 -3.9559525942399157e-02 -1.0068740636944290e-02 -6.0004900543246522e-03 2.0227381751113491e-01 1.5769173458285810e-01 -7.2334025753860276e-02 -1.0508220732965789e-02 1.1528806559308611e-02 1.1372863651816920e-02 1.2002759044907869e-01 7.8020032822206986e-02 -1.2838751483780370e-01 -5.8896556560800853e-02 1.0715865410351059e-01 1.1207048090555120e-01 -1.4971818169130180e-01 4.0773990807671801e-02 8.7118381303705750e-02 -7.7689036810044798e-02 3.9543278548855372e-02 -1.2970045650103659e-01 -1.6224242993115640e-01 2.2230413831051241e-01 -6.9438378503265702e-02 1.0927785875303191e-01 7.5496183229123307e-03 -9.8767511676520932e-03 -8.8032733493971671e-02 -2.3872273029021079e-01 1.6420980383843431e-01 -5.1858820665490919e-02 -8.5066196211447356e-02 1.6041515949351079e-01 8.0563230823790508e-02 1.7528317651759120e-01 -5.1186581353080338e-02 -1.5793347262838109e-01 -4.6522727617184449e-02 6.1048584182797433e-02 -1.6476355559653350e-01 -3.4644014539542682e-02 -2.4142266772177179e-01 5.2210170956071750e-02 6.7887485260966718e-02 -5.6233521132049893e-02 -5.6444896119656127e-02 7.6964682303455418e-03 -1.3244336098692169e-01 8.2742336549994411e-02 4.4077633983163007e-02 -4.3938872547395202e-02 -1.2830020191051819e-01 -1.3175391874322210e-03 -2.5921217754512779e-02 8.8704172846353554e-02 -6.2630023225978812e-02 4.6822658816460451e-02 -7.0791066140232492e-02
-5.8167494052638109e-02 -6.2210600120439538e-02 1.5738853385951761e-02 7.3247045174647959e-02 1.5258981158455831e-01 6.2953851606448161e-02 -2.4501910070092951e-02 1.6333144579079351e-01 1.2661537386708599e-01 -1.8439128738054641e-02 -1.5665307154165861e-01 -1.0810734811084280e-01 1.0038690381195980e-01 -3.6150174436007883e-02 1.9155655773101421e-01 -1.8357969602452301e-01 -8.7216547633636125e-03 4.6503135798476182e-02 -9.1711727497901102e-02 -1.5510601267298341e-01 2.7217870711958480e-02 -1.5361871251263049e-02 -9.1827185381606724e-02 -6.3774615062698201e-02 -1.8448357619974640e-01 -1.2298415662316860e-01 -3.5937821365316360e-03 1.7802056126275659e-01 9.9590795551593128e-02 -4.5109405821239637e-02 1.2128701200575270e-01 9.6107907008911777e-03 4.3249662345018362e-02 1.6791581035938741e-01 6.4174662684859204e-02 -3.0380196682589150e-02 7.2184372501457206e-02 4.2792322525719538e-02 -8.6615346513514609e-03 5.0806956403584062e-02 -3.1293596940974021e-02 -1.4845182290333350e-01 -5.3773293153843360e-03 -4.9032925349648447e-02 9.0563263953894208e-03 -6.9725515879639696e-02 1.6494985586625810e-01 -6.8625720974318336e-02 -2.3735497285526899e-01 4.0830081296171133e-02 2.1854975802812881e-02 2.0523555261701570e-03 -1.1358528091614650e-01 -7.4798300640493046e-02 6.1448761074756428e-02 1.6249553875326409e-03 1.1050372921451231e-01 1.0216458833407220e-01 -1.0270263055998700e-01 1.0065101916365279e-01 -1.7622303727913749e-01 -1.5563169924677871e-02 1.1103363655978210e-01 1.3368642154663510e-01 4.7065499926548772e-02 3.1433139635677960e-02 -7.8595147826532277e-02 -9.8513870924736915e-03 -7.8041278302506088e-03 1.4542385757619480e-01 4.8211544846325130e-02 1.0506171638562000e-02 -2.1842403406843719e-01 -1.0667723082597780e-01 1.0875639567053430e-02 -1.1176543114325050e-02 1.2298353041176340e-02 -3.8674346057346973e-02 2.1758565088468659e-01 -8.6243565207856004e-02 -1.7732456749839859e-01 -1.9676080303426900e-02 2.9663439457492408e-02 -4.4895606044324202e-02 2.1217469185051360e-01 1.8461905414682570e-02 -1.0061841950378110e-02 -5.7669696518518880e-02 1.6675258594054921e-05 -1.8057568752446590e-01 2.1892197907189581e-01 9.6256179484503837e-02 -1.9846504622698921e-02 9.5298517739507968e-02 -4.9800007300685747e-02 7.7592313780435948e-02 5.7694890229679482e-02 -2.4770545590311031e-02 -1.9917826954163480e-02 7.2209454269640511e-02
-1.0023889227799911e-01 -4.8614507224119538e-03 8.2699102697904748e-03 -6.9181954406069349e-02 4.5471092125229443e-02 1.1946185911264910e-01 1.7129825077910721e-01 8.4987474337921934e-02 7.7585767287744207e-03 1.2957181731263301e-01 -3.9137398927314500e-02 7.0857075759761023e-02 -9.1109589838214100e-02 4.4738120186688927e-02 -1.1082617766965780e-01 7.6853823920186984e-02 -1.9550821004081331e-01 -1.2624629910329460e-01 1.5787425594353510e-01 -1.5194436558318520e-02 1.0497386289111020e-01 1.0961854469080949e-02 -5.1301271984495883e-02 -2.4376806641912510e-02 -2.7368806903484449e-02 -1.6215978689013899e-01 -4.7395326292232247e-02 2.1150463270198741e-01 2.4916758286100179e-02 -5.9218915240528622e-02 -1.8070526611481541e-01 -1.7464724958647669e-02 1.7617276512608690e-01 -1.2019947179030289e-01 4.9351951967679358e-02 -1.0132645004378120e-01 -7.1764849432643787e-02 1.6603479448430711e-01 -6.8688068847369554e-02 4.9898183196392179e-02 -6.1719712095943437e-02 1.3339530398432259e-01 -2.5555199363175501e-02 4.0861829918026081e-02 1.1812468076850460e-02 5.2687560208527551e-02 1.5382180247891000e-02 -5.3650610511022920e-02 7.2558431673774640e-02 4.1245283702298560e-02 -3.3899462710864213e-02 -1.1971632241478390e-01 -1.1723530083728120e-01 4.2348109817294498e-02 -1.9069519745730991e-02 2.2006071596143670e-01 -3.3082737098847161e-02 -1.5777828319840539e-01 6.6474519661838080e-02 1.0473750710166760e-01 -8.9390264085180804e-02 1.3180077685813019e-01 2.1199636477390291e-01 -1.6267194207385999e-01 2.2070200397200101e-02 8.0895350012539266e-02 1.1201681435444860e-01 -6.9173081269874995e-02 -3.1083960329240240e-02 3.3039398161708262e-02 5.2200561250243319e-02 1.3522112506922479e-01 9.4287677796445670e-03 2.2553594113585620e-01 1.1055139105157080e-02 -2.2046532328241369e-02 -4.2393619568778081e-02 6.0233984046246573e-02 -4.9247579823292108e-02 1.1317404232749310e-01 -1.3888681457057310e-02 -3.1801326785587003e-02 3.8661680244951049e-02 1.2815377378492510e-01 2.0377781005962010e-02 6.6458593835782884e-02 1.5807731361781299e-01 -7.8015730623453128e-02 -1.1474191646319500e-01 1.2288789196325979e-02 1.9248788275833870e-01 -1.0716931768828181e-01 6.9578007536705982e-02 -5.5180209718143483e-02 -1.7156622962523829e-01 1.7007587264407770e-01 1.3098320398039040e-01 3.4265593263301537e-02 -7.9161477972408412e-03 -3.6272489913637851e-02
-1.0203609150673749e-01 -2.8926326789643561e-02 -6.3552458134477297e-02 3.5672013421355737e-02 -1.0250303775792600e-01 8.9047350478248979e-02 -5.5741755634375091e-02 -6.6888431290369033e-02 3.1130129372102109e-02 5.9395611617207952e-02 -1.1698717832645899e-02 3.4138540220485632e-02 6.8373278090382489e-02 1.5142264743899661e-01 4.0894483147673057e-02 -5.0791867260332732e-02 1.4326561342838609e-01 2.2248508929251379e-01 -6.2523019720753442e-02 5.1027967049798957e-02 1.7046770260683741e-02 -1.6109297846705359e-01 -1.1999988643377731e-01 1.1672976528438900e-01 -6.5920999830444374e-02 -1.8635091634387080e-01 2.3230940495156539e-02 1.0408110572275320e-01 -6.6607179898902358e-02 -5.9383551344128073e-02 2.6759564729496119e-02 -7.7395357068000631e-02 7.9676672081398971e-03 2.1991464847185621e-01 -2.9024543726839051e-02 -1.3045618553782111e-02 8.8433643178648991e-02 2.2636560656783100e-02 4.8805706594703700e-02 4.1669652873019811e-02 -1.0824047565828150e-01 -1.6141602514470599e-02 -4.3274066144029941e-02 3.3196016470281538e-02 -4.8779848451572558e-02 7.8110551549918125e-02 -4.7729498444014258e-03 -1.4181443844062969e-01 2.5948026647284989e-01 -8.3320733269789476e-02 2.0342422168047430e-01 -1.1710897801787780e-01 2.6058308016253262e-01 -1.3925735614610360e-01 -1.3383970579140380e-02 7.8942058489641127e-05 1.6214164975451969e-02 -5.6432042331876729e-02 1.5352092887860149e-02 6.8026561791386095e-02 -5.6945184319579269e-02 -2.3162938450670630e-02 2.0437329044963929e-02 -2.5502076648375349e-01 -1.0464233834535730e-01 1.0441600735265000e-01 -2.4748039045759720e-01 -1.2069519413686820e-02 7.4775251773584989e-02 -4.3332419894205533e-02 -6.1620951757369848e-02 -1.5971680837144331e-01 4.4299934782582047e-02 7.8062675474258103e-02 4.0449705598139089e-02 1.1698866421910790e-01 -8.2451021330353078e-02 9.2575681191931367e-02 -8.2976782367420746e-02 1.2872781971228220e-01 3.5949856074011931e-02 -1.0167536138359980e-01 9.1469887046408856e-03 -2.5054140939060020e-02 1.0099747425584200e-01 3.6504618936729197e-02 1.3282622095900110e-01 6.7967164575350236e-02 -1.6683705962313711e-01 -7.3867156104205300e-02 -7.5113206476034297e-02 1.0824271681008260e-02 -7.2017040378813527e-02 5.2863750897225011e-02 1.0709180285974310e-01 -6.7938775024510720e-02 -1.6166009969510051e-02 -3.7454528777115921e-02 -1.0064912361517180e-01 1.4399839490437211e-01
1.1879152632947761e-01 -6.8259702316761678e-02 -1.2868735767916331e-01 7.4253856414620512e-02 -7.4382290744249416e-02 -1.2447915965001610e-01 -1.3899465860017660e-01 1.0925764359607300e-03 -7.4848616986470509e-02 6.6436052120067103e-03 -7.6878554472547142e-02 -7.6065283095478581e-02 2.3484417651445520e-02 6.5804570498298298e-02 5.7356008735945582e-02 4.2667379685046497e-02 -6.6715764173255948e-02 -1.4343578777303881e-01 1.3797067769013030e-01 -1.2965820181861629e-01 -1.0413446122453870e-01 3.4829375281385230e-02 -7.5947127448807938e-02 -3.9124589863733572e-02 -9.5461772025089466e-03 -7.6894268565750852e-03 1.2615354846695939e-01 9.7821084102017258e-02 1.3002198542359131e-01 -1.0831010911464670e-01 7.1814216111065143e-02 -8.9219166648677836e-02 -1.0661813172387070e-01 1.2053613590915399e-02 1.5107342479109609e-01 -1.4806807265747290e-01 -1.1010965432923769e-01 -4.3286717897918853e-02 -3.3557220965768991e-02 -1.1004980398847521e-01 -3.2935270371895503e-02 -3.7718316396373637e-02 -1.5825055531518192e-02 1.2077599816877730e-03 1.2219700454959689e-01 -1.6368620648522980e-01 -7.8478971205181117e-02 -2.1333462802641831e-01 -7.5578959782304514e-02 1.4411474807229810e-02 1.0942285306956570e-01 -4.7054369665530331e-02 -3.7457304234412868e-02 -8.7173663977609880e-02 -1.9741721446503289e-02 -8.7559896451646857e-02 -2.2485318373001209e-01 -2.4223420214891450e-01 -5.4437389792246153e-02 -2.1182945275932760e-01 4.0355747908856231e-02 -2.4960500807287341e-02 1.3855813602123629e-01 -1.4277830190970461e-01 4.2000638343625593e-02 1.3437375096491369e-01 -1.7454109984498329e-02 -1.2724222781107100e-01 -1.2728860808020920e-03 -4.7373027548141960e-03 1.9330651005146211e-02 9.4124993320746086e-03 -2.7487315170070060e-02 -4.2186306111238941e-02 -4.5795660028421663e-02 -2.4381214765530200e-02 2.4259405208568341e-01 -1.3448251835654380e-02 -1.0826160699642530e-01 -5.0795308129896876e-04 -5.8608442312169613e-02 1.0217746460213960e-01 4.3796372100371801e-02 9.9234440671414764e-03 5.9281790163736884e-03 -9.1523151987692744e-02 -1.4750453988380371e-02 -3.2074996829416259e-02 1.8992750707449349e-01 1.2959398391068860e-01 -7.1830425369506304e-03 -1.7063846627160201e-01 -1.5406573205722970e-01 3.0532585047519972e-02 1.7140800781303811e-01 -3.1397178917722278e-02 8.3637636986768779e-02 -1.5698503858403279e-01 -1.4466686217409289e-01 1.2702624629868899e-02
-1.3354541342883711e-01 -1.7688201802888809e-01 -2.6555738232124282e-01 5.6889628455710356e-03 -9.2323592634682108e-02 -1.1335904718462381e-01 1.1929087019870920e-01 -5.1401821260288742e-02 1.2052810748343520e-01 -6.0914130130916158e-03 9.9489054299888816e-02 3.2386464164132031e-02 -1.0966873239001831e-02 -2.5937179482053509e-02 -2.0175925726952629e-01 -4.4399826346508423e-02 6.8530410094024222e-03 1.9142888329127691e-02 6.0925633373330901e-02 -2.6253056154017879e-01 -9.8511679041315206e-02 5.4683119648719636e-03 -2.5463324512594459e-02 -6.3707478732424716e-02 6.3889528327736145e-02 -1.0710525736526930e-01 -4.8886859653621238e-02 1.4631828380493360e-02 8.7015474365206000e-02 -5.6675032310741981e-02 2.0891207811376281e-01 -1.7713531699247881e-01 1.0880993809374639e-01 -9.8998958027212189e-02 -2.6287774869593099e-02 -3.5768896360187361e-02 9.1693444690183742e-02 6.2686814201262778e-02 -3.9839101255743990e-02 -7.1207411781558552e-02 1.0929580382793630e-01 -1.7429265727895360e-01 1.7981471919083551e-02 -1.1808271264556670e-01 -1.9835740648677150e-01 3.0691254764499749e-02 1.6281020537596079e-02 -2.6092827029073361e-02 7.8264746474306077e-02 -1.6781861933689819e-02 3.3303605907991918e-02 2.2810721935031700e-02 -9.0332115581704509e-02 -2.9633547621875370e-02 9.9004837652412921e-03 -3.3300112309526231e-02 -2.3170158110484301e-01 9.8045766544420376e-02 -6.0583812543539367e-02 -5.8624531385804993e-02 6.7802576372372692e-02 -9.6432866973745313e-02 -1.5321175613529181e-01 -3.4250635848620231e-02 3.5664220979331411e-02 -7.7837255638235250e-02 -2.1051900255053390e-03 1.0303756417154119e-02 3.2919041887904503e-02 1.7332965649822199e-01 5.3319877752977210e-02 9.1014990751551075e-02 7.0165118236201446e-02 -1.2886473423213199e-01 -5.4911164320550099e-02 1.8057774841826951e-01 -1.2893901761539969e-01 1.8777431217133302e-02 9.4502290811302403e-02 1.6675318276909001e-01 7.4319506448675299e-02 3.7424749355065963e-02 1.2296906098794209e-01 -2.4349630484698120e-03 1.9560856523953611e-02 -4.9621860921537628e-02 -3.9442706623418332e-02 -1.2600500706376611e-01 -6.8435980495221649e-02 6.9851026362391572e-02 -1.2141008844867961e-01 2.4979120102141010e-03 9.3273207956269810e-02 -3.7923545651759039e-02 -1.8746799531473879e-01 -3.4921122238649230e-03 9.5592826275472775e-02 1.6257731240893868e-02 1.3413807880876841e-01 1.1871665758844969e-01
-9.1461586077753974e-03 -7.8299794563767861e-03 -8.8387793401725381e-02 9.9721519508107967e-02 6.2661104644093302e-02 -3.0625941656444881e-02 1.7230164151195021e-02 1.2280638828670130e-01 4.6405999645261098e-02 -6.4017531096476579e-02 -1.7877447547632830e-01 1.6183780018975849e-01 7.3440256039649501e-02 -1.8578981953011959e-02 -1.9125223931722729e-01 -5.0535320960869073e-02 -1.7406271823010780e-01 2.3076274993206869e-01 1.1514513034007010e-01 1.1197309667949010e-01 -6.3772017975268977e-02 5.9451741759941598e-02 -5.2868385841826973e-02 9.1504244938643842e-02 1.1875997309397960e-02 3.7529656120740391e-03 -4.4108261164377348e-02 -2.9019914169969541e-01 -1.1054678787497919e-01 -2.6201728344768568e-02 -2.9416840028136161e-03 -1.4345276000084940e-02 1.1833299797932929e-01 8.6570266737798270e-03 -1.6045794522382029e-01 1.9777820636797162e-02 1.0477490794641101e-01 1.3621852902003581e-01 -4.3337976255707053e-02 7.6984701273979600e-03 -3.9495411951043308e-02 1.3549973397247611e-01 -8.7326985807594231e-04 2.1180978906738371e-01 5.0301547338865840e-02 -1.3670616383425899e-01 -3.9944527741077242e-02 -3.0803515189579120e-02 1.0805542561745630e-01 -9.3392431160798497e-02 -2.2283685721165972e-02 -6.1550683419122738e-02 6.0133906633513277e-02 2.2412217708971061e-02 6.9263693474342610e-03 -1.6204589546331921e-01 1.1225541104216150e-01 -7.6675350950534932e-02 -3.4760515250624083e-02 -1.6758909191661270e-01 -1.9977601893401711e-01 -6.8415144519466772e-02 -5.8147063456276448e-03 -2.5409899890003099e-02 -2.5334859537759290e-02 4.4781990324036937e-02 9.9152128987125679e-02 2.1447805847604161e-02 1.5584691726506769e-01 1.3501927327430890e-01 1.3264092397253020e-02 1.6712504653356891e-01 -7.0750330709395570e-02 -1.1823352766824301e-02 -1.2574066734416460e-02 -6.5594739195215926e-02 2.2320936658698420e-01 -4.5730178166018202e-02 5.0243076750296448e-02 2.6478222776161731e-02 -6.0097900969579558e-02 -5.8782588559850607e-02 1.7422870700493281e-02 -2.9455970079740341e-02 6.9339397120478131e-03 -6.4288095112433580e-02 -2.0034642817611009e-01 6.5880601762447356e-03 -4.8261517963209842e-02 3.2069117198089261e-02 1.1442520350752571e-01 -1.0520498722531130e-01 1.1255019511846810e-01 1.8543323725248531e-01 7.1659908324559013e-02 -5.1136896723550380e-02 -1.3476591997236860e-02 6.6967746863892910e-02 1.1735292576554880e-01 1.2235760424208229e-01
7.2976159893328703e-03 -2.4568887916491700e-02 1.0750869995775830e-01 1.0966982752496460e-01 4.0194731624995601e-02 1.6063583690851979e-01 -1.9542270532290251e-01 -1.3080020201431269e-01 3.0538856438555317e-01 -3.3537608615709549e-02 -8.7091720365959871e-02 4.2867681320282222e-02 1.4548589825620231e-02 1.6633979792767331e-01 -9.0496029123028648e-02 -8.8002791439720993e-02 -1.8399705683107739e-01 -6.8416786368342780e-02 1.6206728716718430e-01 2.1155633719125030e-01 -7.1905102522721656e-02 -1.3834948634446731e-01 1.7800753534058841e-01 -1.6844135375828101e-01 1.8305147057704489e-03 -1.1446379038306810e-02 1.1323527448769849e-02 1.8920394075061579e-02 -1.0500765847955069e-01 2.5397723449494099e-02 -3.3863714394676593e-02 1.6443560395832672e-02 6.9889994446140427e-02 1.9640524917696689e-02 9.4996353939539646e-02 -7.5800410683473721e-02 -5.9111874959891737e-02 -1.7379260122846640e-02 -9.0881236332920945e-02 -5.0776663041404109e-02 -2.8213286013720538e-03 -2.1453264590500079e-01 -2.7473841889699230e-02 -9.9274002287701363e-02 6.8274066015371254e-02 -3.0866989781520630e-02 -1.1341223103149890e-01 -1.4635655257795821e-01 1.4489672521416910e-01 1.5271072521043691e-01 -1.5932081687595131e-02 -6.0830662578005970e-02 6.9187737443768493e-02 -1.4117163023230170e-01 -4.7874429060881223e-03 2.3130965704302710e-02 -5.0516028890518989e-02 7.2222287068056709e-02 4.0401084523463131e-02 1.2557040354154519e-01 1.4250777831495470e-01 -1.0835956694408670e-01 8.8942888064392614e-02 7.7974303628292829e-02 -1.7393025307385131e-02 8.6237185293275398e-02 2.4125706409248379e-01 5.7664285633976547e-02 5.1003626873774707e-03 -3.5948070324795862e-02 2.2437437737656420e-02 -1.0208522323983160e-01 1.6379150889293620e-02 -8.2714084405309390e-03 7.2217553086980066e-02 -6.2977168060904141e-03 -5.1643718212314609e-02 4.0245188117907851e-02 5.3961363847530711e-02 -1.7362692928599641e-01 6.0563938182771213e-02 3.7626961868207923e-02 8.5224032907448635e-02 -3.8959334924423730e-02 -1.0558443405843820e-01 6.5455108065864562e-02 -5.9062609921245957e-02 -9.1982998961116766e-02 1.2956324689373720e-02 1.9118084646745071e-02 3.4491722172308573e-02 9.7208886105405901e-02 5.4611428552650082e-02 7.2365730834788311e-02 -6.7609490138442085e-02 -1.2151032489153341e-01 -1.0910132024693650e-01 -1.4419711978294469e-01 1.1880787108118550e-01 1.0284352009170600e-01
-7.2535096147037292e-02 -8.1476717993462216e-03 -1.8276435910340980e-02 -1.1624407793677381e-02 -1.3395513515687990e-01 -5.7895760921102671e-02 -1.7753872439016730e-02 3.4250590545924282e-02 6.8255359273161689e-02 -8.7472628048639423e-02 6.9116831205942350e-02 1.9320837242092329e-02 -5.8600714913083399e-02 1.3208862415561390e-01 3.3634476042701623e-02 5.1471699874148388e-02 -4.2114206205795000e-02 -1.5362913624888820e-02 8.4565845158972017e-02 1.8074254130933551e-01 1.6356219586302631e-01 8.8911307510785673e-02 -1.4961969024109741e-02 -1.1898284551685891e-01 5.0088477241034053e-02 1.2647228847626379e-01 1.1354256228550130e-01 2.0045271579475299e-01 -8.0813727302395139e-02 1.3833157985539671e-01 -4.8604652416359530e-03 -9.5007291493433219e-03 -1.5414676614439560e-02 9.4246089373869038e-02 -1.4646352144916819e-01 -2.1197930958497899e-01 2.0443388491126351e-02 -1.2393508172581490e-01 -3.6120856361658350e-03 1.0075296999993380e-01 -5.9134896958390103e-02 -7.3757753547418911e-02 1.2431598777071480e-02 -1.4373089336676090e-01 3.0654725173155640e-02 -3.3432181021207548e-02 1.2926964727107490e-01 6.1273581873205293e-02 1.7676298669964910e-01 -1.3943892729178101e-01 -8.4034403065454497e-02 1.8479291290988681e-01 1.0397897455808450e-02 -4.2729274223003927e-03 -3.2553691972507869e-02 -4.7051749570911947e-02 5.8430983917468551e-02 -8.1466544715401670e-02 -2.3364237053979811e-01 -1.1863369711168940e-03 4.1480000059641198e-02 1.4405218452544721e-01 -4.3366277296643670e-02 2.9887675011739251e-02 7.6679387835689311e-02 -2.5696038490961800e-02 1.3325848225054221e-01 -2.6450138815249791e-01 1.7087944685786849e-01 -5.8459276089788880e-03 -9.0268645960482966e-03 1.1713265040698390e-02 -2.3141137269424841e-01 -5.6266566042246197e-02 -1.1547077236827449e-02 -2.6755261256671239e-02 4.1022492561990288e-02 5.9656187383517738e-02 1.6592925412214840e-01 4.8592088475451642e-02 7.8390011650394026e-02 -1.4672652641323231e-01 -8.5455178284168112e-02 3.7103868029526872e-02 1.1922009650087639e-01 -1.5376276067442010e-01 5.5769967290527828e-02 -3.2938017126712973e-02 -4.8373738057723430e-02 5.7047997124893488e-02 -2.0522905910102929e-01 -3.7570550578340731e-02 -3.0180062803550511e-02 9.3316495493622947e-02 2.0649465830096279e-02 2.0659569803097119e-01 -2.8695489968017910e-02 2.8855887669939961e-02 3.5284973929223730e-02 -5.0925091801324721e-02
-3.8819041973388001e-02 -7.0883892579504696e-03 9.1699930683281042e-02 -6.6875608307124773e-02 1.2651069066197629e-01 -7.0420368690785898e-02 -7.9493326771298306e-02 -6.9068396630797682e-02 7.7485515098089069e-02 4.2396366190121812e-02 8.5517154141670784e-02 3.3352186089485758e-02 5.8498318439182413e-02 -1.1123690945769010e-01 5.3115842121066043e-02 -1.2058999749021559e-01 -8.6670245715486441e-02 -1.7712514291162931e-01 -1.3457626884022431e-01 1.3419917581313659e-01 4.9716486519490073e-02 -1.8584671580656681e-01 7.4464047812139375e-02 5.0436400709540252e-02 1.0240443468313770e-02 6.1618825522486452e-02 1.6485805034982201e-01 1.3823160511716839e-01 3.2131280826694419e-02 -2.6792992243774550e-03 5.9296778166627651e-02 -3.6972753266133022e-02 9.0938750584452346e-02 1.4661669049128090e-03 -1.0989806019383599e-01 7.5000850648896014e-02 -1.0246551058729650e-01 1.7819241647603029e-01 1.8540758054978371e-01 1.2807044309371371e-01 1.9649674985127949e-01 2.8162948006319039e-02 5.8078195395840963e-02 -7.3742114985549126e-02 1.5817750790712470e-01 -5.0488568016015138e-02 8.8684121790253589e-02 8.2285904252442102e-02 1.2105720443673111e-02 -1.4722686011556399e-01 6.8629118904684622e-02 -3.1385085745899051e-02 1.6230103840643158e-02 1.1814125519793060e-01 -9.1724269133731579e-02 -3.9438659189409947e-02 -3.0555407668324649e-02 2.8616723044684121e-02 -3.0950919229790309e-02 -1.1842881634351250e-01 -1.5309808438003800e-01 -4.9189334096111252e-02 1.6298846449948948e-02 -6.1176351260110957e-02 1.0350540346540731e-01 3.8371202129204460e-02 -9.4627136828385569e-02 1.6392075471636411e-01 6.9166456672371687e-02 5.7805919501268961e-02 6.5399677491135635e-02 5.9953223389136112e-02 1.3522134425298901e-01 2.0190332744583270e-01 2.9593169200320441e-01 -4.2947732722303497e-02 2.1857496875745390e-02 -4.7741921365555801e-02 1.3346570289774909e-01 1.9221682757318109e-01 1.1362558275170570e-01 5.0924098522167954e-03 1.0698615646636681e-01 -3.8181646902859259e-02 -9.4542484877317839e-03 -8.8107722580451284e-02 2.6014177029402751e-02 -5.4796094818246002e-02 2.2977399667783560e-01 -6.6510318589424614e-03 -6.4793646577064851e-02 -4.5052496619114243e-02 -1.2059763214365490e-01 5.6347057787903250e-03 -1.3477669097461131e-02 -2.9402061974593340e-02 7.5523090431169606e-03 -1.3811220883511641e-01 1.3160481958384870e-01 4.0795065195443882e-02
7.9765145624604558e-02 1.0203394554870560e-01 1.4201815431207859e-01 -3.8290819338441667e-02 -1.9292945927824889e-01 2.0868591058869190e-02 4.8358276441506517e-02 3.2283916562219683e-02 8.3596388661192466e-03 -6.3126827331496382e-02 -1.5068786763441901e-02 6.3573506939432214e-02 -1.3745526059699750e-02 -9.7892587874756812e-02 -5.8928124528318471e-02 -1.6889131868222228e-02 -3.3986515761232620e-02 -1.0424779307603939e-02 2.0202436089612519e-02 8.6327525846597725e-02 -3.9103490309047714e-03 -3.9238397746951710e-02 -3.6373965431105090e-02 -6.3817762973243111e-02 5.2575046444311567e-02 8.2798958242695203e-02 -1.5351767760960091e-02 1.1281596379132281e-02 1.7612354779719780e-01 -9.4206598525483104e-02 -2.3404597269247119e-03 -9.9245962909468285e-02 -6.5640387402981518e-02 4.1487011010473161e-02 -6.4169039092384333e-02 3.4853792776509212e-03 7.1121230100893093e-03 1.1244681571005630e-01 -5.8701776738280018e-02 -1.8599417195908530e-01 -3.2451971169424132e-01 -1.4346352081111699e-01 7.5342479752998306e-02 1.4759606720133939e-01 -7.1115573452886688e-02 4.9868336515855302e-02 1.7664452550763599e-02 4.5087125461496798e-02 5.3468699758722420e-02 -1.4935113769669250e-02 1.0177416297276830e-01 -1.1459560794289771e-01 -5.8847402902193350e-03 -2.6258419147499171e-02 -6.4460796324169817e-02 -8.9570852398278868e-03 -1.9589854631031849e-02 3.8312722847298912e-02 4.8952459286592483e-02 4.0693408936816902e-02 -1.1394186245982370e-01 1.7170177005258341e-02 3.2355392518574923e-02 1.6731356686340720e-01 7.4266823137104573e-02 1.1083856982349270e-01 -1.4744411248304470e-01 -6.5506377124810250e-02 -2.3806614984690090e-02 -3.7346840051343803e-02 -1.2490764263297389e-01 8.3668472439101388e-02 -5.2985346360759959e-02 -8.7954669025117130e-02 2.3889140008140242e-02 -1.5968527776800748e-02 -7.0617496801652219e-02 1.5919719213053479e-01 2.0629881472750211e-01 2.3897431572961161e-01 1.2859460849244730e-01 2.8396200028844992e-01 -8.0002909702064029e-02 -3.3576673343067771e-03 -2.4378780788704351e-02 -7.6618206740631981e-02 -4.4844508264388329e-02 1.6483638328215791e-01 2.0104229808642201e-03 5.8785390851291981e-02 1.0938608624729459e-01 8.0050208241827889e-02 9.9947049280369710e-02 9.7536718927675892e-03 -1.6248380697018389e-04 -5.3245183428987278e-02 -1.7780838133612139e-02 -2.1167605074760831e-01 4.4119147764660353e-02 -2.9695902594161311e-01
8.3411628427382020e-02 4.0624844206484573e-02 -1.4551683189953391e-02 -1.2047258706763971e-01 -1.5069075982696779e-02 6.8246212140464127e-02 4.9406968190636613e-02 -1.0188967332440139e-01 1.3249050914948199e-01 3.3606076955081547e-02 -6.2252168322211317e-02 1.6364510782159949e-01 3.4926133274286779e-02 -7.5061904478542399e-02 -9.3880073864632124e-02 -1.0910690144382060e-01 1.4848378969669590e-01 -5.6309841469084597e-02 3.9297393662975653e-02 1.2425820244183140e-01 -7.4130622576957600e-02 1.2098325998740980e-01 -3.4074332312509498e-01 5.4223329690676253e-02 1.5534831574479840e-01 6.8549146560801003e-04 1.8057471161958820e-02 -1.2513338414433339e-01 -1.6332093290143340e-01 1.4393345610139099e-01 -2.6972689739246609e-02 8.6536235381479226e-02 -3.1337682666491777e-02 -9.0994448021624541e-02 6.4214208524679253e-02 -1.2526901719462269e-02 1.3264738225780590e-01 -5.3643199232618441e-02 1.8233503144715080e-01 1.1356448900467950e-02 1.8615315641412378e-02 -1.6266221502961631e-01 -1.3585256251798061e-01 -2.3049967343040510e-02 7.4746712643536092e-02 -4.6155684249235017e-02 -7.6112925152513694e-02 -1.1229980434044221e-01 -1.3482540922838809e-01 -3.9316747921875041e-02 6.1822401707739380e-02 1.4333627012948391e-01 5.7501604436203398e-02 5.2165219621186268e-02 -9.0684502347691653e-02 3.8143450044173348e-02 -7.5478287950089679e-02 -6.8069940391727115e-04 -9.4454718984867611e-02 -6.9609221332012930e-02 7.5312953128356147e-02 9.3284752332407683e-02 7.9247610591032483e-02 -5.7913001429059807e-02 4.8182033481853827e-02 -5.6485860902027583e-02 9.0621369168422256e-03 1.7375450594262270e-03 -7.9277003351639591e-02 -9.9576336355768527e-02 1.4826824822898721e-01 2.9485336965678871e-02 -4.8128344547184933e-02 -4.3000512595847612e-02 -1.7130247226857021e-02 1.2521737058756741e-02 -6.1998476959318287e-04 -1.7030386495720341e-02 1.1471768152981510e-01 1.9979915952099100e-01 -1.9781050006015410e-01 9.9200216266068342e-02 -6.2429254780703297e-02 -9.1667245249438145e-02 -1.9805360100586139e-01 5.5014743441994411e-02 2.3505491749841109e-01 -9.1330738784838925e-02 -1.0028288100074970e-01 -2.2224207039668800e-01 1.0555644555896210e-01 -2.3343710881926841e-02 -8.4172686361502047e-02 3.3657572256799911e-02 -5.4763748857091874e-03 -1.4429860363275850e-02 4.1980237910527532e-02 -7.4096148723627797e-02 7.0288817484600766e-02 -2.8879895353852630e-02
6.6674900902778958e-02 8.4732924971663501e-02 6.2670280359866437e-02 5.5265972609757838e-02 -1.2133181601225450e-01 1.3574047239463519e-01 7.5600766583646048e-02 4.7401862264202510e-02 -3.0358704477849299e-02 -3.0665974657123992e-04 -1.1854140120912830e-01 -1.0982541827387560e-01 2.0798433854812330e-02 -5.2978808263662053e-04 -1.2227501049232230e-01 2.1842348403626871e-01 -1.7672237730117360e-01 -5.9197361055782702e-02 -1.7141846647319391e-02 -2.1164635340927279e-01 1.7285469936333331e-01 2.1286819253426369e-02 -1.3298223724310301e-01 6.5499511740073528e-03 -1.1315975247334890e-01 -2.5851673742322261e-02 -1.6670284476608139e-02 4.9063411105691089e-02 -1.0822999780944691e-01 4.7333106136933201e-02 8.5155118112677161e-02 4.4791518704657149e-03 -8.4086659484992152e-02 -9.1186863658852910e-02 2.4757363731630611e-02 -8.6470374481952425e-02 -1.9540720310050729e-02 -8.1159539308323717e-02 1.8937532383042510e-01 4.0513329415543912e-02 3.4508576710394930e-02 6.2809843355039197e-02 1.1555318737819200e-02 8.2935145014453232e-02 2.4799199066464640e-02 -3.8796619827510918e-02 5.0008361161357401e-02 -9.1961532086582316e-03 9.9617818420596027e-02 2.0230923530118849e-01 -9.8612718011328163e-02 2.1636540575959909e-01 1.3615136944003681e-01 -1.8738937486276641e-01 -2.2719811119389921e-01 4.7317542083751628e-02 -4.8989562702005413e-02 7.4573447184866401e-02 6.2758989890166303e-02 -1.0164030424773360e-01 -4.0553810055255060e-02 -1.6861434086226601e-01 -3.1780976176779670e-02 -2.1824548194028799e-02 -1.4923526811974319e-01 -3.0701337143788431e-02 -3.7492852989596329e-02 -1.5276286739502731e-01 9.3481986993039098e-02 2.1662451444231140e-01 -1.5174605183241391e-01 1.4406080040000820e-02 9.8739736068912953e-02 7.1258108128215272e-02 1.1013115853648010e-01 2.2392152155019961e-02 1.6714182669125631e-02 5.2346864833169903e-03 6.3079837702365776e-02 -3.5133797841889428e-02 3.2460789095727492e-02 2.1416053683794432e-02 -1.0253442609295919e-01 -2.5351161359133820e-02 -1.0050721355016159e-01 -7.7003994759000119e-02 -1.5017840937535150e-02 1.1110647651509629e-01 1.6248256500675320e-01 -2.6846125151312722e-01 5.3984948832040810e-04 1.1888821359342160e-01 2.9231645608833880e-02 -6.4425110538894936e-02 -3.5050605003515589e-02 -1.6804138132163270e-02 1.5510844687262980e-02 -2.7448513746581440e-02 8.6885822002639848e-02 5.1231007309154739e-02
-4.2768109387899482e-04 1.1983649887627720e-01 -8.8660412493296856e-02 -9.5824375477014459e-02 -1.2283084121376250e-01 1.1425240403215520e-01 1.8654122597286511e-02 1.1899185836522520e-01 1.3256308188133059e-01 -2.2509291617565461e-01 3.3182858935428758e-02 -7.9499573835712198e-02 -5.9939414744152437e-02 -1.0218417327940270e-01 1.0940043670385230e-01 4.1798595383526212e-02 5.7153023142385732e-02 1.3760748811657441e-02 -8.1341564582707637e-02 1.7707618975381319e-02 -1.5897224775904120e-01 2.8955961988659500e-02 -1.2564676657393961e-01 1.1014830986193980e-01 1.7654891561328720e-01 -2.1804112665347760e-02 8.7624088370970351e-03 8.8611691871599133e-02 2.1781427597875699e-02 8.5694462336183469e-02 -8.8004341395267971e-02 -1.3923004522292301e-01 1.1042189259169970e-01 5.6705663354992789e-02 -3.7329687194161361e-02 5.6026773130831528e-02 3.8252907999111803e-02 -1.3972151732837111e-02 -4.3370400073702638e-02 7.2193798083381513e-02 -1.6571218404482571e-01 -3.5602741570731858e-02 -1.7735273658045589e-01 -1.0514721839792369e-01 3.0384070954884160e-02 6.5314024114485156e-02 -1.3860983824528389e-01 -1.6791698394129320e-02 7.1716301555668285e-02 1.7909444984506609e-01 -2.7837955304485580e-02 3.0272604602708138e-02 -1.9665133935963480e-01 -2.8189700131160129e-02 7.5432189835545173e-03 -7.2650900717332337e-02 4.7993704086319568e-02 -7.4342537061506467e-02 9.3114935555301592e-02 -2.0051910480277291e-01 5.9854832593241161e-02 1.1078350302403139e-01 1.2255103641989880e-01 7.0931863179567067e-02 -9.7267791963770417e-02 1.0027642448105360e-01 8.9842094020005699e-03 2.1171316188487430e-01 -1.1428318717358140e-02 1.5843376978082421e-01 6.1637122273742122e-02 2.9761861547944451e-02 1.1704033477065570e-01 1.1586993919916140e-01 -9.2522291391445369e-02 -1.6724318099547619e-01 6.0342132645445357e-02 -2.2426018705908570e-02 -5.8044335859210788e-02 8.5912344472496589e-03 8.8046976662729259e-02 -1.3713933894877309e-01 6.4584076626464287e-02 -5.0563683305998960e-02 7.7928696278321802e-02 -4.0267934465000738e-02 -1.1156785022682170e-01 3.0281787489431600e-02 7.5414665730285518e-02 -1.2627548732664501e-01 -1.9008870876862249e-01 1.3657962648099731e-01 -2.3916120195889970e-02 1.4009344129621160e-01 -2.0392676306142390e-01 -9.4249713754424678e-03 -1.9743758094187040e-02 -4.5449470780451758e-02 -1.3728054440631490e-01 -5.6040201914529020e-02
4.3591645221050752e-02 1.3168447098639669e-02 -1.5630363758750879e-02 -8.5654085529998356e-02 5.9618968432533302e-02 -6.6177978247080729e-02 -5.0226280268908657e-02 6.0844316943201478e-02 -1.3862674806120401e-01 -9.0355422220301393e-02 1.2854854740535890e-01 1.6202636355000130e-01 4.2523688979316909e-02 -8.6911354070843584e-03 3.7544372204676789e-02 1.5020437586174970e-01 -9.4697640193706800e-02 1.3511320949224789e-01 -3.3487203559003018e-02 3.1281470268514078e-02 -1.1406504940690930e-01 -9.9106685817111809e-02 2.0435358030597151e-03 -2.6334432711276179e-01 1.5100247051122020e-02 1.7298689589480071e-01 -3.4120765025031842e-02 5.4205410143396623e-03 -3.1460601120305187e-02 -5.4671903675850633e-02 3.1948151369577522e-02 -1.5658196927721280e-01 9.3864577850827076e-04 9.5995164868719160e-02 1.8948250579533091e-01 -2.1164611574283902e-02 2.1823686351986182e-02 -2.7628968856235211e-02 1.7036653568253829e-01 -4.6239326270215667e-02 3.6123789601526617e-02 -6.9943182281516414e-02 -6.6435513164268836e-02 2.5129432519937600e-02 -9.9091052302114610e-02 6.5469886239067729e-02 2.1187781662207131e-01 -1.5952100160253339e-02 -9.6116595887255296e-02 1.8425382180395461e-01 -7.9250305578666379e-03 -2.1958105043810641e-01 9.4623541778084911e-03 3.5943133407013113e-02 9.5755697378571342e-02 1.3190677979387860e-01 9.4265599792640070e-02 4.1327379754154181e-02 1.4932730921630660e-01 -1.1888856130191540e-01 -5.3298277780065876e-03 -4.9802139049700760e-02 2.5767061068161667e-01 -2.8130158870003800e-02 1.8575275708932051e-01 -3.7605804919625493e-02 7.8881294194451612e-02 -9.1685581643225031e-02 8.7327709414538504e-02 -2.0370106642536179e-02 6.7554925734524457e-02 -5.2619031995480528e-02 -4.6951965283906792e-02 -1.0749657749087500e-01 1.1988382242648089e-01 -7.6468763195502762e-02 1.3052324478673770e-02 -1.2309815385506950e-01 -6.7613068822369088e-02 1.7885341942239760e-01 4.0974232143875397e-02 -1.8314642593160919e-02 -1.1604384581745610e-01 1.8194852023792500e-02 -1.1290024313019090e-01 9.2747229556172693e-04 -2.4220751504648062e-02 8.6768142707772472e-02 -9.8806681572188831e-02 -1.5616318971255391e-01 -1.7122383798860041e-01 -6.8560632356983592e-02 5.5404959651067252e-02 -8.9817960476807086e-03 -9.4698553632421040e-03 2.7311270684187660e-02 -3.5640206858414347e-02 1.1256340612069130e-01 2.5736803404138451e-02 1.9489168340668131e-01
1.6114983933167040e-01 -1.7180777913311410e-01 1.2075130818731350e-01 -2.2457486706724719e-01 2.1856541021327650e-01 -5.8555711888723647e-02 -4.0902357654926599e-02 -7.0991690423044651e-02 -1.7690000696790598e-02 -5.5140972381514962e-02 -1.7723774709466630e-01 3.9947333113384102e-02 4.6762461018357543e-02 2.4005715171022391e-02 2.3730523394529680e-03 9.5070915792489479e-03 -1.1623001550992740e-01 -1.5900722899108230e-01 9.2202264650701748e-02 1.6943461310144549e-02 7.4040329169215185e-02 6.9208002980878702e-02 -1.0551751698611700e-01 -3.9123017907829662e-02 1.1354148891496231e-02 3.8356762777367027e-02 -6.5090680036441889e-02 1.5820033149342569e-01 -1.3880588564125351e-01 9.9051194486927313e-02 -1.3987806917453910e-01 -2.5598577344810389e-03 5.8896441593247688e-02 1.6057684127889790e-01 1.1252114114096840e-02 1.4905771957702330e-01 6.9306788234231836e-02 -1.5438809119233871e-01 2.3663395191064699e-03 -6.3309854439326532e-02 -1.2929311001673710e-01 1.0089457044790050e-01 -9.4952609983637887e-02 1.2840479475392699e-01 -9.4230897871438554e-02 1.2928856223702820e-01 8.3322103504483679e-03 -7.9270758103267530e-02 -5.3596206781046783e-02 -8.9502770750615024e-02 -1.5417394087075059e-01 4.6922108831426702e-02 -6.9017620322378057e-02 9.1418296083623896e-02 1.7774928458489211e-02 -1.4972342788454859e-01 -1.4398248014414580e-01 -1.9496657185911662e-02 -1.1613941425743610e-02 -7.0336694931902213e-02 -9.5896579833608192e-02 -1.2049619368386820e-01 -1.2725045724471781e-01 4.4248723206381672e-02 5.5914930566159662e-02 1.9131756402369560e-01 -1.2757551325066299e-01 -1.3924879868481119e-01 -1.5123120079763150e-01 3.0262115347546351e-03 6.4880119812343786e-03 -4.1597457999601574e-03 1.0850275538104941e-01 5.2690774480247246e-03 6.4725757446229687e-02 1.7022289150042619e-01 -1.0051793430901410e-02 -7.8352583933881559e-02 -2.5947393365562690e-02 -6.7015299468637587e-02 9.6270910176806862e-02 1.3108359022043031e-01 1.0783246072728100e-01 -6.5031612490917490e-02 1.3394965516010801e-01 -7.1404618485105278e-02 -3.0177883307481421e-02 1.4979530224932770e-03 -2.0039029127148331e-01 4.5246793818076773e-02 -1.0121752943780610e-01 6.3960431163336981e-02 -6.4405385891052713e-02 -1.4170695902330570e-02 -1.0946516908023531e-01 -4.7167808313588612e-02 -8.6682277905753044e-02 8.3338253985516406e-02 -4.7239358531341600e-03 1.1144830370266390e-01
4.6207137661193831e-02 -8.0658606950648068e-02 -1.2385527557079860e-01 1.1127531619442380e-01 1.3659520356946389e-01 -1.7339515265332511e-01 3.2996786100017261e-03 1.6661791621079469e-01 1.2437181178363650e-03 2.7260807507728909e-02 -1.3244559683076300e-02 -2.3528079952811859e-01 4.7474893870653748e-02 -1.2117296808628290e-01 5.6116860548304261e-02 8.3622535022589095e-02 3.8888981070188698e-02 -1.3456070432831610e-01 -1.1016208769527790e-01 8.5080592315880152e-02 9.5004428346281741e-02 -4.0836167407203472e-02 2.8055693965351881e-02 3.3311194825992027e-02 1.3345447986293610e-01 7.1347875557356374e-02 -1.5422324553543421e-02 1.3855712631808381e-01 -7.7046940944156359e-02 2.2637200369895150e-01 1.3592981261574691e-01 -7.5548211499519929e-02 1.1506366156186811e-01 8.1318851317817659e-02 1.4353116459388579e-01 7.4828971249935122e-02 3.7396863153491160e-02 1.6138691608846450e-03 5.8013846079188802e-02 4.3299181300304093e-02 -5.4634666791772537e-03 -3.3674937921059148e-02 3.5768419564708658e-02 1.5982142330889360e-01 -1.0349813080511849e-01 -4.9768681060516681e-03 -1.0695978959087930e-01 -5.5809313733698851e-02 2.3289890152307979e-01 -7.4063326350146397e-02 8.9280510825212461e-02 8.4664368652331359e-02 1.3708388499517951e-01 -5.1013397125748421e-02 1.7935964368736659e-01 6.0864563257309573e-02 -3.6688153108142729e-03 4.7428837081588786e-03 3.0250809828477679e-02 9.5096403312254246e-02 1.7240961370323341e-03 -8.3154118957295201e-02 2.9760972922740870e-02 -1.2684979351879111e-01 9.1782075055724124e-02 -1.3136510780615659e-02 1.5760142412516259e-01 7.2157883739127293e-02 2.1165977991521791e-02 -3.1795820087857633e-02 -6.3133055000301280e-02 1.0761297945840610e-01 -4.3116555243297161e-02 -4.3878511534659173e-02 -9.6731374805338805e-02 -1.5655295645116679e-01 -3.1343453722428749e-02 1.1847385664580380e-01 -1.5208516304134831e-01 9.8886041017480331e-02 -1.9063628065661409e-01 1.5844623345299130e-01 -9.3491226743953937e-02 -1.8952859896017191e-01 -4.9537496479617991e-02 -4.1010278567342233e-02 -5.3577915938381182e-03 7.1464702763985158e-02 7.9033521350596214e-02 1.2886482210698119e-01 1.3045492310248449e-01 1.2718150058261959e-01 -3.1775661835894350e-02 -1.1014782902900130e-02 -1.4377328199133091e-01 7.2729565393366391e-02 -7.7561155790868405e-02 8.3852236723852863e-02 5.9909418205065228e-02 -1.0265711387515600e-02
-1.3434832218779741e-01 -8.8200724041006276e-02 4.1725415121460788e-02 -1.4349739803735539e-01 -4.5354841610903612e-02 4.3158697769971853e-02 1.1951938599702290e-01 -1.7955413693021581e-02 1.1087860302208170e-01 -8.5820086186378097e-02 8.3245371651372690e-02 -1.1607153130397850e-01 5.7352544096555651e-02 2.1184181146734569e-02 -5.8733443596231158e-02 6.8790795850092609e-02 1.2173042749921920e-01 5.7679492133566081e-03 7.9830207636973752e-02 -7.9452541426101170e-02 9.3168160932558794e-02 2.4190689997033579e-02 6.5587804963492896e-02 -9.8498705464358391e-02 6.3715827198805836e-02 -5.0680652734256412e-02 -4.8340898390095657e-02 1.5688973339775039e-01 -1.5069741570634360e-01 -2.1424210808664751e-01 1.4028351622229681e-02 4.4589000600832263e-02 3.3317467815287029e-02 -6.6570949706763324e-03 1.0581425509778940e-01 -6.8943369068792601e-02 -1.8480310014487879e-02 -6.1771258774322241e-02 -1.5544550552126040e-02 1.1537222998977850e-01 -1.9738214133516951e-02 2.5929892573449531e-01 -1.1321341026530039e-01 -8.9590058690575333e-02 3.6207965591619269e-02 -7.4826346060463025e-02 1.0479511689262400e-01 4.1277010496002700e-02 6.2708878455108460e-02 -5.3593730196341172e-02 5.7694677920028928e-02 -1.3991524767979921e-01 3.6199585920291419e-02 -7.5469604654392550e-02 1.2142917783277800e-01 -1.6996071539952509e-01 9.4157154055551414e-03 -1.4099314279761091e-01 4.2648743348911042e-02 4.3798226538791802e-03 5.3348295003777517e-02 8.3316818489404629e-02 1.3519255716398519e-02 1.4368731864705719e-01 1.1761042119257370e-01 -1.1231765551702270e-01 -3.1161413062424131e-02 9.8677144998495211e-02 -2.2011922629913089e-01 7.6158761273248068e-02 1.6208241689265601e-02 9.2753310992151020e-02 -9.6244429324617728e-02 7.3917573567835543e-02 -1.1676044685443671e-01 3.6395296714490238e-02 -6.4303642084666643e-02 -7.1172745843952834e-02 -3.9749753868612313e-02 -1.4878061999708540e-02 -5.6867142034677312e-02 8.0305395143308839e-02 -1.0756968851221011e-02 -7.3032308618431810e-02 -1.3792844791634101e-01 -4.0763314746977891e-02 -1.0216488656730380e-01 1.7602704793741231e-01 -2.8131375654876660e-02 -7.9925190311278399e-02 9.6023027426103066e-03 3.4230557507984871e-02 -1.2619859082811599e-01 8.2207130899094927e-02 2.5008073611931148e-01 -1.1443232737257671e-01 1.9453267367197869e-02 -8.7111941851600108e-02 3.4260209891103499e-01 -1.3922967523162010e-02
-1.1740735573448610e-01 -2.8025938418820850e-02 8.5213895706626838e-02 1.5424337806698141e-01 -1.5332346972577720e-02 3.1820104403156767e-02 -2.2105969067886151e-02 -1.2053321200896190e-01 3.7675691856075221e-03 -4.1569440198520199e-02 -1.4756740904126439e-02 7.2716204528071537e-02 -2.4948650415385940e-01 -5.1141533283902918e-02 7.3097350620413018e-02 2.1561699330501921e-02 -4.3600534717086713e-02 -1.4514254698663201e-01 -1.3151063608971500e-01 1.6259623941222159e-01 9.9598705570082199e-02 -5.8134851077648961e-03 -1.2269523175414460e-01 -9.2359854966503910e-02 1.2307177456731081e-02 -6.8134377043829422e-02 5.3014319171924363e-03 -4.2341055958973209e-02 4.7504772696904438e-02 -2.2697016284105549e-02 -1.1025993644713060e-01 -7.5652341851239799e-02 -5.0205147988123977e-02 -1.4357529795953561e-02 2.8140486430040700e-02 8.4780951925270062e-02 -4.8132412392385582e-02 -9.3204631027852397e-02 -3.8282421756355010e-02 -7.5226121413543054e-02 -2.0835329469048269e-02 5.2790260464887377e-02 -1.2965140233692119e-02 -1.0973963734218340e-02 -2.9222080492422547e-01 -9.8350507227779882e-02 -9.3051721157351386e-02 1.3544284271507600e-02 -5.2774520009703757e-02 2.2815539662323420e-01 2.6190457807888340e-01 1.0891543659325790e-02 1.3254785044010939e-01 1.0131987623660180e-01 1.2363341158077359e-01 -6.7946380686947222e-02 -7.2663456509903912e-02 6.9880004356041109e-02 -9.9465404876694849e-02 -1.8003566296157339e-01 -7.5966175661496965e-02 1.9519626986137001e-01 -9.7520714353512228e-02 -6.9078029983615952e-02 5.0904813609300072e-03 7.2323831990042178e-02 1.5285490608006880e-02 8.4266551800852407e-02 -2.5711208013293671e-02 1.6891794216117090e-01 6.1552896996106476e-03 -1.0856307715839870e-01 -8.9302520684164027e-02 7.1531532063756037e-02 -2.7590505347354549e-02 4.7552923418518807e-02 -2.0477621454404890e-02 9.9507408297819337e-03 7.6285972716144582e-02 -3.9052469689946252e-02 3.0119497036545439e-02 -6.9615043804428234e-02 8.3329624301549055e-02 -6.4718359114832341e-02 -9.8004227548622494e-02 -1.1299780899834160e-01 -1.1059591054400830e-01 -9.7588434462700897e-05 -4.0472437223125620e-03 -2.1741503023344339e-02 1.4049561616717071e-01 -6.8672881814543629e-03 5.5383097539685767e-02 -1.8626433795454350e-01 1.6346334299072751e-01 2.7883855370283589e-01 -6.4353158242756850e-02 5.2381424782757563e-02 3.6597737496027738e-02 1.2131892097679640e-01
-3.4862205166423507e-02 -3.2705259123300773e-02 -2.1766488935684898e-03 -1.3051827574362171e-01 -9.6175184538977804e-02 8.4156007927122772e-02 -8.7041438733959267e-02 1.8215166175846838e-02 1.2733023216184819e-01 1.6417553119602891e-02 1.1449712936023000e-01 1.5823301698653280e-01 2.0335819798252661e-01 -4.9158565673662821e-02 1.4762250733621279e-01 4.2687911730655163e-02 -8.1536099600859488e-02 -1.1900305832609769e-02 2.1703130382820590e-01 -1.6644715603389249e-02 -3.4105992294601331e-02 -1.0677364268425610e-03 3.2249490588917511e-02 1.3754657014488411e-01 7.0635278289038164e-02 -2.2228669559390620e-02 8.8749369044068979e-02 -8.4456881331653688e-02 -1.8608951996736800e-01 -9.8273290233514055e-02 9.8059742111094264e-02 1.0199977429108931e-01 -9.6699922700715257e-02 -9.2904501044862212e-02 1.0260111582666220e-01 5.1804448897163423e-02 -6.7624034982509018e-02 4.2674335635816529e-03 -9.3730074159917257e-02 2.3495709694441461e-01 -7.3149741588386788e-02 -2.5966113203508060e-02 2.9869534487626678e-02 3.8207618110103113e-02 -1.5623784688027020e-01 1.8113761820113031e-01 1.3593079875734601e-01 7.0112765898655727e-02 -2.5400729273073699e-02 -5.7394794832991468e-03 7.0351999214576202e-02 1.1989918353780139e-01 1.3672181714379880e-01 2.0127385746275438e-02 1.4332980966336881e-01 7.9349555200491570e-02 -4.8206590399500288e-02 3.3200309546714490e-02 2.4510753202098751e-02 -2.0429012220350221e-01 4.6790989297728798e-02 -5.9751107859535968e-02 5.1467268267588642e-02 -1.3035828608072489e-02 8.2163429486991915e-02 -8.3481685857245413e-02 -5.1325179152598342e-02 4.3041054878396677e-02 -9.4902742511316834e-02 1.2943216956668309e-02 -1.3640243179427300e-01 -5.2425226426660643e-02 -1.9199704944636249e-02 -2.1003110043536499e-02 9.6596691700451265e-02 1.6834957851103399e-01 1.3806656484924529e-01 3.0883012858250430e-02 -4.0697156626203672e-04 -1.2007065171788669e-02 -1.5776364107040530e-01 -8.4939962477761949e-02 1.2223177531047680e-02 2.4955387507335081e-01 6.4971386132180661e-02 -4.6499559324528858e-02 -5.5450271767606522e-02 7.2631570994838301e-02 8.7002380122719228e-02 1.5160854831608550e-01 1.4060397603693120e-01 8.6680420373133074e-02 1.7835639029353929e-02 6.9895001127668652e-02 -1.7556327163846880e-01 1.4881882284006570e-01 -1.0328578091481430e-01 -1.0954635327147710e-01 -9.7487879989031162e-02 -2.1365812855318619e-02
9.8576186086757750e-02 -5.4897828351553428e-02 1.1168841516984390e-01 -3.9928768844366511e-02 -5.1130171367564488e-02 -6.5053121046821302e-02 4.9139157609461408e-02 2.8411292238909411e-02 2.9622659184301861e-02 1.5498180217714011e-01 3.0845806116168429e-02 -9.0731135696415117e-03 -2.8063532961475929e-01 -6.2274862224799901e-02 2.1282328466652320e-01 -5.3289304520370513e-02 7.1865058320931870e-03 -1.1178567794687880e-01 1.3179330028846509e-01 -9.3578374259422045e-02 1.4208729759979541e-01 -1.0509885860357690e-01 -1.0479284971568199e-01 7.3682358822351676e-02 1.0771561560001321e-01 -6.5876230277199604e-02 1.0876769295145999e-01 -5.2663899930927391e-02 3.0217201069155590e-02 -9.0540959088241377e-02 1.1260167055397879e-01 1.5048547307130589e-01 4.3800738568321000e-02 9.0429060585513824e-02 -1.2571182255477510e-03 4.2243905877348852e-02 1.0626414069859910e-01 3.4850621454570622e-02 -2.4076745343272730e-02 2.0725210029344281e-02 -1.7128189263989879e-01 -9.6192414804188400e-02 3.7945345323934718e-02 -1.3868020646641549e-01 -5.1296473720253040e-02 7.2595906956714779e-02 6.2933022777843212e-02 -2.3991308004698250e-01 8.4383963402711537e-02 -1.2118754210534170e-01 -4.9172590814743268e-02 3.5928642739544651e-02 9.6828974550465671e-02 5.5483205760675981e-02 -3.6947712219106782e-02 4.2104717865525762e-02 -2.7171330884528409e-02 9.8058233014714211e-02 9.2696116364675452e-02 8.3188901461765788e-02 -2.5139150718600578e-01 1.4400454137498020e-01 1.0507357935213960e-01 4.3388617761749883e-02 -8.6490747165104020e-02 -1.4273805238885109e-01 1.7526831427155240e-01 -3.8723136454166383e-02 4.9431364373300007e-02 -1.0846735774142199e-01 1.1577881123837459e-01 4.3753832617835962e-02 1.9740408596675241e-01 -8.9701843521794361e-02 -4.8415451594634291e-02 6.6647106364306749e-02 1.0954352246792511e-01 -1.2574361403964129e-01 -1.0797051532979250e-01 -1.3831895345233020e-02 3.9508210738440977e-02 -4.3707141834136723e-02 -8.5962735734526757e-02 3.0608298125062019e-02 -4.0134624701873810e-02 -1.2444834149375351e-02 -2.6278843017322162e-01 -5.6645089339968382e-02 6.2556666710639336e-02 -8.4207668939404109e-02 -7.8971410387384464e-02 -4.9335797251131757e-03 1.0740734192945940e-01 -3.2773446577949922e-02 1.0932765821754550e-01 -8.5905432010783253e-02 3.8531914928831963e-02 2.5687940238166888e-02 7.8475921783581148e-02 2.8574559009841440e-02
2.0034698784850220e-02 1.5356402841120120e-02 -9.9314242280811774e-02 5.8685897205605811e-02 -2.8563329728574921e-02 -8.1964275386481933e-02 7.8741742547827551e-02 -3.7162681528121543e-02 8.4861018643404229e-02 1.0284031093629030e-01 9.9483499879826062e-02 -4.0536381049550700e-02 -8.4797956104356739e-02 -1.0264948408178690e-01 -3.9021841177632112e-02 1.0684491439091760e-02 1.0125567104660380e-01 -6.0213541347598848e-02 -7.0686845005824575e-02 1.4618487920117759e-01 -7.4978682303929206e-02 1.3122135084758410e-01 2.4487613095408600e-02 8.2730817482665718e-03 -2.0583864746590691e-01 -2.1969457311426941e-02 -3.3251950059237492e-02 -3.1790937134990351e-03 8.8144759683375887e-02 1.4929134319858730e-02 6.3339266446576906e-02 2.7040678456347728e-01 2.7950714258575579e-02 -2.7330718486142120e-03 2.4749074165368651e-01 -1.3643358895887950e-01 2.7183890127026950e-02 -4.3644954969256501e-02 2.1273817603047831e-02 2.7272760867514761e-02 -5.1257468126892212e-02 -1.4241376804721090e-02 2.7951222454168639e-01 1.3432362671546219e-01 -6.5037776975441289e-02 1.4638962081508969e-01 -4.4455447814313010e-05 2.3158159312867001e-02 1.0720819251679130e-01 -9.2310898560946861e-02 3.9237461964000922e-02 -7.3500853527102821e-03 2.9830048508295501e-02 1.4983261666447990e-03 -6.7983377177988968e-02 -2.2002761355352219e-02 -9.2693796937697706e-02 -3.2041370269453570e-02 -2.0805086568698820e-04 -1.7897712479543629e-01 -1.4711929390928640e-02 -6.2659058820532756e-02 1.9092833229189560e-02 -3.9738587723683438e-02 8.9059254756837944e-02 8.0189895933040198e-02 6.4246388847500169e-02 6.9045936502680455e-02 -5.1902688011634307e-02 5.1201617752952837e-02 2.2820619628408392e-02 1.2356573208401010e-01 2.4152562834799149e-02 -1.6310628774770280e-02 3.5433186386839441e-02 -2.0577025455627179e-01 -6.5527723145575326e-02 -4.3052436249511203e-02 1.8599090095148349e-01 -2.0721999347534700e-01 1.8056595403997239e-01 -2.7384028129309800e-02 -3.1150859769821959e-02 1.1805676006464361e-01 1.8631456499618379e-02 1.5845673467723989e-01 -1.3840746773513110e-01 9.1924686151176258e-02 -2.4603779504762549e-01 -1.6417265500603151e-01 -3.2266762814396353e-02 -1.1398724161596430e-01 -2.2601791827105039e-01 3.8162925142142957e-02 -5.3695063691126282e-02 7.4718427279516300e-04 -1.1801475425103030e-02 -7.5470445221349991e-02 -7.3333532729871559e-02 4.9048433368229331e-02
-8.0625474403231034e-02 4.9007010522449913e-02 -9.7396827721485432e-02 2.4077514778494349e-01 8.5534908575600047e-02 -4.4726639198649108e-03 -5.8504155258740628e-02 4.0559875000862132e-02 -6.9698755898838019e-03 -1.5019484951521620e-03 -1.4736668405081690e-02 -4.8973866753674232e-02 7.5803236780998845e-02 -7.8926480691290851e-02 -1.2979209056939431e-02 -5.5310255345698972e-02 -1.2506916886780800e-01 -4.0305716053066473e-02 1.7044748262174661e-01 8.5169519907180552e-02 -4.6809803299733672e-02 -1.7554529504541999e-03 -7.3891895345954348e-02 -5.1514609145630601e-02 1.5629543100601670e-01 -1.0390509298675230e-01 -6.0976079018470471e-02 2.0212673886599580e-01 -2.6610993462276130e-02 -9.1190416404152208e-02 -4.1682993391439507e-02 1.8834203413399561e-01 1.1214159886407751e-03 -3.7094762220039497e-02 -1.5513319103836681e-01 1.5198366909207631e-02 2.0068870446561299e-01 1.4871296437254081e-01 1.1354328900837860e-01 -1.0925302513202470e-01 3.8239200430739612e-02 4.7948637352213427e-02 7.9636614651248008e-02 9.3548918705602790e-03 1.5461128988261191e-01 6.4635537876694765e-02 1.0740599362350380e-01 5.8702980689539927e-02 2.0587758777181608e-02 2.0275949418062189e-01 -1.2711903810881281e-02 9.7210792319924258e-02 9.8970244417368486e-02 7.3128694692480428e-02 2.4509637327801931e-01 -1.4184015994353560e-01 7.3135338595374730e-02 -5.7551873662772680e-02 1.3718705492727731e-01 -9.4948185083965755e-02 4.2710381051109858e-02 4.3481669156905231e-03 6.2366863259435287e-02 3.2022276247851283e-02 3.7539532259885350e-02 -1.6176275966974679e-01 -5.9823160712057552e-02 -4.6938370563489040e-02 -5.1398514156504593e-02 2.0023874119601270e-02 -7.9632506565611907e-03 -1.2025965996981590e-01 1.8004045697247981e-01 -1.7493288479822791e-01 -1.2064024599392960e-01 3.2154357288693293e-02 6.3110619935220297e-02 8.6941124123190480e-02 8.0273018813517019e-02 3.9115814825046703e-02 2.7029602756859628e-01 2.2535255035450698e-02 -8.3918350067267306e-02 -1.6007659836818851e-02 5.9587166818891486e-03 8.5544547188013076e-02 9.3288072478832085e-02 -1.1285458371516099e-01 -2.1549916604002642e-03 3.1377995985071093e-02 5.7401269448324813e-02 1.0881170462998790e-01 -1.7680810551652959e-01 -9.5380814487712171e-02 8.7268990818496081e-02 -7.3773700040906812e-03 5.7718143368355360e-02 1.0643370666377550e-01 -8.4344386215562672e-02 -5.4184756561838271e-02
3.5963864246446847e-02 1.2981728689664521e-01 -2.4205849579638731e-03 -1.0691597826715030e-01 1.6702836809251440e-01 -1.7091465716051721e-01 9.6283587976635249e-02 -1.8988590068899039e-01 4.4194305697297272e-02 -5.8699467237836887e-02 -5.1839350875391627e-02 -1.0325915568805520e-01 -1.7248407023813601e-02 1.6144599040067761e-01 8.4038117336478355e-02 2.0644572046462101e-01 -6.2590156397628063e-02 -7.2638163848361720e-02 -1.1698121527269510e-01 -3.4252256889630510e-02 -2.1536154787838580e-01 -1.8271433246788571e-01 -1.0952469889545501e-01 -1.0604906408321300e-01 -1.4912330811295779e-01 9.1445033166844339e-02 6.4799209306359851e-02 -1.1069093976094990e-01 -1.8475751571538759e-02 1.4138674633094621e-02 8.8474244890048584e-02 1.6725524219727911e-01 4.3341364408957347e-02 -3.6141431844548773e-02 -1.1920640744792970e-02 3.2293600799390809e-02 6.2179096823187938e-02 8.6572059086267153e-02 -6.6501328897780571e-02 1.7029126577648560e-02 -7.9632656933900536e-02 2.7548160293437009e-02 3.9106493275032836e-03 2.7997121306188141e-02 -2.0667460169281050e-02 -1.3625050123472021e-01 2.2587807782161189e-03 5.0650031474778097e-02 2.0773267037541140e-03 3.2367303688718221e-02 1.3240571297746659e-01 2.1227896500281659e-01 -3.6209846046682190e-02 -1.6616759175185750e-01 1.2434090476577089e-01 -4.3610122821330803e-02 -4.1430766052163760e-02 -2.5144130408428531e-02 1.4898790878302379e-01 6.1826922511273093e-02 9.6436123884342570e-02 7.9365983196185097e-02 -6.3382194464076938e-03 1.9231519948439710e-01 -1.1331474667129310e-01 1.4527481753671001e-01 -2.3564812545536620e-02 2.0010909412856780e-02 -6.3172682699565276e-03 -3.1686006241741921e-02 1.0173215403006509e-01 2.6477159296707010e-02 3.8109125286322112e-02 5.1292073598852891e-02 -8.4867217813095804e-03 9.8413657963660556e-02 7.5736007302702718e-02 1.9429353619844930e-01 2.2381230428245862e-03 1.8223098385377681e-01 -8.9611252384794561e-04 -1.6271135563093150e-01 -1.6659371246063320e-01 1.0957325335060381e-01 1.7573066773113791e-01 3.3027708291263828e-02 3.3726231785114157e-02 -1.9441923912757481e-03 -3.6145141807993927e-02 2.1677265850864800e-02 5.0120956847928028e-02 -1.8156936011104460e-01 -2.4746540268177929e-02 -3.0845804958704998e-02 -4.3088761407454997e-02 -1.8297191555654041e-02 -3.4457612640197699e-02 1.1030251800107780e-02 2.0016728439737660e-01 5.1326048657927177e-02
-5.0857280912630753e-02 1.1598373462621191e-01 -9.1346871166836013e-02 2.4100019655460289e-01 -5.3675214917992813e-02 -1.1542129227874820e-02 -9.4272136465321982e-02 -4.5728472003717401e-02 -1.1757350315930760e-01 -6.4998539071030634e-02 1.7610352112453070e-01 8.5161925696136551e-02 1.7152879016293929e-01 6.1402478716539463e-02 -6.5322291312271278e-03 4.5226636644501009e-02 -6.1452655964559823e-02 -4.1011752306376742e-02 7.4653219007138919e-03 -1.2161530406519500e-01 4.2668276152577192e-02 3.5972750542639667e-02 1.3249531853138380e-01 -1.3926458495614649e-02 -1.1398392471939001e-01 -1.8185853368067259e-02 -4.1450845717919529e-02 -1.0074508650527160e-01 -1.0412548413668780e-02 2.0236423535051600e-02 6.0096968567168431e-02 9.9373293868214113e-02 2.1119041364910929e-01 1.5432637802084909e-01 3.9896550002773278e-02 -2.0865871726881480e-02 -2.4342580612779129e-02 -1.6643927676529480e-01 3.8618157551466213e-02 -1.0445880376547520e-01 -2.8809464230433061e-02 -5.0624178256814888e-02 -1.7170699888731930e-01 6.8411557127577557e-02 -2.6237487917679402e-02 4.5886072098295941e-02 -3.6909734342425490e-02 -2.3625260707091680e-01 -4.1683820657419900e-02 2.5903329975460441e-02 -1.7348008468936069e-02 -3.3875531426032710e-02 4.2807244206921863e-02 1.6309019311998921e-01 -1.6704838642948450e-01 -5.6269962102521338e-02 1.5148324998885510e-01 -1.3527345618395989e-01 -3.1249699365709930e-02 9.6446710383347345e-02 -1.9068609814692310e-03 1.5544851086423561e-01 -1.4926127372762699e-01 3.9984590852533593e-02 8.2967313194645120e-02 -7.1579583145622752e-02 6.5039723637936669e-02 -9.1451901835535948e-02 -1.6493574922422299e-01 -6.3469060001621905e-02 9.0267149934266058e-02 -2.8196803457024151e-02 2.2632301912061289e-01 8.3688183408540992e-02 5.9610356384866463e-03 1.7942725876654599e-02 1.6091305996278470e-02 9.6920525715450373e-02 1.5992679969604959e-01 1.9315792086326561e-01 -8.6887879006646351e-02 -9.8857753319462935e-02 1.6858156458734880e-01 -1.0638636158644519e-02 5.3242174264228302e-02 8.5948397658843437e-03 -1.2432838681368789e-01 1.5805612710047920e-01 1.1325405835455800e-01 -5.7257396177342428e-02 8.4901953830108734e-02 3.6964425642378230e-03 -1.4173461459360520e-01 -1.8374059872946932e-02 -1.2144493575216921e-01 6.1272156871643377e-02 -3.3056123403565382e-02 3.3278730646476948e-02 5.7202312709861612e-02 -8.4591342084154253e-02
-8.5256718897410086e-02 -1.5064537210288609e-01 5.4099041024454633e-02 -1.0493622612464400e-01 -2.0146938785377369e-01 -1.7515239893041121e-01 -2.8594116583781332e-02 8.9564285839661320e-02 -8.4359357596930529e-02 7.2052321152750967e-02 5.0283786680352133e-02 -9.8643236087935321e-02 4.3349581432556322e-02 3.5293062104612902e-02 5.8234395305588507e-02 -1.2253793517850950e-01 -2.4527855945604579e-01 5.0412990245647903e-02 -1.0599647042388349e-01 5.8001777739120512e-02 2.7941497496809100e-02 7.6526856875402505e-02 -3.6067225914171608e-02 8.4062146009227137e-02 -5.9894162499019660e-02 -4.5207279511339987e-02 -6.5774021360507418e-02 -4.4023203579673320e-02 -1.0478992008475450e-01 1.5943873163294410e-02 9.7176107202786272e-02 -5.8628270548835557e-02 1.8986791307472070e-01 -1.2752344450470390e-01 -9.0509482920462778e-02 8.6718478701019203e-02 -9.9880260742973584e-02 6.2942423083442320e-02 -1.4165754254297341e-01 1.1034825556022450e-01 -2.2472424373896981e-02 1.1639369452967530e-02 -1.6798742753868039e-02 -9.0111073399115421e-02 1.2643837676554981e-01 8.2547976336549492e-02 3.1779236002946569e-02 9.6895939724944632e-02 -1.3518636025952141e-01 5.9706610052413497e-02 -7.2522999249664585e-02 -2.1413978932320759e-02 1.6362204789869619e-01 -3.2931704770060827e-02 -3.9099687155334413e-02 8.6632419729550353e-02 -1.6819487648493031e-01 1.0858301036836190e-01 2.0026755686415751e-01 3.8273504160000631e-02 1.1878069872684489e-01 1.5577325933719141e-01 -3.4544938266586563e-02 -1.4969676550096690e-02 4.4253608247811500e-02 1.2478815872812429e-01 -6.7147765564330400e-02 -1.6945654601957699e-01 -6.5595316612526156e-02 8.9803526034768731e-03 1.3337858004132799e-01 -2.4688051915442960e-02 7.7199254339070225e-02 -7.1282143215990870e-02 -8.8372605213973304e-02 -2.1342449834080640e-01 1.2888621128102171e-01 1.3735172900619799e-01 1.6582339010593750e-01 -3.8399671050871297e-02 -9.2733392825921579e-02 -1.6778612904205291e-03 4.2781482592462476e-03 -2.4727850578884419e-01 -5.3842951826075250e-02 4.5980239889782427e-02 -9.0497040843921985e-03 9.3241477990418486e-02 -1.3714062789786949e-01 3.7532485799606510e-02 -6.1574266024343197e-02 -2.8314442656149439e-03 2.6966488941531540e-02 -5.6444745538720413e-02 8.9559372582912924e-02 -2.3543146168613581e-03 -5.1569778186738399e-02 -1.1165180571984000e-01 -5.9472123305223293e-02 1.3665079412079589e-01
-6.4625193389105828e-02 -4.6499079742144692e-02 2.9158552032995031e-02 7.8171667865245972e-02 4.7661769342198602e-02 -1.9287250019652460e-01 -1.2708649560173060e-01 -5.0026275965190069e-02 3.0075107765786761e-02 1.2830335364359771e-01 -1.3488392528555710e-02 7.0853702486918593e-02 1.8197662701135711e-01 8.2863476239727549e-02 -6.8025753313005352e-02 1.4035522992146540e-01 3.0533050736311341e-02 1.2989146001893609e-01 -7.1916059082933220e-02 2.4063550899263680e-02 1.1120291189041689e-01 1.0987822262830091e-02 1.0600748079458661e-01 2.1301563533707210e-01 -9.3965781598439005e-02 8.2010814714237060e-02 1.0425362552259540e-01 6.4359890820856344e-02 -7.6599634574986905e-02 1.0464644879144600e-01 -6.1943524403615620e-02 8.0549025734192176e-02 -1.0147022655071181e-01 -4.8097271884777380e-02 1.0025745569261570e-01 6.5075937370980025e-02 8.8716905238209270e-02 5.0614675011786290e-03 -1.7230654192214140e-01 -1.5708766555572540e-01 -5.0765206792962557e-02 3.7397735164384063e-02 -1.3547511096725631e-01 -1.9015456715124179e-02 3.6123386188519617e-02 1.8320328977602999e-02 2.7359017370329952e-01 -2.5810891522860578e-03 -2.5858975951571848e-02 6.0157379394049727e-02 1.3038392603947921e-01 7.5233046401487091e-02 -4.7226660815026668e-02 -3.3099524769334192e-02 -7.4796556050575266e-02 -1.2085649061109401e-01 -6.7638492828718449e-02 -7.8125381563606211e-02 -1.5979653228757780e-02 3.1889855272449232e-02 -5.5485697742831477e-02 1.3281319514226139e-01 7.3195724774842513e-02 -2.4672348998140099e-02 4.3976083908453617e-02 4.4204519741337607e-02 1.6476491966724810e-01 2.2616983026626569e-01 1.9016433177490141e-01 1.3608490451916161e-01 1.1820266537412320e-01 -7.4278616765701133e-02 3.9243212341193948e-02 6.3826390965747201e-02 -1.2056456799488330e-01 1.0884986834273420e-01 2.3431627662695419e-02 -1.5274603016463800e-01 7.0371556235590702e-02 -2.4698298085891811e-02 2.6652519868157809e-02 1.7056654036599531e-01 -1.1918401138944749e-01 -3.3999846474992927e-02 -3.1940921173009743e-02 -1.2944016555537421e-02 3.6536526246264897e-02 8.1723543449701883e-02 -6.5014818642691763e-02 -9.9397381363163870e-03 -7.5452543518616813e-02 8.7410502163061218e-02 1.5258803906969631e-01 -1.3948243178296951e-01 -1.1478620274695600e-01 -2.1625581837833151e-02 2.0520188131153999e-01 -1.0558291572396350e-01 -8.5677051688808528e-02 -8.4100882897066478e-02
2.0602422696613351e-01 -4.4247004291780807e-02 -2.8112286870912481e-02 7.4870715237036173e-02 -1.4603199063805059e-02 -4.9663064961606482e-02 -6.0357904191805437e-02 7.6658897014140789e-02 1.5087469384398219e-01 -2.3355089724893849e-01 7.6515739955274484e-02 7.4755510826495841e-02 3.8357857300975851e-02 1.3124185609141301e-01 2.7988221728391821e-03 -1.0654678260973339e-02 -7.1372895305114412e-02 -9.4685244904581550e-02 -1.0661148104620560e-01 4.5640727807361750e-04 -1.1071313378568910e-01 7.8724462944525314e-02 -2.8220008765245771e-02 1.0257375581591439e-01 -2.7678639019124509e-02 1.0976190638089030e-01 -6.0347685539338711e-02 -5.0111772267534181e-02 -8.5003199554793754e-02 8.5994929345008519e-02 -4.7071853639624683e-02 1.3101625163719811e-02 -8.5258769334260381e-02 1.3801850015503650e-02 4.3752120560866511e-02 -6.4479303704831556e-02 8.2341686507215635e-03 5.7689350202307081e-02 6.4101952955403205e-02 1.1224979593559520e-02 2.1684011185717361e-01 6.0472221590009291e-02 1.1697012851918290e-01 3.0086642744007349e-02 3.1764886920527022e-02 8.3327205618110065e-02 -9.6593220664242613e-02 8.0235654911019291e-02 5.6231097553413698e-02 -3.4547866758254213e-02 -8.5057819971328996e-02 -1.1992286360525550e-01 -1.7809956686573869e-01 -1.3984038226944670e-01 4.7800506510519147e-02 1.3679500151530710e-01 -1.6273002886674981e-01 -4.3773955438794650e-02 -1.2808008180931510e-01 1.4788761404467199e-01 -1.8662147839277640e-01 1.2533252026691080e-01 1.6897421612176969e-01 5.3530523471046398e-03 -9.3950192860341730e-03 -5.8384196926145722e-02 -1.6289421355515599e-01 -3.2019802731722412e-02 -3.1713056615918847e-02 -1.0384741348138900e-01 -6.8332510325790144e-02 -4.9060827288674447e-02 1.8050433296829110e-01 4.9984878423768177e-02 -2.2496862601545431e-01 1.4156068017345641e-01 -1.3127628200996200e-01 -7.4931119849277070e-02 1.1248315827218250e-01 6.5510980937078855e-02 3.7157449001792651e-02 -1.3969267254669471e-01 -1.2731099966357670e-01 -2.4853667377150019e-02 -6.1337740735043549e-02 -9.0687129772687169e-02 -1.6592218616807569e-01 4.1638644843752327e-02 -1.5862472518310890e-03 6.3075312085639532e-02 1.0595106550702790e-01 1.4236819697171971e-01 9.8415291065010770e-03 3.1097229048385310e-02 1.2418398988322990e-01 1.3913596860078711e-01 9.5310453305749165e-02 -7.2936281065532016e-02 -1.9853365114721550e-02 1.5343983623157609e-01
6.5836958120280009e-02 -3.2967185180864450e-03 -1.6608716367395651e-01 -1.3915316192425101e-01 9.4949005899562469e-02 1.2546091203863091e-01 -3.4737088002722412e-02 -3.5922545832636918e-02 4.5554592280434722e-02 1.9793444123841430e-01 -2.1449592040979831e-01 4.3185058984838737e-02 -1.3935446146107081e-01 -6.3419001102373709e-02 -1.0675418976288339e-01 7.1601751791428275e-02 5.5550796532340019e-02 6.1273998502786149e-02 3.1794446903030023e-02 -5.9211981687793257e-02 7.2747116544341480e-03 -5.1325406359199133e-02 3.1477778831602313e-02 -5.9823488994631052e-02 2.4632880977668911e-01 5.9124977767689178e-02 7.6046075685865433e-04 -3.0347065436957810e-03 9.8015895778454567e-03 6.4781136899692587e-02 -3.9464102531797517e-02 1.1908202538346530e-01 2.6088024787561469e-02 -4.3891995598040537e-02 -6.7994566580637308e-03 -2.6068361463022879e-02 5.7463962323805823e-02 -2.6620705554633490e-02 7.2178718470203448e-02 1.5216251632786021e-01 1.3762791194678789e-01 -7.3239120476428610e-02 -1.4241394697649501e-01 -4.4159736308838279e-02 2.4017569734201310e-02 1.9937344176927199e-01 1.1676973890845790e-01 -5.0962037373038581e-02 -9.1472468890564262e-02 6.1215220471636887e-03 4.8597104792432753e-02 -3.3661157388027288e-02 -1.1083066976049960e-01 -8.8285778128919329e-02 1.3242508446393161e-01 -5.2864719981125602e-02 7.0696869356067449e-02 -1.3892165058966219e-01 -1.2535313696228010e-02 1.8904282280505880e-01 -7.3556543363146612e-02 -7.0048619254073879e-02 -8.0162477414570263e-02 -6.0304416281028249e-02 -9.3589675926116084e-02 1.2470174235494610e-01 -3.4738224269073789e-02 -2.2026652868207871e-02 7.2186880426741498e-02 1.1441290472186190e-01 -4.2658570619261413e-02 -1.0988335584136000e-01 2.7357309659747281e-02 -1.2389015534182120e-01 3.5239627279521853e-02 -1.7122158882483260e-01 -7.3959361314141048e-02 1.1784177241444339e-01 1.6192971436784920e-01 1.0368209279802870e-02 -5.4837599079959713e-02 -1.1477280087333271e-01 5.0819324464675991e-02 -3.3136710882651688e-03 -6.9195881142172955e-02 -8.7377052153522927e-02 -2.0986051470053621e-01 2.3082841167552781e-01 4.7464507155945378e-02 1.0836260268334910e-01 -6.7000183690461151e-03 -1.7854903355394419e-01 -3.8656109423687288e-02 -2.4041143780377899e-01 6.7358920344446516e-02 1.9404820780554971e-02 -3.2682912944336340e-02 -1.4311224294610950e-01 -7.1965985838573221e-02 -4.4029831152467190e-02
1.0523247940211350e-01 2.0005784925239752e-02 -1.2602255611346669e-01 -4.0540745078034256e-03 2.5958839286436480e-02 1.9195960662315881e-02 -9.0010020481208416e-03 -8.1485690777860793e-03 2.1253410708983850e-01 8.6997569361109958e-02 3.8513243423959273e-02 3.3069551679776023e-02 -1.8670675988684360e-01 -1.5298219595195789e-01 -4.6993878559207378e-02 2.3384900991614389e-04 -9.9401545575151413e-03 3.7055771945100589e-02 -2.4905839465638609e-03 -6.1527981121837987e-02 -5.6310507230231163e-02 8.9593670499845280e-03 1.4193398534788451e-01 -2.5961798444492101e-02 -7.7407937912207661e-03 7.2458296217677909e-02 3.3312882849530823e-02 4.1424143372138400e-02 -9.5959171952286676e-02 1.9847961152761880e-02 4.2225042913715982e-02 -1.8872463129080030e-01 -6.4591927790582829e-02 9.0085472707015946e-02 -7.8768186825397851e-02 5.4538891374669947e-02 -1.3536049175851689e-01 7.4706192390064832e-02 4.3402159362999938e-02 -8.5874835977782615e-02 1.4945377048078360e-02 -4.4168485856351646e-03 1.8903670228085120e-03 2.9151412927157679e-02 1.0193265504087461e-01 -5.0281239842513391e-02 -7.3837313542065935e-02 -8.8778084642738675e-02 -6.3194597657701967e-02 -7.8829475971444324e-02 5.3821629800339152e-02 4.8088544381626450e-02 2.1599047957834690e-02 2.2220564050585870e-01 1.4203981624464490e-01 -1.8076021949338761e-01 -2.4305661440388721e-01 -6.2502183295660443e-02 2.7278371300180390e-02 1.2080493645590910e-01 4.7059566692602160e-02 1.3896502305687461e-01 2.4172582679570630e-02 -1.2173337248589320e-02 7.8242889922636366e-02 -1.0190434464179041e-01 -9.1713588597877690e-02 -1.8635416901826471e-01 4.1073774623575580e-02 1.7341486789823179e-01 -3.2655159955071122e-02 -9.2735935739280587e-02 -3.7093922810107209e-03 1.8420741817380379e-01 1.2205821423466810e-01 6.0064180423124072e-02 4.1687317674258657e-02 1.1624366137342031e-01 3.5382305217014680e-02 -1.3689818005592341e-01 -6.4146141514055136e-02 1.0646553127776671e-02 -2.1247530125742001e-01 5.8752693744222352e-02 2.9861254786452612e-02 3.4086471423497311e-01 -1.5048642258977771e-02 1.9206659653549479e-01 1.7287102721673379e-02 -1.2547868600215950e-01 -1.7853407922082471e-02 3.9068960624781171e-02 1.3905606198637549e-01 1.2995933787684499e-01 -1.8288192643019771e-02 6.6606350695302182e-04 -1.3908632545393490e-02 1.3620429983148999e-01 -2.5847927986912409e-02 -2.9355318830597520e-02
2.2070275038229059e-01 7.3634730919098515e-02 -7.5707212669616580e-02 -3.3916785498683100e-02 -1.0123511583310731e-01 9.8440261256183534e-02 -4.3299956443178952e-02 1.2391220477531960e-01 -9.3924036269957253e-02 -4.4585642017815147e-02 9.7840669792596036e-02 1.3717554680463409e-01 -5.9304848617257990e-03 4.2382986446836093e-02 2.6484691195111980e-02 -4.6233578362194071e-02 2.1522783288669720e-01 3.9240304704899268e-02 5.6695879977384477e-02 -8.7573130234321284e-02 1.5081094832163611e-01 2.5511298147177390e-02 6.5883316854054144e-02 -2.1096177448034040e-01 -5.5898535823840058e-02 -1.4249076708217441e-02 -4.9078853874018169e-02 1.4550263222691459e-01 -3.2722603153486393e-02 -7.6510259422794907e-02 1.1169650603199840e-02 1.3417155165468811e-01 -6.6441898431696525e-02 -2.0192543075742289e-01 -4.4323009031797263e-02 1.2613909231714870e-01 4.2088399318116719e-02 1.0168111218394850e-01 2.0114141675304821e-02 5.0636021158997138e-02 -2.1865400966501781e-02 6.1721046575703729e-02 -8.1514725076298852e-02 -1.4354854562939109e-01 -9.2624807916318913e-02 -2.4286085193991089e-01 -7.2750285903904310e-02 7.6641959819020930e-02 5.8457439327264119e-02 2.7410189125307759e-02 4.3162228431555358e-02 7.5147751326269066e-02 8.9375284018932175e-02 4.3373653415446616e-03 4.3785554462302499e-02 9.2276385135614925e-02 -1.1252011257620270e-01 -1.9978701573538490e-01 5.2178391123243580e-02 -2.5063446251216859e-02 -1.2980419857137329e-01 -3.0696681162787690e-02 -1.0363281976369219e-01 8.4920322711771364e-03 9.4767081979211756e-02 1.8069703501860560e-01 -9.0601387845838273e-03 9.0670518301131819e-02 7.3228339042236343e-02 -2.6460091757342058e-01 -2.1116760159339939e-02 -1.3457948824862020e-01 -3.3953230801856839e-02 2.0453330634774010e-02 3.1796047578792681e-02 -6.0968018250066217e-02 6.9860610721786051e-02 1.8511836752829591e-02 1.9057055730841990e-01 -2.9001218117102850e-02 2.3970506015141169e-02 1.6411010555340871e-02 -2.6667238047927089e-02 -1.7453041020952481e-01 1.7667209391186219e-02 3.0537615201019479e-02 -1.4160684912111390e-01 -4.4602842200851263e-02 6.2768332992608634e-03 -3.8928482312546473e-05 5.4906612283434582e-02 -7.7223179583381686e-03 3.2327064137165011e-02 4.8941007253424193e-02 -2.3531757818762519e-01 -1.1693220041926050e-01 1.0641062545155720e-01 1.2863516497784341e-01 -3.3923076205935043e-02 1.3954191967585139e-01
-2.5815757012507171e-02 2.0519347408828680e-02 -1.1162426373916780e-01 8.7928830386802159e-02 7.5138442655844032e-02 7.4821000543216177e-03 -1.4652404435493821e-01 2.2658469248729851e-01 1.8905507301380819e-01 1.7172796770503310e-01 -3.7813175787601710e-03 1.0819006113328419e-01 -1.2369684252269320e-01 -2.8072110078742031e-02 -6.8934251911344654e-02 1.2477438543001600e-01 5.6934455736123352e-02 -4.8208126304531917e-02 -1.4270959455380050e-01 5.4417218380206703e-02 2.6030293141456870e-02 -6.9335067764909580e-02 -1.6266983922592901e-01 -3.0047979675239572e-02 -7.0312827021566854e-02 -3.0090463085340319e-02 -7.3372304794433454e-03 5.5666087286477692e-02 -1.3482160671215279e-01 -8.6077486746575962e-02 6.8306025987658295e-02 7.6288347628864994e-02 -1.5391917324403701e-01 -6.1099796086689237e-02 -2.0712698274029170e-01 1.2288972583123690e-02 2.6161861968347369e-02 2.5443756779187730e-02 -2.5720871663512462e-01 -9.0670633618213772e-02 6.6321765009986447e-02 -9.7726578789072718e-02 5.9164496018559637e-02 -7.6427922178665758e-02 -9.1693392680800373e-02 -8.4777380051954329e-02 -7.6588140793738296e-02 1.8659362043612609e-02 -7.5967349961921143e-02 -4.5513322313390378e-02 -1.6159513815916651e-01 -1.2320162797795030e-01 -5.6352577789982393e-02 -2.4998106234851079e-02 -1.6915041604611869e-01 7.9918714262418492e-02 2.1908870080922899e-01 2.7591642312815730e-03 9.9718687898772376e-02 -1.5298835073794331e-01 -1.0548187023623321e-01 -8.2991759171329740e-02 -6.4314662658405158e-02 8.7669062393090483e-02 1.7517130213945240e-01 6.3487515852320278e-02 3.7279862932783223e-02 -1.0725538144378220e-01 -1.0849995362809520e-01 9.1770807423025819e-02 7.3460513966569135e-02 -6.7558719957345248e-02 1.9684316955351461e-03 1.1842769604510880e-01 -5.4122440676728389e-02 1.1663698174276300e-01 -7.1478486029892471e-02 8.5746306745431197e-02 -1.8549600582775691e-01 4.6438533726210263e-02 -1.2652171596269060e-01 9.5561259643405522e-03 -1.2296793242404550e-01 -2.0945870929518169e-02 -6.9574898327978515e-02 3.0303088393735932e-02 -2.4593402385069381e-03 5.7243558043357269e-02 -1.1876641653962980e-02 9.2606855836129764e-02 -1.2703525424576709e-01 3.3088293331974959e-02 -2.1939445228701610e-01 -3.7598896151689647e-02 -2.6168224018273959e-02 3.9970184420297780e-03 -7.9713875884879756e-02 -9.4700964949520738e-02 3.9332939303506238e-03 5.4605525182081661e-03
-8.5239585259831316e-02 -3.6597273318708600e-03 1.6780869853187440e-03 -4.3029603417484442e-02 6.2807576633674686e-02 6.4278502736686588e-02 1.4498253510403970e-02 -7.0659985773090387e-03 -1.6740208534816569e-02 9.8557838576629319e-03 2.5911128981453601e-02 1.8428685329380981e-02 -2.7388602045104401e-02 -5.8536720439273389e-02 -8.0130593881760886e-02 4.6558171469156029e-02 1.8849455401666729e-02 2.6709511454681618e-03 -1.0060685590394260e-01 -1.4478278807935780e-02 3.1225105070527701e-02 9.1099386601758342e-02 -8.8060855201344004e-02 -1.0736419595400780e-02 2.1471287155975499e-02 1.0557962439903430e-01 1.4198988181208791e-01 -5.1339272412293621e-02 -3.5137855362594769e-02 -5.1568006828995552e-02 -1.0103148559782341e-01 3.1065040990091410e-02 2.9306378034195509e-02 -1.8456088480147301e-01 9.6239844140193154e-02 6.8879228888804475e-02 -5.9177437089716532e-02 1.8759737903286611e-01 -1.1693130560191660e-01 1.7023343241959549e-01 -1.3814447184456460e-01 3.8210858038423751e-02 1.3144972100136661e-02 2.0490895255035921e-01 1.5360664038382210e-01 -1.3380006604349201e-01 1.1397749150108589e-02 -1.7774997344059840e-01 -3.7274567934341633e-02 -1.7737670427074911e-01 5.9484209837290733e-02 -2.3937802545259179e-01 7.2164060791053948e-03 -5.3294724093993252e-02 5.4280878243967927e-02 1.1527315252633700e-02 3.8253975408967778e-03 1.3510782329686061e-01 -9.5012871863661127e-02 3.2682835516219387e-02 2.7814333471609032e-01 6.8902748867586919e-02 -9.4474221563404875e-02 7.3358795602792945e-02 -2.9886829318666829e-02 -9.3045779844200302e-02 1.0787825534291540e-01 -1.3953732292701410e-01 8.5055024937203932e-02 5.9911518217116017e-03 1.6797588807237560e-04 -1.8604038549758731e-01 2.9580578420792768e-02 -1.2249101161135660e-01 8.6671022069412171e-02 7.6802242647053376e-02 -1.1545875834457810e-01 2.3728624013267061e-02 -8.8052462190716330e-02 3.3731474004789028e-02 1.8470395769815931e-01 5.7457899077038938e-02 -2.4138403685612479e-02 -1.3030881374981390e-01 1.3640069863129320e-01 -1.6986723742809151e-01 -1.5611913207844119e-01 -2.0107145902538572e-02 9.1445092747026682e-02 -1.5887390630941781e-01 5.4681141569885038e-02 8.7791895197668599e-02 -1.7435701276341051e-01 1.9493263362993670e-02 -1.0682920067978730e-01 8.5856044984409935e-02 1.2951930899142861e-01 2.5197589656861471e-02 -1.2844177080021860e-01 1.0399180809649849e-01
1.5338334606552809e-01 1.3729505332389649e-01 1.3699581639737410e-01 5.0626925794647941e-02 -2.5880406293276460e-02 -1.4670127950462431e-02 1.5850964974616441e-01 1.1504277839286610e-01 -6.0114341999719413e-02 9.0257872023315148e-03 9.2684828330963226e-02 -1.6687958798477659e-01 -9.4177702629338930e-02 4.4734136335393398e-03 -1.6029943826536869e-01 3.6400117730466662e-02 -1.0429195846825121e-01 1.1625658631503390e-02 9.0117103614886215e-02 2.2156955442404569e-01 8.9395292861974007e-02 5.2271244358255801e-02 1.8287426972385001e-01 1.5517068849252399e-02 7.2899159654778639e-02 3.0914982434817741e-02 -1.1376898112415740e-01 5.8862192436011356e-03 5.3766113324601732e-02 4.6820307860527210e-02 2.9626008904541917e-01 -2.3484993902670840e-02 3.2241064088593709e-02 1.3026582659914070e-03 3.8473914009343288e-02 1.2223359856227629e-01 -4.8393618365772287e-02 2.0878135688730620e-02 2.7041955043329229e-02 1.8723794382261619e-01 -2.0627648017888741e-02 -6.1921896335158391e-02 -9.0154399025902721e-02 1.3275253339353700e-02 1.2834538239289130e-02 -6.8074847359148013e-03 -1.1157704409664521e-01 -7.4340889624265716e-02 -2.6756486558540821e-01 1.9869310503569292e-02 9.0215961779133810e-02 -4.8596452121483773e-02 1.0254642282313010e-01 -4.9706613215890462e-02 -1.9736421462952881e-02 -1.7693742345493191e-01 3.0788079376354489e-02 -4.4624227247473877e-02 -1.4174610923373640e-01 -6.1381213877989921e-02 -1.1292678009552840e-01 -6.5384875882981114e-02 8.0453686137150093e-02 7.1767837916929964e-02 6.0916118215485003e-02 -1.7751048963424139e-03 7.4666196931365864e-02 2.1548985132407050e-02 -8.6229730670202648e-02 6.8603086437947908e-02 -2.1121147210075841e-01 -1.2267568636938950e-01 2.3282713363072541e-02 3.1889994860172077e-02 -9.3191207266841561e-02 1.3859086559634251e-01 -6.4312398411591407e-02 -3.6488096829023630e-03 -6.8801650575106579e-02 8.2276999269566914e-02 -2.5232369583548790e-02 -2.0383306492825329e-01 -3.3958148612227297e-02 1.4757291236726371e-03 1.0891708726629221e-01 -4.7575172130273459e-03 1.0177170116141630e-01 -1.4702132043397989e-01 -1.7295912299985219e-01 -8.9902964020116202e-03 -8.0482478495156703e-02 -4.5630246896385458e-02 2.4207022661358959e-02 -9.7969644959572083e-02 -3.4942253370518539e-02 -1.0521518864774870e-01 1.6397268713973209e-01 -1.4960291452737839e-01 -3.3355636980638488e-02 3.2386380289922183e-02
-6.7533707472783949e-02 -9.6656449142295167e-02 8.9532511487167121e-02 -4.4444567853300053e-02 -8.5509824269170975e-03 -2.0239716294676219e-01 1.1895316556141131e-01 -6.2865841399412842e-02 3.2357765770659970e-02 -7.8308870749548454e-02 3.7377355591965658e-02 9.5987132061035305e-02 -4.3595159492127722e-02 9.7428023677552170e-03 1.9692720943524099e-02 -8.3095153670422500e-02 -1.2016382706557470e-01 1.0664187514342111e-01 5.4931289044445927e-02 4.8325190176659739e-02 1.5546538659596090e-01 3.6242219124923451e-03 -1.4076702575985089e-01 -1.4047976570601081e-01 -2.2185622730998070e-02 -1.8550116873009539e-01 2.3257322064100891e-01 -9.7307505166553745e-02 6.9236946437920346e-02 -2.6050450966964369e-02 -7.8666904741160185e-02 -5.8678769002285823e-02 -3.6715720187012139e-03 -1.0759527817060741e-01 3.6100120534012368e-02 -1.8345494905102330e-02 4.1699018456887907e-02 4.5701500697259728e-02 1.5833541759390529e-01 2.5831040035796980e-02 1.7383399698732729e-01 6.6304179743316399e-02 9.7853551627417198e-02 2.6435072390882171e-02 2.6727805536096591e-02 -1.1552024883872029e-01 -8.0292490779360959e-02 -9.2140456992899841e-02 3.6247064918801669e-02 1.7832324019617901e-02 1.4793186298547020e-01 -7.0377260746971690e-02 -2.4659553523192110e-01 -5.1486275900222089e-02 -1.5107033819402409e-02 -1.6080259885996931e-01 3.7931621394644892e-02 4.2075167616136479e-02 1.5446389439488500e-01 9.0908319866005435e-02 -7.2178619578620332e-02 -4.3994911834453483e-02 -7.0675340433064018e-02 -1.0464660414196961e-01 7.4934674183259900e-02 6.0099527019669523e-02 1.5309499310154179e-01 8.0628930135438290e-03 -1.0000064283723829e-01 -1.2328066961360350e-01 -1.9273568415249220e-01 -2.6293491105688929e-02 -1.1049975677620789e-02 -5.3157365655469697e-02 -1.3302001225056570e-01 3.1365433563416853e-02 1.0236789408090570e-01 -3.7504784550041977e-02 8.9810581890042818e-02 -3.6476308751312948e-02 -1.2971026780329850e-01 -1.0817477240017410e-01 -6.9322781701774194e-02 7.9624903357418911e-02 4.8674807751716918e-02 2.1104805935504331e-02 8.7064823091260471e-02 1.8235924885046489e-01 3.5939410675030578e-02 -5.7931391040153053e-02 -1.5113904306811721e-01 2.2619929013813669e-01 -7.8745376833899774e-02 -7.9688598963097337e-02 -1.4195480071073921e-01 -8.1640326229943369e-02 -1.7362548107875619e-01 -1.2666347725973160e-02 -9.4181481660808711e-02 -9.5440710672215337e-02
4.3102624365039727e-02 8.9422025142550682e-02 3.2137641845669779e-01 9.5417224086478372e-04 4.6378055190547308e-02 8.5594632653586133e-02 -1.7821191564313971e-01 -8.1870757378160103e-02 -2.1569937785473399e-02 -1.4276308975871349e-01 -1.2090291674559490e-01 1.4657481237152850e-01 -3.0599145244518140e-02 -8.6018251278553753e-02 7.2495088865323437e-02 -1.0145111657090989e-02 1.9131845109469681e-02 1.6902143621937099e-01 -3.5909260685235873e-02 -1.7409268662090449e-01 -5.3017368224503897e-02 7.2029468350151754e-02 -4.1195485749318160e-02 1.0055004328480820e-02 -5.1662615274880128e-02 6.0757492681790648e-02 -1.0517951246307260e-01 1.0182664468700030e-01 -7.0782781017050711e-02 8.9089781215229050e-02 1.0043451074187260e-01 -8.2589685455648390e-02 8.4107256939698838e-02 -1.4408222596378040e-01 -5.7098238844339483e-02 -7.5356649489353902e-02 -1.3747690036585500e-01 -7.6425202805452078e-02 -5.2757008209455399e-02 5.7686020532739642e-02 5.8930169820740258e-02 -1.4206580234260011e-01 1.3037797731129500e-01 -1.6865593861847571e-02 -4.1893566160891509e-02 -2.1545928495331029e-01 9.0801690557471573e-02 -8.1660199978092676e-03 -1.1232438880039269e-01 -1.5327869116675610e-01 1.3086558471462481e-01 6.8046935126665847e-02 1.4695621345187351e-01 7.0247630203218534e-03 1.4166617993236269e-01 1.7796641506019381e-02 6.4606405773286321e-03 -5.9421982168378192e-02 8.7189016694266638e-02 -2.1280818692407319e-02 -2.3936377131390071e-02 -3.4160993820786578e-02 1.2995996563875040e-01 -2.1154958606422450e-01 -8.4290889428606061e-02 -3.5424932254629019e-02 1.3499538091079591e-01 -6.8290075971285724e-02 -4.5367162427067391e-02 8.5085418914954608e-02 9.4613805310846746e-02 1.9650457075107511e-01 1.0003382603442861e-01 5.0298588539509061e-02 -1.5805702565198140e-01 4.2960687457195822e-04 -1.8122330641180881e-01 3.9761350852889607e-02 3.0260789970641171e-02 1.0989052979047941e-02 1.0760481802778531e-01 -6.6058503269434049e-02 7.8230052132159833e-02 3.8488682025930393e-02 -1.4720301795002479e-05 -3.9587963928909099e-02 -6.7768367427296444e-02 5.0461276552461458e-02 -1.0295242231735530e-01 1.1391688546636990e-01 -3.3315348944649957e-02 7.8703422644387927e-02 -1.2461124698568160e-01 -1.7614846803794080e-02 -2.1675968455960488e-03 -1.2686965308447620e-01 1.1016129118094719e-02 1.1295695341708890e-01 -3.9517343884873067e-02 -1.7245983596701059e-01
9.6884898593298144e-02 -1.3822206213386040e-01 6.2294963918005042e-02 1.1859873839667889e-01 -6.5471668330798101e-03 -9.3161457290817130e-03 3.1905295665068438e-02 -1.2165123239026780e-01 1.0741539889439571e-01 -4.7541722728190752e-02 2.9279731286654110e-02 -4.4717802384721263e-02 2.4672873582897889e-01 -3.3283061047873458e-01 -3.8484660172821393e-02 1.5651903470231129e-01 9.8311438306148330e-02 -9.0439642769037668e-02 -1.0963002048654099e-02 -3.2444538142015707e-02 1.9999807634676739e-01 1.5169932028863531e-01 -1.4960790161831789e-02 1.2836204926186379e-01 6.7720139504193103e-02 1.2297517937614010e-01 1.0526905664498040e-01 -3.4768896862455399e-02 -3.4965171989498313e-02 -4.4844130285615402e-02 2.3022960805402139e-02 2.8286790170823761e-02 -7.3660422179173735e-02 1.5904821762319449e-01 -1.7698692411148351e-01 -1.1782363529943350e-01 5.6618403464775086e-03 7.6309456442890486e-02 -7.1871550111384838e-02 -2.7287204641359988e-02 -5.2114292778779832e-02 -8.3613819513001661e-02 1.2448996977677450e-01 -5.7906010944539787e-02 2.5446902758381379e-02 -8.9184892167737992e-02 1.4571402131388719e-01 -2.6716210151960570e-02 -4.3476037469953287e-03 6.9414537140248742e-02 -4.0566658478254587e-02 -9.5384507698388799e-02 -1.3674938432640171e-01 -2.5164869270499102e-02 2.3065659416553952e-03 5.6703254428909132e-02 -5.1084168078675392e-02 -3.5589359344912842e-02 1.2133431420457939e-01 5.2014963318546492e-02 1.3089904244004319e-01 -1.3557723260893770e-01 3.3178825525840651e-02 -8.0332323329632610e-02 4.2343389178431848e-02 1.4373323080725131e-01 6.3997614596158409e-02 8.2219535279277417e-02 -1.5477606252918019e-01 -8.6933850699948620e-02 -1.0678026138224130e-01 -5.9610281492685838e-02 -2.2029269820319691e-02 5.6645394393098583e-02 4.1931495867518062e-03 3.1480131008460713e-02 5.9188161549961239e-02 1.7019703572854919e-01 -1.0567216766706770e-02 5.4908029850967481e-02 1.5898661540315710e-02 -2.0586357334745861e-01 1.4588457639146510e-01 -9.9519451113106533e-02 -1.0212621561147659e-02 -1.5604023250346819e-03 -5.3227942710892907e-02 -9.4547176918379605e-02 -1.0281961430680089e-01 -1.8065838508005261e-01 8.8620233736801442e-03 -1.4727754849008601e-01 1.8988262411800569e-01 -4.8112349621455053e-02 1.1368757046843600e-01 2.3232257186294542e-02 -4.0490911928868237e-02 1.1973444856970440e-01 -1.1208562852032890e-02 6.1842797184736399e-03
-1.2184825786476659e-01 -1.3622450605585329e-01 8.5730775464919098e-02 2.4308156535351559e-02 6.1776184319195543e-02 5.4308035277758321e-02 -5.2508085693457197e-02 1.8894469138539349e-01 -5.5288118947159938e-02 -1.7554938553837970e-01 1.0915096307596769e-01 1.6153698371116670e-01 -1.4724656851745540e-02 -3.8612526398865470e-02 -5.7880219772211430e-02 1.1226930119491300e-01 8.6581250056149459e-02 -7.4567761465617083e-02 1.3137714122257540e-03 -5.0076319951903141e-02 5.8887594244103787e-02 -1.9367238687419630e-01 2.3918739365056990e-01 1.5422996572948700e-01 1.0267596911366091e-01 -1.5437260454187729e-01 -5.5343377515280533e-02 -2.8717627717991120e-02 -1.0312227027248860e-01 1.9499226149901019e-01 -6.5912591089391112e-02 -1.1528568350047810e-01 3.5623548917240741e-03 -5.4667409516341720e-02 -9.9362924563528882e-02 4.3711101320093391e-02 4.1436351270657916e-03 9.2232357629951911e-02 1.3538283606980281e-01 -1.2247160899573040e-01 -9.8694856723650304e-02 -4.8607181670606348e-02 1.0161477073851440e-01 4.2299561942726348e-02 1.0649420085292520e-01 -1.2542439864968251e-02 4.0313844628807327e-02 -9.0387757737538932e-02 5.3450362884620427e-02 2.8321203357956490e-02 8.1172820398173834e-02 1.2142185921304600e-01 2.3080677471115710e-03 -1.5071032540175219e-01 -1.6308005674602079e-02 -8.0583721344949386e-02 -4.0833115766780198e-02 6.2744110344079077e-02 8.9107396391065824e-02 -5.7534632267757888e-02 -1.2013693310752541e-02 1.8951728385798769e-01 -9.2952023190979172e-03 1.4675300686070011e-01 6.7018190209188935e-02 1.5860388479383969e-01 -7.6575367085410975e-02 -9.4686954598990902e-02 -6.3836161696911919e-02 -5.8657294755920943e-02 -4.6493866713171140e-03 1.3295426116808151e-01 -6.9937823062154000e-02 -1.7774611734947521e-01 1.7549402220218039e-03 3.5839815905100103e-02 -1.9188903248642269e-01 -5.9944587071315641e-02 -5.8041219544769347e-03 -1.4489257459232990e-01 -1.2823782626162311e-01 -6.0411030139846410e-02 -6.4401619975195364e-03 1.3513046422424330e-01 -6.5924786773490604e-02 -2.3365737756152211e-02 5.6817335126974099e-04 -3.9565179730112823e-02 7.5479922653017326e-02 -8.7416633733664151e-02 1.2394767338034249e-02 -2.8127403210711949e-01 -1.3796803742738420e-01 -6.2417338030192421e-02 -3.6615678485698709e-02 -5.2145149589892761e-02 4.6474985164738809e-02 -1.5980769640932351e-03 -8.3939158679897638e-02 8.9847500373507347e-02
-7.1356723837332084e-03 -1.8510440300059400e-02 7.9389170340018703e-02 -1.3141030479000609e-01 -5.1379605620364498e-02 -3.6975096291766207e-02 8.0694950777823390e-02 -1.0443500988781290e-01 -1.2459467849502270e-01 -1.1361787501191050e-04 -1.0099304827902691e-02 3.1395829293617637e-02 4.7233017762321583e-02 -3.8016804694045142e-02 2.7801921935508470e-02 -7.7217461837980991e-02 -3.5170110881617797e-02 -4.2539111946440528e-02 -1.3485713344075900e-01 1.3214282544834191e-02 -1.7800958282459101e-01 -9.0994514967676923e-02 5.9149508317592921e-02 -1.2748836778535219e-01 4.3314686019531833e-02 -9.8513773158083850e-02 7.0554764783264765e-02 -2.0032712586046081e-02 -3.1712625154677009e-02 1.0475465746113080e-01 -1.3147961559706650e-02 1.7487702170845190e-01 5.1579287536211741e-03 2.0752392449118481e-01 -1.7301875449873599e-01 -1.7686369642847341e-01 -1.3434066632556321e-01 1.1053908854595219e-01 9.9268818472056000e-02 -8.9711551206368510e-03 -1.0428421839967740e-01 -1.1535526484741340e-01 -1.0531032417449400e-01 -9.6978731675030488e-03 -7.0014049818391266e-02 -3.4833557473544219e-02 4.4786008809974437e-02 2.7053103201329598e-01 1.4813679751137410e-01 2.9837202500338299e-02 -2.2996119441943571e-02 -1.0037948858087460e-01 -1.0589421024664940e-02 1.5573114566036210e-02 6.3168294677212120e-02 -6.0217751063523173e-02 -9.8297827863955231e-02 3.3753216045958323e-02 -6.9605967559265153e-02 -4.0143549361665483e-02 -1.3469224927822609e-01 -1.3141880459998040e-01 -1.6300142427685441e-01 -1.9590966991673162e-02 1.3595847028934989e-02 -5.3058190522157017e-02 2.0767718769813251e-01 -1.2335664534308011e-01 -9.1091272098364831e-02 1.0673527048628820e-01 6.9469351702818649e-02 -1.6149455997060319e-01 7.5911029110317468e-02 3.9660149613409183e-02 -1.4616553259697601e-01 -1.8025551223976342e-02 3.8372544237582178e-02 6.0064213930933627e-02 -1.3355081368847829e-01 -8.2890379712456275e-02 -1.4316572035865599e-01 2.5993016741936090e-02 1.0830748426390001e-02 6.1763978122535368e-02 -1.2548887508098511e-01 -9.3113880255033477e-02 3.7560844083797562e-02 8.8236953409192201e-02 6.1123446180743452e-04 -8.7175768680452959e-02 1.3339650675397399e-01 3.5392145347186350e-03 -2.9173465943345928e-02 9.1101328138958229e-02 -6.4039336832118168e-02 -5.1422257310948231e-02 3.3615798583220952e-01 -1.8877917616345399e-02 -1.4084970649881931e-01 2.3917870525069669e-02
-3.2555841107218750e-02 -9.5063143624841445e-02 1.0468489840987850e-01 1.6419666438187399e-02 2.0236756392060440e-01 -1.3810725420713299e-01 -1.3454549072234179e-01 4.4868190575887312e-02 -2.5564622778725421e-01 5.9838638572333257e-02 3.8749874596015588e-02 -1.0849381517401720e-01 -9.6157444193492522e-02 -9.4300694074592892e-02 1.8307406051346960e-02 7.0934366377605626e-02 1.2995614300552680e-01 -1.4911730094453329e-01 8.0455415090509477e-02 9.3368218142719075e-02 -4.1861252943630488e-02 5.4014870451926404e-03 -1.1188397387518190e-01 -5.3899750125123602e-02 8.0870201750324763e-02 -1.3333572449243050e-01 -2.8144383671563640e-02 -2.3062939806549571e-01 -7.5678579391644213e-02 -1.4203106522396100e-01 8.3748965819196858e-03 -3.1835578692651287e-02 4.1895668442803721e-02 1.6570110235170792e-02 8.7343819591297042e-02 -7.5503125944565735e-02 -6.6164603646723302e-02 1.3963127653080941e-02 -1.6373190782936881e-01 2.3671108596437781e-02 4.4296045671389797e-02 -6.7725225962870422e-02 -2.2218073201425181e-01 1.7848963428721321e-02 5.1202923854261437e-02 -8.1574147456490401e-02 1.4022099685425879e-01 -2.3372802286204149e-02 8.0232595217515176e-02 4.4722048823206628e-02 -8.0902387233158776e-02 1.0765789416959689e-03 -2.5520907072822251e-02 -9.6392887080674658e-02 -3.5320330609184540e-02 9.1007346469883038e-02 -3.6873957738875959e-02 -9.9830563452282667e-02 -1.6412625020696719e-01 -4.1393954809924902e-02 -4.6728531377091230e-02 5.5788560639935973e-02 -5.9966515782190491e-02 -9.3931283275185795e-02 1.6140214530757821e-01 -1.4490061427903289e-02 -1.6222937338227419e-01 2.1607174961693790e-02 5.5419421916096688e-02 9.3344095279351211e-02 -2.1492579736475271e-02 3.4569207579679920e-02 6.3898298413989682e-02 -4.9660063020889773e-02 -1.7691386560030491e-02 -2.9967934064583559e-03 -1.6870022198912790e-01 8.5943916458841058e-02 1.2310878972440580e-01 -9.4596007449053124e-02 1.7069604912785111e-01 -2.2028065566788221e-01 -1.2385089176249590e-01 5.0512762179562732e-03 -4.7201130044126988e-02 1.0936755960311810e-02 1.2856927000535601e-01 3.1550306552835049e-02 7.3051168156409052e-02 -7.3022907184021090e-03 8.3365313271220709e-02 7.8915197808344564e-02 1.4133789563841789e-01 1.9837354960237619e-01 -9.1199083778582518e-02 -1.9275656114622550e-01 -1.3144426627934080e-01 2.9155413636637001e-03 -8.6079878823914560e-03 -6.2567829445691295e-02
-1.5769407218674061e-01 -3.0681793520703830e-02 -8.2201339474558932e-02 -1.0573182509405900e-02 1.2137439553174580e-01 1.5004289143400121e-01 -8.1302793620878333e-02 8.5814229787877144e-02 7.2809988249861957e-02 1.5094415867432110e-02 3.5392097746097743e-02 1.1572258230403019e-01 5.4287600410092077e-02 1.7921110093817141e-01 9.7596462302746323e-02 7.8849373442325968e-02 1.3278524646869641e-03 -1.7631712758260709e-01 -1.3567693116480850e-01 -4.7163444135984632e-02 6.2442706754353108e-02 2.7597545166245002e-01 -2.2355066714072910e-01 -3.1555817906313323e-02 9.9010433925809618e-02 5.0399665522160429e-02 2.3669954615045060e-02 1.5947618852846499e-03 1.6189723624256400e-01 1.0989668165856870e-01 1.8211156937405221e-01 6.1759785736180536e-03 1.1832758368452539e-01 -6.0355893803449877e-02 1.6378440675774861e-02 2.2065571160502501e-01 -9.6186094058011429e-02 -2.1525691414515439e-02 1.5148236299990511e-01 -6.7776134752953396e-02 -1.0437088016837900e-01 -1.1573345912741401e-01 -7.7203958727781519e-02 7.2637711023183643e-02 2.1059939958474019e-01 -7.5917938294369963e-02 7.5215468285330642e-02 9.0726577680469614e-02 6.7838041465875562e-02 1.1718423418906181e-01 -4.2892844757602917e-02 -2.3471382985409139e-01 1.6974923399659461e-01 1.7869648662642360e-03 -4.5222759915311611e-03 -2.1157757996891059e-02 -1.3489209648199191e-01 1.8236491259628351e-02 5.4955105730890949e-02 8.4688863068076881e-02 -5.5838385440274307e-02 -1.1263238185781139e-01 -1.2598917178260949e-01 2.8113076168698670e-02 1.3757303863790560e-02 -8.2169911436717653e-03 -3.9819329445695238e-02 7.8424299881840659e-02 1.2218948096077120e-01 -7.1371347973416738e-02 -5.6399085412701652e-02 -1.6478008999140450e-02 -5.8910427712060690e-02 3.4398592887427012e-02 -1.2426028137972750e-01 3.8026155273032533e-02 6.0832975254838731e-02 -7.5658161734239143e-02 -2.8727148105171210e-02 -9.2873108396684861e-02 1.1451228188827850e-02 -8.5031506829424952e-02 2.0756522885963458e-02 2.2445102102435760e-01 -1.6738536303955099e-02 1.0474560666179510e-01 -4.5513043268239531e-02 2.8468216237911028e-03 -8.9540263073367640e-02 6.7312193595522166e-02 -7.0000759940747892e-02 -6.1060863156102423e-02 1.7976590003494990e-02 2.2398307831666939e-02 2.9421531555484642e-02 3.2879971244520932e-02 7.7913372944440791e-03 -1.3147940030261450e-02 1.1768406464360090e-01 -1.6561948618590541e-01
-9.2846955214829195e-04 9.1906545936845330e-02 9.6177261820083362e-02 4.3026826870247968e-03 4.3604346938463857e-02 1.4345360283622970e-02 3.6902059856659682e-02 6.4692135482776166e-03 1.3605015564326070e-01 5.9350371323446227e-02 1.7235965790423971e-01 8.4355148974137428e-02 -2.0894466329671159e-02 8.9564787914751157e-02 1.4779283200780449e-01 -1.8390986177446869e-01 -2.7068113958247141e-03 -5.8973063728379432e-02 -1.4785907568866480e-01 2.8274096648734080e-03 1.3520400820662731e-01 -5.9906429005956288e-02 1.8767720198086230e-02 -3.6819482196827499e-02 6.7070805569725292e-02 1.2450368580005060e-01 3.7304556548342742e-02 -4.2226746990584707e-02 -4.2179239471043951e-03 -6.4138595319890468e-02 1.9510533411037820e-01 6.9748847946800058e-02 1.6426188960180621e-01 -1.0010727681475480e-01 -5.3228286401030438e-02 -1.2264204601156790e-01 -1.0900331349964699e-01 2.3461769824836710e-02 1.0691070413735740e-01 -1.7303360447515501e-01 7.8017471337999966e-02 1.9340114051829391e-01 -1.1142789003602969e-01 3.0751740728736970e-02 -8.6527837551454809e-02 5.6125652498712562e-02 2.6048723739795859e-02 -6.0217756748685312e-02 -5.4355873332659232e-02 -7.6557478164099857e-02 -8.2703356553978757e-02 9.8914903358121600e-02 -1.1042996567167940e-01 -1.8881599113208561e-01 2.0399016848095541e-02 4.2087188010485152e-02 7.0839517689381890e-02 -1.2252349327143219e-01 4.4238772265676247e-02 -9.0292376313639441e-02 2.7725286001735849e-02 8.0708947359959413e-02 2.1298480575927370e-02 -4.6028387912268119e-02 -1.1506010070390101e-01 9.3260918540417667e-02 4.4053744201464913e-02 2.3626233801755749e-02 6.5031960890817350e-02 1.9357309662985070e-01 -2.1129924718020979e-01 -1.0868089273973990e-01 8.1238077808987966e-02 -2.0951834406134151e-01 -6.8332747260673121e-02 1.3052020659196609e-01 -9.2354129478546907e-03 5.3831570772234607e-03 -6.8184948257554986e-02 4.2199894082598083e-03 3.4900674728964798e-02 2.1019606753898981e-01 1.0970340037873590e-01 -1.0914214731406030e-01 -7.4045270759264287e-02 7.0881974799164013e-02 4.0580846071585651e-02 1.1493968051911611e-02 -1.1305460473966270e-01 -4.3171661873054781e-02 5.3881503660892852e-02 -1.8316240996766539e-01 3.2309908933453688e-02 2.5187797018842140e-01 -1.1692741698302150e-02 7.7918101003822918e-02 -1.3007850138694521e-01 5.5267372357333873e-02 -1.0531477725324109e-01 -8.1319162151362284e-02
-1.7647935704353451e-01 -3.0094711529917880e-02 -6.4056025856250962e-02 -1.0773676143459541e-02 -1.9858014139319871e-01 8.0053090735847737e-02 2.8774204674374741e-02 1.9687561970784841e-02 -5.9418949747378332e-02 -1.0439872125812059e-01 -1.6743235314342719e-01 -1.9966618384269181e-02 -2.5335528985255019e-02 -3.3722121274719512e-02 4.3098014117695350e-02 -6.4022842068828884e-02 1.6121205885412809e-01 8.3593969598317663e-02 -4.3476555730707821e-02 3.0687154605333861e-02 -1.0549439672831150e-01 2.9716397329966261e-02 -5.1936919356663148e-02 2.5224098313049309e-01 -8.6632638148090024e-02 1.1383227853738380e-01 -9.4766440340080457e-02 4.4359740686001292e-02 -9.9505254167321072e-03 -4.7646574606638278e-02 4.8190644248917412e-02 2.2854192362290790e-01 1.2925435683502129e-01 6.7381791660450677e-02 -9.4931990194645474e-02 4.3895580912111792e-02 -2.1080252867910279e-01 -1.4414894666588701e-01 2.7968918667328662e-03 8.9409321621076315e-02 -4.9366284327393281e-03 7.2659171098733474e-02 1.6012293331783469e-02 2.2234281468514550e-03 8.5490113862590113e-03 2.4471384732079951e-02 3.4570283800046037e-02 -1.5839724785988851e-01 -2.3403602013820100e-02 8.0649550305775364e-02 5.7196836093811147e-02 -3.5652811217920209e-02 -1.8729574580916161e-01 4.7089240781536097e-02 9.0078158103891220e-02 -3.1632513233392319e-03 -8.6235876084637342e-02 7.4838147272159372e-02 -1.7479676371921101e-02 2.7072798984556369e-02 -7.5029078189395124e-02 -6.1974923607090570e-03 1.9357222673946770e-02 -1.1213672471526369e-02 1.9936577181293899e-01 1.6187157987674841e-01 1.6001886713000901e-01 -1.3217740047120380e-01 4.7161532342991717e-02 2.7100620425768371e-02 -1.6396798644972019e-01 -1.5617396964154800e-01 4.5969710748849049e-02 3.4063377071931807e-02 -5.9217822046558247e-02 -2.3407034188464699e-02 -4.0070149696288498e-02 -4.2762605204255517e-02 5.7656533501117213e-02 7.1391149575338569e-02 8.0594803122650729e-02 1.4345577436432000e-01 -1.7511038437052601e-01 1.5834246831424770e-01 -8.8657393659297604e-02 -1.3671145692024130e-02 1.0949945682929470e-01 -1.5976306083402289e-01 1.7281480541396771e-01 6.7316846081705059e-02 1.7007173826144771e-02 -4.2980071167926258e-02 1.4598310486181130e-02 -6.1404042265387003e-02 -4.6448569961385439e-02 -1.2766416974656331e-01 -1.6310007176395469e-01 1.0051225623725139e-01 1.6328398948262199e-01 1.2351196430087320e-01
-7.2594241387195294e-02 -4.6872028600727618e-03 -1.9935270781847450e-01 -1.8282724600969180e-01 -1.1456865416963230e-01 -4.1489964950422203e-02 -1.5839012900479960e-01 1.4078862503399500e-02 5.0853832470489073e-02 -1.0152898046046981e-01 4.6238989824870291e-02 -6.2060618813508842e-02 -2.0612030838395590e-01 1.8625634414036311e-02 -7.9020882424591325e-03 -2.4996590374729299e-02 8.6455765676976937e-02 7.0125119371195324e-02 -8.2966258905458848e-02 -6.0366047406159473e-02 1.8608026743987510e-01 5.3961258802393941e-02 -2.4121466377274229e-03 -8.2706944245615505e-02 -1.3799444958498580e-01 -4.0736405597636581e-03 -3.5410613661838862e-02 -8.8128729890246088e-02 -1.4763255400191430e-01 5.7866188091509972e-02 3.8396907579120600e-02 -6.3730197325233273e-02 -7.3399469944608400e-02 5.5426764199839130e-03 5.4878012015975683e-02 -8.3582433577499393e-02 -5.0066929467070163e-02 3.1282740019853768e-02 1.7028966325787040e-01 1.1652384437416010e-02 -9.4541457070622670e-02 1.0690428612442200e-01 5.3313101802324583e-02 2.7357489816130891e-02 1.1674192959336600e-01 -1.0446299066063870e-01 1.5952356536691020e-01 -7.4789155357435008e-02 1.0159067528900259e-02 5.5632256911661543e-02 4.8346650056552233e-02 5.4345827994813772e-02 -1.0303222794409091e-01 -1.3662200998363100e-02 3.3853594196394938e-03 -1.9684495255207740e-01 1.2445766028894190e-01 8.0837051388717177e-02 -1.1665585674657750e-01 -9.6666170033074497e-02 -7.0902603015337740e-02 -1.2622948237054679e-01 9.9057552386357606e-02 7.8789835583875673e-02 5.4680499491831368e-02 3.6061886177036213e-02 2.8347117886581528e-03 -7.3439549652252883e-03 -1.1742639142627961e-02 -1.3368410491201421e-01 1.6213947016854499e-01 -3.9771631937276734e-03 2.8450096516852830e-01 -6.1070959534280107e-02 1.2193950011645641e-01 -6.2537398206385569e-02 -2.0302578096150270e-02 1.6693052349036061e-01 -1.6619024759336740e-01 -3.5024563656291932e-02 3.8737267636531812e-02 -4.7580128954215928e-02 1.1824331229724851e-01 -8.7288707080625440e-03 -6.8854676693775207e-02 7.0031797594566042e-02 4.2860238134580772e-02 -1.0421507668573669e-01 -1.5758236534656239e-01 1.6594312207480291e-01 2.0537052153007351e-01 1.1247505468674240e-01 1.7390035037585830e-01 -6.1503030419185527e-02 2.9072033750420600e-03 1.0587425872291061e-01 -1.0764725265233010e-02 -1.3107703703528700e-01 -1.2960923640473591e-03 -7.8820492111167775e-02
-1.6573358502925149e-02 -1.2223925886422050e-01 2.3919261704279529e-01 2.0274962067420039e-02 -1.9462103984207729e-01 2.5073650007588540e-02 4.1780553560711267e-02 1.8122997923583500e-01 1.8296479812018152e-02 -1.0659648122667520e-01 1.1298488882138710e-01 -5.1187970333140889e-02 -3.1930495694258917e-02 1.1485817266228120e-01 1.2844029649747099e-01 3.0453089088212981e-02 -5.3933178044071571e-02 -9.4741167113149942e-03 -7.2616618414461662e-03 -3.8645044964452972e-02 -7.1089757570796705e-02 -1.3765580183865261e-01 -5.9021331671880922e-02 7.5236058410476772e-02 -3.7313414731732250e-03 1.4695676370986869e-02 5.0036797036695009e-02 -1.9776975624087861e-01 -7.6928760947154021e-02 -1.0245080957970330e-02 -1.6538641287439029e-01 1.8909482923011900e-01 1.1960059894331530e-01 1.2635082187255941e-02 8.9128745842624715e-02 -5.0777243445042343e-02 4.0425255049817269e-02 7.5301122108380790e-03 -5.2621978004743733e-02 2.4363381998790980e-02 6.5409528086781979e-02 -1.0269987745166689e-01 -6.0168861520212669e-02 -3.0715741372056848e-02 1.1159853126837790e-01 -4.8612402254201513e-02 -6.8596403750416451e-02 2.6506900619614401e-02 3.9016404902674190e-02 -7.1761710461134007e-03 -1.3611351896372890e-02 3.0000515900374700e-02 -1.9063437201758460e-02 8.6581483586067043e-02 1.1948716928493951e-01 -9.8923814037117100e-02 2.4341027158376619e-04 -1.6323340226150210e-01 -6.2770821530468049e-02 -2.3813523041044681e-02 -1.7525725084700280e-02 -3.0631173303153503e-01 -3.2707080996531988e-02 -7.8431227120101032e-02 9.1094938790655638e-02 4.0920715842284378e-02 -9.8428476199463918e-02 -5.6201166018526011e-02 8.3563223609543602e-02 6.5159260306533573e-02 2.6352586624160929e-02 6.8477063940540719e-02 -1.5105879583592990e-01 -3.4371087542461237e-02 4.4258249923212707e-02 8.1003291592135804e-02 -1.1948195963134151e-01 -6.5951016853659982e-03 -7.8330279328918354e-02 1.0054241861234541e-01 3.8937735414943157e-02 7.6589639004023380e-02 3.0479011656943850e-02 -1.6257801215028400e-01 6.0458689381959987e-02 3.6349840525587962e-01 -1.2310315443840870e-01 -2.7900223967973599e-02 5.6980103909240361e-02 -6.5034373100054374e-02 -7.3491540995092502e-02 -2.1060071236707379e-02 3.5614312417579029e-02 -2.4242849756299731e-01 -1.5755488969649269e-02 1.7041095381132229e-01 7.7604583790296000e-02 -6.4773491829345281e-03 1.6264320843548698e-02 -1.0941989601439089e-01
-1.5916221607979569e-01 1.2538911601510749e-03 8.1372694583831395e-02 7.4764073315743876e-02 -3.3561593865707881e-02 -7.6376805615869084e-02 1.6817427093514359e-01 6.4339134028624692e-02 -2.2581787549082549e-02 -1.3760234451167119e-01 -3.7480362661805558e-02 4.2350514014882622e-02 -4.9562832113891668e-02 9.7084336098373941e-02 4.1749745916081410e-02 -2.1023911949273690e-02 -8.4303870649632934e-02 1.2720070315744830e-01 -4.7641456368895989e-02 7.7437291546298873e-02 4.1782998598127119e-02 1.0893992560332671e-02 -8.9421154247210380e-02 1.0436078452314940e-01 1.6837316582392911e-01 1.2867860907280879e-01 1.2782513968430961e-01 1.3001654893442779e-01 4.0920334465333148e-03 2.9561504611128980e-02 1.2740056736746730e-01 -6.5665074380541949e-02 -1.7400512333221840e-01 6.7020205489297935e-02 1.8264571806022240e-01 -5.5915975874412167e-02 7.1419268133690733e-02 -5.1391196676440057e-02 -4.5007204442305063e-02 5.3271185898404967e-02 -2.0211442222388170e-02 -6.9747335234059274e-03 -1.1169731296609120e-01 5.2909306804049920e-02 -4.4519948628552380e-02 -4.7263520705152226e-03 2.2237908231104039e-02 -4.8079758212039747e-02 -4.9961959610240192e-02 -1.4483671313774871e-02 -2.9043676881578710e-02 -7.4952113934269746e-02 -1.0639583392140529e-01 -1.2202020473420611e-01 4.0730749389774931e-02 5.5912326255973227e-02 -3.7099276606389002e-02 -8.7844121048113288e-02 9.8005293762549003e-02 -2.7204911593022118e-03 -8.9865077061564144e-02 -3.1771681039597363e-02 -2.1283356529866310e-01 1.6727387666142779e-01 -6.2988686166507421e-02 -2.0766169534315779e-01 2.9859237530744900e-02 4.0675431749817539e-02 3.0350374761984949e-04 -4.2916376844686521e-02 7.5115115118560283e-02 1.4807399632502599e-01 3.7499503770853093e-02 1.9442943881610400e-01 2.2027822392540261e-01 7.3785839351376128e-02 1.2169619990742810e-02 2.3187579180315429e-01 1.6589460535303080e-01 -7.7414951642513441e-02 1.4377429736210900e-02 3.0599072347803340e-02 2.5689087429189281e-02 7.1920863442325976e-03 -2.3295391223444459e-01 1.4572612062950929e-01 -1.6145561706024270e-02 -1.2585538348967659e-01 2.3957195410669201e-03 1.1919247534359539e-01 7.0321809764642376e-02 -7.1750868516389565e-02 -8.8119534295036606e-02 -2.1450996536134411e-02 2.5798204383348230e-02 -1.2579416835004961e-01 -6.7596382057255617e-03 1.2167072244737730e-01 -2.4417000996336591e-01 1.1062956655794430e-01
5.7058786619025748e-02 -8.2359768647149126e-02 -1.2028540864033251e-01 -9.5911102773142964e-02 -1.0244838366275520e-01 1.9128367146094430e-01 2.7722638948341769e-03 1.3202796170643150e-01 1.1917659457998279e-01 -1.7081974058559189e-02 -1.0270327927203710e-01 -5.5373783927323603e-02 6.3107360853037087e-02 4.1832345585156791e-02 -3.3905801215276519e-03 -1.4635276971179020e-01 -8.5946537965861519e-02 3.5583761640394812e-02 -6.5592663560705367e-02 1.0631975454871790e-02 -9.7703620421668701e-03 1.0954256133107510e-02 1.8317680369417291e-02 -2.6058082330169902e-02 3.9935004337326559e-02 1.8162157457759020e-02 2.4237166625989409e-01 -1.5447859392178839e-01 5.6395087913389619e-03 7.1960153098509477e-02 5.3562747840642258e-02 -7.8064584778361479e-02 1.3028505522767450e-01 1.3193159997876100e-01 7.1876083023316564e-02 -7.3408759079380104e-02 5.7710921763940597e-02 1.4461688458322819e-01 -1.2569162806082559e-01 -2.7734083149476920e-02 1.8631900545665561e-01 1.2598331193484219e-01 -7.2465879293853910e-02 2.5199155592130379e-01 -2.8286839231084521e-01 -1.3076608549671309e-01 9.1134256075206699e-02 -9.7716949061714034e-02 -2.7400045313065068e-02 3.1554270911944203e-02 9.1601971907850216e-03 1.6407459604818389e-01 1.1355273837803630e-01 1.1166879771563130e-01 -3.5547967266117197e-02 1.5397359275163869e-01 -4.4314669511467827e-02 -7.5588915141884372e-02 1.0154276410973150e-01 8.3569539810861536e-03 -1.6360619832262328e-02 1.3312740244336570e-02 1.8373360271655269e-02 1.2785662918238411e-01 1.4148659692386231e-01 4.0914071505652121e-02 -1.7930473769351762e-02 3.4354184015360008e-02 -9.7745938920644343e-02 -8.0887570095681677e-02 2.4990717306423459e-02 -9.2247542284936174e-02 4.8243686207029221e-02 -1.8296350856417400e-03 2.0946199772485701e-03 -8.0785083315278727e-02 -1.2317668851711210e-01 6.3856414815845249e-03 6.4519037257725238e-04 -1.8109493356488551e-01 1.2542861679455031e-01 -5.8869965392045510e-02 -4.4347005133723097e-02 3.8245689165337347e-02 3.4776041786576978e-02 -1.2273828436234070e-01 1.3256208638094061e-01 -4.6657602078006767e-02 5.5279365051660929e-02 -1.3219770945291269e-02 -1.5943395210862421e-01 -3.9670306475725108e-02 -4.6764207897974329e-02 -8.1781404323414741e-02 1.2751990145324871e-01 -1.9517661263929269e-02 1.8423632082853000e-01 3.8597632320990789e-02 5.8875446022289640e-02 -2.0144147724012931e-01
-4.7588127700948682e-02 2.8548000558763242e-01 5.2261560048520360e-02 4.2098247560324473e-02 -6.8851123258392502e-02 -8.7498441609582839e-02 4.3582552481322867e-02 2.4787032296143081e-03 4.5516954212387120e-02 -3.0901945958184102e-02 3.8891698387727339e-02 -1.4101264717019101e-02 -6.7719636713539352e-02 -1.2716182769555581e-01 1.8425985821385391e-01 -2.3134169240286571e-02 -4.2374216861402220e-02 -5.9982399897510370e-02 7.3928532718606247e-03 -5.7106223171225337e-02 -6.4367636248181884e-02 -4.2844562763961078e-02 6.2187967395015441e-02 4.5874974817292261e-02 4.3259688302945001e-04 2.7335553822735081e-01 -1.6234509054849089e-01 1.8239682069505578e-02 -6.0519316489079829e-02 4.3567972621343042e-05 -9.4248879781765951e-02 -2.3399042433196009e-02 -2.7322391632840209e-02 -1.4537811079194210e-01 1.4423453101450759e-01 -1.0113273713225859e-01 2.8465376673800857e-01 1.1721538595561970e-01 3.9251076608632008e-04 -4.7049515466451163e-02 1.0048837345615130e-01 2.4269548738459390e-03 -4.2225469253461517e-02 -1.1901937326717141e-02 -2.9912004210770692e-02 6.3876563016691812e-02 1.0569792664539381e-01 -1.2962279577029470e-01 4.0976872104155779e-02 -1.2007551747655019e-01 -1.0929342886558700e-01 -1.5012743699049891e-01 9.7197244131488156e-02 -3.4116062988685983e-02 -9.6354769481339836e-02 -1.8845166711486500e-01 -1.0806248580008830e-01 -1.8259126682552869e-02 1.8395458209204560e-01 2.0806888024070661e-02 -4.1168895321900163e-02 2.3173678563751521e-02 -2.0390721737698231e-01 -1.2845548289797840e-01 5.9207014904198767e-02 1.5836596221835009e-01 -9.1571108287933883e-02 -7.6991377504684405e-02 1.8529876660508180e-02 5.5147298175461559e-02 6.2408959216686523e-02 -1.5242586934216409e-01 -1.5038573387487239e-01 4.2653130226141481e-03 -4.8855505808098630e-02 -1.1210187055767210e-01 -1.0371062103099680e-02 1.6586695797385899e-02 -6.4205010415033514e-02 -7.5461299727826656e-02 -1.0444223592683249e-01 -9.6392880001378259e-02 1.1210794228345020e-01 1.6786866855730739e-01 -1.3383204322933421e-02 -1.0717446284759570e-01 8.7847438720685678e-02 -1.9793077556230401e-01 1.5447457900410860e-02 -1.4176136834884639e-02 7.6005857954687575e-02 1.8480524404235801e-01 3.8703425141901393e-02 1.7571902253592911e-02 5.3597138961016012e-03 -1.1669918050648331e-02 2.8978207367144189e-02 -1.4784233630261909e-02 1.0109184959012030e-01 -2.2476190616992121e-02
-1.2668705800996169e-02 -5.4616374166344558e-02 -9.2478354400791246e-02 1.0648408064468760e-01 4.9455639526398108e-03 7.4813727732013516e-02 -3.9876426859729211e-02 -9.2998378583564981e-02 2.4102721104306869e-02 -6.9347191875308634e-02 1.3408926972115581e-01 -6.5721752381416596e-03 -3.0788142589161020e-02 2.0236380340684770e-01 8.2701354787235212e-02 8.0626049775803801e-02 -8.7124946888774951e-02 -1.2672405264726760e-03 -5.3526834938843457e-02 -6.6167163803555881e-03 -3.4015934062130673e-02 1.7580609896493911e-02 2.6144239373992389e-02 1.5199173252082779e-01 2.1748273613010169e-01 -5.5851986441618319e-03 -1.4979365820677751e-01 1.6277704839762899e-01 7.9224324204759569e-02 -2.5930679232397801e-02 -1.2537725064365171e-01 1.5481187121269149e-01 3.7758309860375663e-02 -6.0514396702646127e-02 9.6560109969411737e-02 8.5782893153245290e-02 8.3163402185253962e-02 8.1227660360131598e-02 -8.6404228680148441e-03 -5.0900438265136627e-02 -4.2349449126510570e-02 4.8287310111687493e-02 7.7084797724911360e-03 -5.4933905015131293e-04 -1.5896011200520971e-01 -1.9543508942461901e-01 1.8486001386705361e-02 8.2345917340178737e-02 1.8244995555036111e-02 -1.2216458111673330e-01 5.7595628599274688e-03 4.2765241608263067e-02 -1.6125348627359881e-01 1.4425983606220150e-01 -9.5742273582768989e-02 9.4473835733498782e-02 -1.4197685936451640e-01 1.5976237151434119e-01 -8.4226853043207303e-02 -7.9543292039801511e-02 1.7969740614422931e-02 -5.6954968019523787e-02 1.2529606671396040e-01 5.7536662874058550e-02 5.4522173943108279e-02 -8.3326671922470327e-03 9.2558869927822682e-02 -1.2875058293002470e-01 1.4274497338365849e-01 1.0320484945029140e-01 -7.2385839756949164e-02 -3.1124981627398952e-02 4.4280118218316913e-02 -9.8658368696847965e-02 1.7467100524708309e-01 -3.6803665720769083e-02 1.0933059064268690e-02 1.6987166561208800e-02 -3.5802647694282402e-02 3.1105927709309270e-02 -1.7086239552093599e-01 -2.1424816279815759e-01 9.1782100634305835e-02 -1.2159159243264429e-01 6.6593924082228473e-02 1.0894568405409611e-02 8.4892811217231814e-02 1.7905449301308210e-01 -8.6639077934433123e-02 -3.5622028933071752e-02 1.0135862493803460e-01 4.0188884685265151e-02 -3.4970861452101432e-04 -5.8450621619132517e-02 1.5517501042704829e-01 -3.2343027886877018e-01 -7.5025467169213517e-02 -4.5602950504275916e-03 -1.6425573084887769e-02 -1.2217588557083700e-01
-8.5482042508602613e-02 2.7364932090304842e-02 3.3957608242833857e-02 -1.2001894366886530e-01 -2.8946500146234740e-02 1.6011146364683629e-01 2.8805292850698480e-02 3.4497682977060587e-02 -1.3186954909696019e-01 -6.7185533136557091e-02 -2.9948039127681448e-03 -1.6302149950545339e-01 -1.0643181439450219e-01 4.4463390236268018e-02 -9.5771774234515820e-03 5.1785277534034363e-02 4.0984560652286638e-02 -6.8331746910268359e-02 -2.8043108897988549e-02 2.9618990061118369e-02 -3.9192003681546073e-02 5.8744650189149442e-02 -8.5658879271299199e-02 7.0552876236215048e-02 7.1205301261175889e-04 6.5988339597939427e-02 1.3480245689965481e-01 -1.2854477056285021e-01 1.4706028944517879e-01 7.6568124340946120e-02 1.0742917797354661e-01 -1.7202576771178611e-02 -7.1815203437514227e-02 -8.1197173802849219e-03 -6.4418430691030718e-02 8.4533117839934876e-02 1.3429830723298261e-01 2.3587109011409271e-01 -1.9256831015294820e-02 -9.4417576860836128e-02 1.1360921652924690e-01 -1.0852892101513960e-01 1.2349043937554570e-01 -1.2653856708768529e-01 -1.0898909052194010e-01 4.6690490207926538e-02 1.9678723456382030e-01 -5.2213403247749743e-02 1.0921538999014360e-01 4.4238659946054470e-02 -5.0375546404258877e-02 -9.1296478323758916e-03 9.9058146159668639e-02 3.9055361655591321e-02 -5.5068142225194093e-02 -1.7688325545435821e-01 7.6534688056884764e-02 -1.9511424707998021e-01 -6.0896304533841462e-02 8.0294623258052714e-02 1.7901287942806671e-01 -7.5005793902992342e-03 1.5832010316590830e-01 2.6337550785351532e-02 -4.9268581148383263e-02 6.3669611948155305e-02 9.3624022966660697e-02 -1.4838726859795520e-01 -1.5539782629863061e-01 2.3682381866524969e-02 -4.1038057103136259e-02 -1.2514335617194859e-02 -1.2049898770637500e-02 1.3380348185530611e-01 6.5983057257078107e-02 7.4382731640193170e-02 2.1856657692514051e-02 -3.1037911374080268e-01 9.4180426391627492e-02 -9.0088918851325243e-03 2.4492842177277099e-03 1.7563340067681281e-02 8.4521152783221365e-02 -1.3086507482063031e-01 -5.6834974063992891e-02 5.8845138654591692e-02 6.3899536567663576e-02 1.9527077133408291e-01 -2.3672293248304100e-02 1.9999524036149530e-01 1.7478854086727519e-01 2.3612235856420881e-02 -4.6139572434594413e-02 5.5685928364478852e-02 -8.7061474434122238e-02 -3.2564523822313500e-02 -5.7978378852302663e-02 5.5984631644939338e-02 -2.6517063200948359e-02 1.7564899248506149e-01
-7.1974760873945137e-02 4.1425808236154098e-02 2.0768552418792571e-01 -1.9150473216578239e-02 1.6708111940921760e-01 -1.1837366046943760e-02 2.4980014749083061e-02 1.2091591869477170e-02 3.8444886614712612e-02 2.8815200919832661e-02 -3.5105351382812549e-04 8.4624239958798683e-02 -9.9878909042836524e-05 -9.6476543366309744e-02 -2.3913083435902219e-02 -4.7612511115225336e-03 5.8923843658612127e-02 1.7018788712247671e-01 -3.4121136719358958e-02 -3.2522461857010460e-01 -6.5638391124067885e-02 1.1496439014703340e-03 9.3577404962998489e-02 4.7223717778816190e-02 2.9829001132770289e-02 -1.0054975655798290e-01 5.0759178803550860e-02 3.8061402668864541e-02 9.0470391076702419e-02 4.4033347679440851e-03 -6.4984030169491197e-02 -3.2565807305556587e-04 7.6052903372506558e-02 -1.2528289607929299e-01 1.1250803393716130e-01 -6.8971819140090207e-02 -5.4678107533174022e-02 1.3563490285536389e-01 2.1029432679001239e-01 4.9928516652174973e-02 -6.3956559990074768e-02 -8.0033265155148442e-02 -9.4041304312738466e-03 9.0211520070795206e-02 -6.2244589251791417e-02 9.9155635057777219e-02 -1.1932316074787259e-01 -5.0344140833692153e-02 1.1888280317239699e-01 5.1842281967069401e-02 -1.6407994986500771e-01 1.1960043880947560e-01 8.2729410498158101e-02 2.4038008297213021e-02 -1.2004129867907209e-01 -1.0905050431327799e-02 -6.5677899135735046e-02 -5.7167435675050920e-02 -1.5681878065558000e-01 1.9685369137095749e-02 1.5256943601421821e-02 -7.1636829503992236e-02 5.4564621444484216e-03 1.9928053730966791e-01 2.4488707660907411e-01 8.7667733380318805e-03 8.0199472233189989e-02 8.0076143400674843e-02 -8.0130756674481884e-03 2.4006604322134629e-02 1.0543909250785310e-01 -1.5452133988161990e-01 -7.3083376401636563e-02 1.6299130654834221e-01 -1.2635592466801759e-01 1.2091886125048929e-02 1.3913909564382410e-01 7.1806998891203622e-02 -1.3593993200044049e-02 6.7999746537553765e-02 1.0312185593653060e-01 -3.3263187904956679e-02 -1.4767908057202489e-01 -1.3563884635793641e-01 3.1525320288259447e-02 -6.6007687342717558e-02 2.6664022737624540e-02 -5.6615460263938509e-02 -7.4985022007619986e-02 1.0607039557774070e-01 -1.3345330295776000e-02 -2.6996104530060090e-02 2.8604126794827749e-02 -2.5063387068645689e-02 2.0806121290173171e-01 6.5768530568724101e-02 -2.6175666866260999e-01 -6.4830924866402101e-02 -1.2948805984786729e-01 4.4791226470140583e-02
-2.5395837237730101e-01 -9.8976412921987653e-02 1.5084514051797260e-01 3.0520562874346749e-02 -1.5415196166249631e-01 1.5551970230410999e-02 -1.5233606232843269e-01 -1.7024341008949270e-01 -1.4855184169401020e-02 -1.5276293987677460e-02 2.4076912866629698e-03 7.7555561143859669e-02 -1.4363942169518751e-02 -1.2265072589563519e-01 -8.3906325261542097e-02 2.9266080939527622e-01 -6.4896947235488417e-02 -9.9219300835965613e-02 1.2782603848543791e-02 1.5815213606918031e-02 1.1790672879928110e-02 -2.5613415841723342e-03 -9.8525965398093704e-02 -1.0560451487585779e-02 -1.3594687408699440e-02 5.8706937755466877e-02 -1.2749518161126769e-01 -5.6099901149264053e-02 -9.1829224058408751e-02 -1.9967564605450719e-01 1.7560231532985071e-01 -2.4458001709508501e-02 1.0427853859907220e-01 -6.9211302336260314e-02 -6.2277030456547047e-02 5.9851356111453632e-02 1.1764659449611480e-01 4.9940002704453097e-02 1.4216556216862680e-01 -7.9049960997536542e-02 1.7529685904377160e-02 3.4253500418363170e-02 -3.7963472247594360e-02 1.8794703466525819e-03 -1.8820359967007541e-01 9.9154535449196113e-02 -7.6803384735032745e-02 -4.8582182009373052e-02 -1.2074465293288759e-01 -6.3358391401872188e-02 -5.4054769014797173e-02 7.0065981378375691e-02 -8.4966481117686288e-02 5.8063642843746661e-02 9.1323840499115294e-02 3.2218824423495790e-03 2.5038038412335361e-03 -9.3319792329031783e-03 -1.8048546085799860e-01 2.0013872619237530e-01 -6.4681572834099699e-02 -7.4684381981066264e-02 7.5856518693530231e-02 8.1628646145769215e-02 -6.8753961849732995e-02 1.3660017884518921e-01 2.4877446566726621e-02 1.1962115457743561e-01 9.6041598831160355e-02 -1.3522494035552471e-01 -3.2687344238415378e-02 6.0287465869899928e-02 -2.3755080414822109e-02 1.3906855979897820e-02 3.0532098319559341e-02 -1.5843017483389810e-01 5.3395415927466328e-02 1.0639314422793680e-01 -4.8874642936923812e-02 -1.2378586102741350e-01 -1.3971913934497680e-02 3.1311712725598462e-02 -5.5574458384220739e-02 -7.7752442952176790e-03 4.9833696490940341e-02 7.5427257448323862e-02 8.1135593687078650e-02 3.1571106941979087e-02 8.3790098785718373e-02 1.7230036740812391e-02 -1.1368618397397870e-01 1.0422645012563821e-01 -1.4570254032306260e-01 1.8833553476392070e-01 7.4018169995494112e-02 5.2132807658780020e-02 2.5110772473548482e-01 -3.1560753453890603e-02 -8.2695528646097236e-02 7.3598898442411589e-02
-8.4775726658191646e-03 -1.6595538373960411e-02 5.2221469354261772e-02 1.3795217628979681e-01 -8.2756441115157744e-02 6.6412195695287612e-02 1.0459973830153250e-01 -7.1921282476886519e-02 -2.1311978896254120e-03 -9.0642462045981406e-02 1.2015985883977690e-01 -9.3359773495191298e-02 8.9287405694698941e-03 1.2804428953253380e-01 -1.4677657540742639e-01 -6.4869082354234400e-02 1.9788105803901540e-01 -5.6002809129976870e-02 4.8675980187386080e-02 -9.9116863548050771e-02 -7.4816233528101989e-02 -1.2598700942719140e-01 -1.3012793417316060e-02 -2.6621805225257272e-01 3.6065223714116162e-02 -8.6763845458684943e-02 5.1401409221551508e-02 -2.5296027924469781e-02 -7.9573273690431684e-02 2.1694408039665369e-01 4.8706727089304978e-02 6.4217353740889799e-02 -9.0972946572122959e-02 -7.7250786813926609e-02 -1.3251673352867510e-01 1.1195601608953380e-01 2.2612333541065741e-01 -1.4498416192547561e-01 -1.1985329710917780e-01 3.6079329889210010e-03 -1.1404254057797210e-01 1.6845861083758559e-01 1.4052382681984020e-02 2.1048836225535481e-01 9.5016362854205665e-03 -9.9502173633385163e-03 1.7851694377780580e-01 1.9876628967643081e-02 -1.5426877893975571e-01 -9.0167816450883356e-02 -7.0057852789922145e-02 -1.1530581050069920e-01 5.8151598744812447e-02 1.6742356840711230e-02 3.4287653022576282e-02 -1.1726470569308860e-02 -1.7635763536963489e-01 1.4055793583525081e-01 3.7350413234082613e-02 1.3758029480966280e-01 -1.2271418415208520e-01 -6.5281189925869482e-02 1.4820005385268101e-01 -1.0559949832752261e-01 4.5872393356344819e-02 1.3393770463680990e-02 7.2241771207793515e-02 1.4111804846953110e-02 -4.2822190135464663e-02 1.3311802541636550e-01 3.7667806096198943e-02 1.2672946549673471e-02 2.6175031365869631e-02 8.7479176663743649e-02 -1.3242901095130880e-02 -8.6178336173833886e-02 3.5800904119140227e-02 -3.2794187443094591e-02 1.3512921131697031e-02 3.8331368132686401e-02 3.5145680539374620e-02 -7.9144503131348062e-02 2.6788514212977659e-02 -7.2922019323194587e-02 -3.2496673908842831e-02 4.6269711087683893e-02 4.7222612331120052e-02 -8.7655414389056094e-02 1.8842871435860381e-01 2.8703422476459031e-02 -6.6399072658359967e-02 -8.3771171396416599e-02 1.2800664731277131e-02 1.2181686496613060e-01 -1.0155550115405389e-02 1.2792423375050371e-01 -1.8938760368309210e-01 -1.2183613017104210e-01 -1.5263688682012380e-01 -3.6341181786180017e-02
-1.2736930164639410e-01 1.9686079637715381e-01 -3.0901205857716680e-02 -4.2160815903865070e-02 1.5404393746596089e-02 6.3117466984926360e-02 6.2664058421836907e-02 -1.3561693000680311e-01 8.5000000678347315e-02 -1.2455384632188701e-02 1.6292968966697419e-01 1.8011740447384059e-02 4.7087330378482201e-02 -3.0677983173830269e-02 -2.0052791655155741e-01 3.2932839050571719e-02 -2.0713995413578401e-01 -2.9653693412366639e-02 2.7611872029445149e-03 8.4696808808651085e-03 6.4575324467247455e-04 -5.9078250247114467e-02 -2.4459836515342670e-02 9.6816221931757488e-03 4.1849020422865667e-02 -1.2316527168752189e-01 1.9799646058640480e-01 8.6224466800414526e-02 4.9272556131337457e-02 5.9953878485232572e-02 1.1992345625326900e-01 5.8125391469816948e-02 3.0401568592851390e-02 1.1207284636144769e-01 -5.8616889178960893e-02 1.5988292151097299e-02 1.0609624754234890e-02 -9.5193596144823672e-02 2.3003723673604471e-02 1.7229714485327698e-02 -9.5190794713534574e-02 -6.1372179197487893e-02 5.6693332251277533e-02 2.3156912191504030e-02 -5.4745544423543957e-02 -2.2864507701296631e-02 -9.4542340449328063e-03 4.0330726601101728e-02 -1.9376162163930941e-01 -2.5120044904217798e-01 -1.7302259315357851e-02 -1.0843992610161290e-02 -2.6469584633863969e-02 -1.2899035440636339e-01 6.0872784543570348e-02 8.7342853824639341e-02 8.7685925120775304e-02 -1.7182952961466069e-01 -7.0164087250675258e-02 -1.2477201670601951e-01 8.7242166287382308e-02 7.0240199631761797e-03 -1.4862061008281770e-02 -1.6583328266483090e-02 1.2534695816485619e-01 1.0257757100132160e-01 -2.1969533805661351e-01 -6.2850828843711667e-02 1.8427896566295521e-01 -1.3276986917847719e-01 1.2200584926840261e-01 8.0750928180114631e-03 2.3105485841944041e-02 1.5677361196961420e-02 -2.3701257826181679e-01 -1.1956607662689139e-01 -2.7734659719109291e-02 -1.2440114823126350e-01 -9.2237564296656319e-02 -1.5239897639848030e-01 4.0178973427520227e-02 2.7630858044720930e-02 1.3746906412622280e-02 2.0927454225060159e-03 -5.7466737999400441e-02 3.6224351090504057e-02 -2.7384529913551319e-02 2.8371575110058202e-02 1.1014125292597030e-01 -5.5603397374726332e-02 1.3845867255356931e-01 1.3296111763898599e-01 2.0836160249453209e-01 -2.1026788606926219e-01 -1.2241261339173810e-02 -1.0344320459070440e-01 -1.1460632299803700e-01 1.0923213561535980e-01 1.4224480282296130e-02 9.1068078155834079e-02
-4.2746990166792329e-02 1.4030852344706990e-01 -1.1833202541645511e-02 1.2840103654952459e-01 7.0200644762804743e-02 -1.3065845959391680e-02 -4.1073350977022353e-02 -1.8694889517225971e-01 -2.4337667582834319e-01 -2.5769277860864848e-01 3.2532669527413918e-02 -7.2273074989178563e-03 -9.9835027225551695e-02 7.4288884887138612e-02 -1.4798321896330571e-01 -4.1370999887830939e-02 1.6292442609293320e-01 4.9376326235361402e-02 5.6225869358929453e-02 -2.3376390963373218e-02 4.8502459324911637e-02 7.5567178323917239e-02 -6.9908081677211326e-02 3.8023639277252233e-02 1.0676676880726391e-01 4.7715486178586508e-02 1.8046937336482541e-01 1.4023999955668301e-01 -1.2173831306675401e-01 -7.5889396295499331e-02 6.7003713478278812e-02 1.9732127799693348e-02 2.3860662213656559e-02 5.0851078085776047e-02 4.3048349564899932e-02 9.2490974182092386e-02 -4.1982727794770469e-02 8.6564946215248254e-02 -1.6471127904474550e-01 1.8270963213695410e-01 1.8908026323921551e-01 -1.7118199048695629e-01 3.7181397426251837e-02 2.2683248416431559e-02 9.9191746263775332e-02 8.0556338709136907e-02 -1.8224436978785649e-01 5.3477171912274503e-02 5.0305208980602707e-02 1.1558674758964819e-02 4.4927044571529177e-02 8.6208985894246276e-02 -2.0280761176425358e-02 9.6662657136130828e-02 -1.0417741882021150e-01 5.5886185556534337e-02 -1.5965270430677511e-02 -6.4454641373173790e-02 2.3801868367016901e-01 8.0657823096560111e-02 -1.6020533936060799e-01 -5.0000131812783608e-02 2.1195774546929079e-02 1.0995809147759281e-01 1.0372963938869190e-01 1.0019566343599071e-01 -5.1665685181315132e-03 -1.2185387812322561e-02 1.9891931879191908e-02 1.1742012342138530e-01 6.2660980739179820e-02 2.6673767584718469e-02 5.7100991128345852e-02 -1.9744302881713369e-01 4.7081886620658320e-02 4.7964037142883088e-02 3.5583319343825588e-02 -4.7451646753484313e-03 -9.8350175740149315e-02 -1.1703480367068980e-01 -1.5777218871936650e-02 1.2968380866832019e-01 8.5586427303616555e-02 8.2003256625956283e-02 5.6831220308995553e-02 -3.8786401546264768e-02 8.3494550004029791e-02 1.2570222963610550e-01 -8.0870849519892762e-02 -9.9652420524218868e-02 4.2718833566077377e-02 -1.3270051269625631e-02 1.0005933365595029e-01 7.1496759497487197e-02 8.2471667904475923e-02 2.2234398828901780e-01 3.2826143723429478e-02 -6.3035398470081383e-02 5.3718304992795847e-02 3.7543826328761278e-02
-1.4869065059116579e-01 5.3671305470768732e-02 1.1084397283319131e-01 4.0896413280563607e-02 1.2586081971458901e-01 -3.3301443043952772e-02 8.8707642413621265e-02 1.7523191267893379e-01 8.8355597413024511e-02 4.1606291463218419e-02 2.4650457582197891e-02 -1.3109301936697820e-01 8.3623311551227569e-02 -9.1661082217157092e-03 -1.3048067493525861e-01 4.3536949729981837e-02 4.2093942437116463e-02 5.7105428357628694e-03 -8.1743429906644668e-02 1.4239050369532069e-02 -9.3156522327776353e-02 4.8698970117661187e-02 -2.7020713987556941e-02 6.2899322091598139e-02 -4.8839921903759763e-02 -1.3518818670176539e-02 -1.1662732536862550e-02 -3.5163301790987669e-03 -1.7212789124032679e-02 -2.6220464453434400e-01 -4.5268111789122108e-02 -6.5880753400393635e-02 -2.2613540928098869e-01 1.2009409252803140e-02 -3.7983662764377153e-02 1.8889229069671731e-02 -8.9116044256622992e-02 -7.0227964833339415e-02 6.3772839458890618e-02 1.5912404764117271e-02 5.4789562041542852e-02 -5.0102045486591432e-02 -1.5092934630875679e-01 1.3923820574894280e-02 -1.7584707349729500e-01 -3.4832608220190478e-02 -1.0187544445703441e-01 1.0457365748684640e-01 1.2239421697008490e-01 -6.1108282694326298e-02 -4.5777278703731390e-02 -5.6372347713515333e-02 9.7434887095599776e-02 -2.4694133700173451e-02 2.2460709738440610e-01 -1.0813023382672821e-01 -6.3922284962340259e-02 -6.2915208218635443e-02 2.5889334606085390e-02 5.0865314766937571e-02 1.8051272832332672e-02 2.8969853364876051e-03 7.9740585487189583e-02 3.0398842378003459e-03 -4.8048994349937112e-02 1.0183652964348069e-01 9.4717683547132128e-02 -1.8211417498671251e-01 8.6703483491523181e-02 -1.3381974270231409e-01 8.8429961149174979e-02 -3.2881762696425482e-03 3.3140842503372769e-01 -6.7695841649093716e-02 1.2932175263094850e-01 -3.8223257292824747e-02 -6.4186488515238643e-03 -1.8041735381775231e-01 1.8175379590119239e-01 -6.1813103910867383e-02 -1.9423272631654331e-01 7.1519593274761168e-03 2.6274678832076868e-02 -1.2682399405112800e-02 5.9126005218133847e-02 -9.9559125487497568e-02 -1.2821170226829390e-02 -1.8499161824532839e-01 -4.0161344936035813e-02 -1.1235546352342381e-01 -6.6394639762998725e-02 -7.8051136187025402e-02 3.1160682119650250e-02 -4.2838854612910357e-02 -2.6770565232026620e-02 8.9714613358214471e-02 -1.0400601291231390e-01 -6.6778642566914292e-02 -1.9605920492280150e-02 -2.3379923468752500e-01
-5.1756269811750417e-02 -1.1251790667806990e-02 7.5588177164402456e-02 7.1348504124792225e-02 8.4184942641227264e-02 1.9505832214833030e-01 9.2735979221092987e-02 -9.7827381934740519e-03 -2.4946786875164769e-02 -9.1508260497513330e-02 -1.3381337368389651e-01 -2.1722842631758409e-02 -6.6532859104594610e-02 -9.4135747779587484e-02 1.6278461871592759e-01 2.0037754305028199e-01 -1.1513029581837519e-01 5.7740407504010549e-02 -4.4089718450068503e-02 1.5850869803608648e-02 -1.2286047010299490e-01 7.3173439796664630e-02 9.2022907121036251e-02 -3.5290959975754481e-02 1.6129123455175229e-01 -1.3741659506930551e-01 -1.0622101648590150e-01 -6.9001276292589859e-03 1.3547025949210079e-01 5.6974851138409922e-02 1.2608152628112049e-01 1.8311595535824601e-01 -2.2596386716369540e-01 5.7376911284975143e-02 -1.4371511592151939e-01 -1.3060877677510441e-01 -1.1222316232523250e-01 -1.2207641762440090e-02 -7.2275826138798608e-03 9.0753052803848155e-02 1.2164360423087479e-01 1.4884805443104721e-01 3.0058839644078589e-02 1.5141436472118441e-01 3.0087133451505890e-02 -9.3093492975315703e-02 3.5502694488470883e-02 -1.2476946347689109e-01 7.0929222534601766e-02 -6.0337795099547641e-02 -6.9381114813403880e-02 -5.6412503057371888e-02 3.3512515745907523e-02 -7.7589820677160276e-02 -1.0702831539839860e-01 3.6167410216407219e-03 -8.9406998713387309e-02 6.0830455346845436e-03 -5.3790404865259080e-02 -5.2789511360187273e-02 -2.4967774105483561e-02 1.9955302563560631e-01 2.2601051913703360e-02 -7.2289329132896540e-02 5.2520456479736598e-02 1.1226341398437980e-02 -4.2986660958265401e-02 1.5720454365018099e-01 -4.9982285403451593e-02 -9.9096186187793797e-02 1.9312405542028080e-01 -8.1310140870209588e-02 -2.7150824993926719e-02 -2.1938757085689381e-01 8.9537784821938304e-02 4.0808125067188422e-02 4.9715738753271038e-02 6.6434790407136929e-02 3.1618225832780858e-02 7.2519542587436897e-02 -7.1005218905683440e-02 1.3792230402554639e-01 1.0542345103484510e-01 -2.9333386705727361e-02 4.0137889312960293e-02 1.4960416783165009e-01 3.3130213123735958e-02 9.5982246370859337e-02 -5.5018040736039518e-02 8.4230598130134310e-02 -2.2686517524141339e-01 1.2019284685740490e-01 1.1142924080893730e-01 -2.0711271712175551e-02 -1.2799685342604181e-01 7.5369107170629238e-02 3.4012858882261257e-02 -4.3426020093724503e-02 8.0281434960484871e-02 7.3863230706783495e-02
6.8132599582713893e-02 2.0862839702996230e-01 1.1392649851582960e-01 -1.3256885208242619e-01 1.5171820634222710e-01 -8.1149640949371646e-02 8.4078705816437574e-02 -1.0520605892174199e-01 8.4800030329009526e-03 3.6048011600963492e-02 3.3010339818169919e-03 1.1865176483936940e-01 -6.9100109123315115e-02 1.4734957016591940e-01 6.1010632996249217e-02 6.3494965411593787e-02 1.3927781368995901e-01 1.5314545878544791e-01 -4.8133940787031738e-02 1.7340640506951921e-01 4.4937229877513939e-02 1.4353625633340009e-01 4.7648421730776012e-02 1.5444400175571521e-01 -4.3550019893338413e-02 -1.9274672910134810e-01 7.8065107744145559e-02 9.2787115589792760e-02 6.3648605709395137e-02 -1.7021224749298461e-01 1.3465855536968130e-02 -3.4073592396926283e-02 1.1907971704291140e-01 5.3788897988901033e-02 -6.0543881405187787e-02 5.0957287273499068e-03 1.3391139059299620e-01 -7.2592430935866065e-02 -1.2471623333220090e-01 -1.1858472682287170e-01 1.5692846836084520e-01 5.3595951633650579e-02 1.0889784548710681e-01 5.1483841992269297e-02 3.2777540579003651e-02 1.9887166946269030e-02 4.3619050191510973e-02 -1.5916003309131679e-01 1.8627380012467599e-02 1.5517727690167649e-01 -1.3219315525017031e-01 7.9526324646194177e-02 5.5707457050381472e-02 -7.9314841485779497e-02 1.3209400602741581e-01 -5.1630649900421099e-02 -1.4671816236967691e-01 1.8379314852724390e-01 -8.9160706410403093e-02 -2.2792331314101261e-02 5.7765620683303362e-02 -1.1710980531756390e-01 1.0993136645703300e-01 7.2325105598369618e-02 1.3794539935528949e-01 -7.1109473869032769e-02 -1.3424784736299911e-01 -1.3304200200698379e-01 5.2107069884419002e-02 -5.0566421570870747e-02 -6.4996184345587377e-02 -1.0256514921282930e-02 -3.9944216279910953e-02 7.1664805767115217e-02 -5.6441750093336823e-02 -1.1628349845694490e-01 2.8919432206028200e-02 1.1117234444066799e-01 -4.7327768990195300e-02 4.5038206501766147e-02 -7.2691654168997005e-02 -5.8772711567990230e-02 1.5269056094459221e-01 -7.2225942879628871e-02 -1.8873725579881320e-01 -3.7209518637831833e-02 -1.3604745920664801e-01 2.2397900179426351e-02 1.1557418852544910e-01 7.0981210049948871e-03 -2.6844030597926428e-02 -6.9192650860151153e-02 -2.3925635525704089e-02 4.2797392881904567e-02 -1.6410422158351851e-01 6.8371487208281401e-02 1.6414112548710980e-01 -4.8897753769780363e-03 4.0693960154761788e-02 -8.0094171428758534e-02
1.7800041508756351e-01 3.2313250716049020e-02 2.4896796022879499e-02 1.4059251722129290e-01 1.5687046621598161e-01 -7.5145132257564501e-02 9.7861489620071490e-02 7.2462058828079989e-02 3.9228455212296058e-02 -1.9310553898134261e-01 -7.2217521392516554e-02 -6.5223047838799092e-02 -1.1704261723864690e-01 5.8814073036441233e-02 -3.0485522129644071e-01 -3.2269988272016513e-02 -1.4483673970970401e-01 -3.0314924755100611e-02 -7.9757686450868073e-02 -1.5402657199351921e-01 6.6656957548078849e-02 7.0645027899164214e-02 -1.3009917643306231e-02 9.4172651335877988e-02 -1.5399807110026700e-01 -1.7428633858249349e-02 1.6528710832612739e-01 -1.1757678223013220e-02 -1.3951024318514879e-01 -5.3134182233350168e-02 -2.6010000488295850e-02 3.9504338755557207e-02 4.2018509777814773e-02 -4.4426561710799103e-02 -1.4070091807425319e-03 -1.1197327193742010e-01 -6.5009397135281255e-02 -5.3481600655696557e-02 4.4770968626187298e-02 9.1554684312372681e-02 -1.0710897131993211e-01 -7.2276441588947346e-02 9.4276951278846684e-04 -1.6190753734039939e-01 -7.8034025393586420e-02 1.4981994761263459e-01 1.7335839164714939e-01 -6.6831073263942109e-02 6.8736025150688412e-02 9.8378918308638704e-03 3.8507105366927398e-02 -1.1828769615643660e-01 5.1950217021877937e-02 1.6828199962135679e-01 1.3287641775079800e-01 8.7526770851672445e-02 -4.9737374608194010e-02 1.2409825593028580e-01 -3.9636383535181903e-02 -1.3375728294270631e-01 -3.4604097961734449e-02 1.1863298193308650e-01 -1.0146432898048451e-01 6.1626582339184881e-02 -1.2856506076887800e-01 1.5088932019409140e-01 -6.4219505916453326e-02 1.3231265874051970e-01 5.6585081373867474e-03 -5.5251665090438988e-02 -3.2852176024617571e-03 -1.4866936122015889e-01 -1.2741859197233921e-01 -1.2449406494203430e-01 4.6797285581334058e-02 -7.8198390501043796e-02 -7.6518775260249186e-03 -8.4895572743610134e-02 -7.1054098404618959e-02 1.1763070890921989e-01 -1.8630779110798260e-02 -7.1303726651187227e-02 2.7711990590576330e-02 -3.5866404569752340e-02 -1.0650979612540100e-01 1.8929403530945851e-01 1.1151348699356910e-01 5.6353076750316297e-02 7.9933673051842596e-02 1.5803926884516131e-01 -3.7345487306366582e-02 2.0519377937468400e-02 -9.9926990368811267e-02 1.1726197232903070e-01 6.6709714856600273e-03 -8.5255452741891016e-02 5.0076102808910790e-02 5.5937578728374023e-02 -1.5220841502158401e-02 -1.4204404115665761e-01
1.7866720666921531e-02 5.1392516605107359e-02 3.4998154993231147e-02 2.1748779379004900e-02 -8.2995469833339747e-02 1.4861239112939451e-01 1.1866281369254129e-01 -5.6806642028515021e-02 9.0380364782539808e-03 1.3458655317748580e-01 5.6168944288460483e-02 -2.8532207852496352e-02 6.3799132143409366e-03 -1.6804448438041331e-01 2.0764876167965782e-02 -1.2817940282916671e-01 8.2081140829142377e-02 1.6855684484988361e-02 -7.6111304906940569e-02 -7.1426308671646106e-03 -2.3414613814565881e-02 -2.0493800912678989e-01 8.4730889606977930e-02 -9.6883743117952698e-03 -6.3619503271482539e-02 2.9556289965112621e-02 1.2007370172448600e-01 -2.3106750744536751e-02 -1.7510824752510989e-01 5.7205102952003622e-02 9.7625223330034830e-02 2.0362821213970320e-02 8.6909476357542162e-02 -9.1518544028779111e-02 4.4316145940113190e-02 7.7190236516524860e-02 9.7244357425569292e-03 -1.7377359041810711e-01 -6.5751009805220029e-02 -7.2576465482444910e-02 1.5797683563376120e-02 -2.2883645184069840e-02 1.1062239875644669e-01 3.5367039217707653e-02 1.0542585768420371e-01 -6.4563873177481149e-02 -3.9684473699626972e-02 -2.0599075180420680e-02 9.8592766635080764e-02 2.2095072613511529e-01 -1.4989239524938361e-01 -2.2669013879255859e-01 -4.6006912450549421e-02 2.5642259965709149e-02 9.2424862599610011e-02 5.8046090808668800e-02 -9.0417439323299820e-02 -1.5301783755210291e-01 -2.1077088176972361e-01 3.3864008118543287e-02 -2.2630665470255541e-02 7.9277797990373322e-02 3.8387793905793527e-02 9.0034337020503744e-02 -2.0341100326969990e-02 1.0660746103115060e-01 -8.4297364995711860e-02 1.2898974557092760e-02 8.2475761956814844e-02 5.7265637171024980e-02 8.2386607108461025e-03 2.2694140536368199e-01 2.0434916097245629e-02 -1.6862696820115369e-01 1.3729502050368750e-01 1.4669470821088679e-01 2.6350645669749839e-01 3.2971917492940941e-02 -1.6217632032609511e-02 -2.2271316811453501e-02 -4.7359249906036113e-02 -1.0086673476329910e-01 -3.3488356517861542e-02 5.1478190468924193e-03 -4.5451341066976229e-02 -1.9685580250600870e-01 1.0729350792616230e-01 5.3097902038664532e-02 -1.7061127371095100e-01 6.0823727380143709e-02 -2.8732070777371419e-02 1.5807368736943889e-01 -1.2498326651121069e-01 -1.5652416469665070e-01 -1.2906496755895870e-02 -4.5182181712662278e-02 4.5216107241554282e-02 1.5132139705154851e-01 2.1804837201816890e-03 -6.0005143382639368e-02
-6.7904339902224537e-03 7.3452075118899868e-02 7.4468159008620582e-02 5.6214788283463872e-02 4.5327131457633597e-02 -5.5017843800540728e-02 5.6922383610792153e-02 -2.5478969105613342e-02 1.2591223497563481e-01 -1.6597417680900090e-01 -7.2678772123990446e-02 -3.1981301050655657e-02 2.3537292451873121e-01 -8.0878472084171857e-02 6.3796188999329248e-02 -5.1674547071740053e-02 6.7956557716942201e-02 8.9623691476659537e-02 -1.7512945831808499e-02 -4.0913236463427122e-02 2.5715530496667027e-01 -5.1040600242021937e-03 -1.3706315504460340e-01 -1.8073089217965049e-01 -3.4480251996626000e-02 -1.4528172634763090e-02 -1.3108883646912459e-01 -6.2483669517634732e-02 1.1716612445870379e-01 1.7588181777336120e-01 -2.1197014224725419e-01 1.7897770246357272e-02 -3.2353461755678270e-02 9.8537268812554493e-02 1.8262892586589509e-02 -7.7240400131848479e-04 -9.8939926387185927e-03 2.3649527093997619e-01 -1.3213798412547639e-01 1.1311243245760190e-01 -3.5014657070277400e-02 2.7878729309560989e-02 -1.6235560159889861e-02 -1.9926277455061620e-01 -1.6265823733235599e-01 5.6744568902043047e-02 -1.1314938534670460e-01 -2.8310205840857701e-02 -1.3194641194696241e-01 1.9004774351430422e-02 -4.7102059286534777e-02 -5.2951647109056657e-02 1.3151278600756611e-01 -5.4912326935134780e-02 -5.4046228610770547e-02 -3.9706325083554338e-02 -5.5000149870250363e-02 -2.7260091812433818e-02 -1.5911988614163161e-01 5.1349707497480072e-02 1.1323463423563070e-01 6.5308208371209167e-02 -3.9682375788662182e-04 -2.4090079542444170e-02 1.5094315508626699e-01 -1.1871443455122100e-02 -4.7908369037024411e-02 -2.4711576571259889e-02 1.7856734399148999e-01 9.4729899699088474e-02 -1.1464393177272010e-01 1.1977647730715731e-01 2.5728666895740548e-01 -1.2386235953179070e-01 6.6317245431004132e-02 -4.4349860628807948e-02 9.5938054801239153e-02 1.0925688822887041e-02 -1.2068781291675310e-01 -2.9809693688732309e-02 8.6728042999210924e-03 2.2813119239799020e-03 -6.9139699467584942e-02 1.7343536418565059e-01 -1.4618804801923690e-01 1.3998401057026191e-01 8.6634160108929152e-03 6.3459869106971670e-02 4.5308787916853437e-02 1.0122643052006920e-01 -4.2757936294930438e-02 -1.0717726707505010e-01 -1.0315850116902581e-01 -2.0188606002055531e-02 -2.9599434493532070e-02 -1.4381851156977250e-02 4.9790702113031639e-02 -2.9237205407208720e-02 6.9677005815027365e-02 3.7785178585233878e-02
-1.6185951755772940e-01 -4.8449617684494510e-02 -3.3969088178487768e-02 6.0535812394733712e-02 6.3961289122311707e-02 8.2190127109794398e-02 2.4539997702161111e-02 3.5837848427382288e-02 8.0542072521948047e-02 7.0223372292391728e-02 1.5802877424701590e-02 -1.0192615357081750e-01 -6.5703758279509528e-02 5.9343669264590282e-02 -5.6941158763417467e-02 -4.0733509694401947e-02 4.4721955912918693e-02 9.6692094373117377e-02 7.0581789215481677e-03 -1.6003030151517831e-02 1.0908852730983480e-01 -1.9061776957614859e-01 -1.7002285457809602e-02 1.1700293222654770e-01 1.3604426235268341e-01 5.9775505485764831e-02 1.0051510204958621e-01 -1.0548340836265011e-01 -3.2282369011861850e-02 -5.8778490386486137e-02 -1.7683404036485431e-01 -9.8141079230491840e-02 -1.3206386390347399e-01 -1.2760453444974319e-02 1.3475628443023110e-01 1.5975587720094921e-02 -2.4836922309648199e-01 -1.0007091362544240e-01 -4.7678737831508472e-02 -1.4409837141547749e-01 -5.2318466816164318e-02 -1.1931737254068191e-01 4.3661056548718061e-02 5.4985697296872249e-02 -1.0525315405293299e-02 -2.2109652822492550e-02 2.0454028191150761e-02 1.7551944271436631e-01 -2.1186287943807799e-01 -4.2736415130712337e-02 -1.8895004733074039e-01 1.6697010947308291e-01 3.6726412033823257e-02 -1.4011745120467931e-01 -5.9210832890265998e-02 -1.1913226241757270e-01 -1.5549708969992601e-01 -4.6718173597600741e-02 3.7369566364877621e-02 4.2419100664454507e-02 -1.7755090703327009e-01 -4.3534838380692043e-03 3.4813431795271042e-02 -6.3696065765187770e-02 -1.2229114383458100e-02 -5.1623911862734448e-02 4.6732925779568411e-02 1.5464882725522759e-02 -1.0363443906606810e-01 -1.0280329794101550e-01 -7.3005488475009372e-02 -1.1435213550707700e-01 -1.9909704092128160e-02 -6.7574158779419732e-02 -5.3845920552683162e-02 -2.4305626620688750e-01 1.0393739723532490e-01 9.9757980674646373e-03 -2.7284797864580549e-02 2.3278267096723690e-01 1.5960154153962150e-01 -7.0308115467911617e-02 1.1649073828723749e-01 6.2270089099806129e-02 7.7684782271658689e-02 3.8444873741200973e-02 -8.4355000321523592e-03 7.6112984279984350e-02 -6.9545944379905453e-02 -6.2013268006770742e-03 5.4340485803816840e-02 7.5534418990814062e-02 -1.4686973940578751e-01 7.2605902994426250e-02 -9.0725809095402038e-02 -3.9099026509427084e-03 1.0619416838735590e-01 1.1473541466691420e-01 1.6647460507414150e-01 1.3020104440578151e-01
-5.2708725588017757e-02 4.7852504933574479e-02 4.4736641208709453e-02 -1.0849492732672771e-01 1.2139151697597660e-01 5.1958065690232147e-02 -8.3056881992983098e-02 8.6912863691937958e-02 1.5264287699657381e-01 -4.9371399156251487e-02 1.5094214290913069e-01 -5.4415302734468533e-02 1.6712011845322519e-02 1.0532865185197200e-01 7.3051003005587520e-02 -2.6291650197164378e-02 6.2302114018419844e-03 -8.7524367245189597e-02 1.6017327032027809e-01 -1.0218070170441380e-01 6.0749957362131152e-02 1.1412002047875960e-01 1.4300815276448900e-01 -1.1772635464692120e-01 -5.4579043852322533e-02 -6.8686932116548430e-02 -2.0345004811221251e-01 -2.1090533773972420e-01 3.3900030861035657e-02 -7.9720048147942979e-02 4.1478687862439529e-04 1.2311726751951430e-01 -6.7197527290137685e-02 1.2953168175591750e-01 -1.0563943738108091e-01 1.2551614241790571e-01 -6.2778689874926158e-02 -4.1590175857847116e-03 -9.8063925093633431e-02 7.7869644001393540e-02 2.5549042984411650e-02 -2.0373038938381990e-01 1.4137318734429220e-02 1.0471607755235381e-01 2.0705383337471839e-02 1.1051443308368550e-01 1.3254790304517910e-02 -1.1731289120748610e-01 4.9515834924405533e-02 -1.0948268064889230e-01 2.3524573226162229e-01 -3.1860808633868420e-03 -1.8816749637924921e-01 -9.4461213108645040e-02 -6.5384631182184058e-02 -4.3082516950554969e-02 -9.8206061936104497e-02 -2.8277362213981918e-03 1.3535799067660251e-01 -7.9805250702210673e-02 -3.2959168402911812e-02 -4.2836322708633412e-02 -2.1037250179119629e-02 4.1267596873616773e-02 -1.1203302919509101e-01 -4.6806767510077667e-02 -3.3852884483617993e-02 9.1324878267096347e-03 1.1625955993063170e-01 5.8005534268680950e-02 -8.7680062219010462e-03 1.5379217330521770e-02 -3.6034401240807139e-02 1.2079647798062360e-01 3.8570851598719258e-02 -1.5151971401841050e-01 1.1142258541778290e-01 -9.5514114131966203e-03 1.9615956393920480e-02 3.6114784924447862e-02 4.1745200671790939e-02 9.0112498553944886e-03 -8.2680387854611445e-02 -1.6748714760727071e-01 -2.0187133126772339e-01 -1.6501162636049749e-01 2.3648476266896720e-01 2.1990815048493831e-02 -6.6350656757611010e-02 1.3647716088536890e-02 -4.2441939948701567e-02 6.0720285272402759e-02 -9.3241980034192262e-02 -8.3918041105584998e-02 6.1859397641715372e-02 1.2437961828997079e-01 8.1879822014845061e-02 2.4409207621856199e-01 -3.7023875454440767e-02 -1.8966960822623159e-02
1.0066899621198870e-01 1.7233703062252609e-02 -2.3606284630685221e-02 3.7767911617149721e-02 -2.5326667246854631e-02 5.1056170752872512e-02 3.0374683051713511e-03 8.5637823803432350e-02 -4.9987251735196921e-02 1.3278479492005499e-01 -3.8496007241113100e-02 2.1287408849262360e-01 6.5795815399752558e-02 8.6256764892845075e-02 4.6529258400480757e-02 1.4298557202717530e-01 8.1980269429387465e-02 -1.6385336345220011e-01 1.0608217027244310e-01 -1.8324737982798281e-01 -4.4622156733148441e-02 -1.8428339783245321e-02 1.0508311296737780e-01 7.9040506625400173e-02 5.5776292630339813e-02 1.5344986259307999e-01 2.2052955314019271e-01 -1.9943497755914929e-02 1.7531226801051961e-01 1.3526322993037709e-01 -3.0722821310782251e-02 -8.0918350882540499e-02 1.2745261888850589e-02 -1.0760888132700420e-01 -1.2950765700043920e-02 -3.2824318770776052e-02 1.7395292373034439e-05 -2.6464981119980559e-02 -1.6334347424033821e-01 1.2706711215466501e-01 7.8657508572423110e-02 4.9007957652001957e-02 -5.8847742991467542e-02 -3.2157966078737422e-02 -7.9677297466363012e-02 1.0918810916119470e-01 -6.5746689250165191e-02 5.2468667317674363e-02 5.9247153322441341e-02 2.5257580554691642e-02 1.0313221761697020e-01 -1.0125857730497489e-01 1.1059864353180149e-02 -1.7102072451043879e-01 1.7129579826948491e-01 -1.4699942240515360e-01 1.8653347374146620e-01 2.7312584465200052e-01 -1.3070176398884620e-01 -9.8874209639550362e-02 -1.2201494609430960e-01 3.0253137330639251e-02 3.7903171186371310e-03 -1.4030421615990499e-02 8.0824845549082855e-02 7.4542504761898068e-02 2.0313854323885109e-02 -1.3215305598161220e-01 -3.8963525840114061e-02 -5.8705570952907522e-02 2.5133949889457070e-02 9.7342674365467230e-02 1.3072268846389759e-01 3.5319081355814803e-02 -6.4261269315144726e-02 -4.4550312803746828e-02 1.2260092143088749e-01 1.0908421443459421e-01 7.7617816392809513e-02 -7.7512740552448833e-02 9.6503227677532125e-02 4.2358341737747753e-02 8.2075668952022562e-02 -1.1343505278465660e-01 3.6185980742847110e-02 1.9002907061773369e-01 2.1908402974380090e-01 8.9856683230640048e-03 -5.8031999093274438e-02 -1.5241679878856770e-01 7.6279328606190973e-03 8.1625689046959674e-02 -1.6433718817086222e-02 6.1372799875189878e-02 1.0163937083297871e-01 -3.3798121485266459e-02 1.5755489187625961e-02 4.3165587986939639e-02 1.2668770696629189e-01 3.5070161706259893e-02
1.8342631992808461e-01 2.4386548034416929e-02 -1.3920940215862160e-01 -5.7345899436461852e-02 -1.5639099026235389e-02 -1.6316614168620749e-01 -2.7475111109143018e-03 8.1609026680393118e-02 -4.0446722550802700e-02 5.5378703159927930e-03 8.3407648330011658e-02 -1.6357313646117469e-01 2.3051919915217569e-02 4.8500650502797241e-02 -2.1728625354731721e-02 -1.1202578397460640e-02 -1.3410162449040369e-01 7.9823025237796691e-02 -1.3293476714684449e-01 -4.1543861386360403e-02 -7.2296322387289419e-02 -6.9283211546923157e-02 -8.7429369586914281e-03 7.0871621369849272e-02 2.6139110724706421e-01 -1.5741288171385620e-01 -2.1597728920362561e-02 3.6823123752890590e-03 -4.3423179454653411e-02 -6.3660499878552892e-02 -1.8163665451110231e-01 1.6852424605963839e-01 -3.4948369475710409e-02 -6.9754120854954083e-02 -1.0798183167929459e-01 1.5603254316863621e-01 -7.2677647329860817e-02 -8.0842235414370994e-02 1.0373355513540670e-01 -5.7380026717734109e-02 1.2216812212547290e-01 -1.0183590665653710e-02 -4.9822536831450699e-03 -1.1827387265806920e-01 -5.2288217278852737e-02 -3.2699189439999603e-02 9.4503351936568919e-02 -1.4854926070496449e-01 -1.0981191480283220e-01 -3.1178908242809888e-02 1.4531775382826689e-01 -7.9096090451806073e-02 1.8743337905449531e-01 -1.4347979604399069e-01 -9.5308608270858824e-02 4.6352477021561783e-02 3.8489509412260883e-02 2.1889104931928520e-02 -1.3414781970294259e-01 1.0203404701566460e-01 7.2886846043953984e-02 -8.8032716291482890e-02 2.0539595878291041e-02 9.6049176469923017e-02 7.0558085773164803e-02 2.1434436545118010e-01 1.2072388372436760e-01 -1.2905489589415239e-03 -5.7715821045014423e-02 1.2810495516740560e-02 7.1684944492132283e-03 1.8057790181160319e-01 -5.5819482584821098e-02 1.1205294178835110e-01 4.7538713394084539e-02 5.6301261284378602e-02 4.4254214107498488e-03 1.0342900958464470e-01 5.1818514993915897e-02 -2.8384518419679580e-02 1.2543100349220210e-01 9.3992606480784571e-02 6.3315796057702101e-02 2.4375134491744291e-01 -5.0968105849937523e-02 -2.1543152021083589e-02 -5.7774689808602273e-02 -2.2776779812947359e-02 -5.8423625412364392e-02 -7.3555866804281056e-02 -2.4093154894690171e-02 1.4526735207391339e-01 4.6213107220402450e-02 1.7643814749321679e-01 9.8700723425988027e-02 1.4485203283447320e-01 1.9717470180009980e-02 1.5548663253730499e-01 -7.1100588749448537e-02 -5.1724397246288939e-02
