# CEC 2013 LSGO F09 rotation matrix (100x100)
4.0593199509399089e-02 -2.6351218298655141e-02 9.8784600197398084e-02 4.6074231617341931e-03 -1.1934696647320850e-01 1.8594344622366341e-01 1.6725485105022381e-02 -6.1167660140796568e-02 1.4610081950792489e-01 -1.4790900494055459e-01 1.2151574754469539e-01 -6.1437932987859808e-02 -9.2552868127782295e-02 -4.7545696898377857e-02 9.4864666793336216e-02 -4.6700667421530923e-02 -7.9848929485817066e-02 -6.8092630443917113e-02 8.9743577703785438e-02 1.3650639568452499e-01 3.8482903091181589e-02 1.9773732334990860e-02 -6.7185724166877639e-02 2.1356319142905120e-02 3.9979535875235860e-02 1.3800686716177130e-01 1.4638468637979721e-01 -1.0513378705177211e-01 2.1989101649933901e-01 -8.2938741834120297e-02 -1.1689927014319999e-01 8.6515020720386679e-02 1.6180417338970249e-01 -6.5130430118148383e-02 -4.5569858764982873e-02 -5.1093588214341061e-02 1.4400017445179861e-01 2.2896946810499790e-02 2.0072551231374389e-02 1.0500704238312830e-01 -2.3860764540675389e-02 6.3185673871838391e-02 3.4318016899973047e-02 -7.8826990855200035e-02 -3.7304815326908518e-03 1.8110061422963949e-01 -1.6743040085670069e-01 7.3910458141327545e-02 3.6829367596822059e-02 5.3049259946536739e-02 2.8859877836064848e-02 4.2479099897607691e-04 3.2650362324613498e-02 2.1783438539288609e-02 -3.5229095910992367e-02 8.2439647882575073e-02 -5.0459955331976378e-02 1.0244334683251111e-01 -6.1938949813968178e-02 -3.4516289270760688e-04 -1.7569076745078169e-01 5.7222936192082317e-02 1.4195615471126591e-01 -2.7417622539175751e-01 -1.9855694999133588e-02 -3.6689845138728271e-02 -1.7114814398098860e-01 2.9566188543828940e-02 3.3807582156112231e-03 2.0449338877273470e-02 -1.3590094510171891e-01 6.6406315169685023e-02 -1.7917470606394709e-01 -8.2628835547888649e-02 -9.9072101104167046e-02 -9.0808349299504570e-02 5.2670309860342650e-02 2.7073679207893281e-01 -6.3386531216674050e-02 -3.5305333707029242e-02 -7.9383990559076939e-03 -1.1208931524924880e-01 1.4878155643202761e-02 -7.5627660165114741e-02 6.1639362287839811e-02 6.9918755066625121e-03 9.0087709886460837e-02 -1.0572306276077190e-01 1.0379500708065290e-02 -1.6343428500504149e-02 2.7648908403950779e-02 -3.4695615326852898e-02 -2.7996907721343969e-02 -6.2751156199527022e-02 -2.9271242290466443e-01 1.4602479318564371e-01 5.2369140111474137e-02 -6.8429822674558105e-02 6.6117626079782749e-02 9.5475655809303478e-02
2.0903550769568049e-01 -1.0908585342671460e-01 -7.9417465566499701e-02 9.1634907736670313e-03 2.9350017280270219e-02 7.3479407259858853e-02 -2.7971307986133571e-02 1.7878570474320649e-02 -1.7869192914372611e-01 8.1275255419072739e-02 2.3443483863454451e-02 -5.7847831155342332e-02 7.9952864786187072e-02 1.0368700186770170e-01 1.6602433121146570e-01 -3.5487924944779363e-02 -1.3048238540279131e-01 1.7321665801691200e-03 -2.6756186461806618e-02 -2.2179956883007240e-01 1.3733103533272131e-01 9.2962367421709047e-02 1.8117269791598509e-01 -2.3721856786845741e-01 -1.6847910984519221e-01 -3.5874855203727948e-02 -1.7577135783596390e-02 -3.1905903656900117e-02 -7.5594937991038891e-02 2.1948850881047081e-02 3.3947698755786113e-02 1.2458474406649050e-01 6.2414063756524453e-02 6.3521006408517974e-02 -2.9299496436164179e-02 1.4241378008459160e-01 -8.9244778459677768e-03 -5.2701525428476302e-02 2.5531924079724318e-02 -8.9998576162560240e-02 -6.5847160950940384e-02 -1.4290445388053680e-02 1.6165782489044089e-01 -9.0862214787489681e-02 -1.8585940747355590e-03 1.0270355616451410e-01 -1.4512588709878940e-01 -4.6237346311178380e-02 4.3693706739235068e-02 -1.2393175339274080e-01 1.4401544100971721e-03 6.8034922104195150e-02 1.8547338702500461e-02 2.3386380508591740e-02 -2.0841824826393859e-01 -8.2855636843765748e-02 -5.7051136764825143e-02 -2.0410017165290988e-02 1.2372386482351461e-01 -2.0507729531706859e-01 4.4380420285150032e-02 1.0608124712968550e-01 -7.5091395434713368e-02 9.6157641438863226e-02 1.0119440996052040e-01 -1.0984750062107280e-01 -3.4188555811960127e-02 1.3591571942472019e-01 -1.2705272427401620e-01 2.2709637202298172e-03 6.6895895340146533e-02 2.1387905351833500e-01 -9.8788559276369259e-02 3.0090102974073100e-02 -1.2763157685395529e-01 -1.3035341463157299e-01 1.1778970275173811e-02 1.1870740078962190e-01 3.2318064566133918e-02 -3.5130008141122902e-02 -1.3194302055312371e-01 -2.0421014563368641e-02 -1.5687280146709839e-01 2.8090865325691310e-02 -2.3431850050272679e-01 1.7704829512945379e-02 3.4229246916722508e-02 -1.2652073899763430e-02 -1.5860402886995400e-02 8.5252873293141088e-02 -1.6759106689185241e-01 -1.0897890363379040e-01 1.9963624441787519e-02 -7.7974061246587359e-02 1.4331198230205931e-02 2.3595284697850990e-02 4.4814292650793487e-02 3.0257804205629912e-03 -6.2744482600955193e-02 5.0161107034002398e-03
5.1336488657798857e-02 -8.2346307702749019e-02 9.4652567669197774e-02 -2.0665948642404740e-02 -1.5951867662664491e-02 1.0828848650336390e-01 -4.5705505621092699e-02 -2.1146724579372900e-01 8.3261391467815180e-02 4.4555090890419653e-02 6.1533245493646336e-03 1.6805152924455519e-01 1.3317714446757990e-02 -2.3796455894886490e-01 -1.3505874538002760e-02 5.3742888086622802e-02 -4.2968211340413773e-02 1.8730533648484859e-01 5.6069754889565768e-02 -1.3493881029695790e-01 -1.0893572125253621e-02 -1.2452026911837211e-01 1.7379846360054289e-02 -1.3426236498569260e-02 -3.1102103477865191e-02 -4.8941825122538557e-02 -6.9624369812147244e-02 -6.3474772496489890e-02 -1.1373587880365491e-01 -1.4376589544192739e-01 -5.2928489058451128e-02 -3.3470272847930957e-02 1.1048611690864371e-02 -8.6227884055842877e-03 7.5917086074130835e-02 -1.9838983983974151e-01 5.7236640880785762e-02 -4.2148086901554589e-02 -9.3750873262791481e-02 3.1061622412616358e-02 -3.4484446581089033e-02 -1.1501802079711219e-01 8.0402157437855060e-02 -1.0583557073175071e-01 1.6095468499899169e-02 -3.0826573509950481e-02 4.7837064358851343e-02 2.5023070407068821e-02 2.1169768018176591e-01 -5.1954524617666531e-02 -6.5763965250945994e-02 3.0512033722521200e-02 1.6582074324254950e-01 -2.2275118544819211e-01 1.1415047386912401e-02 1.3991158830969710e-01 -2.2164934606004519e-01 9.2482768258492387e-02 -1.2026000966173549e-02 -8.1760823518985865e-02 4.4460903111097502e-02 7.3978613184999903e-02 -9.3438867204726245e-02 -5.6925388563073614e-03 1.7449999885860751e-01 -6.6263223682011554e-02 1.3676121202388279e-02 3.7075410080737517e-02 1.3096094822464009e-02 1.9164592116371830e-02 -1.3741624654584891e-01 -1.6974361726068379e-01 -1.7397975769778459e-01 1.1342621115650860e-01 2.3376091463019111e-02 -1.9820454208304719e-01 -1.2396834007942610e-01 -2.5815078671906039e-01 8.5257754654781900e-02 1.4569959474886901e-01 -1.1202139357398919e-02 6.1499729066742073e-02 -2.2264236993231021e-02 -1.9047393076826971e-01 -3.5504765352020050e-03 -6.8337629851470988e-02 -8.4188718233612667e-02 -2.1211734411388981e-02 4.0384310601463084e-03 -1.5460509160094300e-02 8.8176904452131846e-02 -5.1974548631197643e-04 -6.3251954554733425e-02 4.4052280907469862e-02 -5.8899447481810842e-02 -5.9833449067178829e-02 1.1920807028792239e-01 9.0118765675276852e-02 4.8134209221325983e-03 -1.2023332591064200e-02
-6.9321326613374340e-02 5.3747019269496210e-02 1.5382815654085549e-01 1.4368430811830051e-02 -3.8235703163156803e-02 -5.7643385679117060e-02 -1.7973273645391910e-01 -7.6602867341871231e-02 -1.0823475875956580e-01 1.2849109032938710e-01 1.4388323157018210e-01 2.1925961438389849e-01 1.7815293150984990e-01 3.0968225530746413e-01 -1.6426047217374870e-01 1.4757115709292921e-02 -7.8601799762797700e-02 -6.4376695612497509e-02 6.7946456990996815e-02 1.9366969350378660e-01 1.9361258996883821e-01 -7.3738921231041362e-03 -5.1155394189282303e-03 9.0960925796009950e-02 1.6764589796097112e-02 5.7788529152397530e-02 6.6931063356790749e-02 -3.1570858411224791e-02 9.8124258501690723e-02 -7.8116472765043188e-02 1.8650961620721881e-02 1.6091296187305190e-02 -2.8831682719165691e-01 4.2674655351487137e-02 1.3116945204686681e-01 -1.5168179337369689e-01 -9.7476540077477344e-02 6.7362839023164783e-02 1.8699435634002660e-02 -4.9801000653929950e-02 -8.0155800141017655e-02 3.6278149321982707e-02 3.6018852898783198e-02 -5.9201369942710573e-02 2.5228320558863350e-02 -1.1012043446981890e-02 5.1843496866597061e-02 -9.9153905172215784e-02 5.1386743415203842e-02 -8.3751142969549705e-02 3.3923357921282760e-02 1.4724492430012540e-01 1.3698991605958230e-01 1.4867733979261820e-02 8.7177195480757419e-02 -8.5931171441941567e-02 2.6951982276812218e-02 -1.4656685176559689e-01 -5.8623617555440183e-02 1.0277537389218640e-01 5.3021641769276503e-03 -5.7666042174242267e-02 4.9843003858407467e-02 5.0893558241409738e-02 -5.0723121692866163e-02 -7.1514791485888241e-02 -1.6023879092766001e-02 9.9941458991952406e-02 7.6279286811560362e-02 -1.7889784092413930e-02 -1.1654505308103920e-01 2.0461989846944612e-02 -6.6932210312932242e-03 2.7465907197677109e-02 -1.2985444271581209e-01 -7.5642698326148089e-02 6.9767649981662835e-02 2.4160288931818551e-02 9.1575462281744888e-02 1.0633603565377620e-01 -2.0176710299766309e-03 5.0937199362961150e-02 -2.6607128364665909e-02 5.5430117953682079e-02 -7.6970227079380421e-02 -2.4343099854895831e-01 -5.1220852723506363e-02 -3.7305513372356311e-02 2.2144598350108721e-02 1.0898866677854289e-01 -7.4197991386548978e-02 3.6510766809459819e-02 1.4944432345801761e-01 -7.8211847658766737e-02 -7.9335162040777715e-02 9.3012372194773957e-02 9.7378603150632362e-02 -1.7906197414569661e-01 2.2215515899863592e-02 -6.4428934071127819e-02
1.3037020783427969e-01 -5.2642997803525250e-02 1.4497205184218690e-02 -6.0478787803458833e-02 -3.8093039832693868e-04 5.8687036778424753e-02 -6.2373753951974358e-02 -1.0419123799529299e-02 9.9446943340083929e-02 -1.2560341172412150e-02 -1.1465060520324979e-01 1.8626580213867389e-02 -1.0351113627207389e-01 -9.6208020369891165e-02 -1.1868836438301800e-01 1.6541881030078370e-01 2.3123815027534082e-02 -1.4780797919759389e-01 -2.5519884578923813e-01 9.9195218693016271e-02 -2.8490488500762402e-02 3.8933198988308083e-02 7.1764690148764923e-02 1.0343300452385611e-01 1.2656371991084611e-01 -9.4384941554388507e-02 -1.3875288690945490e-02 -1.2848300129575660e-01 1.0255652608373669e-01 6.5651794048781478e-02 2.2279540691240271e-01 -2.4008179334447832e-02 5.0824273914723467e-02 1.2489074318468650e-01 -6.2228573329073132e-02 -6.8976243667515050e-02 2.9070099734831651e-03 6.3229860990266881e-02 1.1276892920713701e-01 -3.7123449813068497e-02 -3.0465276825903810e-02 8.8918476480616071e-02 2.2237936416059811e-02 -5.2433401368104163e-02 -1.6916491932329630e-01 5.5155132857688518e-03 1.2451752968932291e-01 -1.1770123369459770e-01 -1.0488899448210801e-01 -1.0005913594084830e-01 -4.6424810801962979e-02 5.5582595714146157e-02 -4.3690658202833542e-02 5.0524785131336551e-04 -9.2002393575856628e-02 -1.4111035029161539e-01 -3.2305328206455652e-02 1.4663379804282481e-01 -8.7241292376654019e-03 5.7982380323997391e-02 -4.3509942991252042e-03 -3.4291119860956523e-02 5.0378910244749308e-03 -8.2272239465330365e-03 8.1088636097219211e-02 -9.1004184634895902e-02 2.8794830880172682e-02 -1.7420731734341610e-01 1.6313943894187419e-01 -1.1193198029749080e-01 1.8014213897178041e-01 3.7869918106970171e-02 -1.2737531521109699e-01 4.1921637444463901e-02 -3.6403268065217063e-02 -6.0648420420055298e-02 -1.6745810274616429e-01 2.2617261979936190e-01 1.6114847974715479e-01 -4.2666459669331518e-02 -1.3626900007540160e-01 7.1144651639487577e-02 -2.5218033907690229e-02 4.5181883552680858e-02 -1.5341126112340631e-01 -2.1976154199702069e-01 -1.1068918508071980e-01 3.0423090555525421e-02 -6.5574357404895242e-02 -7.6684942794959743e-02 1.9155725412798480e-01 -2.6870514215432791e-02 2.4441798354177580e-02 1.4469172931049140e-01 -1.8104944237108910e-02 -6.8675765702578717e-02 2.1141503217053981e-02 9.4983026551504715e-02 9.0580694362736955e-02 1.0372504770232729e-01
-7.7149614532545874e-02 1.1840363798158630e-01 5.5531523885574037e-02 6.1528150121821980e-02 -3.7885836985785223e-02 6.8122284371244082e-02 4.1517711904551988e-02 -4.0022093005035578e-02 6.3123819380337648e-02 6.7284989228538442e-02 8.2323196838290355e-02 7.9429064855053605e-02 7.1737601752618729e-02 -8.5048120765510160e-03 -1.0818814378654010e-01 7.1616407923307007e-02 -1.2734596390291511e-01 9.7877765381994733e-02 -2.1285967254337121e-01 -1.3352774942194629e-02 -5.8487606268521647e-02 -7.7043780490800934e-02 7.5792933836914947e-02 -3.0657193876614790e-03 1.6923588831686699e-02 -7.0384142322071505e-02 -6.1754323495484292e-02 -5.3113150656884101e-02 4.0016429374176023e-02 6.0932612196252373e-02 5.8241589614457127e-02 -1.2427074956224730e-01 1.0076395699980049e-01 -4.8221222482415532e-02 -7.0582567170403357e-02 2.3724071639937860e-01 7.8889707234698001e-02 -1.5451824272578471e-01 -8.1614347381116115e-02 -1.8908491678347061e-01 2.9944373285683709e-02 3.6704312718321669e-02 5.3174069597805261e-02 -1.1028024542768350e-01 -1.8789930908865199e-01 2.0744311380028199e-01 -3.1089521555490100e-02 9.4605692203118874e-02 6.0003143103667410e-02 1.0785416990772630e-01 -2.0826876794909621e-01 3.3922141821463220e-02 2.2122838889605961e-02 -2.3191156735493330e-02 7.8154076630690794e-02 8.8469810479308714e-02 1.0077351387085610e-01 -4.3327838914669937e-02 3.1971059557786258e-02 -6.9191003719074551e-02 2.6714671421426809e-02 -2.6623289363578179e-02 9.3152665583939032e-02 1.5723427076711549e-01 5.4317412451487912e-02 6.5578364318046936e-02 -1.1187394866478589e-01 4.3953218376696038e-02 -9.6006052741404904e-02 4.2379101347127038e-02 -1.3099398909558521e-01 1.2028092523904360e-02 1.2683655070461161e-01 -1.8658979046216881e-01 -3.6547851642002832e-02 2.6232632374165780e-03 7.4418483233726684e-02 2.5128313274847120e-02 -3.7930425382005522e-03 -3.7628980620924700e-02 4.5953002883601879e-02 7.0400841306158049e-02 -8.9742541169972843e-03 4.8367362200357790e-02 7.6136426351551753e-02 -1.9142462305601821e-01 -1.0328879247286819e-01 -3.3622058973545332e-01 2.5262219800898739e-02 -2.3550201524836920e-01 -6.7832688818950632e-02 1.1540727006190570e-01 1.8926636005745311e-02 1.2810662285195919e-02 8.9958921461869137e-02 -1.4373529054911341e-01 -1.5185084007875110e-02 -1.1552386912432661e-01 -1.6038591184062950e-02 1.2619591883101669e-01
-2.5928862034668130e-02 -1.3526706498699889e-01 5.2823566684923058e-02 1.4625669989442200e-01 1.7839668554433710e-02 -5.8455920418628821e-02 -1.6068954598118379e-01 5.7100527681842192e-02 -3.4274179416444943e-02 -5.5687892583440299e-02 -6.6487219894540386e-02 3.6693918655536298e-02 -1.2515971105714371e-01 4.4772295806265433e-02 7.9316979187904844e-03 -3.7033486776985848e-02 3.6268080912128499e-02 1.5638038045678090e-02 1.8133504297565231e-02 3.0492313428745290e-03 6.8728897159267721e-02 4.3333662868909537e-02 -1.6229904487754609e-01 -1.3866889865256421e-01 4.8156778935076479e-02 2.6064790041918041e-03 -1.9669915241494870e-01 -1.4493226731739761e-01 2.3233034635082771e-02 -1.6625184903107371e-02 4.1096032834342072e-02 1.2504924894877451e-01 -5.1102937862515997e-02 8.3791842152221394e-02 -8.7026269451731197e-02 6.4257841315115985e-02 4.5837409047103039e-02 5.1117265965708591e-02 1.7629798736503371e-02 -4.9665801060261701e-02 6.9376565044008534e-02 1.2489115790800000e-01 -5.7388185956784118e-02 4.5989445589355922e-02 -7.9785773646088937e-02 2.6908867760951180e-02 1.9788444448051329e-01 1.7775329574407389e-02 4.8991977833515908e-02 9.5542196393841372e-02 1.3688453851651790e-02 -1.6401736280854722e-02 -6.1691080751204407e-02 -4.2252171005626477e-02 1.8342491142748599e-01 1.4584683425461900e-01 -1.1230629118609350e-01 -1.8258378023049990e-01 1.7660927947546221e-01 -1.0040607691217980e-02 -1.1953828532327290e-01 -1.6948061888429979e-02 5.8972054614639932e-02 -3.2373968587365937e-02 -4.2752484671362147e-02 1.1504127433618941e-02 -7.4656350740129815e-02 5.6767158877706961e-02 -2.8753161859196429e-02 -1.3378910817370090e-01 5.9670125527329879e-02 3.0976129638118351e-02 -5.2314665223795027e-02 -8.9457838969014047e-02 7.3744476579669978e-03 -1.9548671735088041e-01 -6.1504906722237617e-03 -1.3683288724962411e-01 1.5971282071860909e-01 -9.7245931737202695e-02 -1.5108080456365491e-01 1.6508054910391620e-01 -1.7559257937435641e-01 1.8368194620189740e-01 2.9168976372022148e-01 -2.0780983338168021e-02 2.6469875225333628e-01 -3.5967371148823597e-02 -1.3616339525370941e-01 6.4269341680293121e-02 2.1804037319749000e-02 -6.8865490478325075e-02 1.3137279055427260e-02 -9.1749154153174875e-02 -9.0976198388030810e-02 -8.6925355444283273e-02 -3.8632522970139423e-02 1.5793549133540580e-01 -5.1996891954162378e-02 -2.9899863686402930e-02
2.8800751620043578e-02 7.9236878753643950e-02 -1.6454701741098171e-01 -8.3822060659059158e-02 -8.7892272261884466e-02 4.1196990003494766e-03 -8.2231489209860259e-02 1.6583177759550111e-02 9.8949240693252741e-02 -3.3558012623220251e-02 9.6393812119870526e-02 -4.7964782482160087e-02 1.0641286933844659e-02 -5.2696880415972612e-02 -1.3196967566187909e-01 1.2486034875387680e-01 9.8057565934204033e-02 -3.3670815479648453e-02 8.8973309643274975e-02 2.5330791911822002e-02 3.0976727548274099e-02 4.8808835753276741e-02 1.1481411938785920e-01 -8.9747380649386213e-02 -1.6181213912659359e-01 2.7152584589429413e-01 -1.7508674457192369e-02 5.7417072728627359e-02 3.9990528881380357e-03 -3.3135943785981822e-02 1.7262244715098871e-01 -3.9794716445904259e-02 4.0772369727632513e-02 -5.1316118844905563e-02 1.1407527841703030e-01 8.0631736613285404e-02 9.6298424189624213e-02 -3.7659887897973601e-02 -9.8110075634569263e-02 1.2887759169392199e-01 9.4403402516631735e-02 -9.3891041467112746e-02 -2.4083734890763198e-02 -1.5251689685636799e-01 1.1171491308023709e-01 -1.5561027113660669e-01 9.2700702717901234e-02 -8.1730448680541593e-02 -2.7426071206579170e-02 -6.4112068159866101e-02 1.7655088751789519e-02 1.0124448116353450e-01 -1.3002698184013251e-01 -1.0436973118360381e-01 2.2894400381829660e-02 6.4699234481017831e-02 1.9683950384111831e-01 4.8181182528940478e-02 -5.9537630032655130e-02 3.2383212137033560e-02 4.7764310612305211e-02 -9.2836015563266081e-02 2.6321576689068232e-01 -1.0346362807319991e-01 -1.1602341033485650e-01 -1.9128155699450700e-01 1.0641201314608040e-01 4.3920095993392270e-02 -9.3507351709956138e-02 -1.1028252462725670e-01 6.0993605035722258e-02 3.0908382978113030e-02 6.8169714070765181e-03 -1.0307687014856159e-01 -1.2619990607381891e-02 -1.5911125628275541e-01 7.4871681133825252e-02 -6.9472984161472476e-02 -1.1385260226609779e-01 1.4150276300060891e-01 -1.4978702334905170e-01 -4.4135856960927138e-02 -1.7142172902673161e-01 3.6973949777674417e-02 -9.3818687092475012e-02 1.1558324293661720e-02 -7.8914999727413768e-04 -7.2987024168079284e-02 1.8902669663755139e-01 -9.6473505280694538e-02 6.9891494809723648e-02 4.4184670618505763e-02 -6.1024463469500682e-02 -1.2790538945399210e-01 -4.1179240622996232e-03 -1.9514339258322350e-01 -4.5839143596188743e-02 1.1364208343672000e-01 1.1704569451162499e-02 -6.2416209009249247e-02
-3.8961452865856491e-02 -1.7924672425207889e-02 -6.6568591619432405e-02 1.8401784819134570e-01 1.1152508060161620e-01 -1.1662270579595370e-01 -2.5626384704116002e-03 -2.1981564481284169e-01 -1.8137799423791529e-02 -1.5630220036777140e-01 -2.2578025936424631e-01 -8.0050323731780226e-02 7.2492979607088087e-02 4.4684410164573203e-02 4.2488655063013948e-02 -1.3378559825067779e-01 3.0550499139177831e-02 -9.6632785316392317e-03 -1.0138185354938600e-01 1.3444712770950340e-01 9.4183961132494012e-02 1.0627075384157940e-01 3.7527000759061097e-02 -8.0029446933773368e-02 1.7264792433112491e-01 1.7311243744521940e-01 -4.9719625496413601e-02 1.1678313074413769e-01 -3.1430085268895569e-02 -6.1713313428156127e-02 1.4112364541763259e-01 -5.4317011812798542e-02 -9.0924709298188331e-03 -8.4914111572982134e-02 -5.5895974485500828e-02 -7.3867402124831019e-02 1.6359153185060049e-01 1.0210505139245520e-01 -3.4100188608322951e-02 -2.1582873442043220e-02 -3.7435262758573763e-02 -2.2272836918795369e-01 -1.4464737901776589e-01 1.1046632292830981e-02 -4.8223255017708001e-02 -7.8276751420284091e-02 -2.1611906805958209e-01 -5.3908470087288878e-02 4.6415525471086301e-02 -5.1417781970782887e-02 -1.2170736663116161e-02 -2.1229641155879950e-01 1.1322488448340021e-01 -2.9521482509965731e-02 -5.1663188027768148e-02 -7.6644284129821369e-02 -5.3324745914800763e-02 -1.2097544226029380e-01 -7.6383295004831736e-02 -8.0782845400785092e-02 3.8063500584934983e-02 -5.2049528532948667e-03 -4.7237431135263810e-02 9.4877750670111727e-02 -1.6616097402379221e-01 1.1431214825018360e-01 -2.0959366560633730e-01 5.4415017747608083e-02 6.0018792215512713e-02 -1.3992615542664619e-01 2.0531154346373540e-01 -1.7549763543210459e-01 -6.2756510609542113e-02 -2.9361673466830350e-02 3.9034294827020623e-02 -6.8322135683676982e-02 -4.1338808013370122e-02 4.4660802328843660e-02 -4.0875330651421037e-02 -2.8710236898064670e-03 -2.9297752068394640e-02 8.0034561497825327e-02 -4.8664678753727521e-02 -8.9889221330429384e-02 -2.6208749464720429e-02 -1.6981699018035680e-03 -1.0611091665057119e-01 -1.7457222682944551e-01 7.6766486798570899e-02 -5.6249998401107809e-02 1.3188201360545651e-02 -7.8221376311505816e-02 -3.9962602382606772e-02 -1.1308250962043810e-01 2.5128883915038810e-02 -1.5278335002176969e-02 1.1023517465055530e-01 -1.0491878594112790e-01 -1.5427401037223371e-02 4.0954483712308698e-02
-4.3460461757879362e-02 6.8617256353663211e-02 3.5523775482483443e-02 1.3068489920783760e-01 -2.2136014124254380e-01 -1.4629724473130501e-01 -9.3966739581120839e-02 1.5536872682573130e-01 3.0363409172111999e-02 8.8786637193681406e-02 4.9141941225173319e-02 -7.6104650997126891e-02 -3.8637159902195788e-02 -4.3098651645207098e-02 -7.0845933601054636e-02 -7.9059202365249173e-02 -1.9111078996498509e-02 1.3196041208199500e-02 7.1680947773553770e-03 1.6941548393653770e-02 -8.1978980972899226e-02 -4.6937331149354257e-02 1.3410212148684569e-01 9.1430273000369724e-02 -1.6730743295168691e-02 -2.2141023082929151e-01 -5.4195638486782653e-02 2.2339956244102309e-02 -1.3896674016640539e-01 -1.0908011296318940e-01 -2.1929696992995951e-01 7.8018373806016658e-02 1.1627268786134611e-01 1.0101572145332310e-02 -8.5984579422778401e-02 -5.9552972958660022e-02 1.2700798787563590e-03 9.1618867022084952e-02 -1.3173831060974631e-01 -8.0945601915787369e-02 2.6386540290263241e-02 -9.6527626981954426e-02 9.0316547270758191e-02 -9.7253332398727743e-02 -3.7934355804973341e-02 1.0730149925896661e-01 -1.0148905156549710e-01 7.5216547601380676e-02 -2.5626710584731111e-02 -1.2955414235130289e-01 1.6380435135214429e-02 2.9458093285494608e-02 -3.1424539573160681e-01 6.7488667073891187e-02 8.3221508522247911e-02 -1.5013765635325130e-01 -7.7802178604554365e-02 -7.3080537216683200e-02 -1.6945715253515889e-01 1.3971873337013279e-02 -1.1411020898652380e-01 3.0485866917949720e-02 -8.8216925497803050e-02 -2.8997849490704081e-02 -1.6256109116071050e-02 -1.1507222353292690e-01 5.5368820991052621e-02 -5.5572056060057204e-03 1.2423181428943620e-03 -5.2500530760929663e-02 1.3718230215318289e-01 -3.0020090358943852e-01 1.9819783773816751e-02 3.2768973118766698e-02 -7.0847361781976037e-02 -7.7001411432548975e-02 8.1606187414919151e-02 -3.7090668677017012e-02 1.9103495290250169e-02 -1.7178921243359541e-01 -9.4728609187533105e-02 -9.0170894833392787e-02 2.8581388905521060e-02 -8.2969178860548137e-02 -3.7091495482079018e-02 -1.3936024074394149e-01 3.2097895627932319e-02 4.6519611110634573e-02 9.7154463965684210e-02 -1.6883605684512880e-02 7.3451130333175324e-02 -1.9419459077475089e-02 1.1179876740704579e-01 -2.1930647552471599e-01 -5.6307452377872172e-02 -5.5423374658024771e-02 -1.1491437472253151e-01 -6.4927686231163462e-02 -1.0435559394093870e-01 9.4304789334872137e-03
4.1719615158980067e-02 1.0612332089945049e-01 -4.2088993038058471e-02 6.2090514581847516e-03 7.2425240029340601e-02 5.1637477373582048e-02 -6.9025731894513845e-02 -1.2817444833509389e-01 -8.9293850362584276e-02 1.5611628352146269e-02 7.1205498102850678e-02 8.0268839913678145e-03 -5.4376698491545049e-02 8.4680693628186490e-02 -1.9453109748908230e-02 -1.7853846602354020e-01 1.3788999550563780e-02 -9.6508940237064189e-02 9.8224437020335592e-02 2.8020893333217639e-02 1.8219927248868190e-01 -1.6367511582061850e-01 2.2158857061077930e-01 -2.5242775933572770e-02 2.2693125598622299e-02 -8.0124284685694248e-03 -1.2149975138448040e-01 -1.1502252574071380e-01 3.7612731295613072e-02 4.4442051465159498e-02 -1.4455636600611649e-01 1.9694954102742970e-01 -6.9717323810236251e-02 -3.4754585035589973e-02 3.2839102146162290e-03 1.4459349139610250e-01 1.3443579444722650e-01 -5.4457298441941944e-03 1.4194947973153510e-01 -7.8042562176728572e-02 -9.1624941128116158e-02 1.3344537212633440e-02 1.3456825202974410e-02 2.9973760004261518e-01 -1.1300633228050109e-02 -1.1903361754209460e-02 -1.1844736805736691e-02 2.5092367546852268e-01 -3.4745038654057981e-03 -9.5463980261730322e-02 -1.3063318431288631e-02 -1.6048042731640691e-02 -5.0007974479643377e-02 -1.6678313737959369e-01 -5.4047207406329477e-02 8.9947081718632693e-02 2.3237137307911951e-02 1.2835025127004890e-01 1.7783243268327170e-01 2.1589589101606199e-01 1.9700103141532269e-02 -1.5049711274110219e-02 1.2410504559082890e-01 -7.9317574409581884e-02 -4.6108294636546983e-02 -3.7120900717052728e-02 7.5619681487932591e-02 -5.2436765134022692e-02 1.5563512861172799e-03 -1.3298329772188261e-01 6.1107610095645540e-02 -1.2010194453399700e-01 9.6160402217744120e-02 1.8184988081927009e-02 -1.1515486076394010e-01 -1.5875684132457140e-02 -1.4680056273321279e-02 -2.2930292099914321e-02 -1.2339350805489550e-01 -3.8799967670390158e-02 1.1865560146601460e-01 5.2727504490378177e-02 -7.8221340189863806e-02 -1.2767099143037469e-01 -3.6586596894630612e-02 -1.1518083930656151e-01 -1.1901537269276510e-01 1.1726752779212510e-01 -1.0952677712532501e-01 -1.7153033560127201e-01 4.0820079118115978e-02 -5.7845560088557790e-02 -1.9215857947648021e-01 1.0312410839311430e-01 4.9284421203946507e-02 8.8582880369248700e-03 8.1971581045596001e-03 -5.7532822774367172e-02 -8.2838619152237225e-02 -1.9584601093803881e-02
1.7801749976018310e-02 -2.5463336979036091e-02 -6.5649470372314972e-02 -3.7090301359320628e-02 1.1510425284075890e-01 -1.1181983032313721e-01 -1.8804775940568081e-03 5.4854513457401499e-02 -4.5943953354565808e-04 -6.6745066450283330e-02 -2.2075892621021219e-03 -5.5479157206026440e-02 1.3510218276245589e-01 7.2430165757256173e-04 9.1918558149710380e-02 1.9743732705063699e-01 -1.7776084433303620e-02 -2.6102456188405621e-02 -1.1170130999078290e-01 5.5654505781729743e-02 2.2954664854479129e-06 1.0761032461207019e-01 -7.5083239493712220e-02 -5.1116281964124287e-02 -1.1550657635802970e-01 2.8543866129141369e-02 7.1745737120211067e-02 7.3715338901067559e-02 -6.1657225497573527e-02 3.7724712143542657e-02 -5.6579730702263603e-02 9.4800910165337510e-02 -9.2406290308260433e-02 1.3489975536793070e-01 -1.2154199615141810e-01 -9.4641813338388267e-02 1.1903348884422379e-01 -1.0601875808673270e-01 -1.5971078404785419e-01 9.7509097058130420e-02 -1.2557334034930251e-01 -1.1611418713882410e-01 -5.2059368048308900e-02 5.9083659896944599e-02 -1.0006755380465281e-01 -4.6986163561587309e-02 3.7316774391954348e-02 3.8524544118169128e-02 -1.0525895429722180e-01 7.0649261884126541e-02 5.3362838941111768e-02 1.2958652487452951e-01 6.9700319982895456e-02 1.9787274737427911e-03 -3.4929683479229673e-02 4.2251054502953952e-02 -4.5090341123337152e-02 1.4163830004877720e-02 2.0329026895759750e-01 -1.2933515168884670e-02 2.4803006434394832e-02 -5.9751510875724133e-02 -2.0823382959778239e-01 -1.7477160021664109e-01 5.9950638450624101e-02 -2.4335472860995089e-01 2.5141362734820049e-02 3.2864951683411951e-03 2.8714740077356429e-02 -6.9682360162563350e-02 -1.0768422730808880e-01 -1.3148058874513441e-01 2.2300668514428270e-02 -1.7923279286460839e-01 4.2498678168765902e-02 -1.4119539402776979e-01 1.1530619729509441e-01 2.7925227496417359e-02 1.2242424519069410e-01 -1.8628898446242340e-03 -2.3618740088223511e-02 -1.7302121723822320e-01 1.1141453051457670e-01 1.6685665207012210e-01 1.7202169781913579e-01 -8.0347522330302748e-02 -1.1870033934643670e-01 5.9730503130279937e-02 1.1256447576202910e-01 -1.7492118823603870e-02 -2.0470994111947169e-03 -5.7820413842837287e-02 -1.7398934553934850e-01 1.3055922339291220e-01 5.5864486857929212e-02 2.5938105651486239e-02 -7.1240437358251196e-02 -2.7770361736131732e-01 -1.3279286475741520e-01 1.1313776289417830e-01
-1.3306885589450801e-01 -1.0031067783234000e-01 1.1530366531379390e-02 -8.2853687378379975e-02 -1.7868889802496399e-01 6.2299801954300349e-02 -5.3232755861299793e-03 -3.5310015415886853e-02 -1.0469524079851859e-01 1.7471122777195511e-01 -1.0179500252131270e-01 -9.2513135729318852e-02 2.3579040705518351e-02 1.8397676642497771e-01 8.0088233054138216e-02 3.4570529621796320e-01 -1.0634369768861469e-01 -1.5774709757325759e-02 -8.2278063372451499e-02 1.4866995552395301e-01 4.4316406969949138e-02 -9.0568984770695818e-02 -1.4073672035155499e-01 -3.6536159416846917e-02 1.4771643769111750e-01 -2.8179979660897529e-03 -5.3475187722018550e-02 1.3162557373527439e-01 1.5303091339281521e-02 -8.4503704687415374e-02 1.0595554632889490e-01 -8.1753754417880110e-03 6.2654574622277373e-02 -6.6982985144798501e-02 8.9148761236642948e-02 -3.0775427377099120e-02 9.6990558285404968e-02 -1.2176403093211791e-01 7.2308879503380330e-02 -8.7248838834476039e-02 8.9430414965626967e-02 -8.2964367369322681e-02 1.2513401076142119e-01 1.2640831028098740e-01 6.3148057151259346e-02 -3.7958309380160753e-02 -6.3359250179006871e-02 -1.1385771863109161e-01 1.1020729408296399e-01 9.3749188247752597e-03 -1.3738442176520310e-01 -8.4152290624399009e-02 -6.3979173577302206e-02 -1.1985107032272441e-01 8.8416368768374470e-02 4.0511332076145157e-02 9.6770377312252576e-02 1.1099737435620580e-01 1.9929880775511699e-01 5.0524461189630047e-02 -3.8134626796867022e-02 6.2112742323148437e-02 -4.1052440698271978e-02 -1.5703428287217591e-01 1.2035202706331639e-01 -1.2333294544766249e-02 -1.6084863243332512e-02 1.0527802497892200e-01 -4.2249024869672212e-02 8.0782824268960274e-02 1.0670633276693170e-01 -9.0110557309714276e-02 6.4688514706052302e-02 -6.3718690666611816e-02 -3.3385756280166393e-02 1.7711207014469990e-01 -1.5976212138701030e-02 4.8968855920373797e-02 1.5036003191761441e-01 -8.2948297389180359e-02 1.7915148085106671e-02 -1.8316185333017601e-01 -1.7709544069558450e-01 -1.4006086107232579e-01 2.4814176564092679e-02 8.7685907374901395e-02 -5.9188097816428326e-03 1.2703731314703989e-01 -1.9383232504551179e-02 1.9736564281416440e-02 7.3307601964877483e-02 5.2288422192827928e-02 9.1984116993066467e-02 -1.4224956233777900e-01 1.4823745545189001e-02 -7.2398970097397363e-03 1.0649464564437611e-01 3.5244648102493517e-02 -5.8124206401773910e-02 -1.2943978410778909e-02
-1.8158959682822749e-02 1.6771588150706229e-01 -1.0385441231194120e-01 -1.9485660023861301e-01 -5.6470071056203601e-02 6.9328228164158803e-02 -2.4956690797890601e-02 -5.6726422476472763e-02 -1.2947866968733579e-01 7.9974910171190641e-02 2.9158153713523378e-02 1.3846666330824409e-01 -1.6581251432441449e-01 1.7653380506325569e-01 -1.1660044819068760e-01 -5.4535722719304000e-02 -5.7360006930304241e-02 4.8756805758422103e-02 8.3439421439790457e-03 8.9516714002978535e-03 -8.2202901603972464e-02 -5.1811805083578778e-02 2.2815294491726609e-01 3.1418914522905211e-02 -7.6762528442697625e-02 4.7270244986618130e-02 -1.5161605835076580e-01 -3.2852839564169817e-02 -5.3669622661865743e-02 1.8679141930900270e-02 4.0743159411724628e-02 6.7163071501957251e-03 1.0114883301317271e-01 9.0131834363843654e-03 4.6324963836915679e-02 -1.8042895109020429e-01 3.7545905498568163e-02 1.1061618183556809e-01 3.2155970510841188e-02 5.5455405044773289e-02 -4.0004194084930528e-02 -1.3556346514677919e-01 -6.3629439775990421e-02 7.1346366996450652e-02 -2.4406199481168059e-01 -7.6203494727076077e-02 -1.9771159076838130e-01 1.1351832751245890e-01 6.3180631162172846e-02 3.6948913050005500e-02 -2.7524980305008329e-02 2.2061270009036271e-01 7.6685664855455166e-02 -1.6221214176628671e-02 3.1667147669742407e-02 -4.9453788501022188e-02 -1.2284503911348280e-01 9.1808996862013000e-03 -7.7360712947007498e-02 -4.1822362784676242e-02 -2.7441835193935161e-02 9.5342980444792960e-02 -1.4883562375609649e-01 -6.8410266171160167e-02 -1.8145620923584960e-01 -1.2602471478427360e-01 -4.1669807661575277e-02 1.8519372810242549e-01 -1.3132686662851570e-02 -6.1264553432677758e-04 7.4131160211294803e-02 2.0899911956489989e-01 2.5538159567547750e-02 -4.1984889681658977e-02 2.2257916454071469e-01 1.3145112563532729e-01 2.3578646409164371e-02 8.2306427362719856e-02 7.3723399687021338e-02 -4.2149511065664537e-02 -2.5266895080558759e-02 3.3027456750895953e-02 3.2708918444998208e-02 5.8827974423322223e-02 2.4712941575162869e-01 9.7889406537702853e-02 4.3240196357582071e-04 2.7228010224134319e-02 5.0847838864282721e-02 -4.5638016764143342e-02 2.9077986683692939e-02 4.7258378268235403e-02 5.4228762266351010e-02 6.0581682870390431e-02 -5.8240483099562708e-03 -2.8687422811591720e-03 -4.7941385751406287e-02 1.6557440786009989e-01 1.1531321962290091e-01 2.9663665990461292e-02
-2.6101041523873561e-02 8.1965907865297158e-02 -6.4648840946779390e-02 2.0433994235067021e-01 -8.1553547908409463e-02 6.5901160672395639e-02 9.8979113508606817e-02 -1.6496594710701230e-02 -1.1120741437375289e-01 -4.4823587322439871e-02 1.1617311928502470e-01 5.9503165913138228e-02 3.6699310806813233e-02 6.6395326508989893e-03 -1.8831712593700981e-02 -5.8464727986736201e-02 -5.8346887657141869e-02 -4.6778599737659722e-02 1.0793153775086510e-02 -8.4839055993330512e-02 -7.1868569218820177e-02 5.0324322756021188e-02 -9.6760035993383106e-02 6.3028946648799974e-02 2.8387483055393539e-02 -2.1525739502548220e-02 2.0870280622010870e-01 1.3302845893955931e-01 1.4772098627016009e-02 -3.8170171427659737e-02 4.3963769879473077e-02 -3.2238792855688807e-02 4.7172413957257617e-02 -1.5400965981840421e-02 2.0180714486512440e-02 -9.0974119112306434e-02 -1.4513896147038929e-01 4.5933164719788498e-02 1.4278392247411709e-01 -8.8593470971063321e-02 1.5337730339620040e-01 -3.4196178548512417e-02 5.9224422828372210e-02 -8.6443919670371003e-02 6.5523296033385497e-02 1.7883994643015891e-02 -4.0684466645050432e-02 -4.8720180875529678e-02 -1.3667888844051590e-01 2.4446065123559301e-02 -1.1553510687426030e-03 -4.7892305479331827e-02 1.1873454480768821e-01 -4.1238815420187848e-02 -5.7845971917005821e-02 5.8759154854117097e-02 3.9855629014096212e-03 -4.1179743891754328e-02 1.1685944609241260e-01 3.1559545678426768e-02 -5.7188006994341782e-02 -1.1435086258901150e-01 7.2743672495894918e-03 -1.4490520543675911e-01 -5.9904107752335303e-02 9.6877461492988759e-03 2.6361934710296839e-02 2.6011103978810729e-01 -2.9246514896497339e-01 -7.7700422551784387e-02 -3.2260993936847067e-02 -2.5178484993248741e-02 -4.7377569508983601e-03 9.6439858989267463e-02 9.6503269748072551e-02 -1.2164483877058881e-01 -1.3464265929961930e-01 1.4596543408410420e-02 -3.9104203165535242e-02 -1.6541707270736139e-01 -4.6895165500781759e-02 1.8565554859290989e-01 -3.2362131071866737e-02 -7.7238910603266098e-02 2.1255203792585140e-02 -1.2000703639216970e-01 5.1989886959045467e-02 2.7383386632160089e-01 1.5297271030136660e-02 -3.2532715720730791e-02 6.1653022603555707e-02 -3.7315869237929213e-02 -4.4871137714647832e-02 1.1089004079658500e-01 1.0704084674969480e-01 -2.3985586668895270e-01 -7.4053554655942572e-02 -1.5514110566774261e-01 2.1316997130189741e-01 1.9016098922931779e-01
6.4111036729614579e-03 -1.0338274096734680e-01 -1.4193527429171229e-01 6.3021064344882582e-02 7.1134310316968125e-02 -1.0001493077915960e-01 3.7614199411946228e-02 -5.3375713592928260e-02 -6.7461133895506259e-02 1.1435013756789041e-01 -5.1875305841251308e-02 -2.2314609095780209e-02 -1.8548077140893879e-01 -1.5319267971278150e-01 -2.1788309678560970e-03 -3.8010337592087821e-02 -2.4555384708248520e-01 2.5948286446719881e-02 -8.1993887680179595e-02 1.1280142234385850e-01 7.4605546009655993e-02 1.3960378580877461e-01 -1.8125276781451741e-01 6.0427799902535370e-02 4.9988886899820568e-02 1.3146058545812289e-01 -1.1213473211072780e-01 1.4828450251734510e-02 -1.1923019155667630e-01 1.6273330628461719e-02 -1.0272718421180020e-01 8.1958786817485987e-03 -9.4873421934442963e-03 3.4371250770985053e-02 1.6406883986907130e-02 -7.1295300115312380e-03 -8.8540796577404768e-02 -9.3485140413978651e-02 4.4007498438961408e-02 -4.0820215491235913e-02 -2.0553399994004341e-02 -1.9250126524529590e-01 6.5599512525323936e-02 -1.3595045096724021e-01 3.8790728130024140e-04 -6.7224483187179773e-02 6.7571807729993077e-02 1.8262281712286471e-01 -7.4861724733409601e-02 -1.4809872094359949e-01 -8.5806400677835612e-02 1.8641019116747201e-01 -2.7248955325589061e-02 -1.0625958027118169e-01 -8.7861882856077184e-03 -4.4167596606024519e-02 -6.0129027523040043e-02 1.4681170535686671e-02 1.2747618635795999e-01 5.1219996100967509e-02 -4.1367148968778522e-02 -7.1643839917795949e-03 1.5388593017382279e-01 5.3214298260874919e-02 -2.9379705277246732e-02 -1.7463916172730128e-02 -9.3027545368893336e-02 -1.2661989093562059e-01 -8.6085465042339590e-02 -1.5564742458339270e-01 -2.5437180377105079e-01 -6.9883914040144629e-02 1.5560532349613510e-01 -6.5629079749705303e-03 -9.6554714856048898e-02 6.2309000108079840e-02 3.3731504242605827e-02 1.0773105909344600e-01 -5.3071215242380038e-02 4.4492801608493407e-02 -1.0685947123253910e-01 1.7010538096044189e-01 1.6677324897297491e-01 4.3462814488000608e-02 -8.3485038951136209e-02 2.1044027927700959e-01 2.0353936421022231e-02 7.0861244022975473e-02 4.8734035435986693e-02 -5.0413444902984737e-02 2.9744919216930881e-02 3.0568669786624932e-02 2.1857617299867571e-01 -4.6846900383011203e-02 8.3473098670006456e-03 1.4107207087922480e-01 7.1001484964539688e-02 7.5803225051349898e-02 6.7273722917349024e-02 7.7805456016146787e-02
-2.2873772919032370e-01 -1.2012220950071140e-02 -1.1921940068206850e-01 -1.1016225278941820e-01 -1.5196880768365370e-01 2.2908343697981792e-02 1.3669007533947919e-01 -9.4091637763508845e-02 -5.9154734744888263e-02 -9.0601187107748796e-02 -6.5419781824780740e-02 9.6928355752347525e-02 1.2163177080675840e-01 1.4894943629727811e-01 -2.4475493458238361e-02 -1.0285498633641760e-01 -9.0763410620111840e-02 -1.0515593675978810e-01 -8.0667079512345106e-03 -2.9560231471888070e-02 -3.5161462964851682e-02 -2.6650031289339798e-03 -1.3434367067025671e-01 -1.7761024321859491e-02 -2.3380240024474020e-02 -4.6388888603260930e-02 -1.3506039144447710e-01 1.0099863138882360e-01 1.3974872758081191e-02 1.5660317237838998e-02 -6.6389216940237222e-02 7.6666088271408653e-02 2.5374817015089502e-03 4.9312553875961607e-03 -8.5871882398265556e-02 7.6128717469128374e-02 1.9122766178730360e-02 3.7762455687121582e-02 -4.4994842768625379e-02 -4.4817808981346963e-02 9.4412895549761313e-03 -6.1664209151376881e-02 1.3573429306441709e-01 -2.1158142723676840e-01 2.0165315435549019e-01 -1.6748994395060010e-01 1.9821391302683891e-01 -1.5795434124396521e-02 -4.7339161873707770e-02 -1.0821201956201260e-02 4.3015731420804920e-02 -4.0432960716787612e-02 -1.1246109736492151e-01 -1.4451299477749360e-02 -2.5031288644772741e-02 2.0776274033485501e-01 -4.4081563188093538e-02 6.3788403365780066e-02 2.7375355967285030e-02 -2.7544624677923329e-01 -1.0920280660732111e-02 1.6955956000125441e-01 2.8918374459616931e-02 2.9927504547130359e-02 -1.7467221363737029e-01 -2.0322554244972579e-01 8.7775624291356547e-02 -2.0491434840070560e-01 6.4567560914863778e-02 6.1171249805768983e-02 6.4692162830596311e-02 8.4701555275415341e-02 -1.4360040530457421e-01 3.8277165902393828e-02 1.0684148240223290e-01 7.3912048722659815e-02 3.8495608504155510e-02 1.1818627251536420e-01 -4.7162938460561833e-02 -5.9304404100056163e-02 8.3548271868751925e-02 1.2057541553376000e-01 5.1708289389506903e-02 -7.1846791981471342e-02 9.5647002854729754e-02 -1.4972730771429771e-01 -1.1234950254637160e-01 -8.3327329285882490e-02 -1.5127613119627331e-01 -4.3739619824973403e-02 2.7607956745511621e-02 -1.2151794734333850e-01 6.6045412891973104e-02 4.3658830651010692e-02 -5.0918126771167693e-02 1.1094692635034089e-02 -4.7255548180168061e-03 -9.6899635819561028e-02 -2.2107468937999811e-02 -6.3740826084869376e-02
-1.7069412555407831e-01 -1.3481330758737370e-01 -4.3568372059250043e-02 8.4014618086887649e-02 -5.4701683718291642e-02 1.1249298278855580e-01 -1.2183684261619260e-01 1.6750949320521491e-01 -7.5511696631073114e-02 -1.1548953695462390e-01 -3.2547962222537377e-02 -3.0607702687150951e-02 1.4683250926350400e-01 -5.1942101433838043e-03 -4.9643992131294182e-02 -1.1620073573962540e-01 9.0043734082039889e-02 9.1538087779064956e-02 -1.8252540552743540e-01 -1.1926724437358990e-01 4.5470703026304023e-02 4.0769196035830228e-02 -9.3416620947772228e-02 4.4013797169453590e-02 1.1072734095011109e-01 -4.3888926059718551e-02 -2.5918795982582041e-02 -1.9922060136077380e-02 1.7196513332822130e-01 -5.9036472754839198e-02 1.2489140801676230e-01 -1.7079133320158910e-02 9.2459200707624353e-02 1.0122084777156271e-01 7.2906541237378303e-02 -1.1122866519827950e-02 -4.0192633047683550e-02 1.2157155452282110e-01 2.8602254585925871e-02 1.2042681874017140e-01 -9.6493096125940217e-02 -1.7328538772681720e-01 2.3436301741686319e-01 7.6347406706717552e-02 -1.3157406630868110e-01 -3.9800237334579013e-02 -9.7457195345676088e-03 5.7382121926448697e-02 1.7032918213716299e-02 -4.7569209860879112e-02 3.3368786816591522e-01 8.8605840314004689e-02 -1.4068403813692021e-01 -1.5000532877014390e-02 -4.7264288761327232e-02 1.7120086729717560e-02 4.4985435585560472e-02 -8.7952768730021683e-02 2.4751056965760021e-02 2.0270753628082311e-01 -1.6226848271039530e-02 5.6354725716830333e-02 6.7413675288748781e-02 -6.4621130526551426e-03 1.6961539446124069e-01 -3.4030348483786332e-02 -6.8576925973036593e-02 8.3311567528100219e-03 -1.5048772157996740e-01 9.5097995994170265e-02 9.3490649156435009e-03 4.8678481857349250e-02 -1.1987749196131860e-02 8.5732594444659138e-02 -7.5371698136850560e-02 2.1036346440928989e-02 -3.8872333427745327e-02 -9.7864094863882034e-02 -1.0314188184447960e-01 1.2784309513802511e-01 9.5743259362792460e-02 -7.1473053834859551e-02 -3.0269898605460172e-02 -3.9158762686764971e-02 1.6095770586578889e-01 -2.3686731430506390e-02 -1.1671486130848080e-01 -1.2863331626165139e-01 1.6175267700534690e-01 -6.0390600134292413e-02 -4.9236359623614168e-02 -1.4230318895275221e-01 6.7599487327606247e-02 7.7994667162479200e-02 1.1342859590205220e-01 1.0616620875531620e-01 5.7407228101670916e-03 1.1084581082865270e-01 4.1556492528106469e-02 8.1483932355462890e-02
-1.1426303318924530e-01 1.0368280220527741e-02 1.8972732345520510e-01 2.5873267319847449e-02 -4.7492290107531442e-02 -1.6325979368279150e-01 3.3953982511907628e-02 -7.5822852800918952e-02 -5.9562172184023793e-02 -2.5261904215054540e-03 1.5102223978932139e-01 3.3204429557153789e-02 8.7077027625183961e-02 -6.7989838533834140e-02 1.3386113830556201e-01 -4.5930280613672728e-02 -7.0481199108500842e-02 6.7740518544901748e-02 1.3657792673566560e-02 -7.5614126431204937e-02 -2.3858178890499421e-02 2.6314517500654461e-02 1.6509917302846130e-01 -1.8376414365158131e-01 1.1564214039856500e-01 -1.1324983854398341e-01 1.4048441698790959e-01 6.2219395051926321e-02 1.4850729486135181e-01 8.3107541105816904e-02 -2.3603268308605058e-02 -4.8426643275339389e-02 -1.9029793029725539e-01 -2.3117977929909209e-01 1.7564279813716471e-02 1.4136410735224150e-01 1.2893215033821040e-01 -3.4583174255480569e-02 2.0192195370944421e-01 2.4343339432387659e-01 1.3438831993295700e-01 -4.2521946176564428e-02 -1.1796503257412480e-01 -1.3429654428578819e-01 -3.7228874170703238e-02 5.4627743409386767e-02 7.3512930407113916e-02 -3.9442468399508518e-02 8.3824403602289099e-02 4.7721088694104317e-02 1.2588888335599371e-01 1.4860890222737161e-01 -1.2688623948738570e-01 -2.2826792866352519e-01 6.3613634301763436e-02 -9.8450963663300514e-02 -9.6587778716371184e-02 3.6849345291764243e-02 1.2077199593308539e-01 -4.7923619921208371e-03 4.2196185015543453e-02 -1.1099942873000750e-01 -9.1912276380875804e-02 2.1349574033055568e-02 -4.9177371835903087e-02 2.5867186616311690e-02 -6.1435803679831702e-02 -1.3136490614637780e-01 7.4609021328662248e-02 8.6599091269704151e-02 1.0337996183258120e-01 7.2144115527088312e-02 -7.0633861942124399e-02 8.0699031791767545e-02 -4.6442890885535458e-02 -4.0030382832368372e-02 1.3009059230804100e-02 5.2977433450432022e-02 1.7057069782239361e-02 -1.2008793975779150e-01 -3.3297215411639269e-02 5.4517302659368723e-02 1.8538409150859601e-02 5.9158125307978107e-02 5.4873827966807169e-02 1.1839602279708050e-01 -8.4846904233044335e-02 1.1238731208440030e-01 1.9471165458026621e-01 -6.6905078134357990e-02 5.6940589853860787e-02 9.7774371142029609e-02 1.3847427568652190e-01 6.1453461042816460e-02 -4.3868745725701590e-02 -3.2464825323234310e-02 2.8983715213499659e-02 3.0056601027346339e-02 -1.0035819487362230e-01 5.5356826806584318e-02
-8.6939322280199335e-02 -8.5503322292356104e-03 1.0375089957050630e-01 1.1629763167657330e-01 -1.4893703512076201e-01 -1.4528710030234300e-02 -1.3826378035136580e-01 -1.6582073929946720e-01 6.3293003940917664e-02 -1.4819445233050041e-01 -2.4979375991893160e-01 1.4966130006410099e-02 -4.6983798034421570e-02 -2.9275753267734971e-02 -1.0179930873023781e-01 -3.7138196788122392e-02 8.0556927228463165e-02 -2.3097353061534081e-02 1.0819943222576340e-02 -2.0934235555567601e-01 5.6520553848214972e-02 5.0554069090632890e-02 -1.9784242359746650e-02 3.9501855008109883e-02 -1.6969303908360070e-01 -4.1021199198558442e-02 5.1273906150386829e-02 -3.8041440236105638e-02 -1.4494684261913819e-02 -7.2862428099388324e-02 2.8597231652922842e-02 1.3756910657287769e-01 -1.2504897614445210e-03 1.1501674664077791e-01 -3.7073384000707990e-02 8.0923377854438414e-02 -1.5718779456898960e-01 -1.2965968939908429e-01 -1.2622620131889631e-01 2.0290530718945740e-01 1.9499794226211439e-02 1.3789290546451879e-01 8.1439502531618524e-02 -2.2908804196207591e-01 2.6607277341524359e-02 6.6807386469126068e-02 -7.4415577859628060e-02 7.8049591370224960e-03 1.7588039417457610e-01 5.0837147277865667e-03 -4.8294430980909707e-02 7.4707518901311026e-02 9.1896668637748896e-02 -3.3577694289019348e-02 -1.7578309551653411e-02 -7.4887395491507108e-02 2.1638603625101499e-01 1.1532951033861150e-01 1.1324228140894370e-01 4.4492719698676977e-02 2.2811317600922660e-02 8.5980961345896237e-02 -1.0716705023389859e-01 -6.5077284264091512e-02 -1.0721670528437330e-01 1.6673157790004409e-01 2.4643249045202742e-03 8.5068744910864524e-02 -2.3034189368542599e-02 -6.9657476681301039e-02 1.6234579731118801e-01 -1.3361269549468840e-01 2.2436911651502081e-01 -1.6156933455053500e-02 9.5266769572034782e-02 7.9016631950245608e-02 1.1643421323937700e-01 1.3766929718114479e-01 -2.3385291080234381e-02 6.5501788022401058e-02 -2.6947860576106281e-02 7.7222545549978885e-02 -5.9515991912843437e-02 6.0417852478492649e-02 5.5439997275531082e-02 -8.5747118776111922e-02 -3.8920711246007079e-02 1.2350485667067000e-01 1.3469935183281739e-02 -2.0098307984963811e-02 3.7529247114694131e-02 7.4110736515853884e-02 -2.2876252056390271e-02 9.5708566829111316e-02 -2.5035210966367721e-02 2.1041865273388061e-01 8.7673624702609601e-02 4.2033556465200531e-02 -3.2717421464716581e-02 -4.6317532785766537e-02
2.9563560205176209e-02 6.1269275570911670e-02 -9.2039407996326608e-02 -4.2281223243517831e-02 6.7564522462747439e-02 1.1610519401437820e-01 -2.3473624630387789e-02 -1.1097601732919420e-03 8.9605175438632736e-02 -9.2429869676900395e-02 -1.3882812338853209e-01 4.1190176253101812e-03 6.9971791809076450e-02 1.0136048906780720e-01 -1.2000677363807560e-01 1.3093925766714709e-01 1.2107055347066890e-01 -4.8076691304410148e-02 2.5327625672282479e-02 2.4597315611925480e-01 -6.8379577153886928e-02 6.5579320086051537e-03 -4.3193021901262001e-02 -8.6870729151554277e-02 -8.0375757376580426e-02 4.8432613740972486e-03 2.9402313306735980e-02 -9.7166350822426945e-02 -5.4748775269287391e-02 8.8595272006847553e-02 -1.4268545370714000e-01 -4.4109429149688717e-03 9.5735024759711976e-03 -1.0029804549950240e-01 -1.5094736090449389e-04 8.4786377012389863e-02 -1.6271795703080519e-01 1.9862700750055851e-02 6.8138574488859377e-02 -1.3923669268653061e-01 -2.1124286060446990e-01 2.5632995645321229e-02 1.4516979030166491e-01 -4.6540230199019282e-02 1.2941439806451561e-02 1.5082687729086200e-01 1.6967397958800179e-01 3.1649812624075818e-02 1.9285955225970420e-02 2.2366359695888591e-01 7.6830207152772029e-02 3.9577432102315298e-02 8.9516214752370524e-02 -3.1911772980255763e-02 -6.3061441179691466e-02 -2.2115825020831789e-01 -1.5139641832303150e-01 -7.0519985641047098e-02 1.0381456945049150e-01 -8.1227950931349921e-02 3.8057099178363869e-02 1.0288115748318800e-02 -3.2716975828222000e-02 -3.9729565218702613e-02 -1.7621092228329471e-01 7.8192759763899958e-02 -1.4685152465028939e-01 -6.6011215747882449e-02 -1.9553081873048911e-02 1.9723931915991591e-01 -4.0846732226661457e-02 -1.6732539628832291e-01 -6.0882202551754618e-02 5.4551671574589213e-02 -5.5085921718079849e-02 -1.0028849308645570e-02 9.2116932159941364e-02 -5.3248978122433392e-02 -6.6165748243158157e-02 -5.7998142071730516e-03 -1.1680630407999470e-01 -4.2725686811976887e-02 -1.5251637581664340e-01 -1.0001507701940100e-01 3.8095225249041340e-02 7.3810344582870183e-02 -1.7646695841656479e-01 1.5988700185645521e-01 1.3059041093286561e-01 -1.1806431345436270e-01 -1.0659755921886389e-01 -5.5963872650561623e-02 -1.0770993350418640e-02 -7.3499181608847067e-02 -3.2245883979950700e-02 -1.1107894594580971e-01 -8.6053450841390280e-02 1.6060554733638599e-01 1.2359925053617740e-01 -4.6498325914393013e-02
-9.9762359703743780e-02 -1.1194240723285230e-01 -1.1820065086507200e-02 -1.0771520463009659e-01 1.1949332672552890e-01 8.3170613838123297e-02 -2.0356923561029069e-02 3.1455369695084473e-02 -2.1285139271195369e-01 9.0768504418955245e-02 1.5350973646044730e-02 6.6973155016277652e-02 -1.5126978288821569e-01 -6.6412977339370127e-02 -1.0028391326973160e-01 1.5405391719033580e-02 4.8925746717621850e-02 1.3458138378731321e-01 -2.8414117137683759e-02 1.4102079665417550e-01 -6.5156760569030067e-02 8.3223422656830540e-02 -6.1964333098361017e-02 1.4180755589683119e-01 -3.8980439839841292e-02 -1.5447338722431730e-01 2.0977640184162349e-01 -2.0706992581757150e-02 1.1486178033129800e-01 6.1991613190644008e-02 -3.2457499289236628e-02 1.4645371187816941e-01 5.8633890582806457e-02 1.3568906834785871e-01 5.9296716763052482e-02 1.8668361997876420e-01 -1.1071113848320210e-02 6.9554949951002171e-02 5.1803949827200282e-02 -7.3864627654267280e-03 -1.2557210131888250e-02 2.3374198987723881e-02 -5.8378291031446990e-02 4.7676094049433078e-02 6.7013432891820976e-02 -9.4573084427705720e-02 4.5500549082897128e-02 -6.9373404719585682e-02 -8.4208940933710088e-03 -9.0990739201221693e-02 -2.0019244474509421e-01 9.2276695571266346e-02 -3.9390129180516507e-02 9.0775851388331205e-02 1.1333072328848570e-01 3.4332031979935451e-02 -1.2518868328538191e-01 2.9749125822250280e-02 -8.2675733519841157e-02 -3.4872884934377929e-02 -7.3581170431820997e-02 1.0474845948901340e-01 -1.1537264738970469e-01 -8.8722473308710401e-02 -1.0167896566762991e-01 1.0872063464007720e-01 -4.0291140314218273e-03 -9.0499428742468635e-02 -1.4329239185071119e-01 2.6088970796470559e-02 1.8389136149016400e-01 2.7831257023074311e-02 6.9858781922217478e-02 -9.6594577608776266e-02 5.9618959145913121e-02 -1.6204940840878229e-01 -5.1803414777773039e-02 -2.2989695201740660e-02 -1.1154744791557390e-02 1.7248127960986501e-01 9.8819198161006649e-02 1.0778775468659441e-01 -6.7624618313198784e-02 -9.3776274589246894e-02 -7.2260189711763997e-02 1.1537700885217821e-01 6.0868023737682881e-04 -5.3524726056472877e-02 2.3552002066174560e-01 -2.7211111599327941e-02 -1.3382827272444639e-01 -5.0552684355381031e-02 -1.0816033585370570e-01 -1.6650080101188298e-02 -1.2054162309593321e-01 -9.6729694348266199e-02 1.8736086715606851e-01 -1.5773834929860750e-01 -1.5823295379483771e-01 8.4274353112462203e-02
7.9836188772126324e-02 2.3103491852941410e-01 1.5427359422850180e-02 1.6189780357587941e-01 -6.5076215161675638e-02 1.4001039176661620e-01 -4.7760600217914999e-02 1.9186081423988741e-01 -7.5808279868110826e-02 3.4068517472486892e-01 -2.1901281437840511e-01 -9.4556297316495508e-02 -1.0527749791912840e-01 6.7195732236206493e-02 -8.2969473221157202e-03 -3.6809235499397637e-02 3.2581326953897732e-02 -3.4169761116109927e-02 1.2750341939028659e-01 -1.6943539253318610e-01 -1.1178483418095080e-01 -1.0385216942432210e-02 -3.4757476082261568e-02 -2.2214202031833591e-01 7.5414005366073428e-02 4.1346027228173043e-02 1.1939044854105370e-01 7.4847396447471612e-02 4.0661193147516803e-02 9.0557326627611470e-02 -9.1387577781416568e-02 -7.0896676929921871e-03 -1.2598361758842130e-01 1.0122722107227060e-01 3.9443275714191317e-02 -1.2885175415418840e-02 1.1561281717572520e-01 7.5019169406967845e-02 -1.6789806069495530e-01 1.2512700154684889e-01 1.5921626750175381e-02 7.0356227170970814e-03 -6.0266107857415083e-02 -1.7641033484757141e-02 -4.7292148878132420e-02 -9.3804714591321336e-02 4.4476424826772727e-02 -8.1475763728310460e-02 -3.0003336748372231e-02 -6.2267919117451068e-02 -1.6894354888313229e-01 1.0271743081137440e-02 5.3197765345868640e-02 6.5322440585972635e-04 -4.4055528212089509e-02 4.0627908417332673e-02 -6.2099776948195309e-02 3.0895499472642859e-02 1.2038194006345930e-01 6.6691951604772370e-02 -2.4005956603997089e-01 -3.7078177517998301e-02 4.2397751941167017e-02 -2.6015306131456071e-03 5.6047763171395683e-02 -3.5880855076759449e-02 -2.0558592733694050e-01 -1.1082761774381200e-01 7.0521929663806590e-02 7.7457734360960317e-02 -4.3981228856578031e-03 -6.3863584604991100e-02 9.2134665382258615e-03 1.6319396484922791e-01 5.6831164887284437e-02 7.0610539953169613e-02 -4.3115735556171937e-02 3.9729936406114059e-02 -1.4494669198016180e-01 1.5949534389634201e-01 -1.2447281276615239e-01 -3.2801316890085162e-02 -7.1917298472193122e-02 -4.1619107498979636e-03 6.2145719661176178e-02 -4.7656632112887919e-02 -1.4109112307705829e-01 -1.1448877969796500e-01 -8.4323606433202511e-02 1.7089455145484209e-03 -5.8143871927673757e-02 3.3770507563545459e-02 4.6449598456547232e-02 1.9471821345628582e-02 -4.3678697331358013e-02 -5.4193696342432818e-02 -7.2025540021147944e-02 -8.2754413519617001e-02 9.4198616092648416e-02 2.4118357111729879e-02
1.2893359245662711e-01 8.3319897480595970e-02 6.5223435765088350e-02 -1.0157341288026011e-03 2.2163558513913939e-01 5.9583262719484498e-02 5.2690198521963522e-02 1.4893851820010790e-02 -6.4088519386293938e-02 -3.8514729836112552e-02 1.4780594534301530e-01 -2.8101339035616270e-02 5.5416338913335562e-02 -7.5146498294139177e-02 2.5824369350408601e-02 -1.2540156551093129e-01 9.2010852015068645e-02 8.0240388605579499e-02 5.1698618004154082e-02 -1.9926475078025221e-02 1.4358424585348231e-01 -3.7699883455804002e-02 -1.5310545515815971e-01 -4.2254997809081922e-02 -3.0127778403747960e-02 -4.7790874517458483e-02 -1.0428352664568760e-01 -1.2027546738886230e-01 -5.0633272039978833e-02 7.9288009514445909e-02 9.5134152333309518e-02 -1.0562671020555360e-01 -9.2104307261825558e-02 8.5994721799700934e-04 1.1804247123891090e-01 -6.7786610406595810e-02 2.6918302887938700e-02 8.4240379093826062e-02 2.6861191890873919e-02 -7.6766990247429945e-02 -2.1651214427890819e-01 -1.2460874161322261e-01 9.1919329604488662e-02 -2.3176904058019021e-01 -4.7946066722818780e-02 -2.2175761986654951e-02 -1.5166504739038441e-02 -9.7089144872135436e-02 -1.0344541231967511e-01 -6.5971803003697111e-03 -2.2783446645415201e-01 7.6191860799710437e-03 3.2608032672519167e-02 -2.6192868953509200e-02 9.6136055230782363e-02 3.5078873071685127e-02 1.8096536891422799e-01 2.5965083419272419e-02 3.3305632158390941e-02 -5.3368636620903229e-02 4.9406606479669756e-03 1.0482745076533490e-02 -4.3950588088357556e-03 -9.8596798834349964e-02 1.8945770398404299e-01 -1.1854183826116950e-02 -9.3945957675550557e-02 -1.0801271107629370e-01 6.5846291710431215e-02 -9.3032665390495498e-02 1.5839809598823620e-01 -1.0394072798247540e-02 -8.5683220923098977e-02 6.1793151367810547e-03 1.1883572891596229e-01 2.5535386596116810e-01 1.1577563064271930e-01 -6.0448211734049469e-02 -1.1429270269738701e-01 -1.6665041712484829e-01 1.3952835633358179e-01 -2.0447660267494991e-02 -7.8965697307340460e-02 2.5911658259944199e-02 4.3408761298763011e-02 -1.4107063371748890e-01 1.8366009537088421e-01 1.4512810950313429e-01 2.2461666870006020e-01 -5.0989305477112522e-02 -1.2670728060814250e-02 -1.6212562449357679e-02 1.2515080556085981e-02 -5.0910165725651338e-02 -1.6413589729888250e-01 4.4471393386369747e-02 -7.3779984914829080e-02 9.9052609204108542e-03 -3.7866996058218659e-02 6.9856975830912521e-02
-1.7798962503132501e-01 -1.6152959920389631e-01 -1.1727595868434670e-02 2.8541973946590890e-03 -4.3168729088865002e-02 5.8699470694844970e-02 1.1185771414743489e-01 1.2721234231542970e-02 -1.1670995822762180e-01 8.9359351081189961e-02 1.6663210532169681e-02 2.6617738257390972e-02 -1.1908407908016599e-01 -1.3816947881433730e-01 8.9452879580206382e-02 1.6885151687283631e-01 7.0130470969728603e-02 -1.4667122375299049e-01 2.1886568483647031e-02 -1.7854727768749470e-01 1.1858567590130910e-02 -1.1176508152823940e-01 8.0815181960105342e-02 6.6118545956302788e-02 3.4191956950762020e-02 -7.2586400671718801e-02 -6.1169774774025229e-02 -2.1071286897537331e-01 -1.9325861080231690e-01 2.9188284383149590e-02 9.3497280759422922e-03 -1.4333342976716890e-01 -2.2053091382099871e-01 9.3879938814089639e-02 1.1460251255844341e-01 -2.2596101317145061e-02 2.5304504414326079e-01 -6.0017012012302813e-02 1.6884285504223431e-01 -6.5590798712961140e-03 1.9000074108452721e-02 5.3020302279927503e-02 9.4088684713621640e-02 -7.6848771414043018e-02 1.2506691314800031e-01 4.9806889451399251e-02 -8.9518938508381121e-02 -3.8369959416734392e-02 -9.2067295009692941e-03 5.0096744109103461e-02 1.1724244475516921e-01 4.1603230425348851e-02 1.3062466037298551e-01 4.4015310222388422e-02 1.6355532469904718e-02 -1.2540084160742400e-02 3.4920656224188232e-02 -9.8085078107132795e-02 -7.3240604076343793e-02 2.2886663162018650e-03 -9.6974727052929574e-02 -9.8825615689592423e-03 7.4678527465198083e-02 -4.8571413950808773e-02 -1.2031446884644670e-01 -6.1710180492582411e-03 -6.2070685892256457e-02 -9.6190727752472390e-03 1.0079842281223600e-01 6.5269521293735214e-02 1.2626798960427829e-01 -6.2247111037862367e-02 9.3491789460720384e-02 -2.3195525357666541e-01 3.4727122420294042e-02 -1.1598695837033320e-01 -2.8494086110209052e-03 -5.6976245798166937e-02 -5.8988178685139541e-03 -5.1923369246143379e-03 -5.2016836893531350e-02 3.1404398706000149e-03 5.5070787419409982e-02 -8.5202550579857889e-03 -6.1163678646263007e-02 6.1131339697004537e-02 -4.2433991404720326e-03 -3.1280460837992033e-02 1.9002360001089801e-02 -1.2053564246379329e-01 -3.9452946270978007e-02 -2.4847796176458109e-01 3.1289685022314127e-02 -1.6433048956383998e-02 7.9475188816095818e-02 1.5622629431098950e-01 -1.5368536833202751e-01 -1.1791390929857580e-01 2.3322286153264821e-01 -4.9392049765474871e-02
-1.1299028133818440e-01 -9.6997453575414547e-02 -1.2653311351724991e-01 6.4823487730645030e-02 -9.5141748856034533e-02 1.3166988206327940e-01 -7.4393624443305467e-02 7.8546846508434714e-02 4.2895234336914377e-03 -5.5048636336614846e-04 1.6500368957870659e-01 1.3579881720414921e-01 -7.3611831008862622e-02 -1.2112674990099059e-01 3.3428067692330497e-02 -6.0403687092188442e-02 1.4055288320729939e-01 -1.3527073976890569e-01 3.3818069865008023e-02 2.3619482085662748e-02 -1.2471162703398540e-01 1.2721971745632871e-01 9.1785310916998389e-02 -3.0335985271296880e-02 8.2223831802212169e-02 1.0555656443310590e-01 -4.1293789032403667e-02 -1.2816192244604341e-01 8.0226917050683938e-02 -2.4360302793581950e-01 -7.5388555909311594e-02 -8.8247624548465256e-02 -2.3973986062237890e-01 -5.4206652395220080e-02 1.8032393925648521e-01 -1.0846510669622481e-01 -5.0989458497512880e-02 1.3849757985851521e-01 -8.7882126335372887e-02 -5.5503778537031742e-02 3.5028895928660361e-03 -1.2572060856642170e-01 3.0180290141046770e-02 -8.8940787822849917e-03 -3.8287720417207731e-02 7.1543327433409867e-02 8.0584111775433287e-02 5.7662798515492837e-02 1.5034525873740021e-01 3.2331067242289922e-02 -7.3583495157074991e-02 1.2525991458562820e-02 -3.3905623894665927e-02 1.4900971937101681e-01 -2.9200124204029371e-01 3.0057766499545200e-02 4.7496882710626007e-02 4.6297928347585789e-02 2.0637220010221291e-01 -3.1343729505289512e-02 1.1029171753604210e-01 5.6062666603059093e-02 -8.8912416443288692e-02 -1.8665696216091369e-02 -1.3335284884891810e-02 1.3832655744413630e-01 1.1016217408772680e-01 -1.1746799915916591e-01 -6.1313700676590768e-02 1.0784667766160770e-02 6.1727362180812262e-02 2.2266361778149481e-02 -8.7229347448675339e-03 -9.9130586022031147e-02 -2.2309327279305791e-02 1.6874018155003159e-01 1.8368562027378299e-02 5.5442321080113781e-03 8.3611815928154476e-02 -6.7522650032220757e-02 -8.1712456541698689e-02 3.3473415967620462e-02 5.1045219043482623e-02 8.9575126846242178e-02 -2.9414377483418009e-02 6.7201315937791800e-02 -7.1106718557216717e-02 -7.2587349878856997e-02 -8.8610385411601753e-02 8.4940666712358379e-02 2.0476430919910901e-02 1.1204370037280620e-01 -1.4030721912532471e-01 -1.7115486088278339e-01 1.0877681824936029e-02 -9.5183282121952456e-02 1.5964095147869780e-02 -7.4302914172686918e-02 -1.0861866770977580e-01 1.7310082911591879e-01
-1.6107286028534190e-01 -1.2574984661826449e-01 1.0097026122457251e-01 -1.2739116822920330e-03 7.5651715745269799e-02 1.8989626546604829e-01 1.8024514436765240e-01 -4.0775017310123521e-02 1.2793246914226131e-01 4.6950606358040119e-03 -1.7638935785277209e-02 -1.8191739478312621e-01 -1.1741297676179110e-01 6.8777304578177725e-02 -4.0429910535974771e-02 -5.9411075016282192e-02 1.5268932322026099e-01 -1.3654974359700869e-01 -9.1862426585356937e-03 -6.8360418233103541e-03 2.5436457926571809e-01 -2.3055632447022931e-01 -5.0451165124431392e-04 -4.1917953043844269e-02 -8.5430959325924150e-02 -2.0372939184847100e-01 -3.3377895350554687e-02 2.4249504481483761e-02 1.1915266875034110e-01 -1.5861830594912339e-02 -1.3219154645199490e-02 -8.4824529597018583e-02 4.6149531620314932e-02 -7.9929303463575047e-02 -8.1598700888123307e-02 -9.2786943216038482e-03 -1.3181659055482189e-01 6.6668861064421950e-02 -5.8687883422651750e-02 -3.5681152159248643e-02 1.0815509631376791e-01 -1.2231528382246200e-01 -1.0803132379392620e-02 3.9925526146811510e-02 -1.8974781040517519e-02 -7.3584443017696177e-02 -5.7384490527384410e-02 -4.2334324832350750e-02 -5.9590142329804139e-03 -5.6143194674408821e-02 1.1699156830826210e-02 1.6086401992297039e-01 -2.1808572976560841e-02 -1.1253557275108491e-02 -4.7901771540587151e-03 1.2517140716586311e-01 -1.9055361729822681e-01 2.4162643076009939e-02 -4.6768445053315573e-02 3.7235558091795400e-02 2.5197921624851127e-01 3.0212069730082721e-02 1.1545045264322280e-01 -7.0104587948289526e-02 7.1230116394863693e-02 1.2633642295414299e-01 -1.6209520441653050e-01 -3.0676589530282111e-02 -2.3107785099530511e-02 -1.2434609089459600e-01 -7.8311064645437328e-02 4.2112514025324448e-02 3.5245307533319038e-02 -3.9697106334484762e-02 1.9145310442079269e-01 -4.8121202313486093e-02 2.8453477325641560e-02 3.2101621263296277e-02 1.3773363977208670e-02 -4.3011760572654210e-03 -2.5214769405845472e-01 -7.7268946189543858e-02 3.6646023272685797e-02 1.1637086247434381e-01 -4.0675091060134783e-02 -2.9273469270079681e-02 -1.0321285225002770e-01 8.9671509241540923e-02 2.5705741911389201e-02 1.0599758572692380e-01 -8.3977550043551175e-02 6.6908100892810116e-02 9.4275445087283652e-02 -1.5789866631868470e-02 4.8604103033419069e-02 -9.4796106898352689e-02 -5.6196855446206430e-02 -1.4071692187181359e-01 -6.1711611301076968e-02 -1.5052029608721451e-01
-8.8288772426712570e-02 2.6544398593109898e-02 1.2277639440213950e-02 -5.9403549061558050e-02 -1.8629257495460912e-02 -1.2042354464817261e-01 8.2618165221879473e-03 7.4767108782245573e-02 1.0207854077495150e-01 -1.2500395921203220e-01 -1.0834218028935561e-01 9.1103008469633234e-02 1.5009432411438439e-01 4.9008230974322081e-02 6.0326957315945173e-02 1.3283213679178821e-01 -3.4077416514599050e-02 -5.4903074625690190e-02 -1.0886002786931280e-01 9.8850552157976682e-02 -2.1380149038225420e-02 -7.1497564788577730e-03 -9.6184761857724274e-02 -9.0230632090577273e-02 1.1758401335621090e-02 9.7447073138748952e-02 -1.2573248509902249e-01 -2.3382458096342751e-01 -6.9623208446510279e-02 -1.3482381404559610e-01 -1.2856862629690360e-01 9.0384506140209556e-02 -1.0692387517277510e-01 7.3792424517155258e-02 7.9509720033018819e-03 8.6467727553023691e-02 5.3423456372554808e-02 2.9602750003883141e-02 -7.7243736632956663e-03 1.1038728886933140e-01 6.7543262112272157e-02 -2.7201462537631040e-02 5.4243384232037457e-02 -4.3691249550837481e-02 -8.3091855590278055e-02 -2.2155964041620799e-01 -1.0964280297496901e-01 8.6562491348070425e-02 -8.9423593972178445e-02 3.1437713698610953e-02 -6.0225054358968917e-02 1.3402730914166791e-01 -2.1918015763645850e-02 -1.4994978905180090e-01 -4.4379477970428752e-02 3.6858579602687250e-02 2.7358223285436630e-02 -1.0376692282402560e-02 -1.6539228203733519e-01 1.8578065699823970e-01 -1.0382062701705889e-01 7.4869606144278428e-02 -6.8871044867477110e-02 1.7728099445417100e-02 6.6469512413798282e-02 1.5942736089436360e-01 -1.0304599789771780e-01 2.5572141894078811e-02 2.0583005581245001e-02 1.8415994492412929e-01 -3.4150684081662677e-02 1.4427134198432540e-01 9.5631436593465284e-03 1.7389850373956689e-01 1.3888824158681479e-01 -7.2908323677835257e-02 3.8875733664213541e-02 4.7784601209752052e-02 -1.0778697586279570e-02 -1.1145506141518351e-01 -7.6618618929496396e-02 8.6505047211536151e-02 -4.3607198457654733e-02 -1.8688204226549521e-01 -2.5466123908136301e-01 -1.2080935196237250e-02 2.1417148701378941e-01 7.2860619659592218e-04 -2.2067372771582411e-02 -2.9720758240736659e-03 -9.1624999776461311e-02 1.3072128929171151e-01 -1.2554858691373941e-01 6.8967975064342268e-02 7.9440310818115145e-02 -8.7611817263392233e-02 -1.6784334779539431e-01 -6.9278220980521929e-02 -9.7573641277978032e-02 6.0536352011006718e-02
-1.4496959866210379e-01 1.8842498601338781e-01 1.2197862304905691e-01 -1.2173678902808860e-01 -7.2156611366863493e-02 1.1589828485546021e-01 -1.0170471637921600e-02 6.0323556864199643e-02 -2.0134800961479462e-03 -3.9463818139487107e-02 -1.7397708274478681e-02 -2.4035596311552700e-02 -8.2488212456380879e-03 -6.5471578453083740e-02 6.1280474737130358e-02 1.0100542170731650e-01 -7.0582216637233401e-03 4.3743384679770611e-02 1.9278587675318051e-01 -5.4460083751199893e-02 -2.3765636705800289e-02 -4.6434285993325518e-02 1.3777206311875689e-01 -1.2919564609459590e-02 1.2389512494170270e-01 1.4275005501548671e-01 2.0970795609717871e-01 4.2429530021234818e-03 -9.3152884769559671e-02 1.0080975720047240e-01 -1.3667108394156521e-01 -9.5630338784137014e-02 1.1463504453709300e-01 1.3317858041687411e-02 -4.8846083022468671e-02 -3.3845955434527418e-02 -1.1392685304138039e-01 -3.2469536784414180e-02 -6.7830532612576155e-02 -1.1775410910106410e-01 -7.9935897184435764e-02 -2.4350910665956929e-01 1.0836835859961260e-02 -4.8981312182673160e-02 -9.6720804492568674e-02 -5.1874120520865333e-02 2.6466275941627822e-04 -3.0340584891986270e-03 -6.1419727712075822e-02 1.5544396256823520e-01 -1.5620230186208310e-02 -7.5901838120298618e-02 -1.1938949053274210e-01 -3.7225434882640948e-02 1.6732056478380561e-01 2.0331216660991490e-02 1.3340376777463570e-01 -1.3373006562991499e-01 1.2411395858712000e-01 2.0176176872108981e-01 1.7963354224081279e-01 2.3696526101323390e-01 3.7224045338245831e-02 1.2875549181580029e-01 -1.2555338023717120e-02 -2.0407567833013458e-02 -9.4054471550658825e-02 -5.5487324909335820e-02 8.9488005829284442e-02 9.9595065863076898e-03 6.6789770824972894e-02 6.3889147148409797e-03 -5.7349649383969407e-02 -6.4378275260696935e-02 2.9666665751662520e-03 -1.7740590379296731e-01 -2.6191834701362708e-03 1.2991381514749020e-01 7.0833094085167123e-02 9.4172460956474094e-02 2.6262028048083721e-02 1.4320291386185599e-01 1.4269123368389910e-02 1.0929838416136070e-01 -8.4282578717980783e-02 -3.4241218475733790e-02 1.0584237731961810e-01 1.1627363781934390e-01 -9.9094058952244032e-02 1.1023470156921360e-01 -2.0682610946239278e-02 -2.0780007155050220e-01 -6.0409257389532067e-02 1.0145347090114529e-02 5.4028852581366818e-02 4.8015632066597543e-02 1.4961162909667289e-01 6.4594392178663806e-02 -3.3737980601071339e-02 1.0549812570243060e-01
-2.7058157710243912e-02 1.0489941918066741e-01 -1.2599996948333661e-01 1.3999055681241129e-01 2.1725246054509370e-01 -7.4359946663492479e-02 2.0711379148510688e-02 1.1713563737466040e-01 2.1842801564715689e-02 6.6505981076567106e-02 -1.2852738474157041e-01 4.5515232517981848e-02 8.6381153661099469e-02 -3.3024260708738658e-02 -4.5759262839248221e-02 -8.5530464314162620e-03 3.0963401429152441e-02 -7.2767212270948886e-02 -1.3452611255464669e-01 5.3886799342009593e-02 -4.2587309503008132e-02 -4.7145944515469863e-03 -6.7993151109654634e-02 -1.2909152564767620e-01 6.4713433544423299e-02 -8.8530590152747030e-02 -2.4901803498031439e-02 -5.8830284745032137e-02 -1.2346181499679540e-01 1.2036578696871850e-01 -2.5477121365606631e-01 -2.1430505157433440e-02 1.0274920443928910e-01 -1.5619741634454959e-01 2.1115766497381899e-01 -6.2831373661548270e-02 -1.3633620241334299e-01 -6.1902765986172406e-03 1.2777708123734899e-01 9.4799627992656690e-02 1.5729162537736310e-01 -9.2391255343331740e-03 -3.7528086000451558e-02 -1.0499218838377340e-01 -1.1347833407727111e-01 1.0777543139871250e-01 -5.4969038479573053e-02 -1.3892132179904650e-02 -3.1928780388487378e-02 -1.5708796755525081e-01 -8.5192283502429966e-02 3.0715858995908781e-02 -2.4543119625514479e-02 -1.1914101784007140e-01 1.3800530877048720e-02 1.2740507937150850e-01 1.7041015050729780e-03 -2.5078417062704639e-02 -5.2582235506503858e-02 -3.8400335101633473e-02 3.8327969815700337e-02 -2.5567608711991069e-02 9.2491577096176059e-02 -2.4390522036771470e-01 -6.0835517989644171e-02 1.2225883840503921e-01 2.2991503648057840e-01 2.2314304548452529e-01 8.0721942417291387e-02 1.0053655434281800e-01 6.9326735076675347e-02 4.4047639697732448e-02 -2.1716447598035549e-01 -1.9835400165780970e-01 -7.7200084107593048e-02 2.7187851182716070e-02 -1.2533365035743590e-02 4.2760935497394133e-02 8.4495663883420967e-03 1.7647084758353951e-01 3.2953787031048232e-02 -3.0156145654993138e-03 -2.7151865933583069e-02 7.0905325839040509e-02 1.1453877122512319e-02 -8.8669280707279460e-02 -9.1196278376827228e-02 -3.3405968861361587e-02 -7.2467001248165741e-02 7.4624147671284016e-02 -2.7804065741522709e-03 -9.3880522064160116e-02 2.8995559889995220e-02 3.5674910425296767e-02 5.2626999690886703e-02 1.3367292102948231e-01 2.7487195911551420e-02 4.7095843599304958e-02 -1.2938762890374919e-01 -1.0000775625018920e-02
2.4615609601187881e-02 -1.7797911232009250e-01 -7.2579249363651233e-02 6.1300695235790667e-02 -1.1407512960659050e-01 4.2024926738398083e-02 1.1399296159508780e-01 2.1578100731030180e-02 4.1890934277768993e-02 8.5938449131128150e-02 1.8367552569599231e-02 6.8708287401837015e-02 -5.3700524476149578e-02 -7.4912741073901654e-02 -8.8231553322625791e-02 -1.3046758298425429e-01 8.2492660211498592e-02 1.1265105608257740e-01 6.2664514559751180e-02 -1.0061311884158040e-02 1.2358334434146941e-01 -4.6055784933146993e-02 -1.8096878469378869e-01 8.9532831916581776e-02 4.9552623786247557e-02 5.6128592391579378e-02 9.8799570653145541e-02 1.4954695606565599e-01 8.9459669170392525e-02 1.2738156006074079e-02 9.2307227782842713e-02 -8.6871760392833133e-02 -7.2675337753812089e-02 1.0421764007001599e-01 4.5798976143952431e-02 2.0413449962018609e-01 5.9819065056938021e-02 -2.5595237048653852e-02 -9.1555366723076251e-02 -6.7648251496829015e-02 -7.6492233747288516e-02 7.9167242696270013e-02 -6.6745139025529351e-02 1.0070427740059340e-01 -1.2411278874850740e-01 -3.0069706240889511e-02 -8.4983779366979845e-02 1.2832900484986029e-01 -4.0055624177981107e-02 1.6983342582651489e-01 5.3745337962099071e-02 9.1830456335872238e-02 3.2639984560737877e-02 -2.1313673426902419e-01 2.7428549122212958e-02 -1.0697553217995770e-01 -1.0913212222359780e-02 -2.2735987106471131e-01 4.1592591091381637e-02 -1.4827342903870511e-01 3.0658276502565390e-02 4.2062491066750897e-02 -7.4455793507985660e-02 -1.6442964895119799e-01 2.5462643319618779e-02 -1.5448963710050401e-01 2.2590387114680720e-02 1.5177705413515460e-01 7.5522728190903374e-02 1.1037442729499471e-01 1.3968897489365789e-01 -5.2842353953677999e-02 -1.2206842331631081e-01 -3.2445480799761360e-02 -1.3112040240937159e-02 4.7147614147496859e-02 -2.5366108952237610e-02 1.1137449417504740e-01 -6.6658455144320602e-02 1.5691334038491361e-01 2.1755193753049129e-02 7.3122977865627742e-02 1.8281400969734149e-01 3.4511562380825488e-03 -2.1963015475066441e-01 -7.2097464061078365e-02 -8.2723963697594275e-03 9.1025150371653762e-02 -1.6202044626025469e-01 -8.1746478320412430e-02 3.8604476721021387e-02 1.4413007180447529e-01 1.5407579609167850e-03 -1.2906116231243600e-01 -6.9011087296401040e-03 -2.3065709605837832e-02 -1.7620543549021231e-01 9.5762460779590122e-02 -1.4599098393032531e-01 -2.2091474482023671e-02
-7.4821024816093984e-02 -1.7492251742422421e-01 -5.3207762190444513e-02 -1.3836194442874339e-01 -6.0536800594303587e-02 1.0394952032241200e-01 -5.0269248514676637e-02 -7.4946403648086371e-02 -3.9323730126158800e-02 -5.6983875889207751e-03 7.0450573097010041e-02 -4.0001275618555987e-02 -5.2743437161028028e-02 -9.5199377031923285e-02 -1.2218597333884330e-01 -1.8953513035215100e-02 -1.4445505695698291e-01 -9.9401429715835522e-03 -8.7453960315130766e-02 -7.6526023922312947e-02 -1.9525493586958171e-02 -1.0642868642694010e-01 4.0296724147348166e-03 -1.5124185093136619e-01 -5.3012929438540073e-02 2.0474320391439080e-02 6.3626225101343095e-02 -3.3941596167626951e-02 1.1971407185492699e-02 1.1389312965314830e-01 1.0221502403347490e-01 3.4992122732554759e-01 -7.2802678600892193e-02 -1.4860309939831029e-01 -1.9430144236267089e-02 -7.5950938870953541e-02 -1.0153910282070640e-02 8.3092122232399559e-03 -6.2305192834102303e-02 -1.1870666738859800e-01 1.2084927391894490e-01 -8.8258339228685617e-02 -1.0293109286321540e-01 -1.0104259464588020e-02 -6.7789488305470103e-02 9.8921128665576480e-02 -8.4641698361786130e-02 -6.6043385314889180e-02 -2.8983794863286039e-01 -6.3520586246205615e-02 9.2862483497386336e-02 3.3772207438146399e-03 1.5346085458622771e-01 4.3069384421702391e-02 9.1055572295879003e-02 4.9222280190308727e-02 2.8914774529880321e-02 -2.2799633480910489e-01 -3.3964345066132468e-02 4.5960998896549643e-02 -4.6168687524365377e-02 -5.4084800868137342e-02 2.7291500835889479e-03 1.8917918765894470e-01 8.4162324343132113e-03 7.6209061386538338e-02 1.1020945979431269e-01 -9.0788545432293477e-02 -2.7046659851710429e-02 2.2557056855560301e-01 -7.0160140442043578e-02 -8.7261999708782026e-02 -3.9540747335720272e-02 1.2549821499181350e-02 5.5487736128766597e-02 1.7332064005417089e-01 3.3881066082163062e-02 -4.9096382186427192e-04 -6.7709952043734020e-02 6.5094364757037892e-02 -1.8065980600790429e-01 -9.8137023575794926e-03 -1.3647176431500299e-01 -1.0504214141900000e-02 2.4265125448026080e-02 -3.5908515671279499e-02 -1.5556636333026640e-02 5.8405091606370002e-02 2.8238505261057499e-02 -1.3777302841242550e-02 2.4647908179305569e-01 1.8164690312471411e-02 -1.7501929506822181e-01 -5.4509306724115712e-02 -7.8223115045874869e-02 1.3260101309745209e-01 1.3450822723437290e-02 -9.2919356987691947e-03 -7.1373625189412732e-02 5.5350680502458831e-02
-5.0571436599336238e-02 2.9394765327623931e-02 3.6725396111347321e-02 3.4800118127770438e-02 -1.4109992189088710e-01 4.7710938794908328e-02 -1.3785422392447619e-01 -1.0009847033543630e-01 -1.6315440100010201e-01 -1.2516437442235900e-01 1.3155891645410700e-01 -1.2411248530246460e-01 -1.3639639866753270e-01 -7.6534618102502158e-02 4.6244715202918571e-03 -6.9128008752616626e-02 -6.1173877089821332e-02 -4.7686763055764022e-03 -9.2192138357893652e-02 8.7803372328621856e-02 -2.6897779484857241e-02 -7.0257895621870209e-02 9.1877311406183843e-03 1.1087436644605200e-01 5.1869275984040029e-02 2.8315724122495101e-04 -6.9456359807774593e-02 -1.9495042473534570e-02 3.0858439167249029e-02 7.0468283092560161e-02 1.8315542760251428e-02 2.4112807786490439e-02 1.8305738932047941e-02 -6.3055098840294352e-02 -1.9868398048216140e-01 -8.9329447926032771e-02 -7.7989682231856206e-02 9.1570009937236657e-02 -3.1560852629184510e-02 -1.8652547033416331e-01 1.4381144455477510e-02 9.1459850770699742e-03 1.8660042123745731e-02 -9.1220864154556838e-02 1.5606263966758871e-01 -6.8947671810962924e-02 -3.0607607558101140e-02 -1.4742678127347941e-01 1.3618621657941671e-01 1.3497501319318600e-02 -8.4501133400227066e-02 8.5671332189002122e-02 -6.8892738338655113e-02 -1.9794327110460930e-01 -3.8791193112097770e-02 -1.7838240252145690e-01 9.8734925402533563e-02 -4.6207547128560124e-03 2.1982736474086668e-02 -2.9059186939766932e-02 -1.8007222099024431e-01 -5.5275414966959917e-02 -9.5778301015693387e-02 -9.9186164744252639e-02 2.0164564410268610e-02 -3.1405043435552511e-02 -2.6415066698944431e-02 4.2039890929832888e-02 2.0256779254756391e-01 5.9643587003246606e-03 -1.0384352985825250e-01 -3.5933854086119633e-02 -1.5522305018020241e-01 -9.4276896289467949e-02 -7.1632102120042437e-02 7.2731168757262502e-02 3.2433816129357131e-03 -8.7284064608034923e-02 -1.7701177212052641e-01 1.0719144166221251e-01 -1.5269954293812220e-02 9.0400919477207336e-03 -1.2111786096061290e-01 1.4041441358996870e-01 -3.2452376274208987e-02 1.7755123738500431e-01 1.6716994457900199e-02 -9.6221809389611473e-02 -3.2111180058188617e-02 1.5551464734442211e-01 -1.5427739909747529e-01 -6.3132041268339047e-03 -1.0625049624519800e-01 2.7483070926662578e-01 2.2115960214486829e-01 -5.5057171156296450e-02 -1.4261788099186601e-01 -3.9855079905321493e-02 -9.2765471168719721e-02 -3.1101116884246969e-02
-2.5601771255037198e-01 1.4284255835996021e-01 1.5165929731862070e-03 2.9082545209615411e-03 2.4975726252995729e-02 4.2350674706290767e-02 1.6751344430005291e-01 -2.1407352099789570e-02 1.2572797038052591e-01 -1.3828465737792539e-01 -5.2749388388346391e-02 -8.5315527979478098e-02 -6.0367081474138343e-02 5.0065991503950087e-02 -3.1746529280529089e-02 8.8593527754792498e-02 -4.4553500234950250e-02 1.0409899962262950e-01 -1.9023090139911821e-02 -7.1490888950506995e-02 1.6571192570012211e-01 -1.0459214787298610e-01 -1.9946786914564141e-02 -1.0566911756185590e-01 4.2946823685265582e-02 1.0539166545510741e-01 7.8097713546063360e-02 -1.5581463195089629e-01 -9.6268302895268512e-02 -1.8387687920741580e-01 -1.0997539681746700e-01 4.9190803341499938e-02 -4.6115823184775112e-02 2.5927017425926913e-01 1.0215373352628949e-01 -4.1441913771733091e-02 4.7145098485921043e-02 5.1190003787929921e-02 4.1691084921323229e-02 -7.1534537125257591e-02 6.4739100376381656e-02 -8.1999991851164789e-03 -1.6555971125500801e-01 7.0235270402673813e-03 1.9202509329019471e-02 1.7191432457310890e-01 2.7142350177793931e-03 1.0037075846477880e-01 -1.5796471056732450e-01 8.0284729254804663e-02 6.6118172479622858e-02 -1.4262483160646061e-01 -6.0753691117356200e-02 -7.4885290011921332e-02 -3.3538961859483657e-02 -2.5595844745166840e-01 -5.1011975926417839e-02 8.3651378214361360e-02 5.5834949111621762e-02 -9.0373412592869878e-02 -1.4321729083285131e-01 4.0975577855862106e-03 -7.8930290283140622e-02 6.3687123245716529e-02 -5.9028758861932613e-04 -1.0049457033539330e-01 1.1624773024849680e-01 -4.1989912077099227e-02 -1.5754982300952439e-01 -1.4661762617225460e-01 -1.0183359987152821e-02 1.1986942347762490e-01 -3.8360624833629092e-02 -1.0034259113113921e-01 9.0326362876144307e-03 1.3440163278278111e-01 -1.5013926775371519e-01 -1.3275629222988519e-01 -4.3334533715254427e-02 1.1135315499004640e-01 3.9839345218293951e-02 -4.4143946368539730e-02 -1.1918812836690240e-01 7.4140836500942622e-02 -7.7521040514194409e-02 -6.5536387373170787e-02 -3.5536028253246553e-02 -2.7794433847301452e-02 1.0020623875729220e-01 5.5806735954224258e-02 -2.1878502333716500e-02 9.5003831514116927e-02 1.9294959496653000e-01 1.1957246507540610e-01 -1.0385618183872120e-01 -6.5655616661928137e-02 8.3838089318033798e-02 -2.7693711434365050e-02 -3.8179635409712441e-02 -2.9018772292896091e-02
-5.1110310495909687e-02 -1.1251395346009180e-01 1.3891508169069899e-01 -1.5901443095445589e-01 -1.7453876141392950e-02 -7.8183290382122059e-02 1.0456333914428910e-01 -1.7801461316864721e-03 1.7386946679967660e-01 6.2057827696238257e-02 -1.1300446369647250e-01 -2.3458997043488781e-02 -1.1436969632291839e-01 1.3054605112461731e-01 1.3016911266152200e-02 -6.8393890248659328e-02 1.3740083581254481e-01 1.1101150045235900e-01 -2.8544008834889761e-02 1.5306353841145021e-01 -4.5369553215286823e-02 2.0055587295288758e-02 1.3439331488006739e-01 -2.4749175678322539e-02 2.9475849617570920e-02 -6.9872030735550483e-02 2.5958940444822581e-02 -2.2782696304994559e-02 -2.5545947870342409e-02 1.7807025708112281e-01 -3.4928222839844918e-02 1.2076747622156039e-01 -2.8717563234590130e-02 -2.2766993464522638e-02 -5.0760540851508072e-02 5.1830307627220039e-02 -1.5459676267315470e-01 7.3853790810977250e-03 5.4512494349643961e-02 6.3499894830379669e-02 -1.1283549333546730e-01 -7.5458493658045953e-02 -1.1309752706901030e-01 -1.5993756216617869e-01 9.7980064421196486e-02 -1.1005399296456871e-01 -3.5693673331604343e-02 3.9683527489718762e-02 1.7346757600316351e-01 2.5420140700143989e-02 -4.2359583845860178e-04 -2.3985105905589929e-02 -1.4254311754231300e-03 -1.6787695633100050e-01 -1.5487101249042140e-01 6.1137724862153638e-02 2.3566142407109879e-02 -8.0617112179911313e-02 -2.2285021443466571e-02 -4.9075791318279258e-02 -5.9487247385718110e-02 -1.0978652758629579e-02 3.9254156247516943e-02 -7.9369504079037659e-02 3.2021218549266713e-02 -1.1126583091958051e-01 3.1824998888606737e-02 8.2832314919993530e-03 -1.1306920479477890e-01 3.7274085163702113e-02 9.2206462091659613e-03 1.6633943570318010e-02 5.8669614677060201e-02 8.7282244075288090e-02 -7.3572974432685637e-02 9.1989638956894049e-02 -2.3231254197344220e-01 -1.7193656588929279e-01 1.8692467883330791e-02 -7.9772343712927688e-03 -2.4867396523312450e-03 -1.3332642801255079e-01 -4.9429962888845193e-02 2.3196408345848449e-01 -2.9592436981642972e-02 -1.1657618887389599e-01 1.7030687743310591e-01 -3.9251815254032249e-02 -6.6060921029106934e-02 -1.3045927447545830e-01 2.5473967181363549e-02 1.5577929075712231e-02 -6.1802500960345418e-02 -1.9136868453623401e-01 1.2463789332906780e-01 1.3187101953307370e-01 6.0668104006410789e-02 -1.5439721964282110e-01 2.0423025676527570e-01 2.4353775499912070e-01
3.3366800116842808e-02 -7.0367413010372235e-02 -7.2639416438119941e-02 -4.6854245425993868e-02 4.7727713903957657e-02 1.3456581573892781e-01 -9.5060761411790498e-02 -1.3170015249810461e-02 1.6893573466493901e-02 -2.8267045627640852e-01 -2.2100670458367211e-01 -7.3195954294429891e-02 -1.0594626122265710e-01 7.8640678778361381e-02 1.4049116568455891e-01 8.0549288859767615e-02 -5.8903464707093747e-02 2.2380568830864958e-03 1.0590218120656331e-01 6.9803017812474721e-02 -4.9283082294880758e-02 -5.7713278107539446e-03 5.3297463032860128e-02 1.5635510777561479e-01 6.2569462476124008e-02 -1.4947294922913840e-01 -9.0209773379532038e-02 7.6241664570205592e-02 -2.7604028827954308e-02 -3.8684948086294357e-02 -2.1824873105632601e-02 -8.0874862236781867e-03 -1.5428283337541751e-01 -5.0221686515683282e-02 1.1181071949238609e-01 -1.0204646469524870e-02 8.3308493363955016e-02 -7.6464965839183802e-02 -6.5418248695156403e-02 -4.0323569988169813e-02 1.5338027022631290e-01 1.5100402707073279e-01 3.9558754143112019e-03 -1.1257970351067741e-01 -3.4233481310522958e-02 2.6518115160135240e-02 -8.8875511603565632e-02 -6.7815548683052120e-03 -9.5301073710970345e-03 -1.4074841140784730e-01 -1.2655348974091099e-01 5.5470216207164788e-02 -1.4030293022867690e-02 3.7267094537630440e-03 1.8417334640611901e-02 4.7628767713247748e-02 -1.6712511332195301e-01 -1.5300545292679310e-01 1.4747986685054240e-01 1.9248709097999070e-01 5.5277050872038658e-02 -2.0245421568132940e-02 1.2160181954405171e-01 1.7357904449380179e-01 -1.2654935762195320e-02 -2.0764521335188241e-01 5.7901030432394140e-02 5.3972363353472948e-02 -1.2432797826766560e-01 1.2463171953219290e-01 1.1594224923877010e-01 -6.8656795301558410e-02 -1.4388530232773630e-01 3.6570442084128442e-02 1.5139115809485640e-02 -1.9322391574883170e-02 4.8912145563118022e-02 1.6912179359043010e-02 -1.4197435110188950e-01 -7.2697377495932775e-02 2.0978547386001231e-01 -4.7637307412738507e-02 1.5519382452164041e-01 1.6683596204282319e-01 -2.4539017158100810e-02 -3.3175241544842138e-02 -2.6759709015967321e-02 -6.9319251021869848e-03 1.2109415806329341e-01 1.0726723580214011e-01 -1.4155708178141799e-01 1.6887133861472589e-01 -7.5934768187671156e-02 2.8977063094189150e-02 -6.6278248546504437e-02 -6.1710667311077397e-02 2.7532208902815509e-02 6.3773146073017734e-02 1.2154277229356830e-01 2.1820432504386571e-02
1.0186373761537970e-01 1.1012232983672091e-01 1.1544305822643970e-01 1.2622417628775320e-01 -1.4040576389423501e-01 2.4382252807811099e-02 7.1036951113437080e-02 3.8076896663191563e-02 -5.6123561121219863e-02 -1.3155721838223641e-01 8.5774259837874456e-02 5.6843359314102712e-02 1.1954351440513060e-01 8.9812234055653944e-02 1.3175908314375881e-01 6.4727328921260017e-03 1.5479694807056779e-02 9.5838607942404508e-02 -1.0741553625239019e-02 1.6035022830930900e-02 -6.5941223713605890e-02 -1.2924787231488030e-02 -2.5554601317696421e-02 2.3232142128260780e-01 2.0199083770405371e-01 1.5617798895923260e-01 -2.0245090404631971e-01 5.7514070434648290e-02 -1.0187505648497880e-01 1.5957044759521871e-01 -2.5503359139315951e-02 6.6008117150719067e-02 -7.5351228121911293e-02 -3.0209154210216870e-03 -7.3043279744866907e-02 9.5222940859834529e-02 -1.0938076823243130e-01 1.1445544634918230e-01 3.6758018060529529e-03 1.0108015104906630e-01 1.7289709497758932e-02 -1.7503450685533290e-02 -8.1480714762951670e-02 -7.6798920504255783e-02 6.2316414329038082e-02 -2.7132514307917618e-02 -9.8768755028011454e-02 1.4464522153087631e-01 -8.8074592588010522e-02 -7.3622440617097981e-02 1.5483632373174830e-02 4.1992440015356167e-02 1.7005772268909949e-01 9.9369971601318427e-02 8.8901509289788141e-02 1.4313945881919760e-01 -6.8439617377236056e-02 3.6325794532734608e-02 -9.8512604650585860e-03 -7.0987826871709320e-02 -6.4407160179598272e-03 1.6186169579238210e-01 -5.9913166034597967e-02 -4.2844019445729992e-02 1.8349474793181400e-01 5.8539504722399098e-02 -4.9479665430281310e-02 -1.2754843858744630e-01 -9.4900906593492748e-02 6.3864959915562958e-02 1.6171329037185431e-01 7.1026236595469847e-02 1.1451537444675360e-01 -2.2275633931274560e-01 -2.4799136188049839e-01 -1.1473950939677100e-03 -3.3781766668745189e-02 -5.3307854173955067e-02 9.3145372920382455e-03 8.3483159174233476e-02 -2.0892859080384779e-01 -7.6068238431241622e-02 -3.7354206751005460e-02 5.5959528381860912e-02 -4.9343069518335593e-02 -2.7179532198113331e-02 -1.4781601248676049e-01 1.0538250600716660e-01 3.8632111176788823e-02 3.8279299356998572e-02 9.4113219084668326e-02 5.2749482542187427e-02 -5.3705077429248717e-02 4.9954314621299629e-02 -5.5583271648514607e-02 -1.1602373798257350e-01 1.0047533811873781e-02 5.9029034545378813e-02 9.4842916007015665e-02 -1.6669403466382501e-01
4.6293327388406573e-02 -1.4691564530500200e-02 7.1332912096109910e-02 -8.3685785264127118e-03 4.7492438178290703e-03 -1.5357278975457220e-01 2.3199333062089819e-01 -1.1616758919334259e-01 -2.6810159670669282e-04 -7.4064288458985494e-02 7.9256310137972630e-02 -7.6544679566161913e-02 1.0123491471428210e-01 2.6023243156632742e-03 -1.1329702567072519e-01 -9.4485735710927346e-02 -2.2059524090367141e-02 -1.7654660005471351e-01 -1.1561937695420689e-02 -1.4840998685679030e-01 5.6408403573640159e-02 8.8785647381906377e-02 2.5866665727145341e-02 9.8813987613003057e-02 6.5973347238360586e-03 7.6561621188202270e-02 1.8634983946826361e-01 -3.9788660480951220e-02 -7.1461488176916943e-02 8.0781838050301133e-02 5.6632289970021892e-02 1.3519659886008589e-01 -9.7265551841655640e-02 -2.1532087093564981e-02 -4.7130707889576830e-02 -2.7124896961346012e-01 -2.4557559937153341e-02 8.9443181883153700e-03 8.3091444905950551e-02 2.9669453796146151e-02 5.9524912092792003e-02 2.6637738279156910e-02 5.0171024946746690e-02 4.3721231352856139e-02 -4.3280824642487843e-02 1.2322837163746581e-01 1.8616481370478519e-01 1.6611370367574760e-01 2.8391377342701311e-03 -3.4647415412056279e-02 -1.2845192739496841e-01 8.8512015094797711e-02 -7.1645397933633309e-02 -4.9335702400823869e-02 8.2049847124521208e-02 7.2496692141923863e-02 -9.2741505900223439e-02 -9.6424136645719694e-02 8.6364659609133740e-02 2.5898655341114459e-02 -3.6804284451486528e-02 9.4560073285178611e-02 -5.7849267138880257e-02 -1.3691584841900040e-01 8.0251004120250713e-02 -7.8818960568043897e-04 -1.1564661568967009e-02 -4.0558501643244649e-02 -2.9336708969264508e-02 7.1021430784509398e-02 4.7312735394423822e-02 -1.2212746806288090e-01 1.0542812634791440e-01 5.6208830767436872e-02 1.8698864218665931e-01 2.2834498700387409e-02 2.0747925709973521e-02 1.5416056133663381e-01 4.7831782709216571e-02 2.9523203104545238e-02 1.5843428710831250e-01 -1.4811693706244380e-01 -1.4577042122707060e-01 4.7363451287971772e-02 -1.4539131982692410e-01 6.5235550554780197e-02 1.9885835562740681e-02 -2.9703403056874778e-01 -7.3748241192823994e-03 1.2848118434549201e-02 -7.8382911254289658e-02 -6.3113769373134912e-02 -5.9047973788605539e-03 -1.4061602018418751e-01 1.3006412023820679e-01 -1.6560973168479051e-01 1.3792429863820061e-02 1.7947642934884669e-01 9.0495768654078615e-02 -8.6833854887354414e-02
-1.3536820135824751e-01 -5.8005421800767414e-03 -3.8173922788476762e-02 4.8684694055172971e-02 1.6227502628159629e-01 -3.3154623255038082e-02 6.7626335101585958e-02 5.6568101067203370e-02 -1.8136106835604140e-02 1.7146390775751811e-02 7.6083343023833989e-04 1.0018386940858250e-01 1.8754757925194290e-02 -1.2004905996809420e-01 -1.5989557719610231e-01 1.0262539224397500e-01 5.6975192647575772e-02 2.2130214918069779e-02 -1.8386263109203171e-02 -1.4321418841861810e-01 2.0373017554379921e-02 8.9644603982628121e-02 4.0764990982384543e-02 -4.9867392972224638e-02 1.7303555374289631e-01 3.8360181876575791e-02 -1.9087866089996261e-01 1.6103107266855160e-01 -2.3150042531322669e-02 2.9294667968427821e-02 7.8597691338420470e-02 1.3532510450406529e-01 -5.0358941876417842e-04 -2.0916734153557739e-01 -1.5692138976678319e-02 1.1932526265892600e-01 1.3228047733833409e-01 5.9958334299837109e-02 -1.1326105780438351e-02 -9.3953954436767004e-02 9.4021422617166964e-02 -6.7097047560631493e-02 1.1693683771116400e-01 -3.5017322630028359e-02 2.1716979443076079e-01 2.4548810429667198e-02 -2.1845056658480570e-02 2.4143247981250321e-01 7.1256159742204464e-02 1.2300128760411790e-01 -1.2527338414954670e-01 7.9406513251078416e-03 -2.3291649380959820e-02 1.2560844962677761e-01 -2.2205440376671971e-02 -3.3555091775961099e-01 -3.2671312551539468e-02 5.1927126414349576e-03 -1.3420208524771771e-01 7.9088905424235398e-02 7.5052554353305406e-02 -4.8175581660051141e-02 7.3710466161181695e-02 -1.3166615305153009e-01 1.6521462157931319e-01 -8.1423320677449632e-02 2.2119378849674121e-02 2.3122062764911629e-02 6.5013946772427486e-02 3.1485457860795131e-02 -4.3087108990162618e-02 4.2693823951246122e-02 5.4124666395861047e-02 1.6383665980477680e-01 7.2170090158230296e-02 -5.5560083318778992e-02 -5.7830692199937049e-02 1.4007768854977451e-01 7.5479598928874916e-02 1.3792152110433459e-01 9.5006305251776717e-03 4.4217686500046607e-03 -5.9310168284218437e-02 9.1548238171907478e-02 1.5778891070171230e-01 -7.4265250743162731e-02 3.8409188501849469e-02 9.2002184132839324e-02 -3.4857588964748221e-02 1.1487112919358131e-01 -1.1480639880814740e-01 9.0452732185890960e-03 -1.4934348481538609e-01 1.3298228863446620e-02 -1.7653882837484730e-01 2.3457084095067929e-02 4.7945336907412497e-02 -8.3369051397211291e-02 7.8212700795695297e-02 -2.3019115603403251e-02
2.4719009546981349e-02 -6.1437410799026178e-03 6.0309496699636457e-02 1.1758719450428549e-01 1.0231252712366801e-01 1.1795669787503420e-01 1.5770667018397352e-02 -8.4422296646224776e-02 -4.2085240902940468e-02 3.3597310739995792e-02 9.6014566404653959e-02 -2.1979797880050700e-01 6.4807652115391259e-02 1.0723220982735120e-01 -1.3580685517940089e-01 -1.1084396196217410e-01 -5.7140953571712248e-02 -1.1874274360517040e-01 1.8551613301413611e-02 3.5172329194672322e-02 -9.3759285407792395e-02 4.8024056667062769e-02 -8.0104912547456511e-02 5.6202336100715802e-02 1.5193256374446981e-01 4.8989969487956829e-02 -1.1571114184174570e-01 -1.1474102290627761e-01 8.5644582824046453e-03 9.5471320372162147e-02 8.1643525393424787e-02 -2.4878153105177402e-02 5.1788990076656598e-02 1.2389021547027060e-01 1.2908646771833379e-01 -2.5042227823739591e-02 1.8948171695938601e-01 -1.5457607320148581e-01 3.8102493086340158e-02 4.1446611722305508e-02 -1.0743107545849090e-01 3.5513755838512517e-02 -1.2482754671671910e-01 -8.2028705782964048e-02 5.2874272822405921e-02 1.2103243427470020e-01 5.4010955524381517e-02 2.5717130230354560e-02 2.0656675114927810e-02 -5.1929923951152757e-02 2.6424032017111850e-02 3.0179716774910411e-03 -9.5941040987873122e-02 3.7871541898849892e-02 4.6431819908764549e-02 1.3214503485769609e-02 7.2359769740449428e-02 1.5568072687655810e-01 -6.2611988012618774e-02 -2.4403571881407179e-02 2.5426982617449262e-01 2.5170408057539179e-01 -4.8147410625454870e-03 5.9617591729027662e-02 -2.0390112789057349e-01 -8.4975894620043693e-02 -1.3218162775312349e-02 1.3607597376741740e-01 -7.0740088407554830e-02 2.4443432976299359e-01 -3.5249813466715671e-02 -1.6532385624790999e-01 7.2931313396668793e-02 1.8960840377017191e-01 1.2586144100560651e-02 -2.8722558453076572e-02 -1.4412672264316009e-01 -9.5710792715024071e-02 5.4109817542672203e-02 4.4092360359353433e-02 -1.6224786556554069e-01 -5.2480823920833780e-02 1.1652149215444579e-02 9.6219866133366333e-02 -1.0038986030457480e-02 6.6306053566545689e-02 9.7084821663613707e-02 1.7527345686324351e-02 -9.3013080947286445e-03 9.7527464036261363e-02 4.3440091405305983e-02 2.3144291256126600e-02 3.6689883238470028e-02 1.4276380302967889e-01 -5.4815160654994637e-02 -1.1400172849118061e-02 -1.3812990212005491e-01 -6.9582675981973680e-02 -1.5547673021529071e-01 1.5096122222241001e-01
-9.4341707541074502e-02 8.1705028534155635e-02 -1.1346318113959369e-01 -1.3532605110007229e-01 6.0269177195408551e-02 7.1578309440317997e-02 1.2614929347609639e-02 1.1363545040072720e-01 2.0216780233663109e-01 -2.2180319160324761e-03 -4.2357743671104113e-02 -8.1709587323834099e-02 -4.2381482533553852e-02 -4.7340956339987063e-02 -2.0901275974110820e-02 1.6975861936319461e-02 -2.9071765190298932e-01 1.4159384964799121e-01 -1.2291059779010760e-01 -1.8193028028409891e-01 6.9679013962937658e-02 -1.9872001636569062e-02 3.1726404795192812e-04 3.2516610661782457e-02 5.6845479756758022e-03 -1.1561220437642060e-02 1.7519966723664709e-02 1.1302647998962240e-02 2.5114440920185801e-02 4.3354489547575037e-02 1.4178163459544710e-01 3.8627442249134163e-02 -2.0840878758447681e-01 -1.7201846193725670e-01 1.1491415911799061e-01 -7.0014400871679802e-02 -1.9299939284058459e-01 2.0339478700561190e-02 -1.3707877090101081e-01 9.2829012140730246e-03 -1.3490081308737001e-01 5.7719948517647793e-02 2.7922969610915751e-02 -5.4662026714598563e-02 1.9134368185599021e-02 -1.1751621991214999e-02 -3.6395595919030150e-03 6.1872310900969667e-02 6.2443329305471112e-02 -8.4881918831268374e-02 -1.4513773012281661e-02 -3.9739807045490093e-02 1.3072166007138730e-01 7.9808156649222528e-02 2.3567858627169251e-02 -2.1015914646016001e-02 -6.2195680704825521e-02 7.6530330369608893e-02 -2.7082510347923139e-02 9.0718956802084874e-02 1.9270931702133870e-02 -3.3100872359659800e-03 -1.5914107945360460e-02 -1.0280684155412470e-01 -2.1515372890039289e-01 1.7165879970254920e-02 -1.9276085394864559e-01 -7.5508364238526096e-02 -4.8965781834168637e-02 -5.5203983746658192e-02 1.2528596676020379e-01 5.6389920658008373e-02 -1.6601459487085739e-02 -3.0516264514078789e-03 -2.1267928589158039e-01 -1.7678348267222840e-01 -7.1433536693599323e-02 1.1344225784599839e-02 2.8854743251343861e-02 -1.8199874292535050e-02 2.2738027502189051e-01 -6.4947241070092310e-02 -9.5203500269827088e-02 -4.3171653267253203e-02 6.6415524400746551e-02 7.8378677953190382e-02 7.6170894031248548e-02 2.9710081504639919e-02 -1.3340769710951800e-01 1.9296770276840611e-02 1.2990036833798629e-01 9.1808969080922325e-03 9.5993272478800726e-02 -4.2913523882748987e-02 9.0888613104684518e-02 -6.2555149050156439e-02 -2.6371298931313419e-01 -8.7458311878649830e-02 -1.7892116384377230e-01 -1.9422996374398541e-02
-6.8017003875756488e-02 -2.5813278608514630e-02 -7.1922475263797567e-02 -2.7023882658376470e-02 1.0949325780331801e-01 -7.5737707908592231e-02 4.2762669775815179e-02 -9.6506557148342151e-02 -8.1541144160629242e-02 -9.4425516962065789e-02 2.3487661945043781e-01 -6.7349748452966152e-02 -1.1162434341737790e-02 4.7862220217040792e-02 9.0188513415960847e-02 1.3667788259043209e-01 -1.2113508148800320e-02 -2.0747490233819341e-01 7.4722562728039399e-02 -6.2800938278540733e-02 -7.1599031804180410e-02 9.0888415384111729e-02 -5.3427255546755530e-02 -6.9242266951048204e-03 -1.4546698166024050e-01 -2.4841137885477510e-02 1.3953574186743070e-01 6.4856280732992391e-02 1.1888939819027260e-01 3.9630917853240383e-02 4.3266843776846989e-02 -3.9745993010037110e-02 -5.8481149199053208e-02 9.7294945645378147e-02 -6.2370829903006297e-02 1.9128957280742370e-01 -5.6509423183148090e-02 -1.3168761783348190e-01 5.7965704957246823e-02 -8.5596117176093334e-02 1.2344955873635380e-01 -1.1562920918975610e-01 1.9252217730543010e-02 -1.2062998469661849e-01 -1.5298610594705511e-01 -8.1233474711978698e-02 -1.0186371415459999e-01 1.2234863042712781e-01 -3.2858739329877311e-02 -4.6083612578871808e-02 -7.2633467614510561e-02 -9.2756327998587129e-02 7.6852012866498662e-02 1.4287433747810999e-01 -1.3146371476919591e-01 -1.1076297807626570e-02 -8.3731880938237163e-02 6.8823021854900163e-02 -1.4079734231147181e-01 2.0943718623675889e-01 -1.1966090679391540e-01 1.7418572622183370e-01 -5.5237965134424888e-02 -1.0462675202601530e-01 -4.6977427854308751e-02 -4.3564257215334683e-02 -6.3333650693117194e-02 -1.1182203056104179e-03 2.0242643073183739e-01 -2.1104234393701161e-02 5.5664714839541549e-04 -7.9905702950391802e-02 -7.1902642574558542e-02 -1.5742331529238170e-03 -6.5714945088169871e-02 1.3515812117466540e-02 -8.9908807727198364e-02 -2.9270670575499003e-01 -4.5542250855175243e-02 1.3825594356620089e-02 -4.3928962517485022e-02 3.8667370637758242e-02 -5.6565896029902217e-02 3.3866309429796911e-03 1.2766285811173389e-01 -1.4462076530020571e-01 -6.7148164348916017e-02 -3.9411479646781376e-03 -1.0254236025710591e-01 -8.8936902967009998e-03 -7.2993680809828598e-02 1.6221777020694139e-01 1.1260655010699989e-01 -1.1203286960254299e-01 6.7998844738595160e-02 6.5804941672238326e-02 5.9523311314942512e-02 2.2430877425389309e-01 -4.4119857625018313e-02 3.4967869298319222e-02
8.6328543770858399e-02 5.3187686829794183e-02 6.4788342562848961e-02 -7.7947702359012772e-02 9.2051614810312335e-02 1.5635377298283051e-01 -2.2596325463382229e-02 3.0252370961028008e-01 -8.3726336604771134e-02 -1.5692272687225181e-01 1.0958063531201170e-01 -1.0928325209038969e-01 3.0247210701045829e-02 -6.1314097109287632e-02 8.7913275458755366e-02 -5.9660498097297537e-02 -1.1012001495956709e-01 1.6321495503170309e-02 -1.4217306404600630e-01 8.2954915924574935e-02 6.4511843450220874e-02 2.1124553692640591e-01 1.8402130230313729e-01 2.1503324511787211e-02 -8.9773010810475840e-02 3.5812418949570900e-02 -1.3943356117923869e-01 2.7943312618625909e-02 3.5633539150172852e-02 7.4022698202729734e-02 6.0500845516604619e-03 -1.4280789584845549e-01 5.8567188933960047e-02 2.4391392861404479e-01 4.0289580746743783e-02 -8.2759001520656839e-03 5.5244851161139953e-02 -2.0147935909407281e-02 2.9866345827705412e-03 -5.2785047759586333e-02 1.8040196609887049e-01 -5.3966421012395613e-02 -9.4749804653979419e-02 -5.5041261668477941e-02 1.5924326487509091e-01 1.0397013233865710e-01 1.0515235608766210e-01 -4.5402372839738088e-02 1.5871910360288791e-01 -6.1007003737029719e-02 6.0121199218534267e-02 -2.5082033118610101e-02 1.5470146872005529e-02 -2.4798856102820349e-01 8.7071196750759972e-02 -4.0186142936794719e-02 -1.9982270938119578e-02 -1.9208803052807219e-01 -1.5119145330684350e-02 3.1673433347487998e-02 -7.6969059905261331e-02 6.6588504382838781e-02 -5.5345459956419638e-02 -5.5788039223509438e-02 -8.5709097278259538e-02 1.4347732366896121e-01 -3.4297333871335003e-02 -7.4797255729594794e-02 -4.1891963001976770e-02 -3.0040328553466038e-02 -6.7787281720170067e-02 1.9411829334053030e-02 5.1987238110605648e-02 4.1053350590636792e-02 1.9116064094002530e-01 4.2989784331718562e-03 5.3811284643010562e-02 2.0917573200263769e-02 7.9408611423967351e-02 6.7447740168228576e-02 8.0249092982144957e-02 -6.3306787829942091e-02 -1.9099205915876129e-02 -1.2500877927237891e-01 1.3625377151593400e-02 -1.1181727690797851e-01 -1.7353333235975091e-01 1.2630917529336799e-01 -1.9249042423573309e-01 -8.5835156437260324e-03 7.2105554076448086e-02 1.2216784407992680e-01 -5.5192671130532681e-02 -1.2483845180458800e-01 -3.6158347896949918e-02 9.8069153673407780e-02 -1.3762594982983330e-02 -5.2411810279629233e-02 5.0490329903942810e-02 -4.3250698133214513e-02
2.5687066633769299e-02 2.5106364055807162e-01 -1.2222581071598269e-01 1.6381442036194779e-01 -4.2812300443948723e-02 -3.2507824740775612e-02 1.8997643555241341e-02 -1.1636921666246960e-01 6.9942859969853305e-02 -4.3096208315258483e-02 -1.0387561038511120e-01 -3.3178431272003872e-02 -4.6908453443426978e-02 -4.1293975500397817e-02 1.3075911325560849e-01 -9.2155618140163844e-03 4.9653630709946543e-02 1.5160118092090449e-01 3.0346853291354212e-02 -3.8059478316378292e-02 7.9240284294931199e-02 -1.2018923925506680e-01 2.4008697537250441e-02 1.9860829727614321e-01 -1.4811866777430910e-02 7.4359608541817640e-02 5.2737752856175879e-02 -2.3010427295491850e-01 -5.7838954653288829e-03 -1.3759905498233430e-02 1.5646737535604219e-01 7.0025750175205181e-02 1.5592037389556629e-01 1.5381384482768370e-02 8.8681863100697908e-02 6.7151522938358854e-02 6.6469125551474412e-02 -1.9408257279745302e-02 2.0606120808994449e-01 -5.8699571246723738e-02 6.5248271805176658e-02 2.8550696910883501e-02 1.2442686183932020e-01 -4.9123097162817472e-02 2.7543490370082361e-02 -1.2210957140765070e-01 1.5475980355039881e-01 3.3257767195922369e-02 -5.3422505803303252e-02 6.6601703175646412e-02 5.2062317809757820e-02 1.4353468483983481e-01 -2.1431636201848160e-02 1.2853045174532499e-01 9.6282618222637881e-02 1.2403380735583699e-01 -7.9471784536389589e-02 -3.8167301596464871e-02 -2.5821832906364979e-02 -9.6553849253403393e-02 -4.1424059320980637e-03 -1.7572997673230270e-01 -7.3750391119654368e-02 5.7476730428933233e-02 9.8118438570982784e-03 -5.2617126533272093e-02 -3.0877366452345071e-02 2.6311516363941079e-02 1.4994458410835340e-01 1.9742531241382311e-02 3.1150321754958459e-03 4.8366384539291138e-02 2.9222297500080881e-02 8.5573772970478496e-02 2.4817616536335688e-02 -1.5147870846289400e-02 3.3690168717677563e-02 -3.9733999745289097e-03 -1.7590075111146231e-02 8.7256894982222239e-03 -1.3049219645060719e-02 -9.2872987489857228e-02 -7.8019393565866207e-02 2.6799684749625819e-03 4.0297779109932041e-02 5.6135820096861709e-02 -2.1398222317209051e-01 8.2235780435312031e-02 -7.8749771130530041e-02 2.2662619252881969e-01 -1.2237037667757630e-02 1.1431720387504160e-01 -3.5206779386467171e-02 -2.5935822396834718e-01 1.1985445012755810e-01 1.3093588762000771e-01 4.3440423791755327e-02 -1.0345103418443791e-01 -9.7474789881210194e-02 2.6835166758668560e-01
1.1630935680235261e-02 -1.3644393446210040e-01 -5.5231047161298688e-02 1.6122559301817291e-02 2.0724234060900029e-01 8.6788067541952410e-02 -7.2674856159838749e-02 -6.9933717264418827e-02 6.3206801383752093e-02 -1.7899776710355818e-02 -4.8072812466438797e-02 -6.8707879006708354e-03 -1.0250014862756360e-01 1.0645149263422581e-01 -5.4840804198806888e-02 -5.6820368193891302e-02 8.7823340370994096e-02 1.6620937833160301e-01 1.1139282012584130e-01 -1.1438204596051020e-01 -5.9503956502920972e-02 1.7399197258039620e-01 -5.8819190206422303e-03 6.2988716369113365e-02 1.1798808934913479e-01 -3.4193586752160561e-02 9.6957871842722754e-02 -1.1240615342139630e-01 1.3865768712136409e-01 -6.2067203371659628e-02 -2.1857035747879200e-01 1.9879859459336971e-01 1.1618213773415400e-02 -1.6230415614461820e-02 -8.6583651614240281e-02 -5.8345050196874380e-02 1.3207806421366039e-01 1.0724820456850900e-01 7.5861135954365194e-02 -4.4712210644633571e-02 1.0421477174554780e-01 -1.1735468459615341e-01 3.8412685176718427e-02 -1.0267376537636340e-01 -2.6199022094983431e-03 -1.0087170270542800e-01 -5.9128414748812849e-02 -1.1995862964607069e-01 -6.0855173708017088e-02 -5.8591368669416950e-02 -3.6456898890030502e-02 -7.8886428296950042e-02 4.0865955224091283e-02 -7.4739409040967139e-02 -9.4239192996178306e-02 6.0464126894844593e-03 2.5060432041815150e-01 -1.0360409022457200e-01 -2.1311275911168180e-02 -1.1378998517658240e-01 3.5650150565608947e-02 4.8363210204513139e-02 2.1167167187409242e-02 7.0900756829750361e-02 3.9636113129832090e-02 -3.7524211399524651e-02 -8.4476436950024682e-04 4.3398617228231469e-02 1.9523583490615171e-01 7.4250843403978958e-02 -1.3383647023366860e-01 6.3443135814737525e-02 2.4002688652439261e-01 -1.0911020143996560e-01 -5.7178991048418122e-02 -1.3692703265568021e-01 7.0506725389749433e-02 2.1472037910436090e-02 1.6473276073843790e-01 -3.1534085081174869e-02 1.5424720315013801e-01 -1.4121872143765599e-01 -2.0944586889241400e-02 -1.6520528353471949e-02 1.1836595756802380e-02 7.9048952118609753e-03 -1.2684981145824570e-01 1.1710171078679800e-01 -4.1014330412631597e-02 -7.6914785588584958e-02 5.1603817155955627e-02 7.2158683026342943e-02 1.8698555120823759e-01 2.9275301890709472e-02 6.2105050013968731e-04 -2.0894057032055419e-01 -1.4185332255422120e-01 1.0327866042388401e-01 1.7665607459591899e-02 -2.7514203157151390e-02
2.4214048593937200e-02 7.2125307708895234e-02 -3.3964413130415642e-02 1.2132526277804470e-01 -6.9370908419255181e-02 6.1681538782622197e-02 2.0121188020937419e-01 1.2568849456206879e-01 -1.2130581630735100e-01 -1.6260447594837349e-01 -1.6512729797982731e-01 8.1938767293559978e-02 7.4474932018982032e-02 1.1525822014666670e-01 -2.2131996554963959e-01 3.2479798067116837e-02 -2.3867447197268531e-02 7.4396074870470494e-02 4.0411546303347888e-02 3.5661332594296123e-02 8.0482915403951555e-02 1.1508477927167519e-01 1.2127637053293260e-01 -5.3644154267183643e-02 -2.1960981485912129e-01 -1.2541280980630731e-01 3.9563377476373007e-02 -3.7599729999707059e-03 2.0045981506501881e-01 -1.7912325308685090e-01 -6.2589638322171709e-02 -5.4414048545521287e-02 -3.5870655497798963e-02 -1.9156210336976651e-01 -1.0443241967361160e-01 7.9825364562683215e-02 2.0999088553018819e-01 -9.3184697066656559e-03 2.4054132742963769e-02 -9.5661459432847498e-02 -1.2143893392552831e-01 -3.7033511467049793e-02 -1.4045380242121430e-03 -6.4140860942317690e-02 -2.4093664988039708e-03 2.9482034329577921e-02 1.8731320886062100e-01 6.7782804599715502e-02 -1.0588951500664290e-01 -1.3993390282069601e-01 -7.3010961850985670e-02 9.1533944150462163e-02 4.6940479975666367e-02 -5.2237629496874258e-03 9.1277331148674548e-02 2.9781112425767791e-02 9.9406540513016228e-02 2.4134028709609859e-02 2.5402050473277121e-02 7.8894743317917640e-02 -5.1611432744338602e-03 8.3881247887840238e-02 -1.2780322554301141e-01 6.4071340526197770e-02 8.6697194431425179e-02 8.4086708749053551e-02 1.7687901874657502e-02 5.9600089564562947e-02 7.4890473651928996e-02 -6.9720247403855087e-02 3.8806330963374401e-02 -4.2180493044266763e-02 -1.2134041970842310e-01 -1.2286930062319650e-01 -4.8563381612264138e-02 9.2968253260910603e-03 -2.1990480721728370e-01 -5.0438909681599850e-02 -1.6394961535990469e-03 9.3685812994477022e-02 -7.5507213678859250e-02 -1.0205351770097990e-01 1.1496471728530150e-01 -4.1125045035010008e-02 7.8971784689584497e-03 1.9384350642905129e-01 1.8138422225190051e-01 -9.3918547637252200e-03 -2.5875980936336258e-02 5.7706041194104912e-02 1.6034505472656940e-01 4.2572838475593587e-02 -9.3474187634974577e-03 -3.4069556036023020e-03 8.0119508188688543e-02 1.0637352198738401e-01 -2.8511837101922361e-02 -4.5452138907651297e-02 1.7093149627093521e-01 -2.0575785514940780e-02
1.1534916953236971e-01 1.6873823736808710e-01 7.1122748765049607e-02 -9.2367377198247960e-02 -3.2227339429699887e-02 -6.7388747293265619e-02 -2.4212428542209419e-03 1.9200979573867269e-01 5.7524437745278947e-02 5.5126480469098627e-02 2.5205802042708440e-02 -3.3362640193502421e-02 -2.0369676722990260e-01 1.3275353247057581e-01 -5.2904747916646122e-02 2.0999786479565770e-03 -1.1242982630024061e-01 -1.7072531058896481e-01 -7.5598951423872948e-02 3.8616128355618081e-03 2.3054651964226201e-02 1.3673592217810210e-01 2.6604831814377580e-03 3.2059363589983243e-02 1.7994614672032441e-01 3.9062289268631957e-02 4.2283413649737957e-02 -7.6263755508413855e-02 -2.9062608970404049e-02 -1.9148756535169301e-01 1.3675541560035510e-02 -5.4378103649701193e-02 -1.3823517788905110e-01 -4.8172295399347587e-02 -2.0683279066685470e-01 1.3679210271540959e-01 2.3288139209055130e-02 -2.6967877278979219e-02 -8.7951838663065676e-02 -1.1796788612167890e-01 5.0288389560166818e-02 -1.1007793645300450e-02 1.9125684157222200e-01 -1.0729666498642740e-02 -1.7412847112078831e-02 6.7868342377908064e-02 -1.6740650156268692e-02 -7.6205793369368641e-02 -2.9304901040690591e-02 1.6800911272938729e-02 1.8027926253567941e-01 -2.5794488041062699e-02 1.0335157093511931e-01 -9.8873113282248432e-02 -9.5313048202892658e-02 1.0410193194059229e-01 -2.1492277700646409e-01 9.6135193618497497e-02 -1.0970086543358629e-02 -1.7726438827096830e-01 6.0588246897961641e-02 3.1942369038546782e-02 1.1494651481693870e-01 -3.7283150323003153e-02 7.8033433454716167e-02 5.8954138268881517e-02 2.7573999497337989e-02 1.4055960032349271e-01 1.4863830157732660e-01 6.7276102036578980e-02 6.2656885339675714e-02 6.6163892632987850e-03 1.6890550385189260e-01 4.3384983619088692e-02 1.2715298641096931e-01 -2.8479277777957832e-03 1.0066369379971060e-03 -9.9999007238783966e-02 -1.3028007531402599e-01 1.4132615106670651e-01 1.7363532312001129e-01 8.5725465040881410e-02 2.7247100677659408e-03 1.0738096505056589e-01 4.1896440054641059e-03 2.5399507500973649e-03 6.4818378371804278e-02 6.2411744820633552e-02 2.4096221442540849e-01 5.2161409602816601e-02 1.9979336936507230e-01 -7.9787507473118940e-02 -5.7630644292382349e-02 -2.9682796408769790e-02 2.5626792472756489e-02 2.5089237813053420e-02 9.7615472950588242e-02 2.1429559163952790e-02 -1.0383723881402000e-01 1.9648708355332278e-02
-1.4293055230418469e-01 1.5899329475484891e-01 3.1675392971692293e-02 7.0173727103877245e-02 1.0142055716691210e-01 -4.9418995271477938e-02 -3.9806958036180763e-02 -2.5829974031446601e-01 7.2593149255824278e-03 5.0226078636408343e-02 -4.5484074841940572e-03 -1.1756963514964509e-01 -1.2697129651258671e-01 6.7126774199299341e-02 4.0631276037166403e-02 6.2757944563550369e-02 4.0121067169653371e-02 -1.1707085495347439e-02 -6.0587232259364562e-02 -5.3749661763876903e-02 -3.3072263706533843e-02 1.1971306285715710e-01 -9.3103298430746426e-02 7.9991058697921863e-02 -2.9599061566688501e-02 1.8705445841666741e-02 -3.9624557537860983e-02 7.1785454834507073e-02 -1.1529820544215209e-01 -9.2371986639774639e-02 -7.4944620269203135e-02 -6.4001439483512890e-02 -5.7025004960990319e-02 -9.7311512903054155e-03 -2.1766647621622001e-01 -7.3997530614427886e-03 9.6819556361190454e-02 -6.7052191172457351e-02 -1.1174551539537669e-01 -9.0610183028714715e-03 -1.0643660299431340e-01 -1.1014762022938300e-02 -8.5663882830769256e-02 1.5570917501910669e-01 -1.0466449543294359e-01 1.2811232568644829e-01 2.6723190431100850e-02 -1.2639973089316489e-01 1.1408247835972150e-01 -1.8132409925242859e-01 1.2488241651300810e-01 2.3322520993941101e-01 5.7312308954413492e-02 2.8570828563572279e-02 8.6976243420571475e-02 -5.0113379225706751e-02 1.9872296689015789e-01 4.3217965271538983e-02 -9.1062037490854009e-02 4.4627207231568624e-03 8.2885298050092496e-03 2.9039743465926721e-02 2.4892582101944571e-02 -6.8187705510779337e-02 1.3750544401908280e-01 7.0071837421550140e-02 1.5851588281654860e-01 -1.7959900102513010e-01 -1.7352157235957491e-01 1.5928855925575849e-01 -1.6016606838351620e-02 1.4762738859279570e-01 -1.9577501288357829e-01 1.8722171051228619e-04 4.5129153272753512e-02 -9.0932873631182368e-02 -1.0346330325212021e-01 1.8172396774902171e-02 -1.1950472303370820e-01 -3.7793252483689407e-02 8.5600152270117608e-02 1.2463785575136070e-01 -9.2819718247947824e-02 2.9807946321025600e-02 3.0268982564262342e-02 1.3260593992984470e-02 -6.8209018780974767e-02 1.4697008285115609e-01 -1.2095997127643859e-01 -6.2693627857059411e-02 -7.2629988051594277e-02 -3.6311110070000013e-02 5.8342973226818097e-03 -2.4609049180234019e-01 -3.5970816866532501e-02 -3.2663660155906521e-02 -7.8844142173809889e-02 -5.5611815098978584e-03 7.4774542843009537e-02 4.9139281520767873e-02
9.5570900288882238e-02 -1.3759470253913700e-01 -1.4830544562114380e-02 1.1204960044744940e-01 2.1604503399660952e-03 -5.3175647606260278e-02 -1.5995689026976640e-02 -2.6137915868748732e-03 1.8956081567577911e-02 1.6024983682530209e-02 2.6617048565558452e-02 -4.9224007567027259e-02 -5.3025464400455802e-02 7.8638008065901946e-02 -5.6056360708762487e-05 5.8381362795719823e-02 -1.3518075571775889e-01 7.8593220985293297e-02 2.8615673491798169e-02 -2.0276400087539340e-02 4.2945015244814491e-02 -2.0662757348554081e-01 6.4154993418345380e-02 6.7553204385604783e-03 1.0131758359223270e-01 1.7061349302940401e-01 6.9050336547178490e-03 1.8810390827818729e-01 6.5809767200773972e-02 -1.2601154310116680e-01 -8.0628754808872889e-03 1.1030325176120419e-02 6.1297512318246088e-02 1.7473564434506851e-02 -6.0954542103843483e-02 7.2341869257498748e-02 -5.1697568083784153e-02 1.5550020701840711e-01 -1.7447497170963000e-01 -9.6316131537233687e-02 -2.6888058743648881e-02 1.3612919962549649e-01 -1.0098782756729020e-01 -2.1635426130842089e-01 -4.1845718519132241e-02 4.5739138470135852e-02 8.6742649488864954e-02 1.0331455014858630e-01 -1.7389377313112780e-01 -6.4229144477848318e-02 -4.7163895197934458e-02 7.3946075867701300e-02 -6.1640647106122687e-02 -3.1556625753702862e-02 -2.5984801522827651e-02 -1.5594104547444420e-03 6.3316191675008848e-02 5.9464576012182080e-02 4.8887587309712467e-02 1.1673846300647250e-01 7.2172127872753317e-02 -7.7891561884653640e-02 -2.2935617504202852e-02 -1.5708290938091360e-01 -8.2932526083358798e-02 1.1763415333287031e-01 -2.8984382438372340e-03 4.0121490132435343e-02 6.3509085074375263e-02 9.8216969398375972e-02 6.5368143849626470e-02 1.4771365763085209e-01 -1.6198164117035410e-02 7.6048660871401538e-02 1.7257586595576641e-01 1.0666149265432140e-02 8.4187854244092350e-02 -3.1824837176405341e-01 2.5601352408368100e-01 -1.1753031379134350e-01 7.1427367561864963e-02 -2.5116382828968879e-02 6.2722837119769956e-03 1.2552945624141150e-02 -1.2613320835148711e-01 1.1263156780935030e-01 -2.0002701279245680e-01 -4.9662013537247147e-02 -1.9121492793386308e-02 -1.1164400391669550e-01 -8.4129585538872800e-02 -2.3148575931324611e-01 -2.1415966809238511e-02 2.6164849447257540e-02 -9.8219445361264535e-02 1.5335416801915919e-01 3.9691954837016040e-03 -8.7262359092771507e-03 9.1698280793754278e-02 7.6129699203060078e-02
-1.3639578669023810e-02 1.4848188154518769e-02 -1.6747124992449920e-02 -1.1959172485436320e-01 -6.4087995082329124e-02 -8.9772695860600174e-02 5.4452535165659760e-02 1.3882154571046679e-02 -3.6497414314635053e-02 -2.0716402837968509e-01 3.0217009656711181e-02 1.6554999525618741e-01 3.4001638945621082e-02 4.9125288581338487e-02 8.0199037854318173e-02 3.2153210128233869e-02 -3.4866775353648571e-03 -2.4957940020315931e-02 6.9682254435174479e-02 5.9069161374520349e-03 1.6175170392823929e-01 1.1502824585429410e-02 8.0683553664796043e-02 -1.1728824447227680e-01 7.0297097208115417e-02 -7.6660675926450345e-02 9.6055277220450846e-02 1.1106112155603071e-01 -1.1924081929045729e-01 3.8042145608531627e-02 5.4802409480528613e-02 6.9459014220143750e-02 1.3080033866595711e-01 2.4352758582108561e-02 5.6600013363514820e-02 -2.3018628834929750e-01 1.9041939277298481e-01 2.8960545756379661e-02 -1.3802680713241369e-01 8.4567902671472753e-02 -6.0333566154369120e-02 2.2349776768979240e-01 1.3632129673701221e-01 4.0467050958257457e-02 5.0515937390921556e-03 1.6362021186888551e-02 -3.1930148793066999e-02 -8.9790604637301791e-02 -6.2979587338222232e-02 -8.5318744495871263e-02 -4.8097058641670333e-02 4.0353081482801638e-02 -2.0703898209844479e-01 1.1154711091597860e-01 -2.9834892555477600e-02 2.0326272165170630e-02 -5.3418545493481087e-02 -5.6038361746228768e-02 -2.6305918180632500e-02 -1.4886557306350581e-01 -4.3177542143602470e-02 1.2063695717652551e-01 2.0976360783784420e-01 -3.0435703921055171e-02 2.2850316223950621e-02 1.9730897535081979e-01 -1.3451778870892200e-01 -5.8378075211903144e-03 3.8630446631180912e-02 -3.5309937244827248e-02 -8.5604297595645265e-02 -5.8753554499598473e-02 2.2432472752681391e-02 -9.5012897188154737e-03 -1.2561432830070399e-01 1.2917872597052299e-01 -1.2030170674931370e-01 -9.1412165435641707e-02 1.4295813228323281e-01 1.8386609781178351e-01 1.3682155112630941e-02 2.0315014786903210e-01 -2.5927048765799370e-02 1.1086991410140121e-01 2.3664356100882109e-02 4.7583579254733582e-02 -8.2266807406258025e-02 1.9593382304260229e-01 4.2002845551134963e-03 -1.8614591995470031e-01 -9.1013389958002261e-02 1.5284637359577549e-01 -4.1648833241237380e-02 -1.9788358022319659e-02 6.0572065465140552e-02 -9.1298530212265503e-03 -1.3847556963459159e-01 -7.5510409429224608e-03 -4.3879518939237062e-02 1.3698442729328020e-01
1.3020670542965049e-02 4.1231683425992857e-02 5.2942627144997749e-02 5.7710181693111012e-02 4.9223127493807552e-03 -7.6351174636150279e-02 2.3109397638718390e-01 5.3820437968241000e-02 2.6181266881399049e-02 -7.2485271095461545e-02 1.2560572220420230e-01 -1.6390718119468539e-01 -2.7257398138675219e-02 -1.7107390967756229e-02 -1.8598319556215681e-01 4.0872728349911347e-02 4.6326188990800612e-02 -4.7489402690030748e-02 1.6698273420825929e-01 1.0954047283505509e-01 -1.7837965376567269e-01 -4.4186781273129097e-02 -3.4725379827570908e-02 9.7748643319955086e-02 -4.6453976536145764e-03 8.0023520180606031e-02 -1.0017854601793490e-01 -8.5975818555040773e-02 6.2228350700584738e-02 -5.5306579825602213e-02 2.6223878754235201e-02 1.2888602899564161e-01 -2.9771864232781810e-02 -4.3714432658330978e-02 2.9269362062725318e-01 8.2148590719101647e-02 -6.7883640013304186e-02 9.3714140341333079e-04 -2.0139400606287061e-01 -2.4313343754295679e-02 1.4776148084224491e-01 -2.4104523529156819e-03 -9.5020624616922761e-02 -1.3242640549743750e-02 -1.0996792023401360e-01 5.8056234043653378e-02 -3.5346861867796828e-02 -2.1442564013604959e-01 -4.8116980815227618e-02 -9.2707155829959059e-02 5.4005046483192112e-02 7.8125173183374655e-02 -6.4440770072025463e-02 -9.7344254381457912e-02 -1.1830828621585029e-01 -9.8163329859098005e-03 -5.5552130830413493e-02 1.6366754031499901e-02 3.9038405387688289e-02 -1.2606367756805209e-01 4.6581870532439187e-02 -5.8846879715618368e-02 -1.0105875198459270e-01 1.2453096866969270e-01 1.6905557531068091e-01 -1.3314058889925570e-01 -1.4421981898179850e-01 -1.4136125409940021e-02 -7.9610333562815314e-03 -5.4568922541140173e-02 2.8420542438357930e-02 -3.3508373653710948e-02 5.0830015300424948e-02 -1.6958989535016941e-02 -7.6441754914632856e-02 -7.1018681768226996e-02 -8.0260169655964886e-02 1.1892084448528251e-01 1.0105429199916389e-01 -1.9621559628550889e-02 9.0782239828864131e-02 1.3220221112671030e-01 -1.0677453908170610e-01 -1.4840744377835771e-01 1.7110702639745859e-01 4.5741189572613500e-02 4.1243310596798193e-02 6.9719847795247453e-02 -7.0200344333848794e-02 -1.4320808549300579e-01 -1.8501809546024089e-01 -6.0277303751503870e-02 -6.8438181831832368e-02 6.4554320012026878e-03 1.4611426149210879e-01 2.2754779538409861e-01 3.8473722831692703e-02 -1.2147447627923609e-02 3.2544256874717327e-02 -1.2019114564185120e-01
-7.2927753756472410e-02 6.8066647051645210e-02 -6.8692454978499892e-02 -1.4972308321986680e-01 1.1469253624562339e-01 6.7417427353267154e-02 -1.5619465554025561e-01 1.5354152093369671e-02 -8.0668137747124155e-02 -5.8360150438963358e-02 1.5676418805382361e-01 7.9933827434702179e-03 -1.0576267657050669e-02 -3.7717648322405650e-02 6.6260586786491910e-02 -1.2192249885268720e-01 1.3659887040148399e-02 -4.3701375387788927e-03 5.9579862688168020e-02 -9.5319656679799490e-03 -1.0781675452014000e-01 8.5836372205115738e-02 -4.5819168111348563e-02 1.1219387409001590e-01 -7.2197739167890263e-03 2.1916043646539908e-03 -4.6348991027170439e-02 4.1155453782759392e-03 -4.1635922295520517e-02 -1.1489678495428669e-01 -1.4788634864294331e-01 1.2405837265074331e-01 -7.6834212998893717e-02 3.4527468313398729e-02 -1.3466041485033889e-01 -9.6953120598280748e-02 -1.5641993989085501e-02 -1.6545709096069380e-01 -1.4126865851377721e-01 3.3820296123375303e-02 -2.7513422992412401e-02 3.4074622342277698e-02 9.4198848560673176e-02 1.4016517959654060e-02 1.6683918119773991e-01 -2.4862189658865889e-02 1.0707601190139110e-01 1.6794869733911599e-02 -1.1112946348111560e-01 1.2351545933734979e-01 -4.8695196075853570e-02 -8.3736622919397069e-02 3.1616617862707072e-02 -6.9304213487352537e-02 1.5239841624893960e-01 -1.0910425249773410e-02 -8.8663824773406105e-02 3.2150054723943347e-02 -3.0411097026837249e-02 5.3009102802358203e-02 1.6637534504044460e-01 -2.7113504887048129e-01 4.5659030496446602e-02 4.4050879356157709e-02 1.0512169041132050e-01 8.4117488025624146e-02 -1.0922539076892070e-01 2.0458331240947861e-01 -9.1716296355097270e-03 -3.8079454321194371e-03 2.5376193007616921e-01 7.9678865659750298e-02 -7.6715214380796107e-02 -1.5201449182799819e-02 3.9626354460680448e-02 6.5235987733218023e-02 -2.2654526555398399e-01 1.0412921790404260e-01 -4.8049607386735976e-03 5.0101851609202592e-03 -2.2706953938591090e-01 -1.6879670263790059e-01 -6.7806388713858292e-03 -1.9204911422429159e-02 -3.0112657105102140e-02 -6.0187740101787512e-03 -5.4177800891457649e-02 -8.4576792242331222e-02 -5.9909567928480033e-02 -2.6455439771819877e-01 -8.7320326167075371e-02 2.5906658226369061e-02 1.9793795867784411e-01 5.7620767408481481e-03 5.3990598488772093e-02 9.3386675722902726e-02 5.0198575327188889e-02 2.2733976448719901e-02 -7.3013000648952234e-02 7.2604319576023341e-02
-1.2457868594900411e-01 3.8816715222186979e-02 -1.1664314378346750e-01 1.7613786857088070e-02 -2.4695636967256698e-02 -6.8606349190197660e-02 -1.2560833847207960e-02 1.7138505573070090e-01 2.4448248544747260e-02 5.8658497637746283e-02 -9.0922378879894725e-02 4.0269592960727192e-02 1.0104704637536070e-01 -1.2417109074646609e-02 3.0826315882754489e-03 -1.8100384547010720e-01 -1.1247512659100410e-01 -6.9718896444612419e-02 1.0369818214191050e-01 4.3200422929407969e-02 -5.8210588543342941e-02 -5.9403713246030908e-02 -6.1764682284650180e-02 8.4026758213970446e-02 6.7193961128221721e-02 -1.9302059985325391e-02 1.2453717611106550e-01 -1.9232991691951619e-02 -1.2679313320834909e-01 2.6723578359874319e-02 -7.4092127068371323e-03 8.6439350559197707e-03 -6.9611257575475413e-02 -1.2359719233773420e-01 -5.0591190078422103e-02 5.5595779615537341e-02 4.0824505686445557e-02 3.2427877966219543e-02 8.0763650209678337e-02 -1.0186014966140990e-01 1.3958808050373231e-01 2.5869055644549122e-01 6.2842031280260890e-02 1.0640961600140010e-01 4.9852055544678739e-02 5.3910237381920769e-03 -9.6594825033896076e-02 -4.8050519260667668e-02 6.3763311089954963e-02 -1.0520566355138140e-01 2.6976724215982378e-02 1.1455638264079210e-01 1.8946379275023670e-01 -1.2481844819735650e-01 -3.3875986379610853e-02 -9.0068224833078372e-02 2.3457932619456040e-01 2.2392870903515862e-02 -4.7356952875195958e-02 -6.4700901856583490e-02 7.5103888436908031e-02 1.3000767370008501e-01 2.4420857896711060e-02 1.0621196230829390e-02 -2.4263543746454251e-02 -1.1461592683456399e-01 -1.9271155456454800e-01 -2.0989080392468051e-01 -1.1541460727273690e-01 -2.1905409789965080e-01 -7.2132134774459580e-02 2.3724502401276739e-02 -1.1070136813120959e-01 -2.6762726468764431e-02 1.7420089588383109e-01 -1.3499748470510400e-02 -2.6514249367026371e-02 -1.1184422240240140e-01 1.5344084850742190e-01 1.8923368512016821e-02 -1.3320428741003479e-01 -2.2437639764696349e-01 8.6147325687590190e-02 -4.1476593915561841e-02 4.5772575960985273e-02 -8.2035847691854097e-02 1.0951573616085600e-02 -1.8724943191023410e-02 7.3124164752990842e-02 -5.1255830620738924e-03 -4.3595779630497593e-02 -1.8035525349079821e-02 -1.1399738049113800e-01 1.3664651960504230e-02 1.4586662663201530e-02 1.2712662917009889e-02 1.0677660694844340e-01 2.2164852328885229e-01 -1.2472817426089530e-01 1.7033845121370719e-01
2.2575194331432191e-02 1.5227526885462461e-01 -1.5868991485298850e-01 -9.0824549224025289e-02 -9.0619074232748842e-02 -3.7475680385816820e-02 2.7329923159582981e-02 1.5620822446620281e-01 -1.3313960828255370e-01 -1.4028244803938100e-01 -1.0154551693497550e-01 7.7573096934003549e-02 -6.8465678444892847e-02 -1.1779161804628420e-01 -4.5470542117291228e-02 -5.9381578976226569e-02 -1.2978395286119481e-02 -1.1933071319949830e-01 -2.6026413699062358e-02 -1.2867458099160151e-01 6.2498462278198018e-02 -4.9794135492777697e-02 -2.9562584755768111e-02 -3.9898346037116693e-02 1.7702512815029281e-01 2.2149040858703499e-02 -1.0851294999880721e-02 4.0420639967971912e-02 1.1494533987663910e-01 -9.5061189756383540e-03 -4.3429514062894373e-02 -4.9725102883477847e-02 4.0459650495832597e-02 -5.2949544875941681e-02 -8.8926804711168209e-03 2.8777818474684309e-02 5.9707511201078353e-02 -1.0531189116885920e-01 5.0239105879324897e-02 1.4172017162605780e-02 -1.9057986928147230e-01 3.5480123298215899e-02 -6.0742904666618268e-02 -3.0232222711323520e-02 3.2862355034921180e-02 -1.3433612757674770e-01 -1.1056358483805710e-01 -2.0305844282257160e-01 -1.0564747468071740e-02 6.8215045878140784e-02 1.5443947780829319e-02 1.7564194296795430e-01 -2.5854627980462220e-02 1.7590771861541569e-03 -6.6191878382066957e-02 8.0333419196975606e-02 -8.6864737791027699e-02 -8.8707367971773032e-02 -1.0107778839512610e-01 5.1713342919131558e-02 1.8977945496744300e-01 -1.1359992684252500e-01 -2.4851544677730381e-01 -7.3555244832360617e-02 -1.9157754855475540e-02 1.6990791087779841e-02 5.5531621439344182e-02 -4.0926237909253128e-02 -1.0370776470106140e-01 2.5333292504402090e-02 -2.2879500944871489e-01 -1.7567910057787200e-01 1.4872673840259590e-01 -1.3322168336330459e-01 -3.6075927105881672e-02 -1.9487350741965680e-02 -1.1862220463553280e-01 -5.4971758030888281e-02 -3.5756084327791503e-02 -2.0727174969169029e-01 6.7422709352111546e-02 -1.1394560081244761e-02 -2.2802774042202839e-01 8.6130696753804192e-02 -1.2157725482932050e-01 -8.3621290230187190e-02 1.2767024963502131e-02 -7.9247548238817703e-02 -1.3432999391752620e-01 -1.0489709118720049e-02 -5.2789565261610799e-02 2.0200468671344531e-02 1.0126521201869480e-01 1.4175245026595579e-02 -2.4541661719692820e-01 3.8425141512996447e-02 1.0079714130442410e-01 9.2209794887147145e-02 5.2476406488166094e-03 -4.2622428979055597e-02
4.5720522743673733e-02 -1.6402777977751519e-02 2.9750607542937599e-02 8.6813123136222553e-02 1.7052809704205471e-03 -1.9401747288168181e-02 -2.9377160102603529e-02 8.8844609074058070e-02 -4.3240410089088542e-02 -1.6175633688412411e-01 2.4950344578065560e-02 -1.5238076510469631e-01 8.3215889899598786e-02 -8.4216019293055847e-02 -2.7341527585806058e-01 -3.6262461845353547e-02 -5.7271012340566002e-02 -2.5206788780006911e-02 9.1054446864753502e-02 -7.8262761421737242e-02 -1.0973026608088970e-01 -1.7086290525531139e-01 -1.4377945041834110e-02 5.6458636077846507e-02 9.7133760495430946e-02 -1.2393591330529230e-01 -6.8254341074254321e-02 1.7668563996086531e-01 -2.0475442752166470e-01 -3.5670037158879571e-02 2.7850672875323230e-02 2.1691547134502259e-01 -4.1189306828848832e-02 2.6032964126936841e-03 4.2353972507620944e-03 3.4483187132365173e-02 5.4725931872644351e-02 -9.3262807975908732e-02 1.1950807910021920e-01 7.9132449352180279e-02 -1.7378891660003121e-01 -5.5000713847950689e-02 -5.0702921195898351e-02 1.0579830277616820e-01 -9.4650106493596467e-02 -2.2611338476440861e-02 2.2484126499513230e-01 -1.2085793172121891e-01 1.7925254774357521e-01 9.7162696859126887e-02 -7.0201210418377361e-02 -1.0070923414669450e-01 5.6620834563729230e-03 3.9718408343706497e-02 -2.2468325557092261e-01 3.9513965257700369e-04 -5.6255007042802313e-02 -5.3582288932981607e-03 -7.2464348245429189e-02 9.5523940364550447e-02 -1.1188369004276660e-01 6.4140975659607830e-02 8.3064731402368211e-02 -3.1241130217553241e-03 3.0188908664915770e-03 -1.9663197357283620e-02 -1.3092119460338941e-01 8.0891842898737298e-02 3.8865881936883139e-03 3.5904936622809643e-02 -5.2709367606685903e-02 2.1677406991140211e-01 -1.0238613157218319e-01 -2.1514290439222769e-01 1.0503464479817820e-01 -1.6942745734542370e-02 2.2016372767005810e-01 -3.8857327092087300e-02 -3.1974491615161048e-02 6.5690922008685036e-03 -2.0206383964712200e-03 3.4094121532967550e-02 7.7548620980193751e-03 6.2136798187048667e-03 -1.4900220502925671e-01 1.3272274785269170e-02 -2.0277631073346371e-02 1.0110316878751791e-01 5.5875214508319783e-03 -6.8629166280016812e-03 1.6010809295097139e-01 1.0709358613280411e-01 1.1427093691411710e-01 -6.6720687721410391e-02 5.0523320958695002e-02 1.4682314717196179e-02 1.2901034875522771e-01 -9.3850964865473882e-02 2.3363742435622999e-02 6.9451755154490397e-02
-5.6434374547718064e-03 6.2649325976687223e-02 2.4985475717363029e-01 1.1525024570454800e-01 6.6388054343634539e-02 3.0963092865404891e-02 -3.8452466287291201e-03 1.5193655632820310e-02 -8.4042884266270240e-02 1.7790030290187660e-02 -5.7605031463827991e-02 1.9910574657472660e-01 -7.3585654047969004e-02 -2.1319994959406199e-01 3.7446239146444321e-02 -6.1021372959979827e-03 1.5470386550552009e-01 -7.9423514507192317e-02 -1.4733665334784080e-01 9.6825160517729478e-02 -2.6382494213565841e-02 1.0621610460627810e-02 -1.2164105845542620e-02 -1.2840190726201289e-01 -7.9297685064328993e-02 6.1194311907705863e-02 -1.6154874885565620e-02 9.0860311374228606e-02 5.0366788628789828e-02 -5.4616081876772103e-02 -1.3390299791504301e-01 4.9539134078772279e-02 -9.0553495316590873e-03 -7.9360640907563396e-02 -1.4767653658097429e-01 -2.3649364967196530e-02 -1.0198787984677650e-01 -9.5042983955293606e-02 3.9361687680790368e-02 -3.2547568393578967e-02 1.2035448525400640e-02 4.1360795300793021e-02 -1.0175115774325350e-01 1.9316873249564819e-03 6.5601370140392398e-02 9.0700410117228736e-03 -2.3717215557195380e-02 -3.5342221348100868e-02 -2.6944051027359271e-02 -2.5960199453701920e-03 9.5663398807696157e-02 7.0839941567731107e-03 4.8956179800101432e-02 1.5250573728272149e-01 5.4022606201376937e-02 1.6792515772570588e-02 -4.8846771849800463e-02 -3.5428457447385098e-02 4.4722681257783142e-02 3.3815486581587388e-02 9.9366113663280062e-02 1.4278608569355969e-01 1.6532297627494549e-01 1.4285964745374630e-02 -3.5994895551149872e-04 -3.7783864238368642e-01 -1.0141517858959240e-01 5.3585852252680623e-02 -5.5913679822643107e-02 -5.1729126296856040e-02 8.2368038745595923e-02 3.6905575405352893e-02 5.1998989305172237e-02 -4.7868774468882658e-02 6.5126393547361300e-02 1.1874127053649350e-01 1.3302467312381310e-03 -5.3883842794302930e-02 1.4801907581035550e-01 -1.1925185160970650e-02 1.5456902675238240e-01 7.1294374135064134e-02 -2.1912609120396839e-01 -2.0216580409943330e-01 -1.3372831623954021e-01 9.3805352077278692e-02 -9.4148870430994402e-02 -8.4261868759305941e-02 6.0311654502123398e-02 9.5819910684771123e-02 5.1111133414285373e-02 1.5691784429028019e-01 3.2889275042942437e-02 3.5665211340574557e-02 4.2795684454216838e-02 1.4215624959071499e-01 -2.4695903859136961e-01 2.3024202171464139e-02 -3.9869279213043934e-03 1.0782031879083570e-01
-3.0281128595950051e-02 -9.9020632058313685e-03 -1.6187436759422241e-01 1.4759307260552429e-01 -3.2439560225575967e-02 -8.7998134566530176e-02 1.4503673618527371e-01 2.7922567120637790e-02 8.5059572883428108e-02 -2.0094711440592189e-02 -5.9861285521830142e-02 7.7271685905557760e-02 -1.6172530583982189e-01 -9.1226423432380147e-02 1.4401647964336201e-01 1.9025163212730841e-02 -3.3906578113376468e-01 -4.8901341319845443e-02 9.1393199310848119e-02 5.9822256539778608e-02 -1.2036643391660960e-01 -6.4679679553655389e-02 4.3057877254110338e-02 -6.4367808369574897e-02 -5.6314682609940388e-02 1.8779096255310521e-02 5.2983665634661441e-02 2.2316689681495072e-03 1.4761926470065001e-01 1.4832368325456149e-01 3.8702890474499478e-02 8.0800206803946339e-02 -1.6161989626312570e-01 2.6109947937554251e-01 -4.2750810538843137e-02 1.1783255295200960e-03 -1.6619966809196760e-01 3.2165353834628491e-03 6.5816368123753299e-02 4.7510212097964778e-02 -2.0221298350665359e-01 -2.8379929330638990e-02 5.7568629459776838e-02 9.0633677638802743e-02 1.1236512082706551e-02 5.0491976122128537e-02 2.7140860045440331e-02 4.7412168562182222e-02 1.3710709690173981e-01 -3.7671496094054763e-02 2.6889605129753909e-02 -1.2722931586723571e-02 -1.2433659806700539e-01 -1.3560074231936581e-01 -2.9843281106573631e-02 5.3638767622354193e-02 1.4330013396122909e-01 -6.4743825146965042e-02 -1.8400699568748580e-01 -1.4065255962321529e-03 1.7587206940826680e-01 2.7853249143988491e-02 1.2588867813888471e-01 1.1534047241854740e-01 1.5334429246897019e-01 3.6481637425627593e-02 5.1667777471537897e-02 1.5113106540591889e-01 1.3853556765111930e-01 1.6650088491799080e-03 8.3016590517840202e-02 -5.8740373134909693e-02 -5.7410668461151608e-02 -9.4021339902221279e-02 7.0932822224621953e-02 6.6001604976123118e-02 -6.1419277741109890e-02 3.5543594749768981e-02 5.9856196585124040e-02 -1.9273489569128398e-02 -3.7649516613326231e-02 3.9264831727591513e-03 -1.0362348388130620e-01 -9.3967869907416332e-02 1.5486720590467870e-01 2.8952694603439161e-02 -7.8068635595914065e-02 1.4847282000599000e-02 1.4506362476549789e-01 9.6124526462843515e-02 -6.5503365473442404e-02 4.8748040452704582e-02 -4.7698127335587918e-02 -8.7478764061236156e-03 -1.4973245983201919e-01 -1.2266977090077209e-01 -3.8672955182049287e-02 -1.0635323521569701e-01 1.0738732311856670e-01 -6.6767023629635172e-02
1.2148495261312940e-01 9.8825288940084993e-02 4.4979640023421870e-02 -5.5580800950830768e-02 -5.3471902094205402e-02 8.6791239665363437e-02 -7.3643479574300938e-02 -3.3770422357703563e-02 6.7041083901739334e-03 7.0379710263941284e-02 -1.0314594446953000e-01 -9.4460756142692850e-02 7.2113958709156420e-02 -1.1192644671199210e-01 -3.1350985820346983e-02 2.5354659013851831e-02 -9.6334877620203666e-02 1.0439853646875411e-01 7.4633865704445690e-03 -6.3329798764780537e-02 -1.5857606103272601e-01 -5.0924755229519440e-02 7.3930796140422462e-03 -7.6167570713872840e-02 4.9866343742361310e-03 -7.5370160884698806e-02 -7.5616858490630816e-04 -1.6155557609781571e-01 9.1156321626981757e-02 -8.9573102441216617e-03 7.0220606008593270e-02 2.8740659317561591e-03 -4.4363941760237530e-02 2.1236012524577311e-03 -5.1722249672368853e-02 -2.4120905132405460e-02 1.0389352130982191e-01 1.3017880973198731e-01 -8.9822508481480684e-02 -4.3470948905183797e-03 7.9890369018141075e-02 1.1568709693244909e-02 -1.4204980412538371e-02 6.7221102812350206e-02 5.2005292126973572e-02 -1.6922838011062699e-01 1.7567248825784990e-01 1.6751755469142321e-01 -5.7160330485333970e-02 -2.1334088398956269e-01 1.9235621178900930e-01 -2.2354925975520171e-01 9.6278997490862897e-02 2.1259815955187181e-02 7.8232178425996085e-02 -1.0805836176173070e-01 2.8326158399924549e-02 -8.9214585721305487e-02 3.3036291032210582e-03 -7.3534432581707637e-02 1.5353428626522281e-01 1.1388764930950630e-01 3.0496616676858400e-02 -3.3322481089960482e-01 -5.1496735308748813e-02 -3.9435991192741599e-03 5.7413051593887413e-03 2.7911964065513072e-02 3.1306547222836401e-04 8.1074112870708523e-02 -1.0926419132462400e-01 -3.8578993377387218e-02 -1.5249328642390370e-02 -1.3230084782193069e-01 -2.9680567830739930e-02 8.5479296716339026e-02 -4.2248345939165259e-02 6.8325755426617341e-02 2.7206916825028071e-02 -2.3011356469134270e-01 -3.4006292185947813e-02 1.8866525393660491e-01 7.4146112553847149e-03 7.5993375691862722e-02 -6.7085468351602770e-02 -6.0954229705374612e-02 4.0327226915011838e-02 8.1678389021257163e-03 1.6268857920589630e-01 -2.3067872466912040e-02 -2.4435263860975021e-01 1.6151661054770580e-01 2.5025711850846729e-02 -5.0154210165974877e-02 1.5532649873010931e-01 9.1001160897482197e-02 1.5206026298483341e-01 -1.5250282866037570e-02 2.7729407725714181e-02 -5.9006404409248349e-02
7.0171596181672014e-02 6.9808749836173800e-02 3.8290040583909640e-02 -8.6277476666651309e-02 9.6916838466374652e-02 4.4716819324676867e-02 1.1540134850511580e-01 -1.0508495659414850e-01 -1.3724107182981071e-01 1.3288531292888039e-01 -1.6202535474031301e-02 -1.1578868217313720e-01 -2.3260764649514820e-02 -2.2433615248065231e-01 -2.2358469991742699e-01 1.9373488380805470e-01 -4.5506843802175310e-02 -1.0710339827092579e-02 5.8710476473143772e-02 8.3502250403620137e-02 8.9679194329410600e-02 -2.1365907074311311e-02 -1.5469559057951650e-03 -3.1504776136750658e-02 8.4046521247457803e-02 5.3399785162167694e-03 -1.8683214097343259e-01 9.5554621823944183e-02 1.1411712078014050e-01 -6.0283417298739893e-02 -2.8445317721978971e-02 -1.7705062375019179e-02 -6.4821991594755768e-02 -2.8925976478664749e-02 -1.0427588419614560e-01 -1.1204221305600900e-01 -8.6429985727504668e-02 -8.1194954833738262e-03 -3.0856498883879400e-02 2.0776752246075431e-01 5.5360468081660161e-03 1.4196200987909791e-01 -1.3986913422297759e-02 -5.4949896974782447e-02 9.0289836116228872e-02 9.1318644193341941e-03 -3.4087019770405493e-02 1.1665392734654891e-01 -1.2970785479248360e-02 9.8117751836896638e-02 8.0309102036496799e-02 1.0725558732074920e-01 -9.2701814723967074e-02 7.7010890113839645e-02 -1.0060187208021050e-01 1.0168816442641170e-01 1.2225679490908579e-01 -2.0695750869467730e-01 1.2008622642613670e-01 -8.4003880670167341e-02 -1.9501083350251511e-01 1.4060276914675621e-01 -2.7919162234013091e-02 1.5062949765461811e-01 -9.1638739522326262e-02 1.3332038069491051e-01 -9.4147438827976932e-04 1.1077392015135770e-01 8.0379978618315306e-02 -9.1411631403760477e-02 -1.9424593363386839e-05 1.1246528469993160e-01 2.0770101960159121e-02 6.2979621854260702e-03 -2.9049645732384419e-02 -6.5195644361399116e-02 -2.1406700950293139e-01 -1.3242714114544880e-02 -1.3646738602964709e-01 -1.3746804815722710e-01 1.8986163187801889e-02 -1.5583194809638359e-01 8.2944574543984601e-02 -8.6203955350284522e-02 2.0741273287485779e-02 -1.8515730067497979e-01 -9.2381862110657104e-02 6.5516194298959496e-02 1.0777296005963059e-01 7.7793290455290251e-02 -7.5492892783656659e-02 -6.8034823907993577e-02 -4.9358252191360003e-02 -6.5579802747610536e-02 3.8747681850521402e-02 -4.2353616077731589e-02 4.0840118078093277e-02 1.0400427056359210e-01 -1.3093545293667130e-01 8.3959179661232466e-02
-2.8107198369764658e-01 7.8660893440136048e-02 1.9719771838909020e-01 -1.3403097169370051e-01 5.1501053162178533e-02 -8.8772360287119378e-02 1.4196612465701610e-02 1.2407000867022119e-01 5.4205597992180044e-03 -7.8533121367902511e-02 2.3591501147622591e-03 -1.4185392692558321e-01 4.8372325074533973e-03 -7.0010069388737758e-02 -5.5001793577714862e-02 -1.1741050134950181e-02 7.3734436604113440e-02 9.2014336137121303e-02 -1.7980043474114950e-02 -6.8761051323041888e-02 -1.3429497540107499e-01 -1.8873438700723760e-02 1.2318568834619970e-01 -1.3795466418329411e-01 3.1591078291804971e-02 1.6911349869978351e-01 -1.1466188660750330e-01 6.7548831617812166e-03 1.0962598349446311e-01 -7.5339777041444317e-02 7.0460819563912577e-02 8.8474228413356840e-03 -5.1222344266318942e-02 1.1506516865318270e-01 -8.6442933158628513e-02 -3.2492540093153999e-02 -1.1972624958929730e-01 -1.2159729901841070e-01 2.4024573101661489e-01 -1.2523225504683461e-01 6.5015962129683399e-02 1.2978237298415310e-01 4.2848199543709227e-02 1.8871331045562730e-03 -1.7343407098321259e-01 -2.0043743900977160e-01 3.0835910912849578e-02 2.6567897846925662e-02 3.9073981874759779e-02 -2.1751412214675050e-01 -1.7110750004546031e-02 6.5061077734604608e-02 8.6074543030025832e-02 1.5993295037153529e-01 2.6099660783531309e-02 4.1699460283689080e-02 2.0025557904702149e-02 -8.1789474886502650e-03 7.2368054943953028e-02 -1.8603693479475941e-01 -8.1224519690105109e-04 -2.2663917862394571e-02 1.4303061121021751e-02 -2.8938078007515501e-02 2.8136771672162539e-02 2.2020670899871909e-02 -1.4631050152668620e-02 1.9535148482546641e-01 5.4406208445664682e-03 -5.0717610108791771e-02 -2.5795149610957469e-02 -1.8262203127666210e-01 -1.2133733284725361e-01 1.0268482129039580e-01 -1.1068078128855389e-01 6.9745363115745973e-02 1.6136319742083449e-01 1.2457870783339630e-02 -3.3832826637006840e-02 7.3466448145366625e-02 -6.5411978635624476e-03 -8.0844656137018023e-02 1.3285454509440001e-01 -1.4667095499686060e-02 -7.8815333322193329e-02 1.0850302008390830e-01 -2.4728068112139258e-04 6.9371306492188575e-02 -8.9357357900182302e-02 -1.5522239492374440e-01 -4.3229113716256463e-02 -1.1296835939891541e-01 -2.0327175127608212e-02 1.2849615982215290e-02 -2.1117508961740220e-01 -1.1572830381222890e-01 2.0046798042203089e-02 -5.3526158432563392e-02 2.7090108128517070e-02 7.4899874528612503e-03
2.1259784171818421e-02 4.6485205413813457e-02 1.2868253295193191e-01 -1.3717399773728520e-02 -1.3022144945701750e-01 7.9931343127006754e-02 -7.0534431026992028e-02 2.1988428425801679e-02 1.1047539236062481e-02 1.6288332345903311e-01 -1.0615193390091300e-01 -2.6316345154361159e-01 5.4850147827873591e-02 -1.6711906468333601e-01 1.3952476831327609e-01 -1.2430246968171890e-01 6.9719039832026028e-02 -3.6913724974095660e-02 -1.6559675675959819e-02 8.5169179128265909e-02 9.3979611175986230e-02 1.9732156196366640e-01 -1.3013144932860379e-01 -5.7440940797487322e-02 -2.7745563216755492e-01 -7.8945902499166377e-03 -4.6208792238503688e-02 1.0037998372916540e-01 -9.8967193047422616e-02 -8.7452953071867193e-02 4.8737974314704023e-02 7.7342814863480339e-02 -1.1002495004163700e-01 -1.6827431548001121e-01 1.4870340325216300e-01 -1.1964564713643680e-01 -1.4726821636935170e-03 -1.0866728252497690e-02 8.6008954465026322e-02 -2.1366833167496591e-01 1.2021313309908020e-03 1.1199122511680690e-01 3.7160378515922118e-02 3.3091658878235820e-02 -1.4019272544631090e-02 -2.1867054828004131e-02 -1.7587383060739571e-02 1.4718020161584319e-01 -1.4417152238520711e-01 1.1244662383834450e-01 7.0471151218112274e-02 8.3676525333279808e-02 -1.3198985127116630e-01 -1.2257613408915230e-01 -7.7756908359739793e-02 1.0057695713697520e-01 7.2511817526404926e-02 5.5478888180044497e-02 -2.5218982532982043e-01 3.9374402517390793e-02 -3.0401709121827031e-03 5.7112589790220582e-02 -1.1958443128799330e-01 5.5091456654613923e-02 -1.9974506893554421e-02 -7.8100992280673931e-03 -9.9388936621167503e-02 4.2417493166451728e-02 6.7779688469660773e-02 9.4797213117948628e-02 7.6860195989975066e-02 6.0451658984080732e-02 5.2241430747859897e-02 -8.5597285982458415e-02 -8.1490062465183297e-02 -2.6989529257828989e-02 -1.7833626566331071e-02 -5.0630924528294069e-02 9.7726470019551565e-02 1.9396955336769849e-02 9.1905449789626226e-02 1.1111734922099330e-01 -1.0090848534305800e-02 1.4093791841911540e-01 5.5323095172359109e-02 -1.2846245824826550e-03 -1.0796478599033110e-01 8.0978574634204235e-03 -4.3057305815921522e-02 -6.8391068715876593e-02 7.8699647456114755e-03 3.7390408543062387e-02 2.9383320552002329e-03 1.0659385272976971e-01 -9.8614596834218762e-02 -1.4625655295088380e-01 1.8530164843402031e-01 -5.9954054022599422e-02 1.2739246981564989e-01 2.2691086396723570e-02
6.3539245461787894e-02 9.3356687367215072e-02 5.7468448916826502e-02 -1.5048935754259540e-02 -4.0118587040537397e-02 3.4992581170700678e-02 1.9462520745338621e-02 -8.9508574311758501e-02 -9.5384880636146974e-02 -1.2804935021702951e-01 3.3902655762899740e-02 4.4170093332158863e-02 5.1935912285885108e-02 2.8492879888144289e-02 -1.2637708363670669e-01 1.0962580275722850e-01 -3.4556383642530428e-02 -1.0663051163094950e-01 4.4148313870636197e-02 -1.3198185130457879e-01 4.0204904470557329e-02 1.3545992880383359e-01 -1.1960113417452700e-01 -6.5703165086781465e-02 6.9186423778151526e-02 -2.0364735231891981e-01 1.1059731722667700e-01 -5.4743319674023391e-02 -2.0207099574869949e-01 2.9630549238492430e-02 -2.9557483409535391e-03 -1.0713518349020490e-01 1.6950657885813861e-01 6.5115959630443990e-02 6.5846779935154157e-02 -1.5130911266341480e-02 -5.0271848842766587e-02 9.1673361922922289e-02 -1.1192634870003310e-01 -2.6237588793731997e-01 4.4164617516470689e-02 9.6405219077039486e-02 -2.3682793304992711e-01 -5.8911480805586572e-02 -7.2257149534386333e-02 -2.0846335315185949e-01 4.2577164755756257e-02 1.5003892693370230e-01 1.8757352046158399e-01 5.1907546980176869e-02 1.3346861798737830e-01 6.2668659834895266e-02 1.4520940310030930e-01 -1.1466968791292070e-01 -1.5390355990416141e-01 8.8087540028292402e-02 2.3124869001765951e-02 -1.3848646561183869e-01 -5.1673280015878703e-02 9.6836954647893964e-02 -2.3812485162337541e-02 -4.3921805444028017e-02 1.8034037175310261e-01 1.2396216582485240e-02 8.1235933063996041e-02 -2.7290144469511678e-02 1.2177952766295330e-01 -4.7731954342582088e-02 5.3814337760898952e-02 -4.8405949781389013e-02 1.3837174541116989e-01 1.7846894093758781e-02 7.9634221590202864e-02 7.8302154076868857e-02 -1.2885178434486050e-01 3.7504073160703540e-02 -2.3291238434913430e-02 9.1396806813737352e-02 3.4501335155755181e-02 -9.1722891046608926e-02 -6.4145718191170500e-02 -1.3239495071628241e-01 -1.4340647933156880e-02 -7.2512921964554666e-02 7.0186823081054714e-02 2.4595020455584640e-01 -3.1842017920937847e-02 -4.3824874481759930e-02 5.9754614041922172e-02 -5.5045295612112008e-02 -9.4464555048638706e-03 -1.3229692939737090e-02 2.3571521841800620e-02 1.3250255908771200e-02 -1.6652531783649499e-01 1.2124976285413249e-02 -6.4686780423173851e-03 -1.1127654686553130e-01 -1.3735615410936569e-01 3.0945948277998809e-02
4.9474681216179879e-02 -4.5096705228740597e-02 -3.9748991347770789e-02 1.3368238033646890e-01 7.4232603270054348e-02 -9.6245065593747861e-02 -1.5560584536779870e-01 5.7083746784538709e-02 9.9014034938411252e-02 -3.9673244540797313e-02 2.0281196674990831e-01 4.1321759870227612e-02 3.0736381026992381e-03 -9.0048475471838623e-03 3.8942185879904188e-02 1.6177781198145119e-01 1.8247476559647209e-02 7.3885423598420751e-03 1.0864411420064400e-01 1.1652478754654820e-01 1.7354997231063801e-01 -1.1531919097630490e-01 8.2815155075181592e-03 -1.5914090917621970e-01 6.9464474012857338e-02 -6.8391149023445327e-02 -4.4627947887457477e-02 4.5975832015468600e-02 1.9249799130547220e-02 7.3272393795473442e-02 -2.7669220539293549e-02 2.8115746150506968e-02 5.9778345582534607e-02 -4.3250783870115647e-02 3.5052655880619031e-02 -1.0712554403005460e-02 -7.3741933599355144e-02 -4.6159191102497790e-02 -1.3822862469481109e-01 -3.9963610132389027e-02 2.9872211720578370e-02 -7.7778669078513968e-02 1.5019238826017059e-01 3.0739687273908609e-02 -1.0263079503220859e-01 2.5768817373299741e-02 5.4039140864831532e-02 9.8205212398869104e-02 1.0167765601864009e-01 -1.7056333539287141e-01 1.8832079877717989e-01 3.8866146732739602e-02 5.8016180146488558e-02 1.0087687568309350e-01 2.7093840169005359e-02 5.5927018114252422e-02 1.0479055122167780e-01 -6.3712973278685081e-02 -2.3903903553968282e-02 -1.9599186560874959e-01 -6.0913828067369037e-02 -9.2729369359331335e-02 -6.9532442478739229e-02 -2.1210659936951610e-02 -1.1519468532358310e-01 -5.7614333565080382e-02 -6.9520693796270780e-02 -1.3668862598884829e-01 2.2880182397292229e-02 1.1089907177422841e-01 1.6735891306240611e-01 -7.5518187865327421e-02 1.1972827619848719e-01 -9.7518808542807367e-02 2.3067374879532221e-01 -4.2109723062276831e-02 -1.3585576464972240e-01 5.3075138836666598e-02 -1.4922321562276461e-01 6.4160741751214515e-02 5.1576069258665647e-02 -9.1968618509328942e-02 -2.1682090709687862e-02 -4.7087378070543397e-02 -8.6187814336469479e-02 6.6434423580691113e-02 1.4541655789331481e-01 1.3084818982402350e-02 -1.7840188159420081e-01 3.0333918610517031e-02 -2.4773825575722230e-02 1.4077309294826279e-01 1.2421566056828320e-01 2.5899086178199038e-01 -2.8939386662157160e-02 -8.5451765660974260e-02 1.7884318766194959e-01 -1.6274133006028060e-02 1.4493769170060650e-01 1.5644236901819050e-01
-6.6534206433689264e-02 8.0326334216925130e-02 -1.3814892680206350e-01 1.8520674625142691e-01 4.9494989158881203e-02 1.7171560156138449e-01 -1.5149491394568251e-01 -1.3657115587498049e-02 1.4580400808867191e-02 -7.7092178857878571e-02 1.0206417040331281e-02 5.0166584226544728e-02 6.2604220756021373e-02 -1.5468752578106429e-01 1.6364855359718120e-01 1.0977145098847350e-01 -3.0502216487222490e-02 -1.7236371606959711e-01 6.9034157750218067e-02 4.9889823893709842e-02 -8.3261621923512677e-02 -1.0427063976060751e-01 4.0794364862389777e-02 4.2061113044205997e-02 -8.4630182080184704e-02 -1.4142981742637289e-01 -4.6268276059598899e-02 1.0145851627383100e-01 -5.2869328851587898e-02 -1.3294543476473489e-01 1.8381393823153810e-01 4.3091780884317678e-02 -6.1003162192711152e-02 -9.4077623585116163e-02 -3.9313030111813557e-02 1.1768793497347310e-01 -7.2925209317299386e-02 1.9227192324904671e-01 5.9447442362852432e-02 1.9937632595891649e-02 -8.7667956167012381e-02 -2.3518407006542789e-02 -2.6629151327701017e-01 8.4059853558545658e-03 4.2227217861993821e-02 -2.5428563917831579e-02 -3.5421113654989643e-02 -7.3105277134710763e-03 -4.1107766966556269e-02 -4.1660588763071590e-02 9.2962800656819153e-02 5.8238439533649586e-03 3.3055899006696312e-03 -8.9791290470877291e-02 1.2410134603958210e-01 4.0855685557115308e-02 -1.1874211617010220e-01 1.1116154228434090e-01 9.6439495286194207e-02 -7.9676723122601573e-02 -5.9404265095546603e-02 1.5107235082253609e-01 -4.9749247646402123e-02 6.2277767332182148e-02 1.5752330289324611e-02 7.2527731175811683e-02 1.1182228073402981e-01 5.5183195778981453e-02 1.2442892970117590e-01 -2.2015186377089619e-02 -1.5564427959429089e-01 -7.3619358516909218e-03 1.4497448576732000e-01 9.8296353896109676e-02 -6.5195819864120761e-03 4.9875649435163087e-02 5.8350364381625219e-02 1.4325409248437629e-01 8.1189645020754347e-02 2.2224749596649901e-01 8.5677054365008595e-02 -1.3357434901191789e-01 -4.9354489596129487e-02 5.9508996586693300e-02 -5.1190472769467622e-02 -9.6671154098778730e-02 2.0703437090368609e-01 -1.0718545511688481e-03 1.2933208991760431e-02 -1.9669630214900341e-01 -1.1659387901950979e-01 -1.0522368196464890e-01 1.4805614989667470e-01 -9.4421906550125570e-02 -1.9953525552219311e-03 -3.9423281631034521e-02 -6.4037857431447159e-02 2.9547560878877711e-02 2.9192998848390581e-02 1.3784086705196011e-01
7.2751044188559988e-02 -6.1992870840145792e-02 3.9645450860780557e-02 -4.0666211015478237e-02 -5.3964033421880768e-02 -2.1415222741664450e-02 -8.5373730520710012e-02 -1.7437199965925909e-01 -6.0370163211246122e-02 -7.9051892100817853e-02 -5.1142455617088939e-02 -2.0896511597375701e-02 2.9219333608161001e-02 -4.7728856625764447e-02 3.5371162329853163e-02 4.0634324838380857e-02 -2.9160703378645830e-02 -1.7269786077686569e-01 3.8884312224381573e-02 -6.4083185302561338e-02 -2.2490269306867230e-01 8.5675577431623788e-03 2.3595120288664759e-02 -2.4898078887552640e-02 -9.4649290069748232e-02 9.4904433680821645e-02 1.6119510158926351e-02 1.8839763486554351e-01 6.2402741332065852e-02 -1.0342679255425501e-01 -1.5906573774991190e-01 -6.7494540227055130e-02 6.5788929214360123e-02 9.3181089966097391e-02 2.0608501164370591e-01 6.2110872441801378e-02 -3.7016049641282502e-02 1.3951316209326739e-01 1.3280547343239971e-01 -1.2486587403070040e-01 5.9137927801576973e-03 -1.0230937841474431e-02 6.2049970956101798e-02 1.2611290202194139e-01 -1.0451499772119691e-01 -1.5166245685216140e-01 3.3679559623114717e-02 1.5248814639313829e-01 6.1979087032631233e-02 -2.6488771041835151e-02 -1.1488809533618970e-01 6.1876528831268110e-02 -4.5113537331890691e-02 -2.8465313741987621e-03 1.0775262028283350e-01 -1.0397688175965310e-01 2.2552881289270670e-02 -1.2848387315564499e-02 1.6200719536226541e-02 -2.4727846646077889e-01 -3.3044644955643071e-03 -1.2958500890864641e-01 1.1304871008448480e-01 5.0774711679077530e-02 2.4453164872073638e-02 1.2729363722048320e-01 -1.9611171342308531e-01 -7.9270908273262761e-02 -9.0834264102715723e-02 9.1358261910938252e-02 -3.5179109954800038e-02 1.6192496433521959e-02 1.3019710123394120e-02 -4.0117098789255727e-02 6.0201009727696250e-02 -1.1443311403795360e-01 -1.8253953686084551e-01 -2.5560639278650380e-02 -2.3348450021451469e-02 -2.2822756020685540e-02 1.0462979291127419e-01 -1.3817425985882881e-01 -8.4812870039178367e-02 1.9210172091019140e-01 -4.1100416573025662e-02 -1.7568422884785020e-01 4.6277291530113632e-02 7.5201347282963108e-03 1.0958535442546570e-01 7.0979642816456329e-02 2.3860950994923280e-01 -8.8093120188388867e-03 -5.3336533831773716e-03 4.6948906406386270e-02 2.4630528778091080e-02 2.1205737962990090e-01 -1.6016220596513719e-01 -5.1501556286817622e-02 -7.1695884775617988e-02 -1.0969233273985760e-01
5.2873839912307992e-02 7.7929602389467986e-02 6.2164313355620601e-02 9.1544364775236059e-02 -1.2974461937366011e-01 -4.8011437487522617e-02 9.1843155810850091e-02 -8.6387472273546286e-03 -1.9745201624810571e-01 -1.1184376237273050e-01 1.0886511838025170e-01 -2.0164425278134451e-01 -5.0411692541366682e-02 -1.6312363061791870e-02 -2.0779341331458399e-02 -6.9712040030532121e-02 1.6059149811310510e-02 2.5476820710643783e-01 -1.6583526883501679e-02 4.5281383172515080e-02 4.0132364901510363e-02 -3.1295072780022873e-02 -2.0754155348492759e-01 -2.6121477420523748e-01 5.9104692425512523e-03 -5.3915191173467261e-03 -2.3746025366442630e-02 -4.3572180617667389e-04 1.7881918111485710e-02 -6.0654275133108650e-02 -3.3111576887484617e-02 1.5220801112774671e-02 1.0386312688472170e-02 1.1924218518650040e-01 -2.7616463258560011e-02 2.6217210240611910e-02 -2.6150620178158189e-02 7.2896787045460695e-02 -1.3360381851856061e-02 3.5388500341790398e-02 6.0455233120261728e-02 1.2235501961784769e-02 1.7922848050703680e-01 3.1226485183433971e-02 -8.7129279762662541e-03 -1.8952650999693361e-02 -7.4377597646178129e-02 -1.2406982786280151e-02 1.6842917289505510e-01 1.4978875365533179e-02 -5.9437112860676683e-02 2.2213884458566490e-02 1.4972097437788431e-01 3.6930890405304811e-02 -3.3560175352413319e-03 1.6658837929899660e-02 -1.3178751344779471e-01 1.5756902691668459e-01 -5.4187306638248688e-02 1.6724704877106800e-01 1.0568319884443179e-01 -1.4969685833985311e-01 6.1191811112743931e-02 1.5456146196764059e-01 -2.6333290945943710e-01 -4.0697381873015810e-02 1.7512002544543259e-01 -1.3258991640789081e-01 1.1307184218049120e-01 9.9478299715557369e-02 -4.9208277266041982e-02 -5.0200172760653796e-03 -4.3447490141954108e-04 -1.2395447482852250e-01 4.7175604502747376e-03 6.6543297820416583e-02 -1.1848893530145420e-01 1.3429110022133961e-01 2.4087062091422559e-01 9.9039794181744370e-02 5.1800335005034781e-02 -8.6559333876959882e-02 4.3754363150766883e-02 3.0665683551795268e-02 -7.5221131021273605e-02 -1.4009335312095450e-01 7.3510384500839521e-02 4.4572459636143251e-02 1.0079803687166990e-01 -5.7337867045158607e-02 -4.2046133941924142e-02 -8.1740636674310432e-02 -1.0789345959112190e-01 -1.1847381896735400e-01 9.2779723608131554e-02 -6.2523630251930890e-02 -9.8686202162838577e-02 9.2602636232010579e-02 7.1916773161184944e-02 3.4373133118266563e-02
-1.2874546231185560e-01 -2.1833382499236220e-02 1.2390602273719670e-01 6.7304402594238519e-02 1.1598691815222310e-01 -3.1220639502644830e-03 7.9716937360713724e-02 -4.3246595048989360e-02 -1.5077196767629930e-01 -4.0389217972541060e-02 -4.4361637313655250e-02 -4.0286767210568480e-02 2.8796330894671238e-02 6.6955684498516188e-02 1.9457919129372339e-01 -1.7701264878900370e-02 -8.7475287200404775e-02 -1.2843677056787181e-01 -3.4598277949104070e-03 -4.2656931230294869e-03 -1.9966485735101411e-01 -6.9623106550652680e-02 2.2721807882679180e-02 -8.0824689247886966e-02 -4.1761888531112498e-02 -8.9003326337572367e-02 -5.2023602685906792e-02 -2.1727504502834549e-01 7.4151022353901849e-02 5.3024804450107953e-02 6.9332569591198254e-02 -3.0392334957786829e-02 2.1320316662415731e-01 7.5945412411297696e-03 -1.3938081540321921e-02 -4.4422915337343653e-02 1.6399522857100429e-03 7.0145017309831567e-02 -2.5818043509456778e-01 1.2187398346525261e-01 -7.2551437213569624e-03 3.9236445030585217e-02 -5.3644591890538898e-02 9.4642287200151790e-02 2.1159926738798129e-01 -1.5817430129964980e-02 4.9422692586272403e-02 9.1005336910821397e-02 -1.3744105841960891e-01 5.8907888055871098e-02 -6.2028069971580800e-02 2.9053992493983022e-01 6.9857095446193590e-02 7.7789740581934693e-03 -1.7215898089432269e-01 -1.5283920631275241e-01 6.1496455002375681e-02 -7.3106063663065102e-02 3.9744143262250523e-02 1.0780371504149500e-02 8.8971393005957827e-02 -1.4788055072233960e-01 2.5017201495145691e-02 -3.4192664170063690e-02 -1.0697633793574720e-02 -5.2967154139132000e-02 -1.1918943629520060e-01 5.9581138415945707e-02 2.4721518249757091e-02 4.1463322797849547e-02 4.2627922190713430e-02 -2.0733745720045431e-02 5.6219503936011210e-03 -6.7386587742106319e-02 -9.1485964994818342e-02 5.0950526405104141e-02 9.3785297942484386e-02 -1.0155049206517219e-01 -1.8155899880954968e-02 1.1176116461094270e-01 1.5744521861964361e-01 6.3056493700174937e-02 6.6927695199351420e-02 -9.5779792486261769e-02 -3.9763578151439390e-02 -9.0531955328110633e-02 1.0885990234164029e-01 1.6657974661235551e-02 -5.5456521046549599e-02 4.9837343286514249e-02 2.6126536103162740e-01 -4.5846769007065503e-02 9.0514789491238937e-02 -1.2269115487013840e-01 3.3267325617936071e-03 -1.7885063210552929e-01 1.8692728748495119e-01 5.1306401251623633e-02 1.2536491972796800e-02 1.3507771482423780e-02
-2.9794016918668079e-02 2.3099778751738340e-02 3.1493559636324983e-02 2.2762708594589579e-02 2.0426127480150291e-01 -4.2901788315324582e-02 5.5331077857665818e-03 1.9356440400009080e-03 3.2688711106868142e-02 -6.9087634138491463e-02 1.1371145009793070e-01 -1.2757980153438500e-01 -1.0311289766318500e-01 -6.5787438757591889e-03 5.4312403140566033e-02 2.5545124873908229e-02 -2.0971085893546980e-02 -2.6617343794704759e-02 -1.6058012724123319e-01 -9.1321265950726344e-02 2.2640940251961891e-01 -9.7289234665503779e-02 9.1118691402277990e-02 2.2018809720499861e-02 7.7441852414787793e-02 -1.2755161896715930e-02 1.7999764625161960e-01 -6.3665693075659214e-03 -1.6678803236359691e-01 -1.2214770386778580e-01 -7.1603281645087169e-02 -1.2425061125671480e-01 -7.1280110653131654e-02 -4.9711083407167213e-02 -4.4762484800940402e-02 5.5992151493936437e-02 -9.6629407391854272e-02 1.3264778807538311e-01 3.9693517642302462e-03 -7.7528492193610812e-02 -9.7539800774962743e-02 8.4043591622045527e-02 -3.6267694841479729e-02 9.1737164114645067e-02 1.2890896831029741e-01 -2.0284323200041660e-01 9.7313014739678849e-02 -5.7651647618913351e-02 2.3327092998900421e-02 -9.3021799899110344e-02 -1.1594019317525529e-01 -3.6277455600241683e-02 -1.8407568288381149e-01 1.3512815242991770e-02 -6.0243925109012150e-02 7.1292734012070022e-02 9.7886370405927112e-02 -1.1618536336016260e-03 5.9545224969277021e-02 -5.4199147664862848e-02 -3.2801531721894983e-02 -3.0811201813648999e-02 -1.5899407425729919e-01 1.5692944553005839e-02 -6.8586855907914440e-02 -1.1161025464913089e-01 -6.1240143156748639e-02 1.2327625684255680e-01 -8.6131581056061834e-02 2.7554149817544848e-01 -9.3539349511079384e-03 1.7448738871290729e-02 5.5381078560104269e-02 -2.4407188236389321e-02 -9.8074031074693119e-02 -2.1907846543894220e-02 2.2213001522680700e-02 1.2949574420598320e-01 5.5474716168601709e-02 6.8156517656610252e-02 -2.0563123569458719e-01 9.1777269389284835e-02 1.0993931895013520e-01 -1.7158653639235991e-01 2.0692854546018369e-01 -1.3676303310122040e-01 3.3457585646117130e-02 -1.0677516927691399e-01 1.0416590599211560e-01 -7.8788609211221019e-03 8.5526557514891785e-02 1.4303485079182029e-01 -1.2284159042463130e-01 -6.1893652460783613e-03 -6.2800790347602636e-02 1.3226908449373290e-01 -2.5282341427265209e-02 1.6651898740311211e-01 1.2435548603984441e-01 -2.5178881871076711e-02
6.7174142520634250e-02 2.1712239114745591e-01 -3.9390999648229112e-02 1.4732501925100069e-01 5.3089069188333872e-02 1.6403040881115660e-01 -3.2675771082930169e-02 -8.2562054333866527e-02 8.4545945861494873e-02 8.1923031707368685e-02 1.0252773793311190e-01 6.9450625951452197e-02 5.4075909327240216e-03 -8.8997798000116937e-02 1.0818180327636980e-02 6.6006984130160234e-02 8.2915995803825859e-03 -1.1288897054705410e-01 -6.7226167694078257e-02 1.0757978032500470e-01 3.1305133195563960e-02 -1.3371380777649319e-01 -1.9169341911506230e-01 -1.3198109104493439e-02 -3.8037273090662780e-03 -6.4003298124148789e-02 1.5813697571330559e-01 -3.5799290693121530e-02 8.2440897179587858e-02 -1.6120256426000051e-02 2.6386108539342600e-02 -1.1188288710319110e-02 -1.2534415858327941e-01 6.1612161469965343e-02 -2.0051619134579071e-01 -4.8218273640311261e-02 1.6345170075771329e-01 -3.0817166640660771e-02 1.6876676291234859e-02 1.3584183751858231e-01 9.1669538268461179e-02 -2.4580788799053371e-02 1.3132908206008720e-01 -1.3255960838764949e-01 -9.7972176708281511e-02 -1.4634858319967661e-01 -7.1664083842671190e-03 5.8652137676942127e-02 6.8652131785489401e-02 -6.1148283884272549e-02 -1.1741646389758660e-01 -3.8964555009742469e-02 -1.5928310530019679e-01 -2.7033315459362221e-02 -6.1250938766942563e-02 -1.5459516079840591e-01 -1.0052186740875460e-01 -2.3070290397051449e-01 -1.2231669825750099e-01 -6.6165834481037411e-02 9.5673008363872047e-02 3.5477356965348567e-02 -2.6268692691658001e-02 1.1566612693892120e-01 -7.4780085825231976e-02 -1.6510412385474130e-02 6.3537231464947212e-03 -5.7272045392778718e-05 -2.5723144070101539e-01 -2.7512439106829129e-02 6.3816708726423893e-02 1.0573204048592690e-01 1.2840255278481609e-02 3.8245761535702368e-02 -1.0933187861719711e-01 9.8521954242977910e-02 1.1484263989359091e-01 -8.7089130825974109e-02 7.2492885667536422e-02 2.9846172393945859e-02 6.0321530602069108e-02 -1.3661069904347431e-01 -2.1780815924382829e-02 7.6134829553233183e-02 3.9688987253928672e-02 1.3260732385894469e-01 6.2170863615614358e-02 1.0141260978523210e-01 -1.6558122492157840e-01 -1.2576795346677100e-01 1.1474151936444350e-01 -1.2500309070932500e-01 -1.5176740283071799e-01 4.7232782600753503e-02 5.0917718465499542e-02 6.5295359598827027e-02 1.1333647256145950e-01 -3.1026966721342811e-02 1.4756065388526441e-02 -1.8198895703400900e-01
-2.2489797504072409e-01 1.1935469285088630e-01 -2.1381905648606550e-01 -1.1394205277754310e-01 -6.4190461720917344e-02 -2.1389453993588329e-02 -1.9198605513112050e-02 -5.5795694982237652e-02 3.6106660791094002e-02 1.3007569076318340e-01 7.6352547399413967e-02 -2.0293583016450181e-01 1.9440427895917820e-01 -7.3842022814333039e-02 -1.2701978234848740e-01 5.6368459189162327e-02 1.0010172919475339e-01 5.2086927345221710e-02 9.1332764539564695e-02 9.6371549480729568e-02 -1.9839145661780019e-02 1.2342140445392810e-01 -3.7281525520509763e-02 4.2971932206850166e-03 -6.6959749091452844e-02 -3.8697410654087973e-02 5.4273941625105689e-02 2.9271810204646320e-02 3.5222135411136703e-02 9.9528565113334327e-02 2.0368393741289331e-02 7.4946910437862488e-02 7.8035106235972863e-03 1.0171576234888451e-01 -1.1481728603344750e-01 -5.8741876121642347e-02 1.4206335337787651e-01 7.1256654443073567e-02 3.0262284874500611e-02 -5.6661512292543417e-02 -1.2802673702158190e-01 1.2642974129036141e-01 -8.7337603026629948e-02 -9.8945116814176323e-02 3.7434170381102652e-02 2.9056015835000861e-02 -1.9836785085421790e-01 6.3628197614236673e-02 1.1142826829750130e-01 -1.3494308137605429e-01 2.0516482448382330e-02 -3.5165573705002798e-02 -4.6365053987018352e-02 -7.2900987224197064e-02 -2.9997518223695289e-02 3.1168370654519991e-02 -1.9962155984153279e-01 -1.5089584266597020e-02 1.8680273434067179e-01 -4.7886017503914538e-02 1.4816303758159019e-01 -1.6925617849513011e-01 7.5647188940665092e-02 -2.2699598675368759e-02 1.4203411583764711e-01 1.4472548535891930e-01 -1.6565768281223560e-02 -4.9606503796723683e-02 2.3576599903916140e-02 2.5105954850497669e-02 9.7869383917918107e-02 8.0416030495688420e-02 1.0874117482266379e-01 -7.1552669769078536e-02 -1.0138992387607871e-02 -2.9605561502676511e-02 1.5270865697694999e-01 -1.0361394849937330e-01 3.4782375599794489e-02 -9.3286150727118784e-03 -1.4664525249469750e-04 1.2491034761719490e-01 3.6225618855024483e-02 -1.5577509746477400e-01 -3.9248886323629863e-02 -8.1189464037634454e-02 8.0027186299782546e-02 -6.2981309049219350e-02 -4.0316204777933691e-02 2.7329541124686513e-01 7.8432150082076227e-02 4.7411470876231709e-02 3.1571464022736702e-02 9.5356784835983546e-02 -1.8250024793782162e-02 9.2395573779917681e-02 -1.0114622889540729e-01 1.1315256955009990e-01 1.5734875856643710e-01 1.1472971204208000e-01
-1.2651149195451089e-01 1.0838070576985831e-02 -1.8477577751129650e-02 -1.4866857362317010e-01 7.9994734624579691e-02 -1.1895198406244760e-01 -8.9792910306017243e-02 1.3396857194061290e-01 -1.8670081805170111e-01 -7.1235685693163395e-02 -9.8732087084880474e-02 1.0852036175488181e-01 -1.3064466639381969e-01 -6.8950025262947010e-02 -7.0921170234287068e-02 -7.4054461834190843e-02 6.3986819504447554e-02 -2.1699456240326909e-01 1.2116155108176210e-01 -9.3258922576361578e-03 4.5950024600049592e-02 -1.7942228882872291e-01 -2.6566590041349297e-01 -5.7481762726321863e-02 -7.8640145492354888e-02 1.5768819681840859e-01 4.3669018220622739e-02 -1.1392809591806040e-01 -1.4958052291982590e-02 4.0242792578006531e-02 1.0104753909730239e-01 -1.9974276476423670e-02 1.2322250974557490e-01 -4.0688147985535147e-02 -7.3917856917355964e-03 5.7824367477723383e-02 1.5360985862881970e-02 -2.9372699577202808e-02 -1.3083602615796300e-01 -1.1844167906330499e-02 5.2548094344687497e-02 -5.7752442010745912e-02 -3.2739440000937169e-02 3.3140704908563599e-02 3.5282632815782047e-02 2.2358610344867219e-01 -2.2045161462708410e-02 1.1335774752946880e-01 2.0248831826789690e-01 -1.7458667722064511e-01 -6.1953456223368238e-02 -1.6669284077028820e-01 -3.9849472628773017e-02 -3.2957323555022899e-02 1.1495441393958350e-01 9.9391777089136754e-02 2.9166896140266411e-02 -4.8432852690115970e-02 -5.2175184582128340e-03 -2.7664325223389380e-02 1.9021126577388629e-02 -6.3859283671950104e-03 -2.4086210738104930e-01 1.7263130076661170e-03 3.5446655643549929e-02 -3.1259184605960118e-02 -3.3032280061757673e-02 6.3566734109885637e-03 1.0311019317304430e-01 1.5486885667082360e-02 -2.4575457669750288e-02 1.8397489951689461e-01 -1.2629162606568510e-02 1.6896506282980939e-01 -1.9989463475324909e-01 -7.7976159364171335e-02 8.4936741936780837e-03 1.5322163113961359e-02 1.5111186222090831e-02 -9.0222011373833982e-02 7.6134432498423466e-03 -4.8613291221990533e-02 6.2353071907490731e-02 9.9586893671789911e-02 -9.9008156278158385e-02 2.1902783430161562e-03 -1.5061035606623091e-01 5.0091759424555148e-02 1.7062506810012429e-01 -3.5633010414491871e-02 1.1657052972140400e-01 3.9721980493910368e-02 1.6610612291247301e-02 8.8452311287431327e-03 8.2922898383118268e-02 -6.5137518804620820e-02 -4.9556514077625312e-02 -8.7334046509911431e-02 1.8578057283583391e-01 2.9766080497428890e-02
-1.6273806436826579e-01 7.2782382597912001e-04 -8.4405325712402446e-02 7.7627414970816502e-02 1.0153692224087880e-01 -8.4178371695273188e-02 8.8882959438961726e-02 1.3602922046194571e-02 1.6039513552225859e-01 1.0060517004023101e-01 1.6003841521494741e-01 -2.4234366780449702e-02 1.3628182966485750e-01 -3.2040537771034028e-04 1.0550762075346440e-01 4.3041628901614913e-02 -2.0823809567452591e-02 1.1539102233404000e-01 1.7206014067244341e-02 3.7078520234056833e-02 -1.2600402723021409e-01 6.4797963281011312e-02 2.7052070256889898e-03 3.6887055628220901e-02 -3.8424662487728647e-02 -2.4118892441970910e-01 -1.8233031606491611e-02 -3.0799366809824900e-02 -5.5572613548133087e-02 -1.1322921353290180e-01 2.6889198816150379e-02 1.0339421527333240e-01 5.0922058279951103e-02 1.7864368807140148e-02 6.4302711289776406e-03 5.8780032075181517e-02 6.8049732131266194e-02 4.9085249303032673e-02 -1.3307687095536400e-01 -2.6872621014991611e-02 3.4701174407598692e-02 -8.7526371747059420e-02 5.3849579339879612e-02 9.7932292419452269e-02 -5.9683463684981619e-02 2.8655637132756458e-03 1.0479493926322830e-01 -1.4865527889756910e-01 8.2195826159461652e-02 6.4417524098337148e-02 -3.9939485980460751e-03 4.0060011942059173e-02 6.0163875607141280e-02 -2.2531424256577150e-02 8.4745178285245165e-02 1.1315049491154620e-01 3.3442760966077727e-02 -5.3147856015541783e-02 3.1613217831664139e-02 7.3756847746486387e-02 -4.6271206905399598e-02 6.5438407188052022e-02 -2.6279964480555661e-02 -4.3256019842034518e-02 -1.8399042209915401e-01 -3.5128578081919132e-02 -1.6819521647792429e-01 1.4317567794288491e-01 5.2281753902366702e-02 -1.5491799643567830e-01 -5.5869482193710372e-02 4.9649365527664760e-02 9.5029060342846874e-02 1.0249871300855520e-01 -1.2256726543713900e-01 1.7533943907926619e-01 -1.8788766668893811e-01 6.5518127977241325e-02 -1.0230215522178610e-01 -9.3971995134852909e-02 3.6078073673062490e-03 4.9614352538504207e-02 -6.2390743755649687e-02 1.8866284677483719e-01 -2.5546461943683801e-01 2.5011236249213760e-02 -1.8420246374214369e-01 -4.3216733067981968e-02 4.0394272579111538e-02 1.0788372488007600e-01 9.4994662636010835e-02 -9.1280648549042553e-02 -2.1295810161770529e-01 6.3420976144960062e-02 -2.3282417087512960e-01 7.9469330701957927e-02 -7.4552828818851516e-02 1.3696372057142359e-01 1.0768127615044661e-01 -9.8998374490670379e-02
1.6873520743357040e-01 -1.0216941503541500e-01 2.3668476811920559e-02 -3.7671131154369840e-02 -1.3343313392229239e-01 -1.6320917390505099e-01 9.6796162008272978e-03 -1.1845387833573780e-01 1.2204574103845720e-01 -1.0794106101495070e-01 5.3086296194474622e-02 5.2786298631334959e-02 -2.8627896640351480e-02 -1.7948549902801891e-01 -1.2818541349775880e-01 8.3334409679129223e-02 1.4486268403527280e-01 -2.7908179450618249e-02 1.5156744864917819e-02 3.1831506894964758e-02 1.0590224006543181e-03 -5.6864241379326538e-02 1.1173203143279101e-01 -6.7933930899425163e-02 -5.4032229468921290e-03 -3.1779424097022703e-02 -9.0672497574957128e-02 9.5221461847204689e-02 -3.7750308400370011e-02 9.1975478187093312e-02 -1.5827411636873059e-01 -4.8515432381735987e-02 -9.2302891207220739e-02 1.7749112893805979e-01 -8.5270470380544305e-03 8.7140942586287282e-02 1.0641506267763810e-01 4.8979307301324819e-02 -4.4262263033171302e-02 -6.7470356880600837e-02 1.0698648842577339e-01 8.3538164916516389e-02 1.2818371313393209e-01 1.0383139856974910e-01 5.0668812911526973e-02 -2.7125028782173610e-02 1.0054682474244240e-02 -9.5740393957596023e-02 -1.7476055818406239e-01 -1.0828921441170580e-01 -5.1341896466650029e-02 -4.4059502134347298e-02 1.3527296962211879e-01 -1.6589444428762301e-01 2.3413303501677460e-02 8.8402814748931025e-03 1.4668183329165930e-02 -2.2387300146196748e-03 -4.8115897944253763e-02 1.1667702289228279e-01 1.8615120597433721e-01 8.9719412931323919e-02 -1.7379067659240979e-01 -5.3769639731070511e-02 -8.0170817501193703e-02 3.7684509440807479e-02 -1.0570518460633881e-01 4.7343349743392570e-02 -1.1102079315291841e-01 -1.3984807368489130e-02 -2.9499401427857591e-02 1.3955389809461211e-01 1.4502515146680580e-02 8.3651469067800785e-02 -1.8003940323098550e-01 1.5444006415941630e-01 5.5969621179598583e-02 8.7096949743000959e-02 -1.1263477288852961e-01 9.5875696698956944e-02 4.4757590689342271e-02 -2.9468243571204519e-02 -4.4132491517447817e-02 -2.6248991122706268e-03 2.1970553980764099e-01 1.9659922389544671e-02 -1.1374912319776730e-02 -5.6797886993576109e-02 -9.2621617107156318e-03 1.9335361643805060e-01 2.8105126540770489e-02 -1.9242459668412090e-01 2.1067684970289560e-01 -8.9141906814018929e-02 -6.9735241098592233e-03 -1.1845818720271099e-01 -1.4138014923571271e-02 -7.2910268304759315e-02 7.3843133838462074e-03 2.1759582306279340e-01
-2.0498360188354190e-02 2.8328742381868551e-02 6.7658972608532209e-02 -9.0430007563322104e-02 1.9021088939163699e-01 1.3576131723944970e-01 -5.8321754697760388e-02 1.7303724302318850e-02 1.8893872226203459e-01 3.1915072287741472e-02 2.0702883541100201e-02 1.0908548549680720e-01 1.6703068191642079e-01 -1.3998034241896551e-01 -9.8748582842588290e-05 -1.5294341075931780e-01 6.4382606495479409e-03 5.4243455514566177e-02 1.3946693457755219e-01 4.2276234331976872e-02 -1.0231878556893760e-02 -9.2268042981618476e-02 -4.6831706036317963e-02 1.3868257713679140e-02 5.5890391605541788e-02 1.1489584003023570e-01 4.8494335745830078e-02 1.3924914890806120e-01 -1.3330030210600491e-01 -1.1999473687420061e-01 -6.3332169523603824e-03 1.0789537095796079e-02 1.3556985180361381e-01 1.5857270383188729e-01 -3.6983316615000930e-04 1.6985376379027450e-01 2.8804615502174689e-02 -1.3879651732861731e-01 8.8538477524576192e-02 -5.8489486332927353e-02 -9.7950196431069322e-02 2.2295440637263911e-02 5.2819828793121658e-02 -5.3478545049389377e-02 9.4500813379988252e-02 3.3745441721221153e-02 -1.2924870843142100e-01 -9.3356633515195492e-02 -7.1412082541880889e-02 -2.0968185586933821e-01 9.4026347742371216e-02 2.3529111459839760e-01 1.7211722564623201e-02 2.6738777780896662e-02 -9.1103267062274645e-02 -7.5831235250534881e-02 -5.7662352654241009e-02 -5.6941306598485772e-02 1.4891600581765541e-01 1.1603369827103480e-01 -1.3732671658713019e-01 2.3316306676960288e-02 2.7924301631021171e-02 -3.1638324677659431e-02 -5.9362925865129777e-02 5.2608984375494133e-02 4.8491562723874497e-02 -1.3327926988276090e-02 1.7287516723757759e-01 8.6759513581607717e-02 4.5384897856744787e-02 -3.2464043108062161e-02 -1.9213193919632660e-03 -3.1393873653484750e-03 3.4686553104485041e-02 1.1020835143583800e-01 -1.5638940803945850e-01 7.1717261984002606e-02 1.2288912182590080e-01 -1.5674200258747500e-01 -2.7730048736780741e-02 3.3471738306230757e-02 -5.6845002282638550e-02 8.4502002918802457e-02 1.7715819904853011e-01 7.2253330683046249e-02 5.5818310058391357e-02 -1.3965861245652689e-01 3.8293014938906633e-02 4.5189285969836533e-02 1.3864788319201299e-01 3.0447494793724720e-02 -1.4705034737568430e-02 -6.2044553494565877e-02 1.7521012494614960e-01 -1.6328459529380790e-01 8.7293285277984994e-02 -1.2551155985631901e-01 1.0769597184661540e-02 -2.0842290501126010e-01
-7.6811008543286152e-02 2.3156813262935481e-02 3.1224307499959009e-01 -3.5610815839187942e-03 1.2520504710706970e-01 -6.1295934440340968e-02 -4.2906779812171211e-02 -8.0716322495617915e-02 -1.3533437401127299e-01 1.1628957690433921e-01 -9.0237943828668052e-02 2.2526325143044790e-01 9.5661802647440536e-02 -2.7358233093940591e-02 -1.1357774959246281e-01 5.6647559432973123e-02 -1.8339530732918469e-01 3.2888260046239362e-02 3.7186555815206593e-02 6.5832299878288130e-04 -2.9196424179538560e-02 1.4070707796521561e-02 -4.9603585523323140e-02 -9.5819288924903906e-03 -6.5834512115264365e-02 -1.8512073934433299e-02 -2.4533768303427361e-02 -2.4268665434814200e-05 -8.9018085535591887e-02 -4.0633348015343913e-02 1.1921115353584620e-01 1.0757069994867981e-02 2.1728651990833851e-02 1.5156738774619841e-01 5.6678506937564762e-03 3.3771016370926693e-02 -4.6624620379141127e-02 2.6803122298660759e-01 5.4763360606950889e-02 -2.0641887789623860e-02 3.7409166534313372e-03 5.2724148921284254e-03 7.1834906670580054e-02 -6.9609012394187292e-02 8.6275785860675056e-03 8.8206240524933949e-02 -9.5797990642935982e-02 -9.7964716427472953e-02 -1.5112194055649131e-01 -3.1732474486907962e-02 8.9274199503210194e-02 -1.6945039867149880e-01 -1.8696592177033061e-01 -8.0379841818378442e-02 -1.3599464929218830e-01 5.7912694842834407e-02 -7.5157869338109098e-02 1.2756493180538669e-01 2.1576075681491440e-02 7.0147104191151943e-02 1.8131900489531791e-01 -8.4270824264602820e-02 -3.8158950442110470e-02 -3.3493942879817148e-02 -4.2050424179348699e-02 -2.1638516176803211e-02 -7.4623498966471566e-02 -2.7497821211583260e-02 -1.0761273942179440e-02 4.2920925401574560e-03 -3.5154557488859942e-02 -3.5848886960705442e-02 4.0536312410513753e-03 -1.7438191652200119e-01 7.0455610868427013e-02 -1.1227345895246500e-01 -6.6923283701321341e-03 4.3109305377346578e-02 -2.7327882701660811e-01 8.0144801793340589e-03 -1.7421949132193140e-03 -1.8957682898128270e-01 6.2874441246113022e-02 1.0222339697544940e-01 3.1145258496004750e-02 1.4915447087787859e-01 -2.1798656670918931e-02 8.8671036148471501e-03 -2.0914593054681241e-01 -5.8302731713529982e-02 -1.7767863946849771e-02 1.5313480809151800e-01 -1.6264159763364741e-01 -1.3401371066726889e-01 -5.6664764142464442e-02 5.2067440732439041e-03 -7.6963576244070131e-02 1.0798557628395999e-01 3.2170070554575637e-02 5.5731158773404052e-02
-5.0902004597656182e-02 -1.1695669941987601e-01 -4.8887353114401517e-02 -7.0013108261873833e-02 -8.4882695117945980e-02 1.8013538527934220e-01 8.8877138942820649e-02 1.4275199674812281e-01 8.3337344627426674e-02 7.7395646140246813e-02 5.8618591135077593e-02 8.0019712827265471e-02 1.4251326259726299e-01 4.4770468566729220e-02 1.2818307711200030e-01 3.4735505090486188e-02 1.6258853920738000e-02 -2.7351472533854219e-02 9.8908551468117042e-02 -1.2380543391576521e-01 1.0172144912255540e-01 -8.6773889761063844e-02 -1.8959655232911579e-01 1.1264702457400230e-01 9.8402790284934406e-03 2.2427735941597669e-02 -2.2074547098896230e-01 8.2397909405090869e-02 4.5780174271711153e-02 2.1169452954168819e-01 -2.0978002129913831e-01 -6.8128769145545123e-02 8.2880862541675621e-02 5.8145371348205478e-03 -2.3510109319396660e-01 -1.8994152744159459e-01 3.6864488229474267e-02 5.8202192532504742e-02 1.0419979519092340e-01 -1.2410563032138500e-02 1.1203133358538840e-01 8.1727137620105653e-02 -1.0146932848035130e-01 -2.6463031515402771e-02 -1.8664448235256309e-01 -2.1685751653151390e-02 1.6781483320412979e-01 1.9068242584502560e-02 8.3211020456881758e-03 -9.7167894162988946e-02 2.2339088150249091e-02 -5.4554417795701152e-03 2.4560490156745812e-02 -1.3921333483153150e-02 -1.4802152563851170e-01 -1.2601056009597350e-01 8.1169173390494551e-02 1.6658959275618521e-01 1.6684338689397889e-02 2.5893428563614290e-02 4.7132700014513820e-02 -1.1395721858671171e-01 -1.3611072349256481e-01 1.5308145464125650e-01 -1.0487433011224730e-01 9.2368801086228566e-03 -1.9085424864097030e-02 1.3485544648320880e-01 5.6113685532697972e-02 -3.9360499400818538e-02 4.5422270634294999e-02 -5.0715223090865742e-02 4.4717797409188881e-02 1.6582058201571759e-02 -1.2675502556949370e-02 -1.0934055663453129e-01 -2.5249860225105860e-02 5.3339970520145219e-02 -8.3470729914737390e-02 1.0041868272107510e-01 9.0652742355040228e-02 1.1853163983084980e-01 -1.8264741721921751e-01 2.7265479598255291e-02 3.3830668524659040e-03 2.4764688877296569e-02 5.8630600184951850e-02 -3.9781321442848828e-02 1.8601524552015941e-01 -5.2778337384843707e-02 1.6997099003590681e-02 1.1940054726981091e-01 -1.0795793399180960e-01 -1.9886846766086411e-01 -1.3954574293997509e-02 9.7658421213187713e-02 1.8822190407274210e-02 -3.1138959279048611e-02 -1.4749715245084951e-03 4.7032623898460357e-02
4.8857100113039058e-02 -3.8499764510705123e-02 1.1975921294835440e-01 1.6017584661801840e-02 -7.8519567452190062e-02 9.4348628738011059e-02 1.1605918905165930e-01 4.2902175986305302e-02 1.1861336074465900e-01 2.6992508996177139e-02 -6.9186252822279637e-02 -8.4428804296593413e-02 1.0530677131928889e-01 1.4141937280952341e-01 6.7210059709630746e-02 -6.4110416486779467e-02 1.2556526923262709e-01 -2.4783112852883130e-01 1.1251632949099589e-01 3.7412974941539792e-02 -5.3227573395492347e-02 -6.1888952632405347e-02 5.9364709605588178e-02 -8.9621835207500500e-02 8.0150205967595894e-02 -1.0006853726037040e-01 -2.7871696234360501e-02 4.3622826189921630e-02 3.8280613967579158e-03 -1.2604016855010319e-01 1.4860946952193080e-01 2.9921583723011631e-02 1.3994778911790941e-02 4.3034900084395797e-02 1.1755567771435700e-02 -5.4510219725900672e-02 -1.2940321913774150e-01 -1.4089833418172309e-01 4.7449540944081318e-02 4.9814649057465347e-02 -1.2994147526032701e-01 -7.9902367305039676e-02 9.9699923734700768e-02 -1.0447897903577140e-01 8.0820487854709785e-02 -1.6804955335686170e-02 1.9832208939874290e-02 1.0168178132145940e-01 7.1750770129043488e-03 -2.0985717853359989e-01 -1.0457803364568111e-01 -1.1447496944160250e-01 9.2932669427228817e-02 -7.8510234419456398e-02 1.8956620139429381e-01 -1.6705006855328880e-01 -2.5417458725560421e-02 -1.2437195882717179e-01 -5.6251541510661057e-02 3.9538361742336721e-02 -9.0747736863766998e-02 -1.7072668059059420e-01 -1.0089976107265680e-01 2.2348976273540089e-02 4.1224914733190413e-02 -7.1332359371252846e-02 1.0215375219617240e-01 -3.1137054378597699e-02 8.3975167185238071e-03 7.7816338558126027e-03 -1.2374529024053600e-01 1.8281435351938810e-01 1.5439240084260261e-01 -2.1188204220652271e-01 2.0347808431290759e-02 -6.5458898844176008e-02 -1.0936611065359340e-01 1.3104141725216780e-02 -5.4313341251332262e-02 -2.2583042040628652e-03 1.9169302588748910e-02 1.6499224536395191e-01 8.4402283588215526e-02 -6.2038827691850963e-02 8.1073609951838585e-02 1.3612536761005539e-01 -1.1404585696774711e-01 -2.8591104516822879e-02 -2.8128530111552600e-03 -3.3094731779259492e-02 -1.8812030154303279e-02 -6.9571851616849881e-02 -1.2669462999450151e-01 -2.0279035825513731e-02 -1.3899919108575101e-01 -2.8951239003760731e-02 -1.1210470867889490e-01 1.4652886271654819e-01 -2.2144904402518409e-01 1.8536586317714010e-01
6.3767015620040474e-02 8.0298777999308416e-02 -2.1887979601324281e-01 -5.3985444692943023e-02 -9.1468080306489646e-02 -1.8739385797231051e-01 4.1196234775669673e-02 -1.6638789479861990e-01 2.4841660740488651e-02 -5.4933929991707840e-02 -4.0083351644024393e-02 2.3515602344530082e-02 -1.0908687144542770e-01 -8.3115981124354966e-03 2.3105703396166851e-02 7.9769457146121533e-02 8.2224885636788397e-02 8.0831923026439920e-02 8.9389956753693822e-02 -1.4130280178825549e-01 -8.5916735702728536e-02 8.1340807185859149e-02 -9.8142259772696042e-02 -6.4188950383189669e-02 -5.4899461366125737e-02 -5.2547096626136131e-02 -1.4937803526157320e-01 -3.2055415546532837e-02 1.0562563661062151e-01 -1.1872565161069000e-02 -3.4239789159927002e-02 -1.8179393125690671e-01 1.9136808701527858e-02 -4.1975973103239098e-02 -6.6961196550835364e-02 -8.9005748725887790e-02 -8.9509267043325499e-02 1.1289980235680760e-01 2.0381355341797860e-01 -7.5241027862938903e-02 -1.0473151293772601e-01 -1.9679672185078951e-02 -5.0561717752685940e-02 -6.0362696409071562e-02 5.2514071374127988e-02 2.6457828133438671e-01 1.5455325245515581e-02 -1.3206363491167081e-01 -1.9663510396954061e-03 -1.4640154860441090e-01 9.2231181072164048e-02 -2.5668745365618899e-02 -5.7793949841663243e-02 1.5830151113191259e-02 3.9482668786601699e-02 9.6950448124570841e-03 -2.4649257363939771e-02 -8.6609674548311130e-02 5.3590285477044523e-02 1.7681818824524390e-01 -7.3846270451730589e-02 -1.1959974080671110e-02 4.3044191792800668e-02 -7.3953900451624283e-02 3.6163503479368902e-03 -1.7270387775440951e-01 -2.6761257003377942e-01 4.3767526065743557e-02 -2.7226906593212679e-02 1.3756704998396019e-01 1.4649931950055870e-02 1.1582403666536190e-01 1.5777694388743141e-01 2.2932579578592859e-02 4.4447295773139030e-02 8.9461539444898028e-02 -6.7427469885231349e-03 -3.8298544800668903e-02 8.0904778263739680e-02 1.3649781217752199e-01 -6.6330681454167748e-02 -3.3534391968867372e-02 1.2664773833680709e-01 -2.7931149450441731e-02 -7.0027150050841730e-02 -7.3106331742923678e-02 5.5953781077238793e-02 2.7905461497478900e-03 -6.5850154012759940e-02 -1.4144767971174890e-01 1.3178360885913711e-02 3.0319911564899039e-02 -1.5177526679460451e-01 3.4944503109844767e-02 -2.0540898567239330e-02 -6.3200702101662856e-02 1.7669360924507910e-01 -1.3243187787760449e-01 -2.4973233587693350e-01 -1.2759276898863209e-01
-2.6286724648903480e-02 8.2674466453539333e-02 -5.4722080494923032e-02 -3.8721226557710819e-02 1.5315981931927890e-02 1.6756767415768081e-01 -1.5136371877260350e-02 -1.7424478773581609e-01 -1.3162699250889351e-01 1.1008087044352040e-01 -1.1541698737988521e-03 1.6160441655600419e-02 -1.0112089077368730e-01 5.2583273703326071e-02 7.4506332263753736e-02 4.0057923084279308e-02 5.6202076286413008e-02 -4.7157575192608367e-02 1.8330606940788821e-01 2.6581108211997020e-02 9.9368178691447082e-02 1.2242867967388971e-01 9.9043742540826041e-02 9.2209949874471411e-03 5.7172981906900538e-02 9.1214128450827062e-02 -9.2157789394049894e-02 -4.2407025016612039e-02 -2.0308912838043641e-01 6.1089281872742138e-02 1.0801303235491190e-01 1.4368299489759981e-01 6.1262636056989069e-02 -7.9906729542946336e-02 -7.2717214843432743e-02 2.1920022709336351e-01 -1.0791250767020701e-01 -4.4356197048717398e-02 2.7785255721919952e-03 1.2052707589842640e-01 1.2226924233002991e-01 4.3726840668485603e-02 8.5917434676724164e-02 -1.0603017894456140e-01 -1.9724586961584001e-01 -2.2794562915293509e-02 1.8727105116428741e-01 -6.5321254943450174e-02 1.6331655237793021e-03 -4.8083789457560502e-03 1.5354380439792431e-01 -1.1062203109492760e-01 -8.1874082953186614e-02 -2.6792252850211921e-02 -1.0845412991156790e-01 3.0603320001415940e-03 2.4928502076518561e-02 -8.7553035213083941e-02 -8.6022848735492610e-02 9.7318646845993256e-02 1.5523228839182911e-02 -1.0546444327625140e-01 -1.5919565605380831e-01 -9.8126444237883262e-02 6.6423785694241122e-02 9.3022031647507816e-02 -1.2490384898926830e-01 -1.7925101806349548e-02 -1.4505685727047099e-01 -3.5351310314616059e-02 -9.6532878938940553e-02 -1.4602456954478971e-01 -1.3257277744403259e-01 -9.3273673104428037e-02 2.0383040682603298e-02 1.4622813278222249e-01 -1.0434392735033500e-01 1.4572531358063899e-02 2.0473083019009169e-01 8.5771146822437069e-02 1.4582138070983081e-01 -1.6085775928925850e-02 1.9059543826354711e-01 -9.3216584980449851e-02 -4.8839645610440838e-02 -6.8349743185730671e-02 6.2124703385763758e-02 -1.1150289893223481e-01 1.1238599915279250e-01 1.1164192671082240e-01 6.4861710407412509e-02 -1.9120030543091249e-02 5.5779803550430031e-02 3.8180104321974280e-02 -8.7892343680766011e-02 -4.5363204934928007e-02 -1.9107995557838781e-01 -9.6602404178191298e-02 -2.1256090924426301e-02 -5.1415785958434032e-02
-7.1106696168338562e-02 -5.0527118160685711e-02 9.2157619290040974e-02 1.1101002156301550e-01 2.3791770749423850e-02 -7.6525794656103124e-02 1.1961185165427020e-01 1.0411658831220860e-01 -6.4966729495326087e-02 -1.8490754047732251e-03 -1.0214410555132269e-01 1.6080817749979809e-01 -8.6725776025740067e-02 -8.0100020934549820e-02 3.5606200050618549e-02 -1.3195636482065309e-01 -4.2907471136454323e-02 5.1983810628759182e-02 1.8329028556180960e-02 1.9634166714216381e-01 -7.6850966325641631e-02 -9.1461260205356373e-02 1.5065004141407851e-01 1.4968109538854399e-01 -1.6312467710454151e-01 -1.1466201277587610e-02 1.7269703112180859e-02 6.2517031812762330e-02 -4.5212023239560417e-02 -8.1644960172794490e-02 1.3851774736338310e-01 -2.2374254646112569e-02 3.1593036774923283e-02 1.7880941938210610e-03 -9.9777587156705816e-02 -1.9149918763031010e-01 1.9427969237051040e-01 -2.2049580072262839e-01 -2.0957743686588200e-02 -1.3555934522981569e-01 -1.4122834464488501e-02 -5.3201764171081821e-02 -4.3989622334733650e-02 -1.1159308418775100e-01 -1.6944425095246921e-01 -4.3034352740235593e-02 3.9670145505962810e-02 7.4449667357656207e-02 1.4312881688873041e-03 2.9897911009884042e-03 3.7210421701367853e-02 -1.3709934235784191e-01 2.9707193926429929e-02 2.9969450035411960e-03 -2.1175760677168409e-01 1.2480048717820751e-01 7.7451115936329640e-02 3.5798864555251302e-03 9.1303757854742443e-02 2.4479738824565989e-02 -1.8380228313186468e-02 -1.8729363384736719e-01 3.3686328117619548e-02 -1.1378353304182839e-01 -1.0368252966450001e-01 4.3840763249792823e-02 -3.2172800340153317e-02 -1.5052111769540119e-01 -6.0911336102915083e-02 2.1451172402984089e-01 1.4891884091486731e-02 1.4061298128482200e-01 1.0555403960756270e-01 7.7591345403083573e-02 -9.2656459473004882e-02 -1.0540599518854470e-03 -5.3687659084978259e-02 5.8837564562717277e-02 -7.2419296532151706e-03 1.3153443973531831e-01 -6.3559553241347169e-02 -5.5168274898273181e-02 -1.0621930921114880e-01 -3.3721363116293708e-02 2.5689518940502080e-02 -1.5877485984908249e-01 8.2763254037487868e-02 1.2215177255372120e-01 8.1475586384978788e-02 1.1906927802291120e-01 -1.6747447408672769e-01 -8.9128838143803832e-02 8.2110394275571749e-02 3.7614777149366667e-02 -4.5879725819761498e-02 -2.7252827812289038e-02 -2.4696527700551120e-02 8.2331410411407915e-02 -1.6272907530985900e-01 -1.6285122427306281e-01
-2.2575193374538959e-02 7.1360948033102556e-02 -6.8803124854182052e-02 -5.7970470301369773e-02 -1.3848499703778530e-01 -8.6432411822840602e-02 -7.2619330957623143e-02 4.5295040429557808e-02 3.2983187858457462e-02 7.1900039960933665e-02 7.2817947144505283e-04 1.3577671443908160e-01 1.9407624612938910e-02 -5.3023228835762271e-02 1.6876576972851989e-01 -5.8480243118847947e-02 2.3384842142899631e-01 -2.0735879850042341e-02 -3.3773589735469733e-02 -3.9177918580486477e-02 1.2534875703044290e-01 -1.5238836650410070e-02 -1.7606698239939060e-03 -1.4466275842869011e-01 1.1996846823109100e-01 5.0778933923921032e-03 4.8652576226447209e-03 2.4302665248369090e-02 1.3886856456025280e-02 -2.2912718784537971e-02 2.0422086485261290e-01 2.2061133518518511e-01 -1.9683085693104310e-02 1.6600085197217809e-01 -6.3721217643228772e-02 -3.9165182162816968e-02 -2.9427647463119589e-02 1.9703699451822921e-02 -3.0584773022064759e-02 -1.6205116853965440e-01 4.9187150308872968e-02 -1.4153943172565550e-01 -2.3294091288590471e-01 -5.5668972647400269e-02 -1.8106357597923870e-02 1.4457914094938379e-01 2.1630867527058939e-01 -8.1358194920806107e-02 -4.3518906459520723e-02 3.1429923140359521e-02 -1.9614226070097360e-01 1.7272644075803620e-01 5.3682427039202153e-02 -5.7331440139021292e-02 -3.6671829010579818e-02 -6.8807196584215261e-02 -2.9259084763706020e-02 1.2764318218870971e-01 -1.0968093825854620e-01 -4.1320138965006643e-02 2.4225416093756350e-02 1.2941770491946231e-01 1.8316590373956329e-01 1.5370939123707031e-02 -6.9300862436176419e-02 7.2345330871022087e-02 -4.8790914807055330e-02 9.1489711360281348e-02 -6.7932493480008418e-02 1.2815207780553811e-01 -2.2645888514789079e-02 -5.0321096819607128e-02 7.3870344474098494e-03 -8.7559305748587168e-02 -9.5618974794535197e-02 -1.1651469225900631e-01 -8.4531723631770694e-02 1.9460950643204900e-02 -1.1779256257377090e-01 -1.7926437046925309e-01 1.1449280641897500e-01 -1.7776563197768680e-01 2.2876043098723281e-01 -1.5103245781604571e-01 8.6640629381032438e-02 -1.9525899929012651e-02 1.1622216750295700e-02 7.0332640296614526e-02 3.5269014161903318e-02 7.9514960117648859e-02 -6.8444276393556311e-02 -4.9814916772069565e-04 -4.7355407083816423e-03 4.4911824806465293e-02 1.1373960220518441e-01 9.4928071915488951e-02 3.5335554728796181e-02 7.4929164869327561e-02 1.8499813444742771e-02 -6.8990034069723608e-02
9.2595066954579808e-02 1.3375468403700169e-01 -9.3430368265684571e-02 -1.4471766727573149e-01 5.0704737757126167e-02 -5.3079498004471877e-02 -1.0979210914844630e-02 -6.1525288509002261e-03 1.5448731133410920e-02 -6.5441156904692224e-02 3.4575089625291731e-02 4.9144976224919222e-02 4.2485312371511638e-02 -1.4018007311079300e-01 2.1605681629481861e-04 -8.2875840203742779e-02 -4.6007791509078973e-02 -4.3076888346609873e-02 1.3740987226500800e-01 1.0297825010952280e-01 4.3030381801460973e-02 1.3079029800870479e-01 5.5096330265482722e-03 -1.1123510229689849e-01 2.6434314617248039e-01 -3.4577222531287272e-01 -7.5249497653367331e-02 -5.5450173689003707e-02 1.1094137097888060e-01 -1.4823300614876761e-01 1.3598928317831471e-01 5.2919933219729688e-02 5.5232132241017369e-02 5.5447212567110431e-02 -5.5697909021636210e-02 -6.8956048021477062e-02 -1.6046520356293389e-01 -7.0961370995897874e-02 3.4087967930919283e-02 3.7475280665052388e-02 8.4876315981362152e-02 6.1277804352759757e-02 3.2287846737496751e-03 4.3154511239128189e-02 -1.0462081475414001e-01 -3.6731605901661871e-02 -1.8002642177045261e-01 1.0984762532378391e-01 -9.9887398848746159e-02 1.4159730831386499e-01 -7.0493388951548455e-02 -4.2324038952401020e-02 1.1032832376298349e-02 -6.3716332626317915e-02 7.4685578670680361e-02 4.0898161886414267e-03 2.2975653495792570e-01 1.6092208399505900e-01 1.3219039395700971e-01 -3.8474096050321621e-02 -1.3515477915919520e-02 -4.0007041770543329e-03 -7.3191478246099090e-02 3.1892161735810252e-04 -2.9349980946372960e-02 -1.2348790219272200e-01 -2.6453516011435391e-02 -9.4828244586287067e-02 -8.4832431773387035e-02 1.2675220717615890e-01 -1.6293457092023790e-03 -6.2778434814841477e-03 -4.4810706289777291e-02 2.0672778927538219e-02 6.7785130142234376e-02 -1.1188968101833199e-01 6.5054992981844931e-02 -1.2511293550432800e-01 1.1221041122662589e-02 1.5538793281335450e-01 -1.0264819649549010e-01 9.2549310420131065e-02 -2.7672831119002060e-02 2.5519820515094591e-02 -2.6680164076280159e-02 8.7318273259805859e-02 -9.4420372702570518e-02 -5.3546957682894747e-02 6.2338496583072573e-03 6.8834660175533843e-02 1.4223766629513281e-02 -3.3144398832213172e-02 6.8177305718914172e-02 -2.1013179830516091e-01 4.1380681283386039e-02 8.5633185215102256e-02 -7.0876928019680541e-02 -1.8420656115543041e-01 1.5528385527227631e-01 -1.9013790290315979e-01
1.1059993667731551e-01 -9.4125366796738344e-02 -2.6209785321229920e-02 -9.7926909113774760e-02 -8.8814273384519360e-02 1.3161215890433170e-01 1.8075675935831820e-01 4.5443289656680749e-02 -1.2535128930796230e-01 -1.9907527153044439e-02 -1.2851405737986479e-01 -1.5406953680242180e-02 1.0434808741455090e-01 -1.4284941615884661e-01 -6.1970325805862071e-02 3.6821835293100277e-02 7.2484832233394789e-02 -1.2069757050306720e-01 -9.0602364827722132e-02 8.5350670312553001e-02 8.7975654793687144e-02 4.4450300546351428e-02 8.1398560603423639e-02 9.9174373050861894e-02 8.3331110684624288e-02 -7.5382859648153486e-02 1.4480673947501571e-01 -3.7960709454069701e-02 -1.6558657325610210e-01 1.6334834848390489e-02 -9.7366128970553523e-02 8.4003417103594991e-02 -1.6482593052642611e-01 1.3960754200207989e-01 -6.2185918961079091e-02 1.4004780456735519e-01 3.3251571511246629e-02 1.7050147910529689e-01 -6.4444240592654342e-02 3.4676685307752163e-02 -8.9632023820160993e-03 -1.7997207574875021e-01 -7.2326923520987602e-02 -8.9625373797004929e-02 -2.8138089545938851e-02 7.4862675125674169e-02 -8.8901391165936788e-02 8.5699353086304927e-02 1.3609950327954881e-01 -6.2705440475956456e-02 1.2246468293452090e-01 5.4325924030975421e-02 -1.8997783785959010e-02 1.6944330207865679e-01 2.1193088630094159e-01 8.5408136693986808e-02 1.7047443167397389e-01 1.9723326419344189e-01 -1.4747720557794970e-03 -6.5260542192168147e-02 -7.6218154169618536e-03 -3.1508077535047790e-01 7.9092949396356957e-02 4.4578441698249760e-02 -7.7474584488004455e-02 -5.5972272816609887e-02 -1.7374111993764321e-01 1.7422616904995311e-01 1.6303420237948389e-02 1.5730448435342811e-02 -1.0364737146271900e-01 -4.3272708096419579e-03 -1.3476989294379210e-01 9.7970383809230357e-02 -1.5422332168238340e-02 1.0067896496314130e-01 2.3955967886185189e-02 -6.3622991625015474e-02 7.1169100863995902e-02 -3.4859194590514973e-02 8.1467239902310612e-02 4.7649352744583727e-02 -4.8726597199160802e-02 1.9535996128239249e-02 3.7343463416457508e-02 3.6978514147885187e-02 1.0123375121170770e-02 6.2495589630657232e-02 -1.3815616758911811e-01 -5.4012589264324359e-03 -2.4134918353254389e-02 3.8280636007231958e-02 -1.0139153349868400e-02 1.5671986605571391e-03 1.0018407957744439e-02 -1.3530430246646130e-01 1.3214272807571151e-01 8.6196457927632128e-02 -8.5609517946948085e-02 -6.1040524770912187e-02
-2.1239795500069551e-02 -3.2704900827089392e-02 5.3231988872787038e-02 1.6531625484032739e-02 1.4413435761573981e-01 8.7920197273892109e-02 1.5765812550980260e-01 1.1569735874611760e-01 -1.3099448197240430e-02 -3.6981899319202720e-03 2.9597508160948999e-02 1.4531342512988810e-02 2.7376711953926219e-03 6.8673309371184148e-04 -7.3031639685040934e-03 7.9163038171446043e-02 -7.0687652970639836e-02 -1.4165996354058441e-01 8.2627359755157101e-02 -2.0760737869285190e-01 4.9102511461494261e-02 5.1099176392245281e-02 1.4073361610788541e-02 7.2632578441047022e-02 -1.6806773393710070e-01 9.7624950293985588e-02 -1.9987141619368270e-01 5.4986307136772203e-02 4.1915572700877909e-02 -1.8373273573542109e-01 -2.1660004367295840e-02 9.4490578738857925e-02 4.1818309501398997e-02 -3.0471949687290020e-04 -1.1451777364058220e-01 2.3598257287541551e-02 -3.2633060064719728e-02 1.7051905137308479e-01 4.7653986055388411e-02 1.1158348429228740e-01 -1.2217885531304459e-01 6.4050953924328261e-02 4.5148502232415712e-02 2.2833465643006371e-02 -2.2569376161048249e-01 6.5761607151440648e-03 -9.7234932566255303e-02 -1.8663379534249430e-01 1.3772710544696681e-02 1.5114838978554279e-01 -1.0424381857082880e-01 -5.3864892746307041e-02 4.0366411456791401e-02 -1.9279680567756580e-01 2.0242359406041360e-01 -3.6312170458015290e-02 1.5230638242576091e-02 -7.9937386230500659e-02 -8.9958611165081470e-02 -1.0139809989475400e-01 -1.6341201268244260e-02 -8.6189990496130880e-02 1.7423613129539720e-01 -1.1672468021161810e-01 -1.4519572829301330e-01 -6.4446132580833482e-02 9.3879280639440579e-02 -1.8977534784843911e-01 -5.1751894912273527e-02 1.0465627086677680e-01 7.7917814789664058e-02 -1.2803891281938870e-01 6.0240148162305322e-02 9.4518697434905680e-02 -2.1714152901441180e-01 5.8033973129925573e-02 1.1062993673942961e-02 -3.9493738694695690e-02 7.2651294500915675e-02 -4.6070124038733617e-02 -6.5946710846923745e-02 1.1730590406051010e-02 7.8901382491059407e-02 -4.3843006455172258e-02 -1.4003725725452560e-03 5.1064661895108387e-02 -5.1906666745392689e-02 -2.7225826504224150e-02 5.0838912385238414e-03 1.7148142979516270e-01 -4.6440628176630000e-02 6.6174651628838274e-02 1.1800908609674230e-03 7.2004678348379120e-02 1.5836747561302311e-01 -4.0504341337645543e-02 2.1174398975204969e-01 -4.7465861294688549e-02 1.6770590495280100e-02 1.6098093650767781e-01
3.3354454518330877e-02 -2.4178320883721328e-02 1.7725450824401578e-02 1.0614003369660240e-01 5.7617735373563260e-02 8.1896081083740302e-02 -1.8258554211701870e-03 -6.9787976760036285e-02 9.9416483425488061e-02 -2.1595617613197539e-02 -1.0598969836515471e-01 7.1611635589592645e-02 2.3031371778005630e-01 -1.2173151320144220e-01 -5.5199133410676997e-02 2.1817380843076609e-02 -2.4091986175506760e-01 -5.8380781457009603e-02 1.3779766001435800e-01 2.3304371526639049e-02 9.3496728621872111e-02 3.7744763953167721e-03 5.9972971737420097e-02 -1.2883740824164339e-01 5.6925422071623663e-03 1.1626337168236529e-01 -4.7805603292943137e-02 -1.5447885263797151e-01 2.1877422515517439e-01 1.3125252816513730e-01 -1.3216971492101409e-01 7.8152247545268935e-02 -1.3381432854947160e-02 6.3959577822511509e-03 -2.3327633490518258e-02 -4.1155445803157553e-02 1.2760448308936519e-02 -8.7551894829153251e-02 -5.0268929912420247e-02 -2.6665173584411861e-01 3.4249993752408822e-02 -2.1161236585755829e-02 -9.8234434109007979e-02 4.0371217141083722e-02 9.8002903899488236e-02 -1.1325890675565010e-01 -4.7513880990873530e-02 -2.0758812865115739e-01 1.7515023661447590e-01 8.0601020177748520e-02 3.8792810148881009e-02 1.5683122184812829e-02 -7.7752041213953613e-02 1.3677993907429259e-01 3.5805418170380708e-02 4.3190596690924593e-02 -6.4010444566696870e-02 1.2956498596069829e-01 -1.5330666327932449e-01 5.1610784895387923e-02 -1.8364232123148791e-01 -8.2620086343991581e-02 -8.8348011750927616e-02 -9.3919640753230393e-02 1.1255190734637560e-01 -1.7269642880947750e-02 1.5003105421418630e-02 1.7528086466802720e-02 -1.9753749694328521e-01 4.4809976242528790e-02 1.6332703680582381e-01 7.3804495689715694e-03 1.0903784357475960e-01 7.8282090311816155e-03 3.9767963298029910e-02 6.8420530961022935e-02 4.3142642097060684e-03 -2.7392252851571250e-03 1.1929658318518980e-02 5.2201714341159611e-02 1.6927268329279741e-02 7.7953598805208010e-02 2.6791268288787518e-01 1.6732564041384401e-01 -1.5576473713036550e-02 -2.8629723331901061e-02 -8.4311554481687950e-02 6.7465783049749761e-02 7.1681710763832146e-02 -4.2443568478003978e-02 6.9427118918415354e-03 -1.2627440706886120e-01 5.0346917021496573e-02 -7.7677162441700254e-02 1.1312765300460470e-01 -1.7042923638317699e-02 -8.3542515105302625e-02 1.6102670730915289e-01 -1.5599144390301680e-02 2.8367758528459699e-02
2.0049357612559899e-02 -3.8677988336855637e-02 -7.0203816219474441e-03 3.1568312150422079e-02 9.8986883794646721e-02 -1.6679323278553879e-01 7.0671240347887465e-02 5.1051727845911783e-02 9.5083106420969010e-02 6.6961724162863515e-02 1.0684530120435121e-01 3.0801593139375828e-03 -5.3823176582892047e-02 5.7373350441777743e-02 1.0502005935950531e-02 -7.2166132037399744e-02 1.8210261191786270e-01 -8.4502370292715151e-02 3.2481039259502097e-02 -2.7651691317774309e-02 -1.9454125710391759e-01 -7.0840848663610567e-02 1.0198475761336761e-03 -7.8348131388899567e-02 -4.9589849688926740e-02 2.4590556882299091e-02 -8.7259728592773395e-02 -9.5126786008683087e-02 2.5145892914376659e-03 1.6115022936554529e-01 1.3507587975322111e-01 -5.7461563716929447e-02 -8.8383830438654526e-02 -2.1540949229044041e-02 -1.0785100148774150e-01 4.6912269553863826e-03 1.1236078998979090e-01 1.8648824662677990e-01 -1.1869930350737549e-01 -1.7140000674853759e-01 -1.6033466461172011e-01 1.2437967268682069e-01 1.1501762176275300e-01 -1.6735690259098410e-01 4.2184840854379367e-02 -1.5328949002547529e-01 -1.4733685398645671e-01 4.8451468038992453e-02 8.0230877170327942e-03 8.1699087115492910e-02 8.1343012746979221e-02 -2.7066066908437981e-02 -6.6018836839511819e-02 -1.9632732695940999e-02 8.8402892554310650e-02 6.1241450166088819e-02 5.3943179737570646e-03 7.1861948960183983e-02 1.0863033309258180e-01 1.4422768238060071e-01 -1.9662557840669881e-01 4.9369952358382832e-02 -4.6697734924287526e-03 1.0637170767735379e-01 -3.8841070283270232e-02 1.0088810833091350e-01 9.7601678730657046e-02 1.0509002658144539e-01 -2.3596489565526410e-01 3.0924871404755571e-03 -1.1753104173350880e-01 -8.3769813604296750e-02 -1.7286362153366441e-01 -8.4507875305723512e-02 8.3774213882669105e-02 -1.1923904292581761e-01 -8.0555613816453001e-02 1.8128079716338841e-01 1.3129039798146611e-01 6.1709973377324652e-02 1.2044675789893811e-01 -5.1929367834327472e-02 -5.3052538660892337e-02 -2.0034799072842779e-02 -5.6240293901883218e-02 1.0445902732080629e-01 -1.7576958858784261e-01 8.7891945846325190e-02 5.7144629745336052e-02 4.4972596033741187e-02 9.7207012731198889e-02 1.4282481197963570e-01 1.4666289060058491e-01 2.8272846605215101e-02 2.9035975931742251e-02 7.6261166962323532e-02 1.5002927437828359e-01 -1.0745534942826200e-02 -6.9928876545403792e-02 -4.0747034404035147e-02
7.0806639227216001e-02 1.7476477727614251e-01 7.9492951063060438e-02 -1.8440727089457451e-01 1.8583934683290651e-01 5.6479849813657022e-02 -1.0547301231200540e-01 -3.9249379108693500e-02 1.7240466036205071e-01 -7.0081540487883495e-02 -5.0676177652707183e-02 2.2107582572213780e-03 -1.4628051946277759e-01 1.7470810508270521e-01 1.6862867758423720e-02 -6.3694228390173815e-02 -5.1725343931621780e-02 -5.5749676346974232e-02 -8.4287889671409030e-02 -3.6932791609071161e-02 -1.3534657248934590e-01 -1.6360712104250091e-01 -1.0112879665800489e-01 -7.6347486596070213e-02 -6.1225450181726883e-03 -1.0575141987162159e-01 -2.4339968260813440e-02 3.4639970687965338e-01 7.3100527057294917e-02 1.3075812687762270e-02 1.2841251015048101e-03 7.3862192553443534e-02 -8.6323556708634314e-02 1.4080962749178000e-01 1.0352417577605109e-01 -2.2317091764364510e-02 1.9085175321252601e-01 1.5427531436389511e-01 1.2052012536023300e-01 -5.2532432513545439e-02 1.1149898220355429e-01 -1.0714189463622800e-01 4.5951516309834538e-02 -1.1134065739046410e-01 7.7005761718319354e-02 1.8566640711830740e-01 5.2039103179462552e-02 8.6356722143675069e-02 7.0971692213692691e-02 1.7177676877604059e-01 1.0820578026418989e-01 1.3002133873947830e-01 1.4145480311856260e-02 7.9365319160884754e-02 -4.6688646549602947e-02 1.6736793022267191e-01 1.5281382495812870e-01 -3.6628408852527758e-02 -6.4311438088655665e-02 -3.1178006202776621e-03 5.2478492212741264e-03 -9.6193951507164574e-02 -1.4547357434328331e-01 -3.8688058215113993e-02 7.4024475793254163e-02 8.0287355300568443e-03 2.8263982290237860e-03 -3.1327074699590451e-02 -4.1188006988476161e-02 -1.2705011948494699e-01 3.6779683041710517e-02 -1.1504222579208240e-01 2.7613279050170421e-02 -2.9219541305930422e-02 -1.2900634366359681e-01 1.3581142200219590e-02 3.3417085316551659e-02 3.5173215192721263e-02 6.8195304274306368e-02 8.8471708281228828e-02 -9.6747695601700920e-02 1.4419291191182501e-01 7.0134840149691347e-02 -1.2189063816185600e-01 -1.3340708239334079e-01 5.8187431713591753e-02 9.0790709888236509e-02 -5.4303194174499927e-02 3.6338258237108748e-02 6.9280782797099427e-02 -7.4289170757086215e-02 -5.9206304769491139e-02 -1.3453787187227990e-02 -1.8231923644430999e-02 9.8887898964212045e-02 3.7470316079402009e-02 -2.4257636708929001e-02 1.0691757161315160e-01 -2.9275384216528401e-02 4.7014084517737913e-02
-1.6375378962734891e-01 6.3474942938026788e-02 -1.5890449462537530e-02 2.5576151666909641e-01 -5.3560782337907849e-02 6.4385365916388007e-02 2.2413185009050429e-02 9.8341349097424813e-02 1.9849112767236751e-01 2.9797754066383370e-02 1.3567177851670489e-01 6.8019079930630902e-02 -2.4227482254768301e-01 -1.8456300169862230e-02 -1.7130988551005141e-01 7.6526076403624549e-02 -4.0073450354519508e-02 -1.4082437665355549e-01 -5.5971936506411697e-02 9.1831548116537126e-02 1.1866438552280680e-01 1.9763504294056150e-01 1.0505927679577259e-01 -8.3791733739906241e-02 -7.9554245066736501e-02 3.7572625074308093e-02 -3.8853246921961989e-04 1.2080084034066590e-01 -8.4021675229078038e-02 1.1907207535905960e-01 3.1198138861356549e-02 1.1175612191833460e-01 2.4554130451346479e-01 7.6194182015635298e-02 4.6933958027613659e-02 -9.4460146637506709e-02 5.9484286324617337e-02 1.3907669003977180e-01 1.2437532597425720e-01 1.2380455797119320e-01 4.5928733905170318e-03 4.0039363178748733e-02 7.4064405663087640e-02 5.1766141885020253e-02 1.6714928870153839e-01 -9.0609024474884947e-02 -3.5068141893792718e-03 1.1408635762303370e-02 -7.6909429901325767e-03 -2.7994996407944418e-03 -7.8941988747846300e-03 -4.0576399214158031e-02 2.5057157877457281e-01 -1.4684004783202620e-02 4.9495284741352383e-02 6.3705538668470785e-02 3.3316003427511322e-02 5.2352094966960118e-02 1.1555424665545640e-01 6.1670834961876857e-02 4.7394515472531748e-02 -1.2766361864719690e-02 -1.3099890749566279e-01 1.5105129108798740e-01 1.0396429943375840e-01 -3.7830069036256769e-02 -9.1576779833451055e-02 -1.4414484313538820e-02 3.3737186143592002e-02 1.8528130266250259e-01 4.4581360859312871e-02 -5.5983848632481254e-03 -1.2380865036023481e-01 1.3763570183538991e-02 -4.5123685650360228e-02 -2.2858025940527431e-02 3.4264704734750531e-02 -1.1860077338396691e-01 -2.3608666710220171e-02 -1.9366050589906261e-01 9.8367048480036787e-02 4.1728426040510233e-02 1.2602474764779509e-01 1.2838131054694851e-01 -7.2850840617326329e-02 -1.4078450200974120e-02 2.9911921161047780e-02 -1.3739059835432780e-02 3.9798490421168023e-02 -1.2486701434857900e-01 -8.4531668926391704e-02 2.5722130363437859e-02 3.2179442862372669e-02 -3.6521791633411613e-02 2.4948999020471749e-02 4.3682852521470021e-02 4.2643553339436237e-02 2.5110805549155350e-02 -1.5679167796403801e-01 -1.3733331855133360e-01
1.2432621294785610e-02 1.1695202384892520e-01 2.3413055401851721e-01 1.3171511152213161e-01 -7.7107365834065342e-02 7.6906258302058120e-02 -4.6660698902686697e-02 6.0219856848563617e-02 6.7600232055963397e-02 -1.0953198434091339e-01 -3.7632157018841893e-02 5.8897459728552912e-02 -4.0755340530796359e-02 1.7767478831117321e-02 -1.8978625066634721e-02 2.6025870572128018e-01 1.0054535664409329e-01 5.5765020724567557e-02 1.4696906514736391e-01 -1.7432894872394469e-01 -2.1841287700221510e-02 1.5718466044562140e-01 -9.1009450393493049e-02 1.2157393435478010e-01 4.1779109756716747e-02 -7.0031481576571575e-02 -5.4976288527424762e-02 -1.9409133942078050e-02 5.3698069562248707e-02 2.1569471581787880e-01 9.3437394253966383e-02 6.6621001059420246e-02 -1.1344810790006840e-01 -2.4875585729233401e-02 -2.6992603161753628e-02 -7.5350779045152434e-03 -3.0568116513802011e-02 -1.3598151698282479e-01 -5.1301942811497114e-03 -1.2041871722385350e-01 -9.5732449917547188e-02 -2.4520496615790419e-01 5.9079835098851959e-02 2.6344300085787459e-01 1.3324777726151590e-01 6.8982368048669279e-02 -1.5590231849587760e-01 5.0971124272260679e-02 -1.4397765716603261e-01 -1.1768619610666591e-01 -8.2815748310772416e-02 8.0963512764332252e-02 -1.1866599714442851e-01 -1.0509601008748699e-01 -1.4832717135893680e-01 9.9767763313327526e-02 1.5041463850109200e-02 -3.3719608326132300e-02 6.1363417752201086e-03 -1.4204137505868819e-01 -2.6494285634093791e-02 -1.4237081779739799e-01 5.0230249923327733e-03 -3.7808724604568480e-02 -2.7416035980034748e-01 9.9440085796727209e-02 4.9622908694542833e-02 -9.9084087580736200e-03 -2.4861847550109940e-02 -7.1926377464544403e-02 -5.1496143445562637e-02 7.5968004147297125e-02 -1.4678810315555491e-01 1.2460083687999920e-01 4.2894335365900073e-02 2.2063608547514241e-02 3.8264735536322841e-02 -4.9696599925882608e-02 1.6100711038244081e-01 -1.9652110180798089e-02 -3.1288683944438539e-02 -1.4966668231105060e-03 5.0143779150856882e-02 -3.3485683318748967e-02 -5.5494083836347498e-02 -2.1970178108349238e-03 -3.7790606920706060e-03 -1.3769246467397439e-01 8.4019548881208314e-02 -2.8160481067938659e-02 -9.5136916254443364e-03 4.7380251980471938e-02 3.0582965621319819e-02 1.2389100129725600e-02 -2.9259612029989172e-02 1.1149918562215480e-01 -2.7173661278140911e-02 5.9873497146234383e-02 -4.8535641426473937e-02 -2.0970118103174871e-02
-8.9448401258234639e-02 -1.3249771171649391e-01 1.4790798209084099e-01 6.7027269606048823e-02 -1.0612102476983459e-01 8.0861143545385969e-02 -5.3298526522434213e-02 6.1241574133571640e-02 7.1678183067859752e-02 -1.0989444540496229e-01 4.4790080913528853e-02 -1.6041394332731562e-02 -1.8945731013652201e-01 2.6223682060987720e-02 8.8540854262884064e-02 1.5564129992996960e-02 -1.4878003619946131e-01 4.9669836198991443e-02 1.7669461160241681e-01 1.0668711524241950e-01 -9.2751324415415309e-03 2.0749418574074571e-01 -9.4483087819625861e-02 -1.8592929018822671e-01 6.2855082455650121e-02 -6.6069096389121354e-02 -2.7563273456339951e-02 -4.0725526338578613e-03 -1.8213362418227769e-01 8.4623282214932802e-02 7.3799455064598666e-04 2.2981333398072550e-02 -6.8595526094913414e-02 -4.9332137428681297e-02 7.4147220479818712e-02 1.4014491294339850e-02 9.9077774416977488e-02 4.0292373020134407e-02 7.2881409931626770e-02 -5.3698674259261753e-02 -1.4636225988772539e-01 1.2722273353725791e-01 -8.5668032451520340e-02 -1.3346954567203709e-01 -1.6555052355561109e-01 -6.7101441250828411e-02 -1.3476855132480290e-02 -2.0517730397368931e-02 2.0961141353915578e-03 2.8582837615217491e-02 -5.1342024838872541e-02 5.7070499939555541e-02 -9.6045778283763150e-02 2.2253239137461239e-01 1.3636058846750329e-01 -7.3967642169829942e-02 8.0126025679131459e-03 -3.2258625545550972e-02 2.4686755793771431e-03 -2.8572817165867820e-02 2.0426164675858069e-01 -2.4265102669002340e-02 -8.7849064578149838e-02 -1.6471055524751921e-01 1.9012188855156782e-02 -8.8634045961924739e-03 1.0168866539546130e-01 6.8123082519269851e-02 2.0362904569623079e-02 -1.3406901127413490e-01 -1.3270748960249021e-01 1.5455246642274509e-01 9.6106489254916355e-02 1.1124495131077450e-01 5.6207335786812022e-02 9.9454902770650857e-03 -5.1311382653409031e-02 1.6673349812804741e-02 -1.9169835782100930e-01 2.2736719522217400e-02 -2.5774868170980961e-02 -6.8624007598578535e-02 -2.4380014304980092e-02 -2.3320814819106039e-01 5.0784492809526618e-03 -1.1074454026134090e-01 -1.3506500212489650e-01 -7.9927391972224482e-02 -2.7118643336013341e-03 -2.1245137874114129e-02 1.1068609973467269e-01 -6.2463490991452528e-02 -4.5119953988146569e-02 9.4155862247694809e-03 2.8203886820040452e-01 -1.9343547895382049e-02 1.0006532297746901e-01 1.9724919319709690e-02 1.4941965304764509e-03 -1.1269979061828740e-01
1.5440260274114609e-01 -8.4448976693941358e-02 1.7792435429661680e-02 1.9247565374541479e-02 1.3067417381990770e-01 -1.5509879683919470e-01 1.4117426275524639e-01 1.1284964646644270e-01 -1.1074249969769520e-01 1.2536536410798710e-01 -1.2057805057929050e-02 7.2048393348132017e-03 -1.6231640244496121e-01 4.6953420747803613e-02 5.6802148815797517e-02 1.8184985417705959e-01 2.9840365031011441e-02 7.5278871306277461e-03 1.6729837721189109e-01 -6.4002615947884645e-02 -1.4020712862882661e-02 -1.5826186141186901e-02 -4.9900674537829003e-02 3.6568604011371443e-02 1.2242928201422371e-01 -4.4063092880056547e-02 7.5164231116339644e-02 2.2147241765216812e-02 7.9600700131216118e-02 -1.8496461559068811e-01 -8.1532488424286634e-03 1.5604922734940621e-01 1.5595312329935590e-01 -2.8006807507007458e-02 6.8960171336926765e-02 -1.3754659303630409e-01 2.5380672355096289e-02 -1.3417417643151619e-01 6.7415319144349742e-02 -1.1367248700942510e-01 -7.1138411063106227e-02 -5.6466140621338173e-02 -4.8370110824071368e-02 -1.3420729910933851e-01 1.0284303615353790e-01 -1.1655481169624980e-01 3.2154886357036061e-02 5.8928040956875448e-02 6.5846200236511998e-02 -1.0980272254312921e-02 2.8439416106584098e-01 7.6490485940620315e-02 4.7232006818973257e-02 -8.9369190643263777e-02 1.3883138413787410e-01 -1.1142069275130470e-01 -4.4259137341213568e-02 1.3579474519226009e-01 -4.5343627568211323e-02 2.6936694996962999e-02 6.9196416180286005e-02 9.0736780710472975e-02 -2.9176680400894502e-02 9.5783322364227277e-02 -5.8034049783389198e-02 1.8712338991186431e-01 -5.2964078306726753e-02 -2.8753539366458889e-02 -1.3204014815232790e-01 -7.0100750860961528e-02 8.4393768137553199e-02 1.8670134023076261e-02 -1.4474880667653131e-01 -3.3440385115040779e-02 -9.6991997463279273e-02 1.2609305164725429e-01 2.6127386590761559e-01 5.2194114645689953e-02 -7.4902817951811432e-02 1.7122868384075809e-02 -6.7667215086950087e-03 1.0994385987524710e-02 -4.5473524239538460e-02 6.4013545528463597e-02 5.7217271679960907e-02 -2.1134033983995359e-01 -2.1172000490899540e-03 -1.7224320219352779e-01 -7.7707274472570254e-02 -3.9982372054845887e-02 2.8804506752874631e-02 9.4466498059492587e-02 -1.6041398329811651e-01 6.0446271735312758e-02 8.7393697123687511e-02 -8.6477705860625462e-02 -1.0569113303849280e-01 -7.7806646976413439e-04 3.0509993551880599e-02 2.5517610980299220e-02
-1.5301664118485281e-01 8.1031648649758842e-02 1.5436667447466099e-01 -1.5634017519676249e-01 -6.5611914562300491e-02 -7.2485829863106074e-02 -4.4698487654083068e-02 -9.9561653266808214e-02 7.8410655040905386e-02 -1.5757186963276191e-03 5.8975383314342912e-02 8.6314396734890164e-02 -1.1387381700151331e-01 -1.1381125438040150e-01 3.8420097696342873e-02 -1.2318726248359620e-01 -9.0613243785012829e-02 -1.2510699606512460e-01 -6.9435267052271946e-02 -6.2777013221787401e-02 9.8105050667759722e-02 1.4098798710397059e-01 -1.0674665645987910e-01 5.9688279102517561e-02 5.8155697422735422e-02 -1.1375198070820380e-01 -5.4306163850506267e-02 4.3970094957994289e-02 1.5079217133942180e-01 7.9355795311295385e-02 -1.0685975569088230e-01 -7.6358692746140808e-02 1.0178480345661001e-01 -1.0972438439443009e-01 2.1920931323830409e-01 1.6716739349917081e-01 1.2440074684389740e-01 -3.0794257448276009e-02 -1.2711100423996119e-01 7.6579391268693731e-02 -2.3937583404089929e-01 -2.6920680009611519e-02 -3.8853879119093417e-02 -2.7035642070251921e-02 -9.3320734674586417e-02 -5.8428261470445358e-02 1.3925802999321180e-01 2.8934042367526940e-02 -1.3348568323931431e-01 -1.5743065924678931e-01 5.2872220756597962e-02 -1.4531794938295189e-01 1.0700492690761640e-01 -5.8106443144583041e-02 -3.2163590643235818e-02 -7.7996943419143996e-02 -3.0020685181725560e-02 6.9644664362000536e-02 -2.3839292651908650e-02 -3.7403417764815233e-02 -2.1007383241077571e-01 -6.9563284006750645e-02 3.9179976083829421e-02 1.4733929254695591e-01 -9.6209709189967602e-03 -1.0612161127449250e-03 -4.9654240351322846e-03 1.7274021822207450e-01 -7.4125835926221351e-02 -3.8986430637847750e-03 2.8882847422613919e-02 -3.5149779603680778e-02 3.7615182595844038e-02 -8.5609162153800197e-02 8.2207455186779688e-02 5.8271174802125902e-02 1.2521619199224979e-01 -1.1965554133565110e-02 1.6601996631917920e-01 -3.4009687685120681e-03 -7.7941913368633958e-02 -1.5485557897664540e-01 -4.2267908788268853e-02 3.8620961654323590e-03 -5.6805787050169941e-02 -3.2465525961597533e-02 -4.8821438437390299e-02 1.1263637994261050e-01 -4.7246703159833238e-02 2.0692389090400459e-01 -1.6722122569008741e-01 -1.0968645948178740e-01 -1.4710878415796691e-01 -4.2933464588908107e-02 8.7112345197584248e-02 -1.1079190915092020e-01 2.8146527839090002e-04 9.6866791936748756e-02 9.5434398021391267e-02 1.6692823790489711e-02
-1.0990386264899930e-01 -1.3734843602792671e-01 -4.7233152334940083e-02 1.1906134138350960e-01 -6.4918586893493524e-03 -3.6509730729780369e-03 -1.6269861939309849e-01 -1.0976561061777750e-01 -1.5689602160405072e-02 1.3069740533944879e-01 -4.9910533571051421e-02 -1.4834581519325751e-01 1.2612034099184549e-01 -4.1409085851448910e-02 -2.7379655647083539e-02 -2.5781909728028679e-03 2.7708316106811751e-02 -1.8043564554450309e-01 -1.2455004675242290e-01 -1.0899412451237581e-01 -1.0843093453706530e-01 2.9619791840420389e-02 1.8935850846215471e-01 -4.3134460585401588e-02 2.7015663137195678e-01 7.0475238388248401e-02 4.5285116670374298e-02 1.3447587915354260e-02 6.2812215516834261e-02 2.8749612565074092e-03 -1.0734674256009230e-01 -8.9537856848406587e-03 1.1968346419902340e-01 7.4405799321712582e-02 1.1251210275842419e-03 -3.7022963722561253e-02 -1.3516738248610469e-02 -7.1638845733855497e-02 -3.9296486758301899e-02 -9.2167277731388067e-02 -1.6099058383351900e-01 8.0818976014599322e-02 9.0007422571886112e-02 -9.2084636730832961e-02 -4.9770965301965488e-02 9.0009342666103762e-02 2.9920151470279221e-02 -2.6661008459182749e-04 -1.1153507626678780e-01 9.1073335053008062e-02 -1.1342691039875979e-02 2.5707849561583611e-02 6.4435814523462392e-02 -7.7797323560273510e-02 7.7045342732734126e-02 2.4301823482494930e-01 -6.7062803274720986e-02 -5.2284776833375728e-02 -1.0067658884848640e-01 -6.4797911686585406e-03 2.7736355527082208e-02 -5.1080536445718160e-02 -1.2544350855808711e-01 -1.4868127071426740e-02 -1.1869376193996310e-01 -7.2453460082659238e-02 3.7739872501397938e-02 -1.1176876677709981e-01 4.0436028903459792e-02 -2.2262452672909641e-01 1.2362769106091831e-02 1.8153500240010789e-01 -3.8687317908973909e-02 4.8738292472850817e-02 -6.6499340193416245e-02 7.0196624273444932e-02 -1.5032101987102120e-02 -2.1585116242711529e-02 7.7303477481493951e-03 1.2486737243776121e-01 6.8696325420451246e-02 -7.1312661156972337e-02 2.4813362216627201e-02 -7.8286768819818595e-02 2.8773507435736801e-02 4.3769840698629152e-02 1.8542544340388531e-01 1.7223453404171721e-01 1.2020885247491341e-01 -3.9958894422261658e-02 -1.3223083338334460e-01 2.7995096604737002e-01 -1.1648482444226960e-01 -7.8418979842989678e-02 5.6183876767431480e-02 3.5828880496070470e-03 1.2421460481157340e-02 -4.8084006124443177e-02 1.0144171449005129e-01 -1.9619434019044610e-01
-2.7359141009662059e-02 1.6187714229456671e-02 -8.4504152882785608e-02 1.8184232234024472e-02 -1.2182463873409900e-01 9.5629298137922619e-02 1.5563730639713860e-01 -7.6349418432201666e-02 4.4778279450907808e-02 1.4674523794849259e-01 1.2898373934231080e-01 1.2331778123126720e-01 -1.7916388445819869e-02 1.2411701826987120e-01 2.1617719928913128e-03 -2.9880337330627890e-02 5.0574861081137158e-03 7.3994469541040664e-02 -5.6180074841040359e-02 -3.0336997966451469e-03 4.6977927497933924e-03 6.9189564842373291e-02 1.0889388251152260e-02 -1.0888765994471900e-01 4.5828598150376043e-02 -8.9023331974258130e-02 -1.6911970333160231e-01 -1.3507720546157790e-02 -9.5152735742098822e-03 -2.5231175372524400e-01 -4.3351826538274199e-02 -3.7480791288722573e-02 -1.4645397243241501e-02 1.6000010452977620e-01 1.8431116345048220e-02 7.8976603427393238e-02 -8.3933906140525094e-02 -1.4407189725623731e-01 2.0919962835574790e-02 -6.2071399572742267e-04 -6.9580525813117106e-02 8.7950519590746123e-02 -2.2958392780616599e-01 3.2181269138209720e-02 1.7203688494228311e-01 1.9200969624967479e-02 -3.5435591487280003e-02 5.6950981872769091e-02 -4.1304573018588843e-02 -8.3106638329901464e-02 -6.7867951009083091e-02 -1.0536277970881090e-01 -5.6099716579945898e-02 1.1163428815451321e-01 -7.9224688585886341e-02 1.3447366421749399e-01 5.0786887300263317e-02 -1.9993478511157570e-01 -1.4995124028084969e-01 3.9215696720976329e-02 2.6010184206792231e-02 -9.7447391800500799e-02 -5.9457092294032850e-02 -9.2020621421855561e-02 3.8040758876804102e-02 3.1135685273870908e-02 -1.4058153988477159e-01 -1.2343833154378200e-01 5.0467664556091203e-02 7.1117998390234311e-04 -2.1612290796902502e-02 -1.4201848481570359e-01 -1.8425975131366970e-01 8.9288056664031543e-02 2.9977847149922989e-02 -1.2711465775223851e-01 1.9177395927078811e-01 1.7574598424285090e-01 2.0848834784953429e-02 7.1463079701777205e-02 8.3779837975286292e-02 -7.6740125757622540e-02 -1.6459203671990380e-01 1.7307274934973679e-01 1.4364754771356399e-02 6.1778709775283457e-02 -2.9721879918135550e-02 1.1435129384577020e-01 1.4130935922054669e-01 -1.9246998141472339e-02 7.8338329405731738e-02 -1.0912846896773279e-02 -7.4973646044146206e-04 1.4335892618703741e-01 1.8896051185914131e-01 2.9187445630417100e-02 7.9321888015178352e-02 1.8325585813761069e-01 3.9067321728034933e-02 1.1785744411104120e-01
7.5238137461432486e-02 2.0040525283791180e-01 6.8826323113163737e-02 -3.4317392014165678e-02 -9.2403797906845345e-02 -1.5343072599165039e-01 1.7458794961043961e-01 -6.5384467149456935e-02 5.1159651860732430e-02 1.3643546117368260e-01 -6.2129269022418943e-02 -3.3628291081714889e-02 3.2721051043482753e-02 -1.0273433225022560e-01 1.9155370560491700e-01 -6.0300244123805559e-02 -1.6232302814018700e-02 -1.6336301620224580e-01 -1.2738758766824801e-01 -2.4010156595404789e-02 1.4113253016924990e-01 1.7436198478505670e-03 -1.5227897882298931e-02 2.0417324133585191e-01 -4.5110865423998198e-02 -3.6605168891026101e-02 -1.3956335082915769e-01 1.7485994053004640e-02 1.3858542887748840e-01 2.1307292888646259e-02 -1.0339655587044040e-01 2.5557875932218621e-01 4.7199903425974042e-02 5.6648645471241023e-02 1.9340822027714061e-01 5.4760733954122898e-02 3.7046752204431217e-02 5.4919863322563663e-02 -8.1312000100476053e-02 -1.1695999641973701e-01 2.0736186851479571e-02 -4.3055031785830117e-02 4.5108375471889582e-02 -2.9482115559529880e-02 -3.6435066166115658e-02 -5.8429773675442408e-02 -3.4366017368362728e-02 -1.5825166024687390e-01 1.3491358211636920e-01 4.8105372324910342e-02 8.3700420594930575e-03 -8.6412662297007822e-02 3.5528495561374170e-02 1.8638470742679719e-01 -2.2582148031357568e-03 -1.0736224027950890e-01 4.3143669823331281e-02 -2.0155056608686631e-01 2.6813623861165942e-01 9.6036553532639374e-02 1.4214255363097900e-01 5.7391375691383063e-02 -6.1155786185603548e-03 -8.1432652674365003e-02 -6.7170165021000802e-02 7.5453906758788922e-02 1.2112778743876609e-01 -5.6549099521805250e-03 9.1307774767249467e-02 2.5348771177553280e-02 -5.5615973284619043e-02 1.1136213434295800e-01 -1.2380359410566349e-01 3.4816094411884102e-02 6.6888529664070009e-02 -1.0467526267878030e-01 -3.3375711606028938e-02 -1.0390299137722719e-01 -2.4771204896647130e-02 1.3704931929058831e-01 -8.0778956710839428e-02 -7.0001715280843313e-02 5.1114353616820450e-02 -5.1294921884983941e-02 3.6843847619087301e-02 7.0155582434559480e-02 1.0656535863204281e-01 -5.5023998625831023e-02 1.0752647435834491e-01 -2.1589483994930631e-01 7.4177474556723869e-02 7.2490418749294627e-02 7.5706227145628704e-02 7.1866312288106526e-02 -6.2981932851636752e-02 -6.8419997728676740e-02 -2.7987759251613641e-03 1.0034688679790670e-02 5.9168934687284867e-02 2.6755797084305911e-02
-1.5636369833655131e-01 1.0078970766766870e-01 -6.7802382816665244e-02 1.5355486852594569e-01 1.2961914650155401e-01 -7.1639380291314003e-02 -1.6866759767952019e-01 5.6760899291622348e-02 -1.7528989068754389e-01 -3.6062212957497300e-02 -4.7340802969996029e-02 -2.5223325217971531e-02 -2.4033236511895400e-03 5.4682671339544062e-02 4.0145108977395087e-02 1.2680807854076301e-01 1.5860593153798039e-01 7.1607191259699027e-02 7.0098242645377663e-03 -3.9426398850871291e-02 1.8214415854032109e-01 -4.3420928048681487e-02 1.3853196889854130e-01 1.5844160267924109e-01 -5.8565802224165707e-02 -8.8375579909298937e-02 -4.2984327361995187e-02 1.2505512836127819e-01 1.9725792923617400e-01 1.2683457001458540e-01 -9.4769555857991142e-02 3.3568545590341579e-02 -1.1111626020346051e-01 1.3882901095733580e-01 1.6023259815064839e-01 -8.2953517441844121e-02 -6.0331879260022050e-02 -9.5080951799079771e-02 -1.0882681848904560e-01 -3.0923603462840239e-02 4.0457616571530101e-03 1.7473711331826919e-01 -2.7410896770234200e-02 -1.5398236204235999e-01 -4.6817214232092688e-02 -2.2816109200202769e-03 -6.7034605441379166e-02 9.2566726447390724e-02 -1.8297750688172791e-02 6.8586647828426758e-02 5.4336012139512432e-02 -1.3842917619301109e-01 1.6342307007762642e-02 -7.9544050221796392e-02 -1.6062591931779190e-02 -6.6948221731565616e-03 -3.2048132946553863e-02 1.0270682150332140e-01 -1.1353192708010140e-01 -9.4183920604093807e-02 1.5408112602342129e-02 3.3925901893218063e-02 5.8785538578612677e-02 -4.4283008916060421e-02 8.5106129319852383e-02 -8.2754327923188389e-02 -8.2632465768569696e-02 -4.7676425730361252e-02 2.5779580301298489e-02 9.7584890104936109e-02 -2.4766805205646800e-01 2.1631615157461700e-02 -3.5517406363324407e-02 -2.3083431660006950e-03 6.5426304615500530e-02 9.0788584579405154e-02 -8.1914664241074797e-02 1.3636576992756441e-01 5.4308241275638023e-03 -1.5336771222616191e-01 -6.1324824269092512e-02 8.6039414095735303e-02 -2.6914619310608609e-02 -5.6873493054171026e-03 -4.1833687357887200e-02 1.5553607463100941e-01 5.3139807412265122e-02 -6.0501371647314797e-02 7.3807560963798591e-02 -3.2791511980125261e-02 2.6729774323418681e-01 -1.6403028464098210e-01 -1.2861899470904059e-01 -1.3819809402890881e-01 1.0831506462367360e-01 -1.2215420610206970e-01 9.9805195118404799e-02 5.9320089676095582e-02 -7.3610210707242010e-02 -2.3953640189919211e-02
1.0807207139149790e-01 -1.4997275291500521e-02 8.9153749024752274e-02 -7.6806139287118672e-02 -1.2049878026848650e-02 -1.9093021559087729e-02 -7.7318279635481976e-02 1.3601443264286289e-01 4.2612858217794362e-02 1.0888079587922610e-02 1.2036948138724410e-01 4.1219728559051913e-02 8.3019807274192350e-02 2.0677953810481039e-02 1.1131136654593010e-01 2.3067953269394709e-01 7.5527121054080257e-02 2.9561862984795729e-02 -1.8919781100053451e-01 -1.0669906780235219e-01 -5.5836886628237777e-02 1.7282960537869870e-02 -7.8501036843003164e-02 7.9781197770218082e-02 -5.0242251461363593e-03 1.2816348835409080e-01 9.7438377509095633e-02 -8.9359771707501381e-02 6.7081502746280858e-02 -1.3112078805212349e-01 6.5400544485895266e-03 2.2713444120247889e-01 1.1643072012131930e-01 -1.6248237084228001e-01 1.5546379354427939e-02 3.7126654574293677e-02 7.6907603014632842e-02 9.7762505161666888e-02 9.1519309340131805e-02 3.7781348936757439e-03 -1.3209975558293111e-01 1.6128214857036791e-01 -1.3282501089365861e-01 -4.3293989968519880e-02 1.6431227491376411e-02 4.4297905423070758e-02 -6.1461411250811032e-02 1.3463354383927789e-01 1.7640450866914531e-01 -1.1327819540096350e-01 -1.1627236926168640e-01 -4.2354774282555713e-02 -4.2942544410250708e-02 -8.9816641135468792e-02 -9.7673452812315945e-02 1.1496822508414779e-01 3.4513480000183200e-02 -1.0221317546839470e-01 -1.9794945564791298e-02 6.6168094480325818e-02 1.0394614042526130e-01 -3.9187956517941158e-02 -3.4820539103893697e-02 1.2768469400978319e-01 -7.5165318220010116e-02 -1.1714777871383260e-01 -7.3726314493440970e-02 -3.7382820922690248e-02 -1.2262353228673840e-02 -6.6574258116976412e-02 -1.8605473873752588e-02 -1.0069547038924920e-01 -4.3783303734346017e-02 -6.6757313649880357e-02 2.2829549485303319e-01 1.6598194412611400e-01 -1.3471940339999791e-01 1.0711017347488990e-02 -1.7717103450832819e-01 8.1667341274265656e-02 -7.6416337296025177e-02 1.4490096876812261e-01 9.6824912999638121e-02 2.5486568294774789e-02 5.5018007578185361e-02 -2.4361774578390349e-02 -7.3002573139663740e-02 1.5611968437074250e-01 2.4170791723356752e-03 6.9762245639236511e-02 -7.3159538814054445e-02 -2.1140403306586539e-01 2.0344347181920139e-01 -1.0055612515837410e-01 5.3658917892827812e-02 -6.9514804648944911e-02 -5.6239675110852233e-02 -5.7625341262212179e-02 -3.8694830075738471e-02 -1.2070872503855450e-01
8.1438865308037997e-02 -4.6925949902298869e-02 -2.1375065130312759e-02 5.2140265137924760e-02 1.0564425895597550e-01 7.8183901687289600e-02 3.3603273841443862e-02 -5.3288200484169351e-02 2.0788030407782740e-01 2.3861041151762252e-02 -3.1870702709218102e-02 1.9533439037798539e-01 -1.4163111654474800e-02 1.2481900762894330e-01 -1.1235244134947731e-01 -1.3665527570885541e-01 8.7335495579361749e-03 -4.7203704834383568e-02 -7.1377812373646571e-02 -2.0472915122014029e-01 -4.2135918199633533e-02 2.0458098835989469e-01 -8.6501810777689057e-03 3.1061638907723791e-02 -3.8731606431748329e-03 4.6242785084833961e-02 -8.8460199402540917e-03 3.7189518572284579e-02 -1.4572842791533499e-02 2.7963292181495281e-02 8.7105432414729331e-02 -3.5923285877660437e-02 -4.1403799918497068e-02 3.0301317160730808e-02 9.5845789285067470e-03 -5.5130425395978323e-02 -5.0486436686642537e-02 -1.3283965538364800e-01 -1.1223274009469630e-01 -6.3696130643518215e-02 2.0013908489670421e-01 7.0465083205312057e-02 -5.5863564697041970e-02 8.1845315919399586e-02 -8.6661369140206643e-03 -1.1172922639633880e-01 -7.7462503700501353e-02 4.1346227853049297e-02 1.2767092018089829e-01 -1.0907146545590381e-03 5.6701474392350501e-02 6.2272294965002820e-02 -2.8366750243128058e-01 -1.8997959088256910e-03 1.7400951614027430e-01 -3.2027957168977279e-02 -1.1358837322261170e-01 8.6302062895832254e-02 1.0609446693840199e-01 5.1311860939450511e-02 2.7522948613524561e-03 -2.5783715738907330e-02 -6.7248112484594003e-02 6.0752348119440781e-02 -8.7391911444358053e-02 -1.7911943356121601e-02 -1.1900854541616890e-01 -4.5827111013578233e-02 1.8051983372776220e-01 9.2217864775680058e-02 -1.1265598316001529e-01 6.5503504317839314e-02 -7.8096037854646486e-02 -2.8740853273908679e-01 -8.9172363952045322e-02 1.6040216994447240e-01 8.9600629997934229e-03 -1.1069883673683900e-01 -7.7742350232111582e-02 -3.8706730402993772e-02 -5.2692485277366363e-02 -1.0203675602693769e-01 -8.2527963858909106e-02 -1.9701869408144190e-01 -1.0854884799720740e-01 -7.8943138330892837e-02 1.1229524272433740e-01 1.7381578371358650e-01 8.7080020419207635e-02 1.1908362058714110e-02 -5.7891320368274962e-02 -1.6093825874611031e-01 -4.7972778505597738e-02 3.2968239995253110e-03 -3.2312779045336998e-02 -2.3069500474934841e-02 8.9088015451443903e-02 -1.0613485507859741e-01 1.1448755212977710e-01 1.2589238348792631e-01
6.0260824534647282e-02 -7.7154182260547433e-02 1.8499838164091242e-02 2.0307708488846790e-02 -1.1947890571190931e-01 -2.1904258582787800e-01 -3.2877032356803892e-01 1.2366667791115250e-01 1.1497291391939141e-01 4.6136143707539788e-02 6.2530036212849208e-02 -1.1480819419643130e-01 8.6183526908609111e-03 7.9715986026159397e-02 -1.8092145686007879e-01 -1.8021840258070181e-02 -1.5178460304951211e-01 -1.2739098260419679e-01 4.4687374829319081e-02 -1.0807145873331460e-01 1.1653196546411709e-01 -1.0295146152972670e-01 -6.3500984521818266e-02 7.8189381559706464e-02 -1.6282890540662950e-01 -1.0686026398111080e-01 -6.8358522268384764e-02 -1.4270275705792090e-01 -3.6084053472776489e-02 -4.6566329857933582e-02 -5.1385487425647573e-02 -7.3056630139097675e-02 3.4271191469647577e-02 2.9597459515358891e-02 -7.8535624258706319e-02 3.5856934391578263e-02 2.8844341735120980e-02 -1.0227344524656599e-01 1.7270279953271889e-01 9.0955254177580269e-02 4.0683289743411427e-02 -2.0101482549739089e-01 -2.1702964246184411e-01 -1.1171813026301371e-01 8.4643929425548617e-02 -1.0986208330417579e-01 -1.0536429491753130e-01 1.3754613108622381e-02 -9.5656059223265186e-02 1.4064914306757259e-01 -3.6027068768403107e-02 7.5027031653188336e-03 1.2438678064206080e-02 1.1589680595715210e-01 -8.9860376216504348e-03 -2.9778621037250010e-02 1.6330434029175570e-03 -4.8583100496685017e-02 1.3313093615272351e-01 -8.7717361331857271e-02 1.0327150978230989e-01 -1.8527459178994940e-02 7.4181771144478020e-02 -3.0702865272449038e-02 3.3393049167343543e-02 6.9814641369219624e-02 -1.2364829667405480e-01 -5.9145251195891278e-02 -4.6688425954187623e-02 3.3723632403760792e-02 8.9425208733142064e-03 -1.0269881808137361e-02 -1.3411427320295249e-01 -3.4484319946629510e-02 -4.6994214645359300e-02 1.1654120599997390e-01 -2.4687603549823880e-01 7.7608068678616929e-02 1.1959915263978750e-01 1.1555081795372570e-01 2.0965382383860501e-01 2.6190829581187298e-02 2.8716417550169980e-02 -8.0254421274931084e-02 4.4501348960230697e-02 5.4892034941333018e-02 -1.0691492797605100e-01 9.0254048954619952e-03 1.1837242231466190e-02 2.7968170230755329e-02 -8.8868472831274123e-02 -5.7125318302617828e-03 -1.5735053413485500e-01 -3.7072787841621380e-02 -5.6414127209677638e-02 -1.2361063728264390e-01 -2.9869686526757609e-02 7.5697318383899171e-03 9.0027272242868842e-02 2.2039352164530960e-02
7.1328984563879039e-02 6.0576820247553932e-02 -7.8787348870232005e-02 7.8061547536755274e-02 -6.6145402780890386e-02 1.6640223016095501e-01 6.6327622728435370e-02 -4.2092929610203847e-02 -9.6072579649896239e-02 -1.2196426283050120e-01 1.7054442033286221e-01 1.1546024923707320e-01 -8.3014430530528621e-02 9.6129868056162873e-02 -5.4518609536862370e-02 -8.1674870019190528e-03 8.1028919715252751e-02 3.8677584834187870e-03 -3.4344434836498022e-01 -3.0302185225141429e-02 -1.7125705983465869e-01 -1.8272835690282591e-01 -9.7084679775182467e-02 -1.4928574816551249e-01 -6.3717954430324894e-02 -7.8255785343277033e-03 -3.3726752853952390e-03 -2.9268242861518350e-03 -9.1143689304533329e-02 5.2310427791355453e-02 -9.1580287819743880e-02 1.7710832847594790e-01 -5.7908646933444330e-02 -4.1661067508075168e-02 9.5754441460645295e-02 -6.3205293140399105e-02 -2.4937385571474149e-02 -2.3078139058142430e-01 4.0346540702454279e-03 -3.6335289474009692e-02 -9.2178492393272429e-02 4.9645468473355950e-02 -3.1737734645251897e-02 -2.8362168185588441e-02 -4.0996711956179349e-02 -1.2016956357423030e-01 -9.3010511127919651e-02 -8.8903084326276707e-02 -5.8401189518242733e-02 -3.9402692981976122e-02 1.7158215397657661e-01 -9.0503835065441920e-02 -1.1255258509371500e-01 -1.0140700673901890e-01 7.4827108308078497e-02 -1.2268523807275540e-01 1.1042605493729160e-01 7.6956525663206696e-02 1.0262443195180000e-01 -3.4141937224546053e-02 -4.5358490595690431e-03 -1.1156349610700521e-02 4.4136806549917279e-02 -8.5199170044045064e-02 1.1986696260742559e-02 9.9824677919285676e-02 -1.2221011686449050e-01 -3.4488030259435677e-02 1.0388300076007970e-01 -9.9294178110476139e-02 6.1738609058139743e-02 3.1563021715885597e-02 1.1441118405851600e-01 1.3483531044197730e-01 1.4801943221991951e-02 -1.6726947536872741e-01 -6.1885128712574913e-02 -4.1136748037000563e-02 2.2201519566149391e-02 1.1162454943613429e-02 7.7525134220856370e-02 -3.0703262020959170e-02 2.8273130629609128e-01 5.6854995906950173e-02 3.2650692053770112e-03 7.9985988030262505e-03 -3.0448368203666049e-02 -9.5844212312014065e-02 -2.2426650306917131e-03 1.5936614667404950e-01 -4.8797463990950092e-02 6.9903855448027130e-02 -6.8148652188279285e-02 -2.0926266848046299e-01 -1.0471591902167980e-01 -7.5686673028591903e-02 9.2763630470197603e-02 3.5072282195619003e-02 9.3984796092943579e-02 -4.2763500434840118e-02
